Tournament,Stage,Match Type,Match Name,Map,Team,Type,Initiated,Won
Champions Tour 2024: Masters Madrid,Swiss Stage,Round 1,Karmine Corp vs FunPlus Phoenix,Icebox,Karmine Corp,Pistol Won,,1
Champions Tour 2024: Masters Madrid,Swiss Stage,Round 1,Karmine Corp vs FunPlus Phoenix,Icebox,Karmine Corp,Eco (won),3,1
Champions Tour 2024: Masters Madrid,Swiss Stage,Round 1,Karmine Corp vs FunPlus Phoenix,Icebox,Karmine Corp,$ (won),0,0
Champions Tour 2024: Masters Madrid,Swiss Stage,Round 1,Karmine Corp vs FunPlus Phoenix,Icebox,Karmine Corp,$$ (won),5,2
Champions Tour 2024: Masters Madrid,Swiss Stage,Round 1,Karmine Corp vs FunPlus Phoenix,Icebox,Karmine Corp,$$$ (won),13,10
Champions Tour 2024: Masters Madrid,Swiss Stage,Round 1,Karmine Corp vs FunPlus Phoenix,Icebox,FunPlus Phoenix,Pistol Won,,1
Champions Tour 2024: Masters Madrid,Swiss Stage,Round 1,Karmine Corp vs FunPlus Phoenix,Icebox,FunPlus Phoenix,Eco (won),3,1
Champions Tour 2024: Masters Madrid,Swiss Stage,Round 1,Karmine Corp vs FunPlus Phoenix,Icebox,FunPlus Phoenix,$ (won),1,0
Champions Tour 2024: Masters Madrid,Swiss Stage,Round 1,Karmine Corp vs FunPlus Phoenix,Icebox,FunPlus Phoenix,$$ (won),8,3
Champions Tour 2024: Masters Madrid,Swiss Stage,Round 1,Karmine Corp vs FunPlus Phoenix,Icebox,FunPlus Phoenix,$$$ (won),9,4
Champions Tour 2024: Masters Madrid,Swiss Stage,Round 1,Karmine Corp vs FunPlus Phoenix,Lotus,Karmine Corp,Pistol Won,,1
Champions Tour 2024: Masters Madrid,Swiss Stage,Round 1,Karmine Corp vs FunPlus Phoenix,Lotus,Karmine Corp,Eco (won),3,1
Champions Tour 2024: Masters Madrid,Swiss Stage,Round 1,Karmine Corp vs FunPlus Phoenix,Lotus,Karmine Corp,$ (won),2,1
Champions Tour 2024: Masters Madrid,Swiss Stage,Round 1,Karmine Corp vs FunPlus Phoenix,Lotus,Karmine Corp,$$ (won),4,2
Champions Tour 2024: Masters Madrid,Swiss Stage,Round 1,Karmine Corp vs FunPlus Phoenix,Lotus,Karmine Corp,$$$ (won),14,9
Champions Tour 2024: Masters Madrid,Swiss Stage,Round 1,Karmine Corp vs FunPlus Phoenix,Lotus,FunPlus Phoenix,Pistol Won,,1
Champions Tour 2024: Masters Madrid,Swiss Stage,Round 1,Karmine Corp vs FunPlus Phoenix,Lotus,FunPlus Phoenix,Eco (won),3,1
Champions Tour 2024: Masters Madrid,Swiss Stage,Round 1,Karmine Corp vs FunPlus Phoenix,Lotus,FunPlus Phoenix,$ (won),2,0
Champions Tour 2024: Masters Madrid,Swiss Stage,Round 1,Karmine Corp vs FunPlus Phoenix,Lotus,FunPlus Phoenix,$$ (won),6,3
Champions Tour 2024: Masters Madrid,Swiss Stage,Round 1,Karmine Corp vs FunPlus Phoenix,Lotus,FunPlus Phoenix,$$$ (won),12,6
Champions Tour 2024: Masters Madrid,Swiss Stage,Round 1,Karmine Corp vs FunPlus Phoenix,All Maps,Karmine Corp,Pistol Won,,2
Champions Tour 2024: Masters Madrid,Swiss Stage,Round 1,Karmine Corp vs FunPlus Phoenix,All Maps,Karmine Corp,Eco (won),6,2
Champions Tour 2024: Masters Madrid,Swiss Stage,Round 1,Karmine Corp vs FunPlus Phoenix,All Maps,Karmine Corp,$ (won),2,1
Champions Tour 2024: Masters Madrid,Swiss Stage,Round 1,Karmine Corp vs FunPlus Phoenix,All Maps,Karmine Corp,$$ (won),9,4
Champions Tour 2024: Masters Madrid,Swiss Stage,Round 1,Karmine Corp vs FunPlus Phoenix,All Maps,Karmine Corp,$$$ (won),27,19
Champions Tour 2024: Masters Madrid,Swiss Stage,Round 1,Karmine Corp vs FunPlus Phoenix,All Maps,FunPlus Phoenix,Pistol Won,,2
Champions Tour 2024: Masters Madrid,Swiss Stage,Round 1,Karmine Corp vs FunPlus Phoenix,All Maps,FunPlus Phoenix,Eco (won),6,2
Champions Tour 2024: Masters Madrid,Swiss Stage,Round 1,Karmine Corp vs FunPlus Phoenix,All Maps,FunPlus Phoenix,$ (won),3,0
Champions Tour 2024: Masters Madrid,Swiss Stage,Round 1,Karmine Corp vs FunPlus Phoenix,All Maps,FunPlus Phoenix,$$ (won),14,6
Champions Tour 2024: Masters Madrid,Swiss Stage,Round 1,Karmine Corp vs FunPlus Phoenix,All Maps,FunPlus Phoenix,$$$ (won),21,10
Champions Tour 2024: Masters Madrid,Swiss Stage,Round 1,Gen.G vs LOUD,Icebox,Gen.G,Pistol Won,,1
Champions Tour 2024: Masters Madrid,Swiss Stage,Round 1,Gen.G vs LOUD,Icebox,Gen.G,Eco (won),2,1
Champions Tour 2024: Masters Madrid,Swiss Stage,Round 1,Gen.G vs LOUD,Icebox,Gen.G,$ (won),2,1
Champions Tour 2024: Masters Madrid,Swiss Stage,Round 1,Gen.G vs LOUD,Icebox,Gen.G,$$ (won),7,5
Champions Tour 2024: Masters Madrid,Swiss Stage,Round 1,Gen.G vs LOUD,Icebox,Gen.G,$$$ (won),13,6
Champions Tour 2024: Masters Madrid,Swiss Stage,Round 1,Gen.G vs LOUD,Icebox,LOUD,Pistol Won,,1
Champions Tour 2024: Masters Madrid,Swiss Stage,Round 1,Gen.G vs LOUD,Icebox,LOUD,Eco (won),3,1
Champions Tour 2024: Masters Madrid,Swiss Stage,Round 1,Gen.G vs LOUD,Icebox,LOUD,$ (won),1,0
Champions Tour 2024: Masters Madrid,Swiss Stage,Round 1,Gen.G vs LOUD,Icebox,LOUD,$$ (won),5,2
Champions Tour 2024: Masters Madrid,Swiss Stage,Round 1,Gen.G vs LOUD,Icebox,LOUD,$$$ (won),15,8
Champions Tour 2024: Masters Madrid,Swiss Stage,Round 1,Gen.G vs LOUD,Breeze,Gen.G,Pistol Won,,0
Champions Tour 2024: Masters Madrid,Swiss Stage,Round 1,Gen.G vs LOUD,Breeze,Gen.G,Eco (won),4,1
Champions Tour 2024: Masters Madrid,Swiss Stage,Round 1,Gen.G vs LOUD,Breeze,Gen.G,$ (won),1,0
Champions Tour 2024: Masters Madrid,Swiss Stage,Round 1,Gen.G vs LOUD,Breeze,Gen.G,$$ (won),4,2
Champions Tour 2024: Masters Madrid,Swiss Stage,Round 1,Gen.G vs LOUD,Breeze,Gen.G,$$$ (won),12,5
Champions Tour 2024: Masters Madrid,Swiss Stage,Round 1,Gen.G vs LOUD,Breeze,LOUD,Pistol Won,,2
Champions Tour 2024: Masters Madrid,Swiss Stage,Round 1,Gen.G vs LOUD,Breeze,LOUD,Eco (won),3,2
Champions Tour 2024: Masters Madrid,Swiss Stage,Round 1,Gen.G vs LOUD,Breeze,LOUD,$ (won),0,0
Champions Tour 2024: Masters Madrid,Swiss Stage,Round 1,Gen.G vs LOUD,Breeze,LOUD,$$ (won),6,4
Champions Tour 2024: Masters Madrid,Swiss Stage,Round 1,Gen.G vs LOUD,Breeze,LOUD,$$$ (won),12,7
Champions Tour 2024: Masters Madrid,Swiss Stage,Round 1,Gen.G vs LOUD,Ascent,Gen.G,Pistol Won,,1
Champions Tour 2024: Masters Madrid,Swiss Stage,Round 1,Gen.G vs LOUD,Ascent,Gen.G,Eco (won),3,1
Champions Tour 2024: Masters Madrid,Swiss Stage,Round 1,Gen.G vs LOUD,Ascent,Gen.G,$ (won),1,0
Champions Tour 2024: Masters Madrid,Swiss Stage,Round 1,Gen.G vs LOUD,Ascent,Gen.G,$$ (won),3,2
Champions Tour 2024: Masters Madrid,Swiss Stage,Round 1,Gen.G vs LOUD,Ascent,Gen.G,$$$ (won),11,10
Champions Tour 2024: Masters Madrid,Swiss Stage,Round 1,Gen.G vs LOUD,Ascent,LOUD,Pistol Won,,1
Champions Tour 2024: Masters Madrid,Swiss Stage,Round 1,Gen.G vs LOUD,Ascent,LOUD,Eco (won),3,1
Champions Tour 2024: Masters Madrid,Swiss Stage,Round 1,Gen.G vs LOUD,Ascent,LOUD,$ (won),1,0
Champions Tour 2024: Masters Madrid,Swiss Stage,Round 1,Gen.G vs LOUD,Ascent,LOUD,$$ (won),4,1
Champions Tour 2024: Masters Madrid,Swiss Stage,Round 1,Gen.G vs LOUD,Ascent,LOUD,$$$ (won),10,3
Champions Tour 2024: Masters Madrid,Swiss Stage,Round 1,Gen.G vs LOUD,All Maps,Gen.G,Pistol Won,,2
Champions Tour 2024: Masters Madrid,Swiss Stage,Round 1,Gen.G vs LOUD,All Maps,Gen.G,Eco (won),9,3
Champions Tour 2024: Masters Madrid,Swiss Stage,Round 1,Gen.G vs LOUD,All Maps,Gen.G,$ (won),4,1
Champions Tour 2024: Masters Madrid,Swiss Stage,Round 1,Gen.G vs LOUD,All Maps,Gen.G,$$ (won),14,9
Champions Tour 2024: Masters Madrid,Swiss Stage,Round 1,Gen.G vs LOUD,All Maps,Gen.G,$$$ (won),36,21
Champions Tour 2024: Masters Madrid,Swiss Stage,Round 1,Gen.G vs LOUD,All Maps,LOUD,Pistol Won,,4
Champions Tour 2024: Masters Madrid,Swiss Stage,Round 1,Gen.G vs LOUD,All Maps,LOUD,Eco (won),9,4
Champions Tour 2024: Masters Madrid,Swiss Stage,Round 1,Gen.G vs LOUD,All Maps,LOUD,$ (won),2,0
Champions Tour 2024: Masters Madrid,Swiss Stage,Round 1,Gen.G vs LOUD,All Maps,LOUD,$$ (won),15,7
Champions Tour 2024: Masters Madrid,Swiss Stage,Round 1,Gen.G vs LOUD,All Maps,LOUD,$$$ (won),37,18
Champions Tour 2024: Masters Madrid,Swiss Stage,Round 1,EDward Gaming vs Paper Rex,Sunset,EDward Gaming,Pistol Won,,1
Champions Tour 2024: Masters Madrid,Swiss Stage,Round 1,EDward Gaming vs Paper Rex,Sunset,EDward Gaming,Eco (won),3,1
Champions Tour 2024: Masters Madrid,Swiss Stage,Round 1,EDward Gaming vs Paper Rex,Sunset,EDward Gaming,$ (won),1,0
Champions Tour 2024: Masters Madrid,Swiss Stage,Round 1,EDward Gaming vs Paper Rex,Sunset,EDward Gaming,$$ (won),6,2
Champions Tour 2024: Masters Madrid,Swiss Stage,Round 1,EDward Gaming vs Paper Rex,Sunset,EDward Gaming,$$$ (won),11,5
Champions Tour 2024: Masters Madrid,Swiss Stage,Round 1,EDward Gaming vs Paper Rex,Sunset,Paper Rex,Pistol Won,,1
Champions Tour 2024: Masters Madrid,Swiss Stage,Round 1,EDward Gaming vs Paper Rex,Sunset,Paper Rex,Eco (won),3,1
Champions Tour 2024: Masters Madrid,Swiss Stage,Round 1,EDward Gaming vs Paper Rex,Sunset,Paper Rex,$ (won),0,0
Champions Tour 2024: Masters Madrid,Swiss Stage,Round 1,EDward Gaming vs Paper Rex,Sunset,Paper Rex,$$ (won),5,2
Champions Tour 2024: Masters Madrid,Swiss Stage,Round 1,EDward Gaming vs Paper Rex,Sunset,Paper Rex,$$$ (won),13,10
Champions Tour 2024: Masters Madrid,Swiss Stage,Round 1,EDward Gaming vs Paper Rex,Bind,EDward Gaming,Pistol Won,,0
Champions Tour 2024: Masters Madrid,Swiss Stage,Round 1,EDward Gaming vs Paper Rex,Bind,EDward Gaming,Eco (won),4,0
Champions Tour 2024: Masters Madrid,Swiss Stage,Round 1,EDward Gaming vs Paper Rex,Bind,EDward Gaming,$ (won),2,2
Champions Tour 2024: Masters Madrid,Swiss Stage,Round 1,EDward Gaming vs Paper Rex,Bind,EDward Gaming,$$ (won),2,1
Champions Tour 2024: Masters Madrid,Swiss Stage,Round 1,EDward Gaming vs Paper Rex,Bind,EDward Gaming,$$$ (won),14,10
Champions Tour 2024: Masters Madrid,Swiss Stage,Round 1,EDward Gaming vs Paper Rex,Bind,Paper Rex,Pistol Won,,2
Champions Tour 2024: Masters Madrid,Swiss Stage,Round 1,EDward Gaming vs Paper Rex,Bind,Paper Rex,Eco (won),2,2
Champions Tour 2024: Masters Madrid,Swiss Stage,Round 1,EDward Gaming vs Paper Rex,Bind,Paper Rex,$ (won),1,0
Champions Tour 2024: Masters Madrid,Swiss Stage,Round 1,EDward Gaming vs Paper Rex,Bind,Paper Rex,$$ (won),8,4
Champions Tour 2024: Masters Madrid,Swiss Stage,Round 1,EDward Gaming vs Paper Rex,Bind,Paper Rex,$$$ (won),11,3
Champions Tour 2024: Masters Madrid,Swiss Stage,Round 1,EDward Gaming vs Paper Rex,Split,EDward Gaming,Pistol Won,,1
Champions Tour 2024: Masters Madrid,Swiss Stage,Round 1,EDward Gaming vs Paper Rex,Split,EDward Gaming,Eco (won),3,1
Champions Tour 2024: Masters Madrid,Swiss Stage,Round 1,EDward Gaming vs Paper Rex,Split,EDward Gaming,$ (won),1,1
Champions Tour 2024: Masters Madrid,Swiss Stage,Round 1,EDward Gaming vs Paper Rex,Split,EDward Gaming,$$ (won),3,3
Champions Tour 2024: Masters Madrid,Swiss Stage,Round 1,EDward Gaming vs Paper Rex,Split,EDward Gaming,$$$ (won),15,8
Champions Tour 2024: Masters Madrid,Swiss Stage,Round 1,EDward Gaming vs Paper Rex,Split,Paper Rex,Pistol Won,,1
Champions Tour 2024: Masters Madrid,Swiss Stage,Round 1,EDward Gaming vs Paper Rex,Split,Paper Rex,Eco (won),3,1
Champions Tour 2024: Masters Madrid,Swiss Stage,Round 1,EDward Gaming vs Paper Rex,Split,Paper Rex,$ (won),3,1
Champions Tour 2024: Masters Madrid,Swiss Stage,Round 1,EDward Gaming vs Paper Rex,Split,Paper Rex,$$ (won),8,5
Champions Tour 2024: Masters Madrid,Swiss Stage,Round 1,EDward Gaming vs Paper Rex,Split,Paper Rex,$$$ (won),8,2
Champions Tour 2024: Masters Madrid,Swiss Stage,Round 1,EDward Gaming vs Paper Rex,All Maps,EDward Gaming,Pistol Won,,2
Champions Tour 2024: Masters Madrid,Swiss Stage,Round 1,EDward Gaming vs Paper Rex,All Maps,EDward Gaming,Eco (won),10,2
Champions Tour 2024: Masters Madrid,Swiss Stage,Round 1,EDward Gaming vs Paper Rex,All Maps,EDward Gaming,$ (won),4,3
Champions Tour 2024: Masters Madrid,Swiss Stage,Round 1,EDward Gaming vs Paper Rex,All Maps,EDward Gaming,$$ (won),11,6
Champions Tour 2024: Masters Madrid,Swiss Stage,Round 1,EDward Gaming vs Paper Rex,All Maps,EDward Gaming,$$$ (won),40,23
Champions Tour 2024: Masters Madrid,Swiss Stage,Round 1,EDward Gaming vs Paper Rex,All Maps,Paper Rex,Pistol Won,,4
Champions Tour 2024: Masters Madrid,Swiss Stage,Round 1,EDward Gaming vs Paper Rex,All Maps,Paper Rex,Eco (won),8,4
Champions Tour 2024: Masters Madrid,Swiss Stage,Round 1,EDward Gaming vs Paper Rex,All Maps,Paper Rex,$ (won),4,1
Champions Tour 2024: Masters Madrid,Swiss Stage,Round 1,EDward Gaming vs Paper Rex,All Maps,Paper Rex,$$ (won),21,11
Champions Tour 2024: Masters Madrid,Swiss Stage,Round 1,EDward Gaming vs Paper Rex,All Maps,Paper Rex,$$$ (won),32,15
Champions Tour 2024: Masters Madrid,Swiss Stage,Round 1,Sentinels vs Team Heretics,Lotus,Sentinels,Pistol Won,,2
Champions Tour 2024: Masters Madrid,Swiss Stage,Round 1,Sentinels vs Team Heretics,Lotus,Sentinels,Eco (won),4,2
Champions Tour 2024: Masters Madrid,Swiss Stage,Round 1,Sentinels vs Team Heretics,Lotus,Sentinels,$ (won),1,0
Champions Tour 2024: Masters Madrid,Swiss Stage,Round 1,Sentinels vs Team Heretics,Lotus,Sentinels,$$ (won),7,3
Champions Tour 2024: Masters Madrid,Swiss Stage,Round 1,Sentinels vs Team Heretics,Lotus,Sentinels,$$$ (won),10,8
Champions Tour 2024: Masters Madrid,Swiss Stage,Round 1,Sentinels vs Team Heretics,Lotus,Team Heretics,Pistol Won,,0
Champions Tour 2024: Masters Madrid,Swiss Stage,Round 1,Sentinels vs Team Heretics,Lotus,Team Heretics,Eco (won),4,1
Champions Tour 2024: Masters Madrid,Swiss Stage,Round 1,Sentinels vs Team Heretics,Lotus,Team Heretics,$ (won),2,0
Champions Tour 2024: Masters Madrid,Swiss Stage,Round 1,Sentinels vs Team Heretics,Lotus,Team Heretics,$$ (won),4,0
Champions Tour 2024: Masters Madrid,Swiss Stage,Round 1,Sentinels vs Team Heretics,Lotus,Team Heretics,$$$ (won),12,8
Champions Tour 2024: Masters Madrid,Swiss Stage,Round 1,Sentinels vs Team Heretics,Sunset,Sentinels,Pistol Won,,0
Champions Tour 2024: Masters Madrid,Swiss Stage,Round 1,Sentinels vs Team Heretics,Sunset,Sentinels,Eco (won),4,1
Champions Tour 2024: Masters Madrid,Swiss Stage,Round 1,Sentinels vs Team Heretics,Sunset,Sentinels,$ (won),1,0
Champions Tour 2024: Masters Madrid,Swiss Stage,Round 1,Sentinels vs Team Heretics,Sunset,Sentinels,$$ (won),10,2
Champions Tour 2024: Masters Madrid,Swiss Stage,Round 1,Sentinels vs Team Heretics,Sunset,Sentinels,$$$ (won),3,2
Champions Tour 2024: Masters Madrid,Swiss Stage,Round 1,Sentinels vs Team Heretics,Sunset,Team Heretics,Pistol Won,,2
Champions Tour 2024: Masters Madrid,Swiss Stage,Round 1,Sentinels vs Team Heretics,Sunset,Team Heretics,Eco (won),2,2
Champions Tour 2024: Masters Madrid,Swiss Stage,Round 1,Sentinels vs Team Heretics,Sunset,Team Heretics,$ (won),0,0
Champions Tour 2024: Masters Madrid,Swiss Stage,Round 1,Sentinels vs Team Heretics,Sunset,Team Heretics,$$ (won),5,3
Champions Tour 2024: Masters Madrid,Swiss Stage,Round 1,Sentinels vs Team Heretics,Sunset,Team Heretics,$$$ (won),11,8
Champions Tour 2024: Masters Madrid,Swiss Stage,Round 1,Sentinels vs Team Heretics,Bind,Sentinels,Pistol Won,,1
Champions Tour 2024: Masters Madrid,Swiss Stage,Round 1,Sentinels vs Team Heretics,Bind,Sentinels,Eco (won),3,1
Champions Tour 2024: Masters Madrid,Swiss Stage,Round 1,Sentinels vs Team Heretics,Bind,Sentinels,$ (won),1,0
Champions Tour 2024: Masters Madrid,Swiss Stage,Round 1,Sentinels vs Team Heretics,Bind,Sentinels,$$ (won),7,4
Champions Tour 2024: Masters Madrid,Swiss Stage,Round 1,Sentinels vs Team Heretics,Bind,Sentinels,$$$ (won),13,8
Champions Tour 2024: Masters Madrid,Swiss Stage,Round 1,Sentinels vs Team Heretics,Bind,Team Heretics,Pistol Won,,1
Champions Tour 2024: Masters Madrid,Swiss Stage,Round 1,Sentinels vs Team Heretics,Bind,Team Heretics,Eco (won),3,1
Champions Tour 2024: Masters Madrid,Swiss Stage,Round 1,Sentinels vs Team Heretics,Bind,Team Heretics,$ (won),0,0
Champions Tour 2024: Masters Madrid,Swiss Stage,Round 1,Sentinels vs Team Heretics,Bind,Team Heretics,$$ (won),7,2
Champions Tour 2024: Masters Madrid,Swiss Stage,Round 1,Sentinels vs Team Heretics,Bind,Team Heretics,$$$ (won),14,8
Champions Tour 2024: Masters Madrid,Swiss Stage,Round 1,Sentinels vs Team Heretics,All Maps,Sentinels,Pistol Won,,3
Champions Tour 2024: Masters Madrid,Swiss Stage,Round 1,Sentinels vs Team Heretics,All Maps,Sentinels,Eco (won),11,4
Champions Tour 2024: Masters Madrid,Swiss Stage,Round 1,Sentinels vs Team Heretics,All Maps,Sentinels,$ (won),3,0
Champions Tour 2024: Masters Madrid,Swiss Stage,Round 1,Sentinels vs Team Heretics,All Maps,Sentinels,$$ (won),24,9
Champions Tour 2024: Masters Madrid,Swiss Stage,Round 1,Sentinels vs Team Heretics,All Maps,Sentinels,$$$ (won),26,18
Champions Tour 2024: Masters Madrid,Swiss Stage,Round 1,Sentinels vs Team Heretics,All Maps,Team Heretics,Pistol Won,,3
Champions Tour 2024: Masters Madrid,Swiss Stage,Round 1,Sentinels vs Team Heretics,All Maps,Team Heretics,Eco (won),9,4
Champions Tour 2024: Masters Madrid,Swiss Stage,Round 1,Sentinels vs Team Heretics,All Maps,Team Heretics,$ (won),2,0
Champions Tour 2024: Masters Madrid,Swiss Stage,Round 1,Sentinels vs Team Heretics,All Maps,Team Heretics,$$ (won),16,5
Champions Tour 2024: Masters Madrid,Swiss Stage,Round 1,Sentinels vs Team Heretics,All Maps,Team Heretics,$$$ (won),37,24
Champions Tour 2024: Masters Madrid,Swiss Stage,Round 2,Sentinels vs Karmine Corp,Split,Sentinels,Pistol Won,,1
Champions Tour 2024: Masters Madrid,Swiss Stage,Round 2,Sentinels vs Karmine Corp,Split,Sentinels,Eco (won),3,1
Champions Tour 2024: Masters Madrid,Swiss Stage,Round 2,Sentinels vs Karmine Corp,Split,Sentinels,$ (won),0,0
Champions Tour 2024: Masters Madrid,Swiss Stage,Round 2,Sentinels vs Karmine Corp,Split,Sentinels,$$ (won),2,1
Champions Tour 2024: Masters Madrid,Swiss Stage,Round 2,Sentinels vs Karmine Corp,Split,Sentinels,$$$ (won),16,11
Champions Tour 2024: Masters Madrid,Swiss Stage,Round 2,Sentinels vs Karmine Corp,Split,Karmine Corp,Pistol Won,,1
Champions Tour 2024: Masters Madrid,Swiss Stage,Round 2,Sentinels vs Karmine Corp,Split,Karmine Corp,Eco (won),3,1
Champions Tour 2024: Masters Madrid,Swiss Stage,Round 2,Sentinels vs Karmine Corp,Split,Karmine Corp,$ (won),1,0
Champions Tour 2024: Masters Madrid,Swiss Stage,Round 2,Sentinels vs Karmine Corp,Split,Karmine Corp,$$ (won),7,2
Champions Tour 2024: Masters Madrid,Swiss Stage,Round 2,Sentinels vs Karmine Corp,Split,Karmine Corp,$$$ (won),10,5
Champions Tour 2024: Masters Madrid,Swiss Stage,Round 2,Sentinels vs Karmine Corp,Lotus,Sentinels,Pistol Won,,1
Champions Tour 2024: Masters Madrid,Swiss Stage,Round 2,Sentinels vs Karmine Corp,Lotus,Sentinels,Eco (won),3,1
Champions Tour 2024: Masters Madrid,Swiss Stage,Round 2,Sentinels vs Karmine Corp,Lotus,Sentinels,$ (won),1,1
Champions Tour 2024: Masters Madrid,Swiss Stage,Round 2,Sentinels vs Karmine Corp,Lotus,Sentinels,$$ (won),6,4
Champions Tour 2024: Masters Madrid,Swiss Stage,Round 2,Sentinels vs Karmine Corp,Lotus,Sentinels,$$$ (won),14,7
Champions Tour 2024: Masters Madrid,Swiss Stage,Round 2,Sentinels vs Karmine Corp,Lotus,Karmine Corp,Pistol Won,,1
Champions Tour 2024: Masters Madrid,Swiss Stage,Round 2,Sentinels vs Karmine Corp,Lotus,Karmine Corp,Eco (won),3,1
Champions Tour 2024: Masters Madrid,Swiss Stage,Round 2,Sentinels vs Karmine Corp,Lotus,Karmine Corp,$ (won),0,0
Champions Tour 2024: Masters Madrid,Swiss Stage,Round 2,Sentinels vs Karmine Corp,Lotus,Karmine Corp,$$ (won),7,4
Champions Tour 2024: Masters Madrid,Swiss Stage,Round 2,Sentinels vs Karmine Corp,Lotus,Karmine Corp,$$$ (won),14,6
Champions Tour 2024: Masters Madrid,Swiss Stage,Round 2,Sentinels vs Karmine Corp,All Maps,Sentinels,Pistol Won,,2
Champions Tour 2024: Masters Madrid,Swiss Stage,Round 2,Sentinels vs Karmine Corp,All Maps,Sentinels,Eco (won),6,2
Champions Tour 2024: Masters Madrid,Swiss Stage,Round 2,Sentinels vs Karmine Corp,All Maps,Sentinels,$ (won),1,1
Champions Tour 2024: Masters Madrid,Swiss Stage,Round 2,Sentinels vs Karmine Corp,All Maps,Sentinels,$$ (won),8,5
Champions Tour 2024: Masters Madrid,Swiss Stage,Round 2,Sentinels vs Karmine Corp,All Maps,Sentinels,$$$ (won),30,18
Champions Tour 2024: Masters Madrid,Swiss Stage,Round 2,Sentinels vs Karmine Corp,All Maps,Karmine Corp,Pistol Won,,2
Champions Tour 2024: Masters Madrid,Swiss Stage,Round 2,Sentinels vs Karmine Corp,All Maps,Karmine Corp,Eco (won),6,2
Champions Tour 2024: Masters Madrid,Swiss Stage,Round 2,Sentinels vs Karmine Corp,All Maps,Karmine Corp,$ (won),1,0
Champions Tour 2024: Masters Madrid,Swiss Stage,Round 2,Sentinels vs Karmine Corp,All Maps,Karmine Corp,$$ (won),14,6
Champions Tour 2024: Masters Madrid,Swiss Stage,Round 2,Sentinels vs Karmine Corp,All Maps,Karmine Corp,$$$ (won),24,11
Champions Tour 2024: Masters Madrid,Swiss Stage,Round 2,EDward Gaming vs Gen.G,Icebox,EDward Gaming,Pistol Won,,1
Champions Tour 2024: Masters Madrid,Swiss Stage,Round 2,EDward Gaming vs Gen.G,Icebox,EDward Gaming,Eco (won),3,1
Champions Tour 2024: Masters Madrid,Swiss Stage,Round 2,EDward Gaming vs Gen.G,Icebox,EDward Gaming,$ (won),0,0
Champions Tour 2024: Masters Madrid,Swiss Stage,Round 2,EDward Gaming vs Gen.G,Icebox,EDward Gaming,$$ (won),2,2
Champions Tour 2024: Masters Madrid,Swiss Stage,Round 2,EDward Gaming vs Gen.G,Icebox,EDward Gaming,$$$ (won),16,10
Champions Tour 2024: Masters Madrid,Swiss Stage,Round 2,EDward Gaming vs Gen.G,Icebox,Gen.G,Pistol Won,,1
Champions Tour 2024: Masters Madrid,Swiss Stage,Round 2,EDward Gaming vs Gen.G,Icebox,Gen.G,Eco (won),3,1
Champions Tour 2024: Masters Madrid,Swiss Stage,Round 2,EDward Gaming vs Gen.G,Icebox,Gen.G,$ (won),3,0
Champions Tour 2024: Masters Madrid,Swiss Stage,Round 2,EDward Gaming vs Gen.G,Icebox,Gen.G,$$ (won),6,3
Champions Tour 2024: Masters Madrid,Swiss Stage,Round 2,EDward Gaming vs Gen.G,Icebox,Gen.G,$$$ (won),9,4
Champions Tour 2024: Masters Madrid,Swiss Stage,Round 2,EDward Gaming vs Gen.G,Split,EDward Gaming,Pistol Won,,1
Champions Tour 2024: Masters Madrid,Swiss Stage,Round 2,EDward Gaming vs Gen.G,Split,EDward Gaming,Eco (won),3,1
Champions Tour 2024: Masters Madrid,Swiss Stage,Round 2,EDward Gaming vs Gen.G,Split,EDward Gaming,$ (won),1,0
Champions Tour 2024: Masters Madrid,Swiss Stage,Round 2,EDward Gaming vs Gen.G,Split,EDward Gaming,$$ (won),6,2
Champions Tour 2024: Masters Madrid,Swiss Stage,Round 2,EDward Gaming vs Gen.G,Split,EDward Gaming,$$$ (won),8,2
Champions Tour 2024: Masters Madrid,Swiss Stage,Round 2,EDward Gaming vs Gen.G,Split,Gen.G,Pistol Won,,1
Champions Tour 2024: Masters Madrid,Swiss Stage,Round 2,EDward Gaming vs Gen.G,Split,Gen.G,Eco (won),3,1
Champions Tour 2024: Masters Madrid,Swiss Stage,Round 2,EDward Gaming vs Gen.G,Split,Gen.G,$ (won),0,0
Champions Tour 2024: Masters Madrid,Swiss Stage,Round 2,EDward Gaming vs Gen.G,Split,Gen.G,$$ (won),4,3
Champions Tour 2024: Masters Madrid,Swiss Stage,Round 2,EDward Gaming vs Gen.G,Split,Gen.G,$$$ (won),11,9
Champions Tour 2024: Masters Madrid,Swiss Stage,Round 2,EDward Gaming vs Gen.G,Breeze,EDward Gaming,Pistol Won,,1
Champions Tour 2024: Masters Madrid,Swiss Stage,Round 2,EDward Gaming vs Gen.G,Breeze,EDward Gaming,Eco (won),3,1
Champions Tour 2024: Masters Madrid,Swiss Stage,Round 2,EDward Gaming vs Gen.G,Breeze,EDward Gaming,$ (won),3,0
Champions Tour 2024: Masters Madrid,Swiss Stage,Round 2,EDward Gaming vs Gen.G,Breeze,EDward Gaming,$$ (won),3,1
Champions Tour 2024: Masters Madrid,Swiss Stage,Round 2,EDward Gaming vs Gen.G,Breeze,EDward Gaming,$$$ (won),10,4
Champions Tour 2024: Masters Madrid,Swiss Stage,Round 2,EDward Gaming vs Gen.G,Breeze,Gen.G,Pistol Won,,1
Champions Tour 2024: Masters Madrid,Swiss Stage,Round 2,EDward Gaming vs Gen.G,Breeze,Gen.G,Eco (won),3,1
Champions Tour 2024: Masters Madrid,Swiss Stage,Round 2,EDward Gaming vs Gen.G,Breeze,Gen.G,$ (won),1,0
Champions Tour 2024: Masters Madrid,Swiss Stage,Round 2,EDward Gaming vs Gen.G,Breeze,Gen.G,$$ (won),4,3
Champions Tour 2024: Masters Madrid,Swiss Stage,Round 2,EDward Gaming vs Gen.G,Breeze,Gen.G,$$$ (won),11,9
Champions Tour 2024: Masters Madrid,Swiss Stage,Round 2,EDward Gaming vs Gen.G,All Maps,EDward Gaming,Pistol Won,,3
Champions Tour 2024: Masters Madrid,Swiss Stage,Round 2,EDward Gaming vs Gen.G,All Maps,EDward Gaming,Eco (won),9,3
Champions Tour 2024: Masters Madrid,Swiss Stage,Round 2,EDward Gaming vs Gen.G,All Maps,EDward Gaming,$ (won),4,0
Champions Tour 2024: Masters Madrid,Swiss Stage,Round 2,EDward Gaming vs Gen.G,All Maps,EDward Gaming,$$ (won),11,5
Champions Tour 2024: Masters Madrid,Swiss Stage,Round 2,EDward Gaming vs Gen.G,All Maps,EDward Gaming,$$$ (won),34,16
Champions Tour 2024: Masters Madrid,Swiss Stage,Round 2,EDward Gaming vs Gen.G,All Maps,Gen.G,Pistol Won,,3
Champions Tour 2024: Masters Madrid,Swiss Stage,Round 2,EDward Gaming vs Gen.G,All Maps,Gen.G,Eco (won),9,3
Champions Tour 2024: Masters Madrid,Swiss Stage,Round 2,EDward Gaming vs Gen.G,All Maps,Gen.G,$ (won),4,0
Champions Tour 2024: Masters Madrid,Swiss Stage,Round 2,EDward Gaming vs Gen.G,All Maps,Gen.G,$$ (won),14,9
Champions Tour 2024: Masters Madrid,Swiss Stage,Round 2,EDward Gaming vs Gen.G,All Maps,Gen.G,$$$ (won),31,22
Champions Tour 2024: Masters Madrid,Swiss Stage,Round 2,FunPlus Phoenix vs LOUD,Sunset,FunPlus Phoenix,Pistol Won,,0
Champions Tour 2024: Masters Madrid,Swiss Stage,Round 2,FunPlus Phoenix vs LOUD,Sunset,FunPlus Phoenix,Eco (won),4,0
Champions Tour 2024: Masters Madrid,Swiss Stage,Round 2,FunPlus Phoenix vs LOUD,Sunset,FunPlus Phoenix,$ (won),1,1
Champions Tour 2024: Masters Madrid,Swiss Stage,Round 2,FunPlus Phoenix vs LOUD,Sunset,FunPlus Phoenix,$$ (won),4,0
Champions Tour 2024: Masters Madrid,Swiss Stage,Round 2,FunPlus Phoenix vs LOUD,Sunset,FunPlus Phoenix,$$$ (won),9,4
Champions Tour 2024: Masters Madrid,Swiss Stage,Round 2,FunPlus Phoenix vs LOUD,Sunset,LOUD,Pistol Won,,2
Champions Tour 2024: Masters Madrid,Swiss Stage,Round 2,FunPlus Phoenix vs LOUD,Sunset,LOUD,Eco (won),2,2
Champions Tour 2024: Masters Madrid,Swiss Stage,Round 2,FunPlus Phoenix vs LOUD,Sunset,LOUD,$ (won),1,0
Champions Tour 2024: Masters Madrid,Swiss Stage,Round 2,FunPlus Phoenix vs LOUD,Sunset,LOUD,$$ (won),4,2
Champions Tour 2024: Masters Madrid,Swiss Stage,Round 2,FunPlus Phoenix vs LOUD,Sunset,LOUD,$$$ (won),11,9
Champions Tour 2024: Masters Madrid,Swiss Stage,Round 2,FunPlus Phoenix vs LOUD,Breeze,FunPlus Phoenix,Pistol Won,,0
Champions Tour 2024: Masters Madrid,Swiss Stage,Round 2,FunPlus Phoenix vs LOUD,Breeze,FunPlus Phoenix,Eco (won),4,0
Champions Tour 2024: Masters Madrid,Swiss Stage,Round 2,FunPlus Phoenix vs LOUD,Breeze,FunPlus Phoenix,$ (won),0,0
Champions Tour 2024: Masters Madrid,Swiss Stage,Round 2,FunPlus Phoenix vs LOUD,Breeze,FunPlus Phoenix,$$ (won),4,3
Champions Tour 2024: Masters Madrid,Swiss Stage,Round 2,FunPlus Phoenix vs LOUD,Breeze,FunPlus Phoenix,$$$ (won),16,8
Champions Tour 2024: Masters Madrid,Swiss Stage,Round 2,FunPlus Phoenix vs LOUD,Breeze,LOUD,Pistol Won,,2
Champions Tour 2024: Masters Madrid,Swiss Stage,Round 2,FunPlus Phoenix vs LOUD,Breeze,LOUD,Eco (won),2,2
Champions Tour 2024: Masters Madrid,Swiss Stage,Round 2,FunPlus Phoenix vs LOUD,Breeze,LOUD,$ (won),1,0
Champions Tour 2024: Masters Madrid,Swiss Stage,Round 2,FunPlus Phoenix vs LOUD,Breeze,LOUD,$$ (won),7,5
Champions Tour 2024: Masters Madrid,Swiss Stage,Round 2,FunPlus Phoenix vs LOUD,Breeze,LOUD,$$$ (won),14,6
Champions Tour 2024: Masters Madrid,Swiss Stage,Round 2,FunPlus Phoenix vs LOUD,All Maps,FunPlus Phoenix,Pistol Won,,0
Champions Tour 2024: Masters Madrid,Swiss Stage,Round 2,FunPlus Phoenix vs LOUD,All Maps,FunPlus Phoenix,Eco (won),8,0
Champions Tour 2024: Masters Madrid,Swiss Stage,Round 2,FunPlus Phoenix vs LOUD,All Maps,FunPlus Phoenix,$ (won),1,1
Champions Tour 2024: Masters Madrid,Swiss Stage,Round 2,FunPlus Phoenix vs LOUD,All Maps,FunPlus Phoenix,$$ (won),8,3
Champions Tour 2024: Masters Madrid,Swiss Stage,Round 2,FunPlus Phoenix vs LOUD,All Maps,FunPlus Phoenix,$$$ (won),25,12
Champions Tour 2024: Masters Madrid,Swiss Stage,Round 2,FunPlus Phoenix vs LOUD,All Maps,LOUD,Pistol Won,,4
Champions Tour 2024: Masters Madrid,Swiss Stage,Round 2,FunPlus Phoenix vs LOUD,All Maps,LOUD,Eco (won),4,4
Champions Tour 2024: Masters Madrid,Swiss Stage,Round 2,FunPlus Phoenix vs LOUD,All Maps,LOUD,$ (won),2,0
Champions Tour 2024: Masters Madrid,Swiss Stage,Round 2,FunPlus Phoenix vs LOUD,All Maps,LOUD,$$ (won),11,7
Champions Tour 2024: Masters Madrid,Swiss Stage,Round 2,FunPlus Phoenix vs LOUD,All Maps,LOUD,$$$ (won),25,15
Champions Tour 2024: Masters Madrid,Swiss Stage,Round 2,Team Heretics vs Paper Rex,Sunset,Team Heretics,Pistol Won,,0
Champions Tour 2024: Masters Madrid,Swiss Stage,Round 2,Team Heretics vs Paper Rex,Sunset,Team Heretics,Eco (won),4,1
Champions Tour 2024: Masters Madrid,Swiss Stage,Round 2,Team Heretics vs Paper Rex,Sunset,Team Heretics,$ (won),2,0
Champions Tour 2024: Masters Madrid,Swiss Stage,Round 2,Team Heretics vs Paper Rex,Sunset,Team Heretics,$$ (won),5,3
Champions Tour 2024: Masters Madrid,Swiss Stage,Round 2,Team Heretics vs Paper Rex,Sunset,Team Heretics,$$$ (won),12,6
Champions Tour 2024: Masters Madrid,Swiss Stage,Round 2,Team Heretics vs Paper Rex,Sunset,Paper Rex,Pistol Won,,2
Champions Tour 2024: Masters Madrid,Swiss Stage,Round 2,Team Heretics vs Paper Rex,Sunset,Paper Rex,Eco (won),2,2
Champions Tour 2024: Masters Madrid,Swiss Stage,Round 2,Team Heretics vs Paper Rex,Sunset,Paper Rex,$ (won),1,0
Champions Tour 2024: Masters Madrid,Swiss Stage,Round 2,Team Heretics vs Paper Rex,Sunset,Paper Rex,$$ (won),9,5
Champions Tour 2024: Masters Madrid,Swiss Stage,Round 2,Team Heretics vs Paper Rex,Sunset,Paper Rex,$$$ (won),11,6
Champions Tour 2024: Masters Madrid,Swiss Stage,Round 2,Team Heretics vs Paper Rex,Lotus,Team Heretics,Pistol Won,,1
Champions Tour 2024: Masters Madrid,Swiss Stage,Round 2,Team Heretics vs Paper Rex,Lotus,Team Heretics,Eco (won),4,1
Champions Tour 2024: Masters Madrid,Swiss Stage,Round 2,Team Heretics vs Paper Rex,Lotus,Team Heretics,$ (won),1,0
Champions Tour 2024: Masters Madrid,Swiss Stage,Round 2,Team Heretics vs Paper Rex,Lotus,Team Heretics,$$ (won),5,2
Champions Tour 2024: Masters Madrid,Swiss Stage,Round 2,Team Heretics vs Paper Rex,Lotus,Team Heretics,$$$ (won),13,10
Champions Tour 2024: Masters Madrid,Swiss Stage,Round 2,Team Heretics vs Paper Rex,Lotus,Paper Rex,Pistol Won,,1
Champions Tour 2024: Masters Madrid,Swiss Stage,Round 2,Team Heretics vs Paper Rex,Lotus,Paper Rex,Eco (won),2,1
Champions Tour 2024: Masters Madrid,Swiss Stage,Round 2,Team Heretics vs Paper Rex,Lotus,Paper Rex,$ (won),1,1
Champions Tour 2024: Masters Madrid,Swiss Stage,Round 2,Team Heretics vs Paper Rex,Lotus,Paper Rex,$$ (won),10,3
Champions Tour 2024: Masters Madrid,Swiss Stage,Round 2,Team Heretics vs Paper Rex,Lotus,Paper Rex,$$$ (won),10,5
Champions Tour 2024: Masters Madrid,Swiss Stage,Round 2,Team Heretics vs Paper Rex,Split,Team Heretics,Pistol Won,,0
Champions Tour 2024: Masters Madrid,Swiss Stage,Round 2,Team Heretics vs Paper Rex,Split,Team Heretics,Eco (won),4,0
Champions Tour 2024: Masters Madrid,Swiss Stage,Round 2,Team Heretics vs Paper Rex,Split,Team Heretics,$ (won),0,0
Champions Tour 2024: Masters Madrid,Swiss Stage,Round 2,Team Heretics vs Paper Rex,Split,Team Heretics,$$ (won),4,0
Champions Tour 2024: Masters Madrid,Swiss Stage,Round 2,Team Heretics vs Paper Rex,Split,Team Heretics,$$$ (won),12,7
Champions Tour 2024: Masters Madrid,Swiss Stage,Round 2,Team Heretics vs Paper Rex,Split,Paper Rex,Pistol Won,,2
Champions Tour 2024: Masters Madrid,Swiss Stage,Round 2,Team Heretics vs Paper Rex,Split,Paper Rex,Eco (won),2,2
Champions Tour 2024: Masters Madrid,Swiss Stage,Round 2,Team Heretics vs Paper Rex,Split,Paper Rex,$ (won),1,0
Champions Tour 2024: Masters Madrid,Swiss Stage,Round 2,Team Heretics vs Paper Rex,Split,Paper Rex,$$ (won),7,3
Champions Tour 2024: Masters Madrid,Swiss Stage,Round 2,Team Heretics vs Paper Rex,Split,Paper Rex,$$$ (won),10,8
Champions Tour 2024: Masters Madrid,Swiss Stage,Round 2,Team Heretics vs Paper Rex,All Maps,Team Heretics,Pistol Won,,1
Champions Tour 2024: Masters Madrid,Swiss Stage,Round 2,Team Heretics vs Paper Rex,All Maps,Team Heretics,Eco (won),12,2
Champions Tour 2024: Masters Madrid,Swiss Stage,Round 2,Team Heretics vs Paper Rex,All Maps,Team Heretics,$ (won),3,0
Champions Tour 2024: Masters Madrid,Swiss Stage,Round 2,Team Heretics vs Paper Rex,All Maps,Team Heretics,$$ (won),14,5
Champions Tour 2024: Masters Madrid,Swiss Stage,Round 2,Team Heretics vs Paper Rex,All Maps,Team Heretics,$$$ (won),37,23
Champions Tour 2024: Masters Madrid,Swiss Stage,Round 2,Team Heretics vs Paper Rex,All Maps,Paper Rex,Pistol Won,,5
Champions Tour 2024: Masters Madrid,Swiss Stage,Round 2,Team Heretics vs Paper Rex,All Maps,Paper Rex,Eco (won),6,5
Champions Tour 2024: Masters Madrid,Swiss Stage,Round 2,Team Heretics vs Paper Rex,All Maps,Paper Rex,$ (won),3,1
Champions Tour 2024: Masters Madrid,Swiss Stage,Round 2,Team Heretics vs Paper Rex,All Maps,Paper Rex,$$ (won),26,11
Champions Tour 2024: Masters Madrid,Swiss Stage,Round 2,Team Heretics vs Paper Rex,All Maps,Paper Rex,$$$ (won),31,19
Champions Tour 2024: Masters Madrid,Swiss Stage,Round 3,LOUD vs EDward Gaming,Icebox,LOUD,Pistol Won,,1
Champions Tour 2024: Masters Madrid,Swiss Stage,Round 3,LOUD vs EDward Gaming,Icebox,LOUD,Eco (won),3,2
Champions Tour 2024: Masters Madrid,Swiss Stage,Round 3,LOUD vs EDward Gaming,Icebox,LOUD,$ (won),0,0
Champions Tour 2024: Masters Madrid,Swiss Stage,Round 3,LOUD vs EDward Gaming,Icebox,LOUD,$$ (won),3,2
Champions Tour 2024: Masters Madrid,Swiss Stage,Round 3,LOUD vs EDward Gaming,Icebox,LOUD,$$$ (won),9,9
Champions Tour 2024: Masters Madrid,Swiss Stage,Round 3,LOUD vs EDward Gaming,Icebox,EDward Gaming,Pistol Won,,1
Champions Tour 2024: Masters Madrid,Swiss Stage,Round 3,LOUD vs EDward Gaming,Icebox,EDward Gaming,Eco (won),3,1
Champions Tour 2024: Masters Madrid,Swiss Stage,Round 3,LOUD vs EDward Gaming,Icebox,EDward Gaming,$ (won),0,0
Champions Tour 2024: Masters Madrid,Swiss Stage,Round 3,LOUD vs EDward Gaming,Icebox,EDward Gaming,$$ (won),9,0
Champions Tour 2024: Masters Madrid,Swiss Stage,Round 3,LOUD vs EDward Gaming,Icebox,EDward Gaming,$$$ (won),3,1
Champions Tour 2024: Masters Madrid,Swiss Stage,Round 3,LOUD vs EDward Gaming,Sunset,LOUD,Pistol Won,,2
Champions Tour 2024: Masters Madrid,Swiss Stage,Round 3,LOUD vs EDward Gaming,Sunset,LOUD,Eco (won),2,2
Champions Tour 2024: Masters Madrid,Swiss Stage,Round 3,LOUD vs EDward Gaming,Sunset,LOUD,$ (won),1,0
Champions Tour 2024: Masters Madrid,Swiss Stage,Round 3,LOUD vs EDward Gaming,Sunset,LOUD,$$ (won),5,4
Champions Tour 2024: Masters Madrid,Swiss Stage,Round 3,LOUD vs EDward Gaming,Sunset,LOUD,$$$ (won),8,7
Champions Tour 2024: Masters Madrid,Swiss Stage,Round 3,LOUD vs EDward Gaming,Sunset,EDward Gaming,Pistol Won,,0
Champions Tour 2024: Masters Madrid,Swiss Stage,Round 3,LOUD vs EDward Gaming,Sunset,EDward Gaming,Eco (won),4,1
Champions Tour 2024: Masters Madrid,Swiss Stage,Round 3,LOUD vs EDward Gaming,Sunset,EDward Gaming,$ (won),0,0
Champions Tour 2024: Masters Madrid,Swiss Stage,Round 3,LOUD vs EDward Gaming,Sunset,EDward Gaming,$$ (won),7,1
Champions Tour 2024: Masters Madrid,Swiss Stage,Round 3,LOUD vs EDward Gaming,Sunset,EDward Gaming,$$$ (won),5,1
Champions Tour 2024: Masters Madrid,Swiss Stage,Round 3,LOUD vs EDward Gaming,All Maps,LOUD,Pistol Won,,3
Champions Tour 2024: Masters Madrid,Swiss Stage,Round 3,LOUD vs EDward Gaming,All Maps,LOUD,Eco (won),5,4
Champions Tour 2024: Masters Madrid,Swiss Stage,Round 3,LOUD vs EDward Gaming,All Maps,LOUD,$ (won),1,0
Champions Tour 2024: Masters Madrid,Swiss Stage,Round 3,LOUD vs EDward Gaming,All Maps,LOUD,$$ (won),8,6
Champions Tour 2024: Masters Madrid,Swiss Stage,Round 3,LOUD vs EDward Gaming,All Maps,LOUD,$$$ (won),17,16
Champions Tour 2024: Masters Madrid,Swiss Stage,Round 3,LOUD vs EDward Gaming,All Maps,EDward Gaming,Pistol Won,,1
Champions Tour 2024: Masters Madrid,Swiss Stage,Round 3,LOUD vs EDward Gaming,All Maps,EDward Gaming,Eco (won),7,2
Champions Tour 2024: Masters Madrid,Swiss Stage,Round 3,LOUD vs EDward Gaming,All Maps,EDward Gaming,$ (won),0,0
Champions Tour 2024: Masters Madrid,Swiss Stage,Round 3,LOUD vs EDward Gaming,All Maps,EDward Gaming,$$ (won),16,1
Champions Tour 2024: Masters Madrid,Swiss Stage,Round 3,LOUD vs EDward Gaming,All Maps,EDward Gaming,$$$ (won),8,2
Champions Tour 2024: Masters Madrid,Swiss Stage,Round 3,Karmine Corp vs Paper Rex,Bind,Karmine Corp,Pistol Won,,0
Champions Tour 2024: Masters Madrid,Swiss Stage,Round 3,Karmine Corp vs Paper Rex,Bind,Karmine Corp,Eco (won),3,0
Champions Tour 2024: Masters Madrid,Swiss Stage,Round 3,Karmine Corp vs Paper Rex,Bind,Karmine Corp,$ (won),1,1
Champions Tour 2024: Masters Madrid,Swiss Stage,Round 3,Karmine Corp vs Paper Rex,Bind,Karmine Corp,$$ (won),7,3
Champions Tour 2024: Masters Madrid,Swiss Stage,Round 3,Karmine Corp vs Paper Rex,Bind,Karmine Corp,$$$ (won),12,6
Champions Tour 2024: Masters Madrid,Swiss Stage,Round 3,Karmine Corp vs Paper Rex,Bind,Paper Rex,Pistol Won,,2
Champions Tour 2024: Masters Madrid,Swiss Stage,Round 3,Karmine Corp vs Paper Rex,Bind,Paper Rex,Eco (won),2,2
Champions Tour 2024: Masters Madrid,Swiss Stage,Round 3,Karmine Corp vs Paper Rex,Bind,Paper Rex,$ (won),1,0
Champions Tour 2024: Masters Madrid,Swiss Stage,Round 3,Karmine Corp vs Paper Rex,Bind,Paper Rex,$$ (won),7,3
Champions Tour 2024: Masters Madrid,Swiss Stage,Round 3,Karmine Corp vs Paper Rex,Bind,Paper Rex,$$$ (won),13,8
Champions Tour 2024: Masters Madrid,Swiss Stage,Round 3,Karmine Corp vs Paper Rex,Lotus,Karmine Corp,Pistol Won,,0
Champions Tour 2024: Masters Madrid,Swiss Stage,Round 3,Karmine Corp vs Paper Rex,Lotus,Karmine Corp,Eco (won),4,0
Champions Tour 2024: Masters Madrid,Swiss Stage,Round 3,Karmine Corp vs Paper Rex,Lotus,Karmine Corp,$ (won),0,0
Champions Tour 2024: Masters Madrid,Swiss Stage,Round 3,Karmine Corp vs Paper Rex,Lotus,Karmine Corp,$$ (won),2,2
Champions Tour 2024: Masters Madrid,Swiss Stage,Round 3,Karmine Corp vs Paper Rex,Lotus,Karmine Corp,$$$ (won),13,11
Champions Tour 2024: Masters Madrid,Swiss Stage,Round 3,Karmine Corp vs Paper Rex,Lotus,Paper Rex,Pistol Won,,2
Champions Tour 2024: Masters Madrid,Swiss Stage,Round 3,Karmine Corp vs Paper Rex,Lotus,Paper Rex,Eco (won),2,2
Champions Tour 2024: Masters Madrid,Swiss Stage,Round 3,Karmine Corp vs Paper Rex,Lotus,Paper Rex,$ (won),1,0
Champions Tour 2024: Masters Madrid,Swiss Stage,Round 3,Karmine Corp vs Paper Rex,Lotus,Paper Rex,$$ (won),10,4
Champions Tour 2024: Masters Madrid,Swiss Stage,Round 3,Karmine Corp vs Paper Rex,Lotus,Paper Rex,$$$ (won),6,0
Champions Tour 2024: Masters Madrid,Swiss Stage,Round 3,Karmine Corp vs Paper Rex,Ascent,Karmine Corp,Pistol Won,,2
Champions Tour 2024: Masters Madrid,Swiss Stage,Round 3,Karmine Corp vs Paper Rex,Ascent,Karmine Corp,Eco (won),2,2
Champions Tour 2024: Masters Madrid,Swiss Stage,Round 3,Karmine Corp vs Paper Rex,Ascent,Karmine Corp,$ (won),2,0
Champions Tour 2024: Masters Madrid,Swiss Stage,Round 3,Karmine Corp vs Paper Rex,Ascent,Karmine Corp,$$ (won),6,3
Champions Tour 2024: Masters Madrid,Swiss Stage,Round 3,Karmine Corp vs Paper Rex,Ascent,Karmine Corp,$$$ (won),16,7
Champions Tour 2024: Masters Madrid,Swiss Stage,Round 3,Karmine Corp vs Paper Rex,Ascent,Paper Rex,Pistol Won,,0
Champions Tour 2024: Masters Madrid,Swiss Stage,Round 3,Karmine Corp vs Paper Rex,Ascent,Paper Rex,Eco (won),4,0
Champions Tour 2024: Masters Madrid,Swiss Stage,Round 3,Karmine Corp vs Paper Rex,Ascent,Paper Rex,$ (won),1,0
Champions Tour 2024: Masters Madrid,Swiss Stage,Round 3,Karmine Corp vs Paper Rex,Ascent,Paper Rex,$$ (won),3,1
Champions Tour 2024: Masters Madrid,Swiss Stage,Round 3,Karmine Corp vs Paper Rex,Ascent,Paper Rex,$$$ (won),18,13
Champions Tour 2024: Masters Madrid,Swiss Stage,Round 3,Karmine Corp vs Paper Rex,All Maps,Karmine Corp,Pistol Won,,2
Champions Tour 2024: Masters Madrid,Swiss Stage,Round 3,Karmine Corp vs Paper Rex,All Maps,Karmine Corp,Eco (won),9,2
Champions Tour 2024: Masters Madrid,Swiss Stage,Round 3,Karmine Corp vs Paper Rex,All Maps,Karmine Corp,$ (won),3,1
Champions Tour 2024: Masters Madrid,Swiss Stage,Round 3,Karmine Corp vs Paper Rex,All Maps,Karmine Corp,$$ (won),15,8
Champions Tour 2024: Masters Madrid,Swiss Stage,Round 3,Karmine Corp vs Paper Rex,All Maps,Karmine Corp,$$$ (won),41,24
Champions Tour 2024: Masters Madrid,Swiss Stage,Round 3,Karmine Corp vs Paper Rex,All Maps,Paper Rex,Pistol Won,,4
Champions Tour 2024: Masters Madrid,Swiss Stage,Round 3,Karmine Corp vs Paper Rex,All Maps,Paper Rex,Eco (won),8,4
Champions Tour 2024: Masters Madrid,Swiss Stage,Round 3,Karmine Corp vs Paper Rex,All Maps,Paper Rex,$ (won),3,0
Champions Tour 2024: Masters Madrid,Swiss Stage,Round 3,Karmine Corp vs Paper Rex,All Maps,Paper Rex,$$ (won),20,8
Champions Tour 2024: Masters Madrid,Swiss Stage,Round 3,Karmine Corp vs Paper Rex,All Maps,Paper Rex,$$$ (won),37,21
Champions Tour 2024: Masters Madrid,Playoffs,Upper Semifinals,Gen.G vs Paper Rex,Split,Gen.G,Pistol Won,,0
Champions Tour 2024: Masters Madrid,Playoffs,Upper Semifinals,Gen.G vs Paper Rex,Split,Gen.G,Eco (won),4,0
Champions Tour 2024: Masters Madrid,Playoffs,Upper Semifinals,Gen.G vs Paper Rex,Split,Gen.G,$ (won),0,0
Champions Tour 2024: Masters Madrid,Playoffs,Upper Semifinals,Gen.G vs Paper Rex,Split,Gen.G,$$ (won),0,0
Champions Tour 2024: Masters Madrid,Playoffs,Upper Semifinals,Gen.G vs Paper Rex,Split,Gen.G,$$$ (won),17,13
Champions Tour 2024: Masters Madrid,Playoffs,Upper Semifinals,Gen.G vs Paper Rex,Split,Paper Rex,Pistol Won,,2
Champions Tour 2024: Masters Madrid,Playoffs,Upper Semifinals,Gen.G vs Paper Rex,Split,Paper Rex,Eco (won),2,2
Champions Tour 2024: Masters Madrid,Playoffs,Upper Semifinals,Gen.G vs Paper Rex,Split,Paper Rex,$ (won),0,0
Champions Tour 2024: Masters Madrid,Playoffs,Upper Semifinals,Gen.G vs Paper Rex,Split,Paper Rex,$$ (won),12,4
Champions Tour 2024: Masters Madrid,Playoffs,Upper Semifinals,Gen.G vs Paper Rex,Split,Paper Rex,$$$ (won),7,2
Champions Tour 2024: Masters Madrid,Playoffs,Upper Semifinals,Gen.G vs Paper Rex,Lotus,Gen.G,Pistol Won,,1
Champions Tour 2024: Masters Madrid,Playoffs,Upper Semifinals,Gen.G vs Paper Rex,Lotus,Gen.G,Eco (won),3,1
Champions Tour 2024: Masters Madrid,Playoffs,Upper Semifinals,Gen.G vs Paper Rex,Lotus,Gen.G,$ (won),1,1
Champions Tour 2024: Masters Madrid,Playoffs,Upper Semifinals,Gen.G vs Paper Rex,Lotus,Gen.G,$$ (won),3,1
Champions Tour 2024: Masters Madrid,Playoffs,Upper Semifinals,Gen.G vs Paper Rex,Lotus,Gen.G,$$$ (won),15,10
Champions Tour 2024: Masters Madrid,Playoffs,Upper Semifinals,Gen.G vs Paper Rex,Lotus,Paper Rex,Pistol Won,,1
Champions Tour 2024: Masters Madrid,Playoffs,Upper Semifinals,Gen.G vs Paper Rex,Lotus,Paper Rex,Eco (won),3,1
Champions Tour 2024: Masters Madrid,Playoffs,Upper Semifinals,Gen.G vs Paper Rex,Lotus,Paper Rex,$ (won),3,0
Champions Tour 2024: Masters Madrid,Playoffs,Upper Semifinals,Gen.G vs Paper Rex,Lotus,Paper Rex,$$ (won),5,3
Champions Tour 2024: Masters Madrid,Playoffs,Upper Semifinals,Gen.G vs Paper Rex,Lotus,Paper Rex,$$$ (won),11,5
Champions Tour 2024: Masters Madrid,Playoffs,Upper Semifinals,Gen.G vs Paper Rex,All Maps,Gen.G,Pistol Won,,1
Champions Tour 2024: Masters Madrid,Playoffs,Upper Semifinals,Gen.G vs Paper Rex,All Maps,Gen.G,Eco (won),7,1
Champions Tour 2024: Masters Madrid,Playoffs,Upper Semifinals,Gen.G vs Paper Rex,All Maps,Gen.G,$ (won),1,1
Champions Tour 2024: Masters Madrid,Playoffs,Upper Semifinals,Gen.G vs Paper Rex,All Maps,Gen.G,$$ (won),3,1
Champions Tour 2024: Masters Madrid,Playoffs,Upper Semifinals,Gen.G vs Paper Rex,All Maps,Gen.G,$$$ (won),32,23
Champions Tour 2024: Masters Madrid,Playoffs,Upper Semifinals,Gen.G vs Paper Rex,All Maps,Paper Rex,Pistol Won,,3
Champions Tour 2024: Masters Madrid,Playoffs,Upper Semifinals,Gen.G vs Paper Rex,All Maps,Paper Rex,Eco (won),5,3
Champions Tour 2024: Masters Madrid,Playoffs,Upper Semifinals,Gen.G vs Paper Rex,All Maps,Paper Rex,$ (won),3,0
Champions Tour 2024: Masters Madrid,Playoffs,Upper Semifinals,Gen.G vs Paper Rex,All Maps,Paper Rex,$$ (won),17,7
Champions Tour 2024: Masters Madrid,Playoffs,Upper Semifinals,Gen.G vs Paper Rex,All Maps,Paper Rex,$$$ (won),18,7
Champions Tour 2024: Masters Madrid,Playoffs,Upper Semifinals,Sentinels vs LOUD,Split,Sentinels,Pistol Won,,2
Champions Tour 2024: Masters Madrid,Playoffs,Upper Semifinals,Sentinels vs LOUD,Split,Sentinels,Eco (won),2,2
Champions Tour 2024: Masters Madrid,Playoffs,Upper Semifinals,Sentinels vs LOUD,Split,Sentinels,$ (won),0,0
Champions Tour 2024: Masters Madrid,Playoffs,Upper Semifinals,Sentinels vs LOUD,Split,Sentinels,$$ (won),5,5
Champions Tour 2024: Masters Madrid,Playoffs,Upper Semifinals,Sentinels vs LOUD,Split,Sentinels,$$$ (won),10,6
Champions Tour 2024: Masters Madrid,Playoffs,Upper Semifinals,Sentinels vs LOUD,Split,LOUD,Pistol Won,,0
Champions Tour 2024: Masters Madrid,Playoffs,Upper Semifinals,Sentinels vs LOUD,Split,LOUD,Eco (won),3,0
Champions Tour 2024: Masters Madrid,Playoffs,Upper Semifinals,Sentinels vs LOUD,Split,LOUD,$ (won),2,0
Champions Tour 2024: Masters Madrid,Playoffs,Upper Semifinals,Sentinels vs LOUD,Split,LOUD,$$ (won),3,0
Champions Tour 2024: Masters Madrid,Playoffs,Upper Semifinals,Sentinels vs LOUD,Split,LOUD,$$$ (won),9,4
Champions Tour 2024: Masters Madrid,Playoffs,Upper Semifinals,Sentinels vs LOUD,Icebox,Sentinels,Pistol Won,,2
Champions Tour 2024: Masters Madrid,Playoffs,Upper Semifinals,Sentinels vs LOUD,Icebox,Sentinels,Eco (won),2,2
Champions Tour 2024: Masters Madrid,Playoffs,Upper Semifinals,Sentinels vs LOUD,Icebox,Sentinels,$ (won),3,0
Champions Tour 2024: Masters Madrid,Playoffs,Upper Semifinals,Sentinels vs LOUD,Icebox,Sentinels,$$ (won),9,4
Champions Tour 2024: Masters Madrid,Playoffs,Upper Semifinals,Sentinels vs LOUD,Icebox,Sentinels,$$$ (won),12,6
Champions Tour 2024: Masters Madrid,Playoffs,Upper Semifinals,Sentinels vs LOUD,Icebox,LOUD,Pistol Won,,0
Champions Tour 2024: Masters Madrid,Playoffs,Upper Semifinals,Sentinels vs LOUD,Icebox,LOUD,Eco (won),4,0
Champions Tour 2024: Masters Madrid,Playoffs,Upper Semifinals,Sentinels vs LOUD,Icebox,LOUD,$ (won),1,1
Champions Tour 2024: Masters Madrid,Playoffs,Upper Semifinals,Sentinels vs LOUD,Icebox,LOUD,$$ (won),1,1
Champions Tour 2024: Masters Madrid,Playoffs,Upper Semifinals,Sentinels vs LOUD,Icebox,LOUD,$$$ (won),20,12
Champions Tour 2024: Masters Madrid,Playoffs,Upper Semifinals,Sentinels vs LOUD,Sunset,Sentinels,Pistol Won,,0
Champions Tour 2024: Masters Madrid,Playoffs,Upper Semifinals,Sentinels vs LOUD,Sunset,Sentinels,Eco (won),3,0
Champions Tour 2024: Masters Madrid,Playoffs,Upper Semifinals,Sentinels vs LOUD,Sunset,Sentinels,$ (won),2,0
Champions Tour 2024: Masters Madrid,Playoffs,Upper Semifinals,Sentinels vs LOUD,Sunset,Sentinels,$$ (won),10,6
Champions Tour 2024: Masters Madrid,Playoffs,Upper Semifinals,Sentinels vs LOUD,Sunset,Sentinels,$$$ (won),11,8
Champions Tour 2024: Masters Madrid,Playoffs,Upper Semifinals,Sentinels vs LOUD,Sunset,LOUD,Pistol Won,,2
Champions Tour 2024: Masters Madrid,Playoffs,Upper Semifinals,Sentinels vs LOUD,Sunset,LOUD,Eco (won),2,2
Champions Tour 2024: Masters Madrid,Playoffs,Upper Semifinals,Sentinels vs LOUD,Sunset,LOUD,$ (won),3,0
Champions Tour 2024: Masters Madrid,Playoffs,Upper Semifinals,Sentinels vs LOUD,Sunset,LOUD,$$ (won),6,4
Champions Tour 2024: Masters Madrid,Playoffs,Upper Semifinals,Sentinels vs LOUD,Sunset,LOUD,$$$ (won),15,6
Champions Tour 2024: Masters Madrid,Playoffs,Upper Semifinals,Sentinels vs LOUD,All Maps,Sentinels,Pistol Won,,4
Champions Tour 2024: Masters Madrid,Playoffs,Upper Semifinals,Sentinels vs LOUD,All Maps,Sentinels,Eco (won),7,4
Champions Tour 2024: Masters Madrid,Playoffs,Upper Semifinals,Sentinels vs LOUD,All Maps,Sentinels,$ (won),5,0
Champions Tour 2024: Masters Madrid,Playoffs,Upper Semifinals,Sentinels vs LOUD,All Maps,Sentinels,$$ (won),24,15
Champions Tour 2024: Masters Madrid,Playoffs,Upper Semifinals,Sentinels vs LOUD,All Maps,Sentinels,$$$ (won),33,20
Champions Tour 2024: Masters Madrid,Playoffs,Upper Semifinals,Sentinels vs LOUD,All Maps,LOUD,Pistol Won,,2
Champions Tour 2024: Masters Madrid,Playoffs,Upper Semifinals,Sentinels vs LOUD,All Maps,LOUD,Eco (won),9,2
Champions Tour 2024: Masters Madrid,Playoffs,Upper Semifinals,Sentinels vs LOUD,All Maps,LOUD,$ (won),6,1
Champions Tour 2024: Masters Madrid,Playoffs,Upper Semifinals,Sentinels vs LOUD,All Maps,LOUD,$$ (won),10,5
Champions Tour 2024: Masters Madrid,Playoffs,Upper Semifinals,Sentinels vs LOUD,All Maps,LOUD,$$$ (won),44,22
Champions Tour 2024: Masters Madrid,Playoffs,Upper Final,Gen.G vs Sentinels,Split,Gen.G,Pistol Won,,2
Champions Tour 2024: Masters Madrid,Playoffs,Upper Final,Gen.G vs Sentinels,Split,Gen.G,Eco (won),3,3
Champions Tour 2024: Masters Madrid,Playoffs,Upper Final,Gen.G vs Sentinels,Split,Gen.G,$ (won),0,0
Champions Tour 2024: Masters Madrid,Playoffs,Upper Final,Gen.G vs Sentinels,Split,Gen.G,$$ (won),5,3
Champions Tour 2024: Masters Madrid,Playoffs,Upper Final,Gen.G vs Sentinels,Split,Gen.G,$$$ (won),10,7
Champions Tour 2024: Masters Madrid,Playoffs,Upper Final,Gen.G vs Sentinels,Split,Sentinels,Pistol Won,,0
Champions Tour 2024: Masters Madrid,Playoffs,Upper Final,Gen.G vs Sentinels,Split,Sentinels,Eco (won),4,1
Champions Tour 2024: Masters Madrid,Playoffs,Upper Final,Gen.G vs Sentinels,Split,Sentinels,$ (won),1,0
Champions Tour 2024: Masters Madrid,Playoffs,Upper Final,Gen.G vs Sentinels,Split,Sentinels,$$ (won),7,2
Champions Tour 2024: Masters Madrid,Playoffs,Upper Final,Gen.G vs Sentinels,Split,Sentinels,$$$ (won),6,2
Champions Tour 2024: Masters Madrid,Playoffs,Upper Final,Gen.G vs Sentinels,Lotus,Gen.G,Pistol Won,,2
Champions Tour 2024: Masters Madrid,Playoffs,Upper Final,Gen.G vs Sentinels,Lotus,Gen.G,Eco (won),2,2
Champions Tour 2024: Masters Madrid,Playoffs,Upper Final,Gen.G vs Sentinels,Lotus,Gen.G,$ (won),1,0
Champions Tour 2024: Masters Madrid,Playoffs,Upper Final,Gen.G vs Sentinels,Lotus,Gen.G,$$ (won),9,2
Champions Tour 2024: Masters Madrid,Playoffs,Upper Final,Gen.G vs Sentinels,Lotus,Gen.G,$$$ (won),8,3
Champions Tour 2024: Masters Madrid,Playoffs,Upper Final,Gen.G vs Sentinels,Lotus,Sentinels,Pistol Won,,0
Champions Tour 2024: Masters Madrid,Playoffs,Upper Final,Gen.G vs Sentinels,Lotus,Sentinels,Eco (won),3,0
Champions Tour 2024: Masters Madrid,Playoffs,Upper Final,Gen.G vs Sentinels,Lotus,Sentinels,$ (won),0,0
Champions Tour 2024: Masters Madrid,Playoffs,Upper Final,Gen.G vs Sentinels,Lotus,Sentinels,$$ (won),4,4
Champions Tour 2024: Masters Madrid,Playoffs,Upper Final,Gen.G vs Sentinels,Lotus,Sentinels,$$$ (won),13,9
Champions Tour 2024: Masters Madrid,Playoffs,Upper Final,Gen.G vs Sentinels,Breeze,Gen.G,Pistol Won,,2
Champions Tour 2024: Masters Madrid,Playoffs,Upper Final,Gen.G vs Sentinels,Breeze,Gen.G,Eco (won),2,2
Champions Tour 2024: Masters Madrid,Playoffs,Upper Final,Gen.G vs Sentinels,Breeze,Gen.G,$ (won),0,0
Champions Tour 2024: Masters Madrid,Playoffs,Upper Final,Gen.G vs Sentinels,Breeze,Gen.G,$$ (won),4,4
Champions Tour 2024: Masters Madrid,Playoffs,Upper Final,Gen.G vs Sentinels,Breeze,Gen.G,$$$ (won),10,7
Champions Tour 2024: Masters Madrid,Playoffs,Upper Final,Gen.G vs Sentinels,Breeze,Sentinels,Pistol Won,,0
Champions Tour 2024: Masters Madrid,Playoffs,Upper Final,Gen.G vs Sentinels,Breeze,Sentinels,Eco (won),4,0
Champions Tour 2024: Masters Madrid,Playoffs,Upper Final,Gen.G vs Sentinels,Breeze,Sentinels,$ (won),1,0
Champions Tour 2024: Masters Madrid,Playoffs,Upper Final,Gen.G vs Sentinels,Breeze,Sentinels,$$ (won),7,3
Champions Tour 2024: Masters Madrid,Playoffs,Upper Final,Gen.G vs Sentinels,Breeze,Sentinels,$$$ (won),4,0
Champions Tour 2024: Masters Madrid,Playoffs,Upper Final,Gen.G vs Sentinels,All Maps,Gen.G,Pistol Won,,6
Champions Tour 2024: Masters Madrid,Playoffs,Upper Final,Gen.G vs Sentinels,All Maps,Gen.G,Eco (won),7,7
Champions Tour 2024: Masters Madrid,Playoffs,Upper Final,Gen.G vs Sentinels,All Maps,Gen.G,$ (won),1,0
Champions Tour 2024: Masters Madrid,Playoffs,Upper Final,Gen.G vs Sentinels,All Maps,Gen.G,$$ (won),18,9
Champions Tour 2024: Masters Madrid,Playoffs,Upper Final,Gen.G vs Sentinels,All Maps,Gen.G,$$$ (won),28,17
Champions Tour 2024: Masters Madrid,Playoffs,Upper Final,Gen.G vs Sentinels,All Maps,Sentinels,Pistol Won,,0
Champions Tour 2024: Masters Madrid,Playoffs,Upper Final,Gen.G vs Sentinels,All Maps,Sentinels,Eco (won),11,1
Champions Tour 2024: Masters Madrid,Playoffs,Upper Final,Gen.G vs Sentinels,All Maps,Sentinels,$ (won),2,0
Champions Tour 2024: Masters Madrid,Playoffs,Upper Final,Gen.G vs Sentinels,All Maps,Sentinels,$$ (won),18,9
Champions Tour 2024: Masters Madrid,Playoffs,Upper Final,Gen.G vs Sentinels,All Maps,Sentinels,$$$ (won),23,11
Champions Tour 2024: Masters Madrid,Playoffs,Lower Round 1,Paper Rex vs LOUD,Ascent,Paper Rex,Pistol Won,,2
Champions Tour 2024: Masters Madrid,Playoffs,Lower Round 1,Paper Rex vs LOUD,Ascent,Paper Rex,Eco (won),2,2
Champions Tour 2024: Masters Madrid,Playoffs,Lower Round 1,Paper Rex vs LOUD,Ascent,Paper Rex,$ (won),2,0
Champions Tour 2024: Masters Madrid,Playoffs,Lower Round 1,Paper Rex vs LOUD,Ascent,Paper Rex,$$ (won),6,2
Champions Tour 2024: Masters Madrid,Playoffs,Lower Round 1,Paper Rex vs LOUD,Ascent,Paper Rex,$$$ (won),14,9
Champions Tour 2024: Masters Madrid,Playoffs,Lower Round 1,Paper Rex vs LOUD,Ascent,LOUD,Pistol Won,,0
Champions Tour 2024: Masters Madrid,Playoffs,Lower Round 1,Paper Rex vs LOUD,Ascent,LOUD,Eco (won),4,0
Champions Tour 2024: Masters Madrid,Playoffs,Lower Round 1,Paper Rex vs LOUD,Ascent,LOUD,$ (won),2,1
Champions Tour 2024: Masters Madrid,Playoffs,Lower Round 1,Paper Rex vs LOUD,Ascent,LOUD,$$ (won),4,0
Champions Tour 2024: Masters Madrid,Playoffs,Lower Round 1,Paper Rex vs LOUD,Ascent,LOUD,$$$ (won),14,10
Champions Tour 2024: Masters Madrid,Playoffs,Lower Round 1,Paper Rex vs LOUD,Sunset,Paper Rex,Pistol Won,,1
Champions Tour 2024: Masters Madrid,Playoffs,Lower Round 1,Paper Rex vs LOUD,Sunset,Paper Rex,Eco (won),3,2
Champions Tour 2024: Masters Madrid,Playoffs,Lower Round 1,Paper Rex vs LOUD,Sunset,Paper Rex,$ (won),2,2
Champions Tour 2024: Masters Madrid,Playoffs,Lower Round 1,Paper Rex vs LOUD,Sunset,Paper Rex,$$ (won),4,2
Champions Tour 2024: Masters Madrid,Playoffs,Lower Round 1,Paper Rex vs LOUD,Sunset,Paper Rex,$$$ (won),12,7
Champions Tour 2024: Masters Madrid,Playoffs,Lower Round 1,Paper Rex vs LOUD,Sunset,LOUD,Pistol Won,,1
Champions Tour 2024: Masters Madrid,Playoffs,Lower Round 1,Paper Rex vs LOUD,Sunset,LOUD,Eco (won),3,1
Champions Tour 2024: Masters Madrid,Playoffs,Lower Round 1,Paper Rex vs LOUD,Sunset,LOUD,$ (won),2,1
Champions Tour 2024: Masters Madrid,Playoffs,Lower Round 1,Paper Rex vs LOUD,Sunset,LOUD,$$ (won),6,2
Champions Tour 2024: Masters Madrid,Playoffs,Lower Round 1,Paper Rex vs LOUD,Sunset,LOUD,$$$ (won),10,4
Champions Tour 2024: Masters Madrid,Playoffs,Lower Round 1,Paper Rex vs LOUD,All Maps,Paper Rex,Pistol Won,,3
Champions Tour 2024: Masters Madrid,Playoffs,Lower Round 1,Paper Rex vs LOUD,All Maps,Paper Rex,Eco (won),5,4
Champions Tour 2024: Masters Madrid,Playoffs,Lower Round 1,Paper Rex vs LOUD,All Maps,Paper Rex,$ (won),4,2
Champions Tour 2024: Masters Madrid,Playoffs,Lower Round 1,Paper Rex vs LOUD,All Maps,Paper Rex,$$ (won),10,4
Champions Tour 2024: Masters Madrid,Playoffs,Lower Round 1,Paper Rex vs LOUD,All Maps,Paper Rex,$$$ (won),26,16
Champions Tour 2024: Masters Madrid,Playoffs,Lower Round 1,Paper Rex vs LOUD,All Maps,LOUD,Pistol Won,,1
Champions Tour 2024: Masters Madrid,Playoffs,Lower Round 1,Paper Rex vs LOUD,All Maps,LOUD,Eco (won),7,1
Champions Tour 2024: Masters Madrid,Playoffs,Lower Round 1,Paper Rex vs LOUD,All Maps,LOUD,$ (won),4,2
Champions Tour 2024: Masters Madrid,Playoffs,Lower Round 1,Paper Rex vs LOUD,All Maps,LOUD,$$ (won),10,2
Champions Tour 2024: Masters Madrid,Playoffs,Lower Round 1,Paper Rex vs LOUD,All Maps,LOUD,$$$ (won),24,14
Champions Tour 2024: Masters Madrid,Playoffs,Lower Final,Sentinels vs Paper Rex,Lotus,Sentinels,Pistol Won,,1
Champions Tour 2024: Masters Madrid,Playoffs,Lower Final,Sentinels vs Paper Rex,Lotus,Sentinels,Eco (won),2,1
Champions Tour 2024: Masters Madrid,Playoffs,Lower Final,Sentinels vs Paper Rex,Lotus,Sentinels,$ (won),2,1
Champions Tour 2024: Masters Madrid,Playoffs,Lower Final,Sentinels vs Paper Rex,Lotus,Sentinels,$$ (won),8,3
Champions Tour 2024: Masters Madrid,Playoffs,Lower Final,Sentinels vs Paper Rex,Lotus,Sentinels,$$$ (won),14,9
Champions Tour 2024: Masters Madrid,Playoffs,Lower Final,Sentinels vs Paper Rex,Lotus,Paper Rex,Pistol Won,,1
Champions Tour 2024: Masters Madrid,Playoffs,Lower Final,Sentinels vs Paper Rex,Lotus,Paper Rex,Eco (won),3,1
Champions Tour 2024: Masters Madrid,Playoffs,Lower Final,Sentinels vs Paper Rex,Lotus,Paper Rex,$ (won),2,0
Champions Tour 2024: Masters Madrid,Playoffs,Lower Final,Sentinels vs Paper Rex,Lotus,Paper Rex,$$ (won),7,3
Champions Tour 2024: Masters Madrid,Playoffs,Lower Final,Sentinels vs Paper Rex,Lotus,Paper Rex,$$$ (won),14,8
Champions Tour 2024: Masters Madrid,Playoffs,Lower Final,Sentinels vs Paper Rex,Ascent,Sentinels,Pistol Won,,2
Champions Tour 2024: Masters Madrid,Playoffs,Lower Final,Sentinels vs Paper Rex,Ascent,Sentinels,Eco (won),2,2
Champions Tour 2024: Masters Madrid,Playoffs,Lower Final,Sentinels vs Paper Rex,Ascent,Sentinels,$ (won),1,0
Champions Tour 2024: Masters Madrid,Playoffs,Lower Final,Sentinels vs Paper Rex,Ascent,Sentinels,$$ (won),6,3
Champions Tour 2024: Masters Madrid,Playoffs,Lower Final,Sentinels vs Paper Rex,Ascent,Sentinels,$$$ (won),10,8
Champions Tour 2024: Masters Madrid,Playoffs,Lower Final,Sentinels vs Paper Rex,Ascent,Paper Rex,Pistol Won,,0
Champions Tour 2024: Masters Madrid,Playoffs,Lower Final,Sentinels vs Paper Rex,Ascent,Paper Rex,Eco (won),4,0
Champions Tour 2024: Masters Madrid,Playoffs,Lower Final,Sentinels vs Paper Rex,Ascent,Paper Rex,$ (won),1,1
Champions Tour 2024: Masters Madrid,Playoffs,Lower Final,Sentinels vs Paper Rex,Ascent,Paper Rex,$$ (won),4,0
Champions Tour 2024: Masters Madrid,Playoffs,Lower Final,Sentinels vs Paper Rex,Ascent,Paper Rex,$$$ (won),10,5
Champions Tour 2024: Masters Madrid,Playoffs,Lower Final,Sentinels vs Paper Rex,Split,Sentinels,Pistol Won,,0
Champions Tour 2024: Masters Madrid,Playoffs,Lower Final,Sentinels vs Paper Rex,Split,Sentinels,Eco (won),4,0
Champions Tour 2024: Masters Madrid,Playoffs,Lower Final,Sentinels vs Paper Rex,Split,Sentinels,$ (won),2,0
Champions Tour 2024: Masters Madrid,Playoffs,Lower Final,Sentinels vs Paper Rex,Split,Sentinels,$$ (won),6,3
Champions Tour 2024: Masters Madrid,Playoffs,Lower Final,Sentinels vs Paper Rex,Split,Sentinels,$$$ (won),6,2
Champions Tour 2024: Masters Madrid,Playoffs,Lower Final,Sentinels vs Paper Rex,Split,Paper Rex,Pistol Won,,2
Champions Tour 2024: Masters Madrid,Playoffs,Lower Final,Sentinels vs Paper Rex,Split,Paper Rex,Eco (won),2,2
Champions Tour 2024: Masters Madrid,Playoffs,Lower Final,Sentinels vs Paper Rex,Split,Paper Rex,$ (won),1,0
Champions Tour 2024: Masters Madrid,Playoffs,Lower Final,Sentinels vs Paper Rex,Split,Paper Rex,$$ (won),5,3
Champions Tour 2024: Masters Madrid,Playoffs,Lower Final,Sentinels vs Paper Rex,Split,Paper Rex,$$$ (won),10,8
Champions Tour 2024: Masters Madrid,Playoffs,Lower Final,Sentinels vs Paper Rex,Sunset,Sentinels,Pistol Won,,1
Champions Tour 2024: Masters Madrid,Playoffs,Lower Final,Sentinels vs Paper Rex,Sunset,Sentinels,Eco (won),3,2
Champions Tour 2024: Masters Madrid,Playoffs,Lower Final,Sentinels vs Paper Rex,Sunset,Sentinels,$ (won),0,0
Champions Tour 2024: Masters Madrid,Playoffs,Lower Final,Sentinels vs Paper Rex,Sunset,Sentinels,$$ (won),3,3
Champions Tour 2024: Masters Madrid,Playoffs,Lower Final,Sentinels vs Paper Rex,Sunset,Sentinels,$$$ (won),10,8
Champions Tour 2024: Masters Madrid,Playoffs,Lower Final,Sentinels vs Paper Rex,Sunset,Paper Rex,Pistol Won,,1
Champions Tour 2024: Masters Madrid,Playoffs,Lower Final,Sentinels vs Paper Rex,Sunset,Paper Rex,Eco (won),4,1
Champions Tour 2024: Masters Madrid,Playoffs,Lower Final,Sentinels vs Paper Rex,Sunset,Paper Rex,$ (won),0,0
Champions Tour 2024: Masters Madrid,Playoffs,Lower Final,Sentinels vs Paper Rex,Sunset,Paper Rex,$$ (won),9,1
Champions Tour 2024: Masters Madrid,Playoffs,Lower Final,Sentinels vs Paper Rex,Sunset,Paper Rex,$$$ (won),3,1
Champions Tour 2024: Masters Madrid,Playoffs,Lower Final,Sentinels vs Paper Rex,All Maps,Sentinels,Pistol Won,,4
Champions Tour 2024: Masters Madrid,Playoffs,Lower Final,Sentinels vs Paper Rex,All Maps,Sentinels,Eco (won),11,5
Champions Tour 2024: Masters Madrid,Playoffs,Lower Final,Sentinels vs Paper Rex,All Maps,Sentinels,$ (won),5,1
Champions Tour 2024: Masters Madrid,Playoffs,Lower Final,Sentinels vs Paper Rex,All Maps,Sentinels,$$ (won),23,12
Champions Tour 2024: Masters Madrid,Playoffs,Lower Final,Sentinels vs Paper Rex,All Maps,Sentinels,$$$ (won),40,27
Champions Tour 2024: Masters Madrid,Playoffs,Lower Final,Sentinels vs Paper Rex,All Maps,Paper Rex,Pistol Won,,4
Champions Tour 2024: Masters Madrid,Playoffs,Lower Final,Sentinels vs Paper Rex,All Maps,Paper Rex,Eco (won),13,4
Champions Tour 2024: Masters Madrid,Playoffs,Lower Final,Sentinels vs Paper Rex,All Maps,Paper Rex,$ (won),4,1
Champions Tour 2024: Masters Madrid,Playoffs,Lower Final,Sentinels vs Paper Rex,All Maps,Paper Rex,$$ (won),25,7
Champions Tour 2024: Masters Madrid,Playoffs,Lower Final,Sentinels vs Paper Rex,All Maps,Paper Rex,$$$ (won),37,22
Champions Tour 2024: Masters Madrid,Playoffs,Grand Final,Gen.G vs Sentinels,Breeze,Gen.G,Pistol Won,,1
Champions Tour 2024: Masters Madrid,Playoffs,Grand Final,Gen.G vs Sentinels,Breeze,Gen.G,Eco (won),3,1
Champions Tour 2024: Masters Madrid,Playoffs,Grand Final,Gen.G vs Sentinels,Breeze,Gen.G,$ (won),1,1
Champions Tour 2024: Masters Madrid,Playoffs,Grand Final,Gen.G vs Sentinels,Breeze,Gen.G,$$ (won),6,5
Champions Tour 2024: Masters Madrid,Playoffs,Grand Final,Gen.G vs Sentinels,Breeze,Gen.G,$$$ (won),11,6
Champions Tour 2024: Masters Madrid,Playoffs,Grand Final,Gen.G vs Sentinels,Breeze,Sentinels,Pistol Won,,1
Champions Tour 2024: Masters Madrid,Playoffs,Grand Final,Gen.G vs Sentinels,Breeze,Sentinels,Eco (won),3,1
Champions Tour 2024: Masters Madrid,Playoffs,Grand Final,Gen.G vs Sentinels,Breeze,Sentinels,$ (won),2,1
Champions Tour 2024: Masters Madrid,Playoffs,Grand Final,Gen.G vs Sentinels,Breeze,Sentinels,$$ (won),8,4
Champions Tour 2024: Masters Madrid,Playoffs,Grand Final,Gen.G vs Sentinels,Breeze,Sentinels,$$$ (won),8,2
Champions Tour 2024: Masters Madrid,Playoffs,Grand Final,Gen.G vs Sentinels,Bind,Gen.G,Pistol Won,,1
Champions Tour 2024: Masters Madrid,Playoffs,Grand Final,Gen.G vs Sentinels,Bind,Gen.G,Eco (won),3,1
Champions Tour 2024: Masters Madrid,Playoffs,Grand Final,Gen.G vs Sentinels,Bind,Gen.G,$ (won),1,0
Champions Tour 2024: Masters Madrid,Playoffs,Grand Final,Gen.G vs Sentinels,Bind,Gen.G,$$ (won),6,5
Champions Tour 2024: Masters Madrid,Playoffs,Grand Final,Gen.G vs Sentinels,Bind,Gen.G,$$$ (won),16,6
Champions Tour 2024: Masters Madrid,Playoffs,Grand Final,Gen.G vs Sentinels,Bind,Sentinels,Pistol Won,,1
Champions Tour 2024: Masters Madrid,Playoffs,Grand Final,Gen.G vs Sentinels,Bind,Sentinels,Eco (won),3,1
Champions Tour 2024: Masters Madrid,Playoffs,Grand Final,Gen.G vs Sentinels,Bind,Sentinels,$ (won),1,1
Champions Tour 2024: Masters Madrid,Playoffs,Grand Final,Gen.G vs Sentinels,Bind,Sentinels,$$ (won),6,2
Champions Tour 2024: Masters Madrid,Playoffs,Grand Final,Gen.G vs Sentinels,Bind,Sentinels,$$$ (won),16,10
Champions Tour 2024: Masters Madrid,Playoffs,Grand Final,Gen.G vs Sentinels,Ascent,Gen.G,Pistol Won,,1
Champions Tour 2024: Masters Madrid,Playoffs,Grand Final,Gen.G vs Sentinels,Ascent,Gen.G,Eco (won),3,1
Champions Tour 2024: Masters Madrid,Playoffs,Grand Final,Gen.G vs Sentinels,Ascent,Gen.G,$ (won),0,0
Champions Tour 2024: Masters Madrid,Playoffs,Grand Final,Gen.G vs Sentinels,Ascent,Gen.G,$$ (won),7,5
Champions Tour 2024: Masters Madrid,Playoffs,Grand Final,Gen.G vs Sentinels,Ascent,Gen.G,$$$ (won),11,7
Champions Tour 2024: Masters Madrid,Playoffs,Grand Final,Gen.G vs Sentinels,Ascent,Sentinels,Pistol Won,,1
Champions Tour 2024: Masters Madrid,Playoffs,Grand Final,Gen.G vs Sentinels,Ascent,Sentinels,Eco (won),3,1
Champions Tour 2024: Masters Madrid,Playoffs,Grand Final,Gen.G vs Sentinels,Ascent,Sentinels,$ (won),2,1
Champions Tour 2024: Masters Madrid,Playoffs,Grand Final,Gen.G vs Sentinels,Ascent,Sentinels,$$ (won),5,2
Champions Tour 2024: Masters Madrid,Playoffs,Grand Final,Gen.G vs Sentinels,Ascent,Sentinels,$$$ (won),11,4
Champions Tour 2024: Masters Madrid,Playoffs,Grand Final,Gen.G vs Sentinels,Split,Gen.G,Pistol Won,,1
Champions Tour 2024: Masters Madrid,Playoffs,Grand Final,Gen.G vs Sentinels,Split,Gen.G,Eco (won),3,1
Champions Tour 2024: Masters Madrid,Playoffs,Grand Final,Gen.G vs Sentinels,Split,Gen.G,$ (won),1,0
Champions Tour 2024: Masters Madrid,Playoffs,Grand Final,Gen.G vs Sentinels,Split,Gen.G,$$ (won),8,4
Champions Tour 2024: Masters Madrid,Playoffs,Grand Final,Gen.G vs Sentinels,Split,Gen.G,$$$ (won),11,5
Champions Tour 2024: Masters Madrid,Playoffs,Grand Final,Gen.G vs Sentinels,Split,Sentinels,Pistol Won,,1
Champions Tour 2024: Masters Madrid,Playoffs,Grand Final,Gen.G vs Sentinels,Split,Sentinels,Eco (won),3,1
Champions Tour 2024: Masters Madrid,Playoffs,Grand Final,Gen.G vs Sentinels,Split,Sentinels,$ (won),0,0
Champions Tour 2024: Masters Madrid,Playoffs,Grand Final,Gen.G vs Sentinels,Split,Sentinels,$$ (won),7,4
Champions Tour 2024: Masters Madrid,Playoffs,Grand Final,Gen.G vs Sentinels,Split,Sentinels,$$$ (won),13,8
Champions Tour 2024: Masters Madrid,Playoffs,Grand Final,Gen.G vs Sentinels,Icebox,Gen.G,Pistol Won,,0
Champions Tour 2024: Masters Madrid,Playoffs,Grand Final,Gen.G vs Sentinels,Icebox,Gen.G,Eco (won),5,0
Champions Tour 2024: Masters Madrid,Playoffs,Grand Final,Gen.G vs Sentinels,Icebox,Gen.G,$ (won),0,0
Champions Tour 2024: Masters Madrid,Playoffs,Grand Final,Gen.G vs Sentinels,Icebox,Gen.G,$$ (won),4,2
Champions Tour 2024: Masters Madrid,Playoffs,Grand Final,Gen.G vs Sentinels,Icebox,Gen.G,$$$ (won),10,4
Champions Tour 2024: Masters Madrid,Playoffs,Grand Final,Gen.G vs Sentinels,Icebox,Sentinels,Pistol Won,,2
Champions Tour 2024: Masters Madrid,Playoffs,Grand Final,Gen.G vs Sentinels,Icebox,Sentinels,Eco (won),2,2
Champions Tour 2024: Masters Madrid,Playoffs,Grand Final,Gen.G vs Sentinels,Icebox,Sentinels,$ (won),1,0
Champions Tour 2024: Masters Madrid,Playoffs,Grand Final,Gen.G vs Sentinels,Icebox,Sentinels,$$ (won),6,3
Champions Tour 2024: Masters Madrid,Playoffs,Grand Final,Gen.G vs Sentinels,Icebox,Sentinels,$$$ (won),10,8
Champions Tour 2024: Masters Madrid,Playoffs,Grand Final,Gen.G vs Sentinels,All Maps,Gen.G,Pistol Won,,4
Champions Tour 2024: Masters Madrid,Playoffs,Grand Final,Gen.G vs Sentinels,All Maps,Gen.G,Eco (won),17,4
Champions Tour 2024: Masters Madrid,Playoffs,Grand Final,Gen.G vs Sentinels,All Maps,Gen.G,$ (won),3,1
Champions Tour 2024: Masters Madrid,Playoffs,Grand Final,Gen.G vs Sentinels,All Maps,Gen.G,$$ (won),31,21
Champions Tour 2024: Masters Madrid,Playoffs,Grand Final,Gen.G vs Sentinels,All Maps,Gen.G,$$$ (won),59,28
Champions Tour 2024: Masters Madrid,Playoffs,Grand Final,Gen.G vs Sentinels,All Maps,Sentinels,Pistol Won,,6
Champions Tour 2024: Masters Madrid,Playoffs,Grand Final,Gen.G vs Sentinels,All Maps,Sentinels,Eco (won),14,6
Champions Tour 2024: Masters Madrid,Playoffs,Grand Final,Gen.G vs Sentinels,All Maps,Sentinels,$ (won),6,3
Champions Tour 2024: Masters Madrid,Playoffs,Grand Final,Gen.G vs Sentinels,All Maps,Sentinels,$$ (won),32,15
Champions Tour 2024: Masters Madrid,Playoffs,Grand Final,Gen.G vs Sentinels,All Maps,Sentinels,$$$ (won),58,32
Champions Tour 2024: Americas Kickoff,Group Stage,Opening (A),NRG Esports vs FURIA,Breeze,NRG Esports,Pistol Won,,0
Champions Tour 2024: Americas Kickoff,Group Stage,Opening (A),NRG Esports vs FURIA,Breeze,NRG Esports,Eco (won),4,0
Champions Tour 2024: Americas Kickoff,Group Stage,Opening (A),NRG Esports vs FURIA,Breeze,NRG Esports,$ (won),0,0
Champions Tour 2024: Americas Kickoff,Group Stage,Opening (A),NRG Esports vs FURIA,Breeze,NRG Esports,$$ (won),4,4
Champions Tour 2024: Americas Kickoff,Group Stage,Opening (A),NRG Esports vs FURIA,Breeze,NRG Esports,$$$ (won),15,9
Champions Tour 2024: Americas Kickoff,Group Stage,Opening (A),NRG Esports vs FURIA,Breeze,FURIA,Pistol Won,,2
Champions Tour 2024: Americas Kickoff,Group Stage,Opening (A),NRG Esports vs FURIA,Breeze,FURIA,Eco (won),2,2
Champions Tour 2024: Americas Kickoff,Group Stage,Opening (A),NRG Esports vs FURIA,Breeze,FURIA,$ (won),2,0
Champions Tour 2024: Americas Kickoff,Group Stage,Opening (A),NRG Esports vs FURIA,Breeze,FURIA,$$ (won),9,5
Champions Tour 2024: Americas Kickoff,Group Stage,Opening (A),NRG Esports vs FURIA,Breeze,FURIA,$$$ (won),10,3
Champions Tour 2024: Americas Kickoff,Group Stage,Opening (A),NRG Esports vs FURIA,Ascent,NRG Esports,Pistol Won,,1
Champions Tour 2024: Americas Kickoff,Group Stage,Opening (A),NRG Esports vs FURIA,Ascent,NRG Esports,Eco (won),3,1
Champions Tour 2024: Americas Kickoff,Group Stage,Opening (A),NRG Esports vs FURIA,Ascent,NRG Esports,$ (won),2,1
Champions Tour 2024: Americas Kickoff,Group Stage,Opening (A),NRG Esports vs FURIA,Ascent,NRG Esports,$$ (won),2,2
Champions Tour 2024: Americas Kickoff,Group Stage,Opening (A),NRG Esports vs FURIA,Ascent,NRG Esports,$$$ (won),14,9
Champions Tour 2024: Americas Kickoff,Group Stage,Opening (A),NRG Esports vs FURIA,Ascent,FURIA,Pistol Won,,1
Champions Tour 2024: Americas Kickoff,Group Stage,Opening (A),NRG Esports vs FURIA,Ascent,FURIA,Eco (won),3,1
Champions Tour 2024: Americas Kickoff,Group Stage,Opening (A),NRG Esports vs FURIA,Ascent,FURIA,$ (won),2,0
Champions Tour 2024: Americas Kickoff,Group Stage,Opening (A),NRG Esports vs FURIA,Ascent,FURIA,$$ (won),3,2
Champions Tour 2024: Americas Kickoff,Group Stage,Opening (A),NRG Esports vs FURIA,Ascent,FURIA,$$$ (won),13,5
Champions Tour 2024: Americas Kickoff,Group Stage,Opening (A),NRG Esports vs FURIA,All Maps,NRG Esports,Pistol Won,,1
Champions Tour 2024: Americas Kickoff,Group Stage,Opening (A),NRG Esports vs FURIA,All Maps,NRG Esports,Eco (won),7,1
Champions Tour 2024: Americas Kickoff,Group Stage,Opening (A),NRG Esports vs FURIA,All Maps,NRG Esports,$ (won),2,1
Champions Tour 2024: Americas Kickoff,Group Stage,Opening (A),NRG Esports vs FURIA,All Maps,NRG Esports,$$ (won),6,6
Champions Tour 2024: Americas Kickoff,Group Stage,Opening (A),NRG Esports vs FURIA,All Maps,NRG Esports,$$$ (won),29,18
Champions Tour 2024: Americas Kickoff,Group Stage,Opening (A),NRG Esports vs FURIA,All Maps,FURIA,Pistol Won,,3
Champions Tour 2024: Americas Kickoff,Group Stage,Opening (A),NRG Esports vs FURIA,All Maps,FURIA,Eco (won),5,3
Champions Tour 2024: Americas Kickoff,Group Stage,Opening (A),NRG Esports vs FURIA,All Maps,FURIA,$ (won),4,0
Champions Tour 2024: Americas Kickoff,Group Stage,Opening (A),NRG Esports vs FURIA,All Maps,FURIA,$$ (won),12,7
Champions Tour 2024: Americas Kickoff,Group Stage,Opening (A),NRG Esports vs FURIA,All Maps,FURIA,$$$ (won),23,8
Champions Tour 2024: Americas Kickoff,Group Stage,Opening (A),Cloud9 vs MIBR,Bind,Cloud9,Pistol Won,,2
Champions Tour 2024: Americas Kickoff,Group Stage,Opening (A),Cloud9 vs MIBR,Bind,Cloud9,Eco (won),2,2
Champions Tour 2024: Americas Kickoff,Group Stage,Opening (A),Cloud9 vs MIBR,Bind,Cloud9,$ (won),2,0
Champions Tour 2024: Americas Kickoff,Group Stage,Opening (A),Cloud9 vs MIBR,Bind,Cloud9,$$ (won),8,3
Champions Tour 2024: Americas Kickoff,Group Stage,Opening (A),Cloud9 vs MIBR,Bind,Cloud9,$$$ (won),12,8
Champions Tour 2024: Americas Kickoff,Group Stage,Opening (A),Cloud9 vs MIBR,Bind,MIBR,Pistol Won,,0
Champions Tour 2024: Americas Kickoff,Group Stage,Opening (A),Cloud9 vs MIBR,Bind,MIBR,Eco (won),4,1
Champions Tour 2024: Americas Kickoff,Group Stage,Opening (A),Cloud9 vs MIBR,Bind,MIBR,$ (won),1,0
Champions Tour 2024: Americas Kickoff,Group Stage,Opening (A),Cloud9 vs MIBR,Bind,MIBR,$$ (won),3,0
Champions Tour 2024: Americas Kickoff,Group Stage,Opening (A),Cloud9 vs MIBR,Bind,MIBR,$$$ (won),16,10
Champions Tour 2024: Americas Kickoff,Group Stage,Opening (A),Cloud9 vs MIBR,Split,Cloud9,Pistol Won,,0
Champions Tour 2024: Americas Kickoff,Group Stage,Opening (A),Cloud9 vs MIBR,Split,Cloud9,Eco (won),3,0
Champions Tour 2024: Americas Kickoff,Group Stage,Opening (A),Cloud9 vs MIBR,Split,Cloud9,$ (won),2,0
Champions Tour 2024: Americas Kickoff,Group Stage,Opening (A),Cloud9 vs MIBR,Split,Cloud9,$$ (won),6,2
Champions Tour 2024: Americas Kickoff,Group Stage,Opening (A),Cloud9 vs MIBR,Split,Cloud9,$$$ (won),10,6
Champions Tour 2024: Americas Kickoff,Group Stage,Opening (A),Cloud9 vs MIBR,Split,MIBR,Pistol Won,,2
Champions Tour 2024: Americas Kickoff,Group Stage,Opening (A),Cloud9 vs MIBR,Split,MIBR,Eco (won),2,2
Champions Tour 2024: Americas Kickoff,Group Stage,Opening (A),Cloud9 vs MIBR,Split,MIBR,$ (won),0,0
Champions Tour 2024: Americas Kickoff,Group Stage,Opening (A),Cloud9 vs MIBR,Split,MIBR,$$ (won),8,4
Champions Tour 2024: Americas Kickoff,Group Stage,Opening (A),Cloud9 vs MIBR,Split,MIBR,$$$ (won),11,7
Champions Tour 2024: Americas Kickoff,Group Stage,Opening (A),Cloud9 vs MIBR,Lotus,Cloud9,Pistol Won,,1
Champions Tour 2024: Americas Kickoff,Group Stage,Opening (A),Cloud9 vs MIBR,Lotus,Cloud9,Eco (won),2,1
Champions Tour 2024: Americas Kickoff,Group Stage,Opening (A),Cloud9 vs MIBR,Lotus,Cloud9,$ (won),1,0
Champions Tour 2024: Americas Kickoff,Group Stage,Opening (A),Cloud9 vs MIBR,Lotus,Cloud9,$$ (won),11,7
Champions Tour 2024: Americas Kickoff,Group Stage,Opening (A),Cloud9 vs MIBR,Lotus,Cloud9,$$$ (won),9,5
Champions Tour 2024: Americas Kickoff,Group Stage,Opening (A),Cloud9 vs MIBR,Lotus,MIBR,Pistol Won,,1
Champions Tour 2024: Americas Kickoff,Group Stage,Opening (A),Cloud9 vs MIBR,Lotus,MIBR,Eco (won),3,1
Champions Tour 2024: Americas Kickoff,Group Stage,Opening (A),Cloud9 vs MIBR,Lotus,MIBR,$ (won),1,1
Champions Tour 2024: Americas Kickoff,Group Stage,Opening (A),Cloud9 vs MIBR,Lotus,MIBR,$$ (won),5,2
Champions Tour 2024: Americas Kickoff,Group Stage,Opening (A),Cloud9 vs MIBR,Lotus,MIBR,$$$ (won),14,6
Champions Tour 2024: Americas Kickoff,Group Stage,Opening (A),Cloud9 vs MIBR,All Maps,Cloud9,Pistol Won,,3
Champions Tour 2024: Americas Kickoff,Group Stage,Opening (A),Cloud9 vs MIBR,All Maps,Cloud9,Eco (won),7,3
Champions Tour 2024: Americas Kickoff,Group Stage,Opening (A),Cloud9 vs MIBR,All Maps,Cloud9,$ (won),5,0
Champions Tour 2024: Americas Kickoff,Group Stage,Opening (A),Cloud9 vs MIBR,All Maps,Cloud9,$$ (won),25,12
Champions Tour 2024: Americas Kickoff,Group Stage,Opening (A),Cloud9 vs MIBR,All Maps,Cloud9,$$$ (won),31,19
Champions Tour 2024: Americas Kickoff,Group Stage,Opening (A),Cloud9 vs MIBR,All Maps,MIBR,Pistol Won,,3
Champions Tour 2024: Americas Kickoff,Group Stage,Opening (A),Cloud9 vs MIBR,All Maps,MIBR,Eco (won),9,4
Champions Tour 2024: Americas Kickoff,Group Stage,Opening (A),Cloud9 vs MIBR,All Maps,MIBR,$ (won),2,1
Champions Tour 2024: Americas Kickoff,Group Stage,Opening (A),Cloud9 vs MIBR,All Maps,MIBR,$$ (won),16,6
Champions Tour 2024: Americas Kickoff,Group Stage,Opening (A),Cloud9 vs MIBR,All Maps,MIBR,$$$ (won),41,23
Champions Tour 2024: Americas Kickoff,Group Stage,Opening (B),LOUD vs Sentinels,Split,LOUD,Pistol Won,,1
Champions Tour 2024: Americas Kickoff,Group Stage,Opening (B),LOUD vs Sentinels,Split,LOUD,Eco (won),3,2
Champions Tour 2024: Americas Kickoff,Group Stage,Opening (B),LOUD vs Sentinels,Split,LOUD,$ (won),0,0
Champions Tour 2024: Americas Kickoff,Group Stage,Opening (B),LOUD vs Sentinels,Split,LOUD,$$ (won),5,2
Champions Tour 2024: Americas Kickoff,Group Stage,Opening (B),LOUD vs Sentinels,Split,LOUD,$$$ (won),16,9
Champions Tour 2024: Americas Kickoff,Group Stage,Opening (B),LOUD vs Sentinels,Split,Sentinels,Pistol Won,,1
Champions Tour 2024: Americas Kickoff,Group Stage,Opening (B),LOUD vs Sentinels,Split,Sentinels,Eco (won),4,1
Champions Tour 2024: Americas Kickoff,Group Stage,Opening (B),LOUD vs Sentinels,Split,Sentinels,$ (won),1,0
Champions Tour 2024: Americas Kickoff,Group Stage,Opening (B),LOUD vs Sentinels,Split,Sentinels,$$ (won),7,5
Champions Tour 2024: Americas Kickoff,Group Stage,Opening (B),LOUD vs Sentinels,Split,Sentinels,$$$ (won),12,5
Champions Tour 2024: Americas Kickoff,Group Stage,Opening (B),LOUD vs Sentinels,Ascent,LOUD,Pistol Won,,2
Champions Tour 2024: Americas Kickoff,Group Stage,Opening (B),LOUD vs Sentinels,Ascent,LOUD,Eco (won),2,2
Champions Tour 2024: Americas Kickoff,Group Stage,Opening (B),LOUD vs Sentinels,Ascent,LOUD,$ (won),1,1
Champions Tour 2024: Americas Kickoff,Group Stage,Opening (B),LOUD vs Sentinels,Ascent,LOUD,$$ (won),7,4
Champions Tour 2024: Americas Kickoff,Group Stage,Opening (B),LOUD vs Sentinels,Ascent,LOUD,$$$ (won),12,6
Champions Tour 2024: Americas Kickoff,Group Stage,Opening (B),LOUD vs Sentinels,Ascent,Sentinels,Pistol Won,,0
Champions Tour 2024: Americas Kickoff,Group Stage,Opening (B),LOUD vs Sentinels,Ascent,Sentinels,Eco (won),4,0
Champions Tour 2024: Americas Kickoff,Group Stage,Opening (B),LOUD vs Sentinels,Ascent,Sentinels,$ (won),0,0
Champions Tour 2024: Americas Kickoff,Group Stage,Opening (B),LOUD vs Sentinels,Ascent,Sentinels,$$ (won),6,1
Champions Tour 2024: Americas Kickoff,Group Stage,Opening (B),LOUD vs Sentinels,Ascent,Sentinels,$$$ (won),12,8
Champions Tour 2024: Americas Kickoff,Group Stage,Opening (B),LOUD vs Sentinels,All Maps,LOUD,Pistol Won,,3
Champions Tour 2024: Americas Kickoff,Group Stage,Opening (B),LOUD vs Sentinels,All Maps,LOUD,Eco (won),5,4
Champions Tour 2024: Americas Kickoff,Group Stage,Opening (B),LOUD vs Sentinels,All Maps,LOUD,$ (won),1,1
Champions Tour 2024: Americas Kickoff,Group Stage,Opening (B),LOUD vs Sentinels,All Maps,LOUD,$$ (won),12,6
Champions Tour 2024: Americas Kickoff,Group Stage,Opening (B),LOUD vs Sentinels,All Maps,LOUD,$$$ (won),28,15
Champions Tour 2024: Americas Kickoff,Group Stage,Opening (B),LOUD vs Sentinels,All Maps,Sentinels,Pistol Won,,1
Champions Tour 2024: Americas Kickoff,Group Stage,Opening (B),LOUD vs Sentinels,All Maps,Sentinels,Eco (won),8,1
Champions Tour 2024: Americas Kickoff,Group Stage,Opening (B),LOUD vs Sentinels,All Maps,Sentinels,$ (won),1,0
Champions Tour 2024: Americas Kickoff,Group Stage,Opening (B),LOUD vs Sentinels,All Maps,Sentinels,$$ (won),13,6
Champions Tour 2024: Americas Kickoff,Group Stage,Opening (B),LOUD vs Sentinels,All Maps,Sentinels,$$$ (won),24,13
Champions Tour 2024: Americas Kickoff,Group Stage,Opening (B),Leviatán vs 100 Thieves,Bind,Leviatán,Pistol Won,,1
Champions Tour 2024: Americas Kickoff,Group Stage,Opening (B),Leviatán vs 100 Thieves,Bind,Leviatán,Eco (won),3,1
Champions Tour 2024: Americas Kickoff,Group Stage,Opening (B),Leviatán vs 100 Thieves,Bind,Leviatán,$ (won),0,0
Champions Tour 2024: Americas Kickoff,Group Stage,Opening (B),Leviatán vs 100 Thieves,Bind,Leviatán,$$ (won),3,2
Champions Tour 2024: Americas Kickoff,Group Stage,Opening (B),Leviatán vs 100 Thieves,Bind,Leviatán,$$$ (won),16,10
Champions Tour 2024: Americas Kickoff,Group Stage,Opening (B),Leviatán vs 100 Thieves,Bind,100 Thieves,Pistol Won,,1
Champions Tour 2024: Americas Kickoff,Group Stage,Opening (B),Leviatán vs 100 Thieves,Bind,100 Thieves,Eco (won),3,1
Champions Tour 2024: Americas Kickoff,Group Stage,Opening (B),Leviatán vs 100 Thieves,Bind,100 Thieves,$ (won),2,1
Champions Tour 2024: Americas Kickoff,Group Stage,Opening (B),Leviatán vs 100 Thieves,Bind,100 Thieves,$$ (won),3,2
Champions Tour 2024: Americas Kickoff,Group Stage,Opening (B),Leviatán vs 100 Thieves,Bind,100 Thieves,$$$ (won),14,5
Champions Tour 2024: Americas Kickoff,Group Stage,Opening (B),Leviatán vs 100 Thieves,Split,Leviatán,Pistol Won,,0
Champions Tour 2024: Americas Kickoff,Group Stage,Opening (B),Leviatán vs 100 Thieves,Split,Leviatán,Eco (won),3,0
Champions Tour 2024: Americas Kickoff,Group Stage,Opening (B),Leviatán vs 100 Thieves,Split,Leviatán,$ (won),3,0
Champions Tour 2024: Americas Kickoff,Group Stage,Opening (B),Leviatán vs 100 Thieves,Split,Leviatán,$$ (won),6,0
Champions Tour 2024: Americas Kickoff,Group Stage,Opening (B),Leviatán vs 100 Thieves,Split,Leviatán,$$$ (won),4,3
Champions Tour 2024: Americas Kickoff,Group Stage,Opening (B),Leviatán vs 100 Thieves,Split,100 Thieves,Pistol Won,,2
Champions Tour 2024: Americas Kickoff,Group Stage,Opening (B),Leviatán vs 100 Thieves,Split,100 Thieves,Eco (won),2,2
Champions Tour 2024: Americas Kickoff,Group Stage,Opening (B),Leviatán vs 100 Thieves,Split,100 Thieves,$ (won),0,0
Champions Tour 2024: Americas Kickoff,Group Stage,Opening (B),Leviatán vs 100 Thieves,Split,100 Thieves,$$ (won),5,4
Champions Tour 2024: Americas Kickoff,Group Stage,Opening (B),Leviatán vs 100 Thieves,Split,100 Thieves,$$$ (won),9,7
Champions Tour 2024: Americas Kickoff,Group Stage,Opening (B),Leviatán vs 100 Thieves,Icebox,Leviatán,Pistol Won,,1
Champions Tour 2024: Americas Kickoff,Group Stage,Opening (B),Leviatán vs 100 Thieves,Icebox,Leviatán,Eco (won),3,1
Champions Tour 2024: Americas Kickoff,Group Stage,Opening (B),Leviatán vs 100 Thieves,Icebox,Leviatán,$ (won),1,1
Champions Tour 2024: Americas Kickoff,Group Stage,Opening (B),Leviatán vs 100 Thieves,Icebox,Leviatán,$$ (won),5,4
Champions Tour 2024: Americas Kickoff,Group Stage,Opening (B),Leviatán vs 100 Thieves,Icebox,Leviatán,$$$ (won),15,7
Champions Tour 2024: Americas Kickoff,Group Stage,Opening (B),Leviatán vs 100 Thieves,Icebox,100 Thieves,Pistol Won,,1
Champions Tour 2024: Americas Kickoff,Group Stage,Opening (B),Leviatán vs 100 Thieves,Icebox,100 Thieves,Eco (won),3,1
Champions Tour 2024: Americas Kickoff,Group Stage,Opening (B),Leviatán vs 100 Thieves,Icebox,100 Thieves,$ (won),2,0
Champions Tour 2024: Americas Kickoff,Group Stage,Opening (B),Leviatán vs 100 Thieves,Icebox,100 Thieves,$$ (won),5,3
Champions Tour 2024: Americas Kickoff,Group Stage,Opening (B),Leviatán vs 100 Thieves,Icebox,100 Thieves,$$$ (won),14,7
Champions Tour 2024: Americas Kickoff,Group Stage,Opening (B),Leviatán vs 100 Thieves,All Maps,Leviatán,Pistol Won,,2
Champions Tour 2024: Americas Kickoff,Group Stage,Opening (B),Leviatán vs 100 Thieves,All Maps,Leviatán,Eco (won),9,2
Champions Tour 2024: Americas Kickoff,Group Stage,Opening (B),Leviatán vs 100 Thieves,All Maps,Leviatán,$ (won),4,1
Champions Tour 2024: Americas Kickoff,Group Stage,Opening (B),Leviatán vs 100 Thieves,All Maps,Leviatán,$$ (won),14,6
Champions Tour 2024: Americas Kickoff,Group Stage,Opening (B),Leviatán vs 100 Thieves,All Maps,Leviatán,$$$ (won),35,20
Champions Tour 2024: Americas Kickoff,Group Stage,Opening (B),Leviatán vs 100 Thieves,All Maps,100 Thieves,Pistol Won,,4
Champions Tour 2024: Americas Kickoff,Group Stage,Opening (B),Leviatán vs 100 Thieves,All Maps,100 Thieves,Eco (won),8,4
Champions Tour 2024: Americas Kickoff,Group Stage,Opening (B),Leviatán vs 100 Thieves,All Maps,100 Thieves,$ (won),4,1
Champions Tour 2024: Americas Kickoff,Group Stage,Opening (B),Leviatán vs 100 Thieves,All Maps,100 Thieves,$$ (won),13,9
Champions Tour 2024: Americas Kickoff,Group Stage,Opening (B),Leviatán vs 100 Thieves,All Maps,100 Thieves,$$$ (won),37,19
Champions Tour 2024: Americas Kickoff,Group Stage,Opening (C),KRÜ Esports vs G2 Esports,Icebox,KRÜ Esports,Pistol Won,,0
Champions Tour 2024: Americas Kickoff,Group Stage,Opening (C),KRÜ Esports vs G2 Esports,Icebox,KRÜ Esports,Eco (won),4,0
Champions Tour 2024: Americas Kickoff,Group Stage,Opening (C),KRÜ Esports vs G2 Esports,Icebox,KRÜ Esports,$ (won),1,0
Champions Tour 2024: Americas Kickoff,Group Stage,Opening (C),KRÜ Esports vs G2 Esports,Icebox,KRÜ Esports,$$ (won),2,2
Champions Tour 2024: Americas Kickoff,Group Stage,Opening (C),KRÜ Esports vs G2 Esports,Icebox,KRÜ Esports,$$$ (won),15,11
Champions Tour 2024: Americas Kickoff,Group Stage,Opening (C),KRÜ Esports vs G2 Esports,Icebox,G2 Esports,Pistol Won,,2
Champions Tour 2024: Americas Kickoff,Group Stage,Opening (C),KRÜ Esports vs G2 Esports,Icebox,G2 Esports,Eco (won),2,2
Champions Tour 2024: Americas Kickoff,Group Stage,Opening (C),KRÜ Esports vs G2 Esports,Icebox,G2 Esports,$ (won),1,0
Champions Tour 2024: Americas Kickoff,Group Stage,Opening (C),KRÜ Esports vs G2 Esports,Icebox,G2 Esports,$$ (won),7,4
Champions Tour 2024: Americas Kickoff,Group Stage,Opening (C),KRÜ Esports vs G2 Esports,Icebox,G2 Esports,$$$ (won),12,3
Champions Tour 2024: Americas Kickoff,Group Stage,Opening (C),KRÜ Esports vs G2 Esports,Sunset,KRÜ Esports,Pistol Won,,1
Champions Tour 2024: Americas Kickoff,Group Stage,Opening (C),KRÜ Esports vs G2 Esports,Sunset,KRÜ Esports,Eco (won),3,1
Champions Tour 2024: Americas Kickoff,Group Stage,Opening (C),KRÜ Esports vs G2 Esports,Sunset,KRÜ Esports,$ (won),1,0
Champions Tour 2024: Americas Kickoff,Group Stage,Opening (C),KRÜ Esports vs G2 Esports,Sunset,KRÜ Esports,$$ (won),5,1
Champions Tour 2024: Americas Kickoff,Group Stage,Opening (C),KRÜ Esports vs G2 Esports,Sunset,KRÜ Esports,$$$ (won),13,7
Champions Tour 2024: Americas Kickoff,Group Stage,Opening (C),KRÜ Esports vs G2 Esports,Sunset,G2 Esports,Pistol Won,,1
Champions Tour 2024: Americas Kickoff,Group Stage,Opening (C),KRÜ Esports vs G2 Esports,Sunset,G2 Esports,Eco (won),3,1
Champions Tour 2024: Americas Kickoff,Group Stage,Opening (C),KRÜ Esports vs G2 Esports,Sunset,G2 Esports,$ (won),0,0
Champions Tour 2024: Americas Kickoff,Group Stage,Opening (C),KRÜ Esports vs G2 Esports,Sunset,G2 Esports,$$ (won),7,3
Champions Tour 2024: Americas Kickoff,Group Stage,Opening (C),KRÜ Esports vs G2 Esports,Sunset,G2 Esports,$$$ (won),12,9
Champions Tour 2024: Americas Kickoff,Group Stage,Opening (C),KRÜ Esports vs G2 Esports,Ascent,KRÜ Esports,Pistol Won,,1
Champions Tour 2024: Americas Kickoff,Group Stage,Opening (C),KRÜ Esports vs G2 Esports,Ascent,KRÜ Esports,Eco (won),3,1
Champions Tour 2024: Americas Kickoff,Group Stage,Opening (C),KRÜ Esports vs G2 Esports,Ascent,KRÜ Esports,$ (won),0,0
Champions Tour 2024: Americas Kickoff,Group Stage,Opening (C),KRÜ Esports vs G2 Esports,Ascent,KRÜ Esports,$$ (won),6,5
Champions Tour 2024: Americas Kickoff,Group Stage,Opening (C),KRÜ Esports vs G2 Esports,Ascent,KRÜ Esports,$$$ (won),15,5
Champions Tour 2024: Americas Kickoff,Group Stage,Opening (C),KRÜ Esports vs G2 Esports,Ascent,G2 Esports,Pistol Won,,1
Champions Tour 2024: Americas Kickoff,Group Stage,Opening (C),KRÜ Esports vs G2 Esports,Ascent,G2 Esports,Eco (won),3,1
Champions Tour 2024: Americas Kickoff,Group Stage,Opening (C),KRÜ Esports vs G2 Esports,Ascent,G2 Esports,$ (won),2,1
Champions Tour 2024: Americas Kickoff,Group Stage,Opening (C),KRÜ Esports vs G2 Esports,Ascent,G2 Esports,$$ (won),9,6
Champions Tour 2024: Americas Kickoff,Group Stage,Opening (C),KRÜ Esports vs G2 Esports,Ascent,G2 Esports,$$$ (won),10,5
Champions Tour 2024: Americas Kickoff,Group Stage,Opening (C),KRÜ Esports vs G2 Esports,All Maps,KRÜ Esports,Pistol Won,,2
Champions Tour 2024: Americas Kickoff,Group Stage,Opening (C),KRÜ Esports vs G2 Esports,All Maps,KRÜ Esports,Eco (won),10,2
Champions Tour 2024: Americas Kickoff,Group Stage,Opening (C),KRÜ Esports vs G2 Esports,All Maps,KRÜ Esports,$ (won),2,0
Champions Tour 2024: Americas Kickoff,Group Stage,Opening (C),KRÜ Esports vs G2 Esports,All Maps,KRÜ Esports,$$ (won),13,8
Champions Tour 2024: Americas Kickoff,Group Stage,Opening (C),KRÜ Esports vs G2 Esports,All Maps,KRÜ Esports,$$$ (won),43,23
Champions Tour 2024: Americas Kickoff,Group Stage,Opening (C),KRÜ Esports vs G2 Esports,All Maps,G2 Esports,Pistol Won,,4
Champions Tour 2024: Americas Kickoff,Group Stage,Opening (C),KRÜ Esports vs G2 Esports,All Maps,G2 Esports,Eco (won),8,4
Champions Tour 2024: Americas Kickoff,Group Stage,Opening (C),KRÜ Esports vs G2 Esports,All Maps,G2 Esports,$ (won),3,1
Champions Tour 2024: Americas Kickoff,Group Stage,Opening (C),KRÜ Esports vs G2 Esports,All Maps,G2 Esports,$$ (won),23,13
Champions Tour 2024: Americas Kickoff,Group Stage,Opening (C),KRÜ Esports vs G2 Esports,All Maps,G2 Esports,$$$ (won),34,17
Champions Tour 2024: Americas Kickoff,Group Stage,Elimination (A),FURIA vs MIBR,Split,FURIA,Pistol Won,,1
Champions Tour 2024: Americas Kickoff,Group Stage,Elimination (A),FURIA vs MIBR,Split,FURIA,Eco (won),3,1
Champions Tour 2024: Americas Kickoff,Group Stage,Elimination (A),FURIA vs MIBR,Split,FURIA,$ (won),2,0
Champions Tour 2024: Americas Kickoff,Group Stage,Elimination (A),FURIA vs MIBR,Split,FURIA,$$ (won),5,3
Champions Tour 2024: Americas Kickoff,Group Stage,Elimination (A),FURIA vs MIBR,Split,FURIA,$$$ (won),12,5
Champions Tour 2024: Americas Kickoff,Group Stage,Elimination (A),FURIA vs MIBR,Split,MIBR,Pistol Won,,1
Champions Tour 2024: Americas Kickoff,Group Stage,Elimination (A),FURIA vs MIBR,Split,MIBR,Eco (won),3,2
Champions Tour 2024: Americas Kickoff,Group Stage,Elimination (A),FURIA vs MIBR,Split,MIBR,$ (won),1,0
Champions Tour 2024: Americas Kickoff,Group Stage,Elimination (A),FURIA vs MIBR,Split,MIBR,$$ (won),1,1
Champions Tour 2024: Americas Kickoff,Group Stage,Elimination (A),FURIA vs MIBR,Split,MIBR,$$$ (won),17,10
Champions Tour 2024: Americas Kickoff,Group Stage,Elimination (A),FURIA vs MIBR,Breeze,FURIA,Pistol Won,,0
Champions Tour 2024: Americas Kickoff,Group Stage,Elimination (A),FURIA vs MIBR,Breeze,FURIA,Eco (won),4,0
Champions Tour 2024: Americas Kickoff,Group Stage,Elimination (A),FURIA vs MIBR,Breeze,FURIA,$ (won),0,0
Champions Tour 2024: Americas Kickoff,Group Stage,Elimination (A),FURIA vs MIBR,Breeze,FURIA,$$ (won),3,1
Champions Tour 2024: Americas Kickoff,Group Stage,Elimination (A),FURIA vs MIBR,Breeze,FURIA,$$$ (won),17,10
Champions Tour 2024: Americas Kickoff,Group Stage,Elimination (A),FURIA vs MIBR,Breeze,MIBR,Pistol Won,,2
Champions Tour 2024: Americas Kickoff,Group Stage,Elimination (A),FURIA vs MIBR,Breeze,MIBR,Eco (won),2,2
Champions Tour 2024: Americas Kickoff,Group Stage,Elimination (A),FURIA vs MIBR,Breeze,MIBR,$ (won),2,1
Champions Tour 2024: Americas Kickoff,Group Stage,Elimination (A),FURIA vs MIBR,Breeze,MIBR,$$ (won),8,3
Champions Tour 2024: Americas Kickoff,Group Stage,Elimination (A),FURIA vs MIBR,Breeze,MIBR,$$$ (won),12,7
Champions Tour 2024: Americas Kickoff,Group Stage,Elimination (A),FURIA vs MIBR,All Maps,FURIA,Pistol Won,,1
Champions Tour 2024: Americas Kickoff,Group Stage,Elimination (A),FURIA vs MIBR,All Maps,FURIA,Eco (won),7,1
Champions Tour 2024: Americas Kickoff,Group Stage,Elimination (A),FURIA vs MIBR,All Maps,FURIA,$ (won),2,0
Champions Tour 2024: Americas Kickoff,Group Stage,Elimination (A),FURIA vs MIBR,All Maps,FURIA,$$ (won),8,4
Champions Tour 2024: Americas Kickoff,Group Stage,Elimination (A),FURIA vs MIBR,All Maps,FURIA,$$$ (won),29,15
Champions Tour 2024: Americas Kickoff,Group Stage,Elimination (A),FURIA vs MIBR,All Maps,MIBR,Pistol Won,,3
Champions Tour 2024: Americas Kickoff,Group Stage,Elimination (A),FURIA vs MIBR,All Maps,MIBR,Eco (won),5,4
Champions Tour 2024: Americas Kickoff,Group Stage,Elimination (A),FURIA vs MIBR,All Maps,MIBR,$ (won),3,1
Champions Tour 2024: Americas Kickoff,Group Stage,Elimination (A),FURIA vs MIBR,All Maps,MIBR,$$ (won),9,4
Champions Tour 2024: Americas Kickoff,Group Stage,Elimination (A),FURIA vs MIBR,All Maps,MIBR,$$$ (won),29,17
Champions Tour 2024: Americas Kickoff,Group Stage,Elimination (B),Sentinels vs 100 Thieves,Lotus,Sentinels,Pistol Won,,2
Champions Tour 2024: Americas Kickoff,Group Stage,Elimination (B),Sentinels vs 100 Thieves,Lotus,Sentinels,Eco (won),2,2
Champions Tour 2024: Americas Kickoff,Group Stage,Elimination (B),Sentinels vs 100 Thieves,Lotus,Sentinels,$ (won),1,0
Champions Tour 2024: Americas Kickoff,Group Stage,Elimination (B),Sentinels vs 100 Thieves,Lotus,Sentinels,$$ (won),6,4
Champions Tour 2024: Americas Kickoff,Group Stage,Elimination (B),Sentinels vs 100 Thieves,Lotus,Sentinels,$$$ (won),9,7
Champions Tour 2024: Americas Kickoff,Group Stage,Elimination (B),Sentinels vs 100 Thieves,Lotus,100 Thieves,Pistol Won,,0
Champions Tour 2024: Americas Kickoff,Group Stage,Elimination (B),Sentinels vs 100 Thieves,Lotus,100 Thieves,Eco (won),3,0
Champions Tour 2024: Americas Kickoff,Group Stage,Elimination (B),Sentinels vs 100 Thieves,Lotus,100 Thieves,$ (won),2,0
Champions Tour 2024: Americas Kickoff,Group Stage,Elimination (B),Sentinels vs 100 Thieves,Lotus,100 Thieves,$$ (won),5,2
Champions Tour 2024: Americas Kickoff,Group Stage,Elimination (B),Sentinels vs 100 Thieves,Lotus,100 Thieves,$$$ (won),8,3
Champions Tour 2024: Americas Kickoff,Group Stage,Elimination (B),Sentinels vs 100 Thieves,Bind,Sentinels,Pistol Won,,1
Champions Tour 2024: Americas Kickoff,Group Stage,Elimination (B),Sentinels vs 100 Thieves,Bind,Sentinels,Eco (won),3,1
Champions Tour 2024: Americas Kickoff,Group Stage,Elimination (B),Sentinels vs 100 Thieves,Bind,Sentinels,$ (won),0,0
Champions Tour 2024: Americas Kickoff,Group Stage,Elimination (B),Sentinels vs 100 Thieves,Bind,Sentinels,$$ (won),6,2
Champions Tour 2024: Americas Kickoff,Group Stage,Elimination (B),Sentinels vs 100 Thieves,Bind,Sentinels,$$$ (won),10,3
Champions Tour 2024: Americas Kickoff,Group Stage,Elimination (B),Sentinels vs 100 Thieves,Bind,100 Thieves,Pistol Won,,1
Champions Tour 2024: Americas Kickoff,Group Stage,Elimination (B),Sentinels vs 100 Thieves,Bind,100 Thieves,Eco (won),3,1
Champions Tour 2024: Americas Kickoff,Group Stage,Elimination (B),Sentinels vs 100 Thieves,Bind,100 Thieves,$ (won),0,0
Champions Tour 2024: Americas Kickoff,Group Stage,Elimination (B),Sentinels vs 100 Thieves,Bind,100 Thieves,$$ (won),2,1
Champions Tour 2024: Americas Kickoff,Group Stage,Elimination (B),Sentinels vs 100 Thieves,Bind,100 Thieves,$$$ (won),14,11
Champions Tour 2024: Americas Kickoff,Group Stage,Elimination (B),Sentinels vs 100 Thieves,Split,Sentinels,Pistol Won,,1
Champions Tour 2024: Americas Kickoff,Group Stage,Elimination (B),Sentinels vs 100 Thieves,Split,Sentinels,Eco (won),3,1
Champions Tour 2024: Americas Kickoff,Group Stage,Elimination (B),Sentinels vs 100 Thieves,Split,Sentinels,$ (won),1,1
Champions Tour 2024: Americas Kickoff,Group Stage,Elimination (B),Sentinels vs 100 Thieves,Split,Sentinels,$$ (won),5,3
Champions Tour 2024: Americas Kickoff,Group Stage,Elimination (B),Sentinels vs 100 Thieves,Split,Sentinels,$$$ (won),12,8
Champions Tour 2024: Americas Kickoff,Group Stage,Elimination (B),Sentinels vs 100 Thieves,Split,100 Thieves,Pistol Won,,1
Champions Tour 2024: Americas Kickoff,Group Stage,Elimination (B),Sentinels vs 100 Thieves,Split,100 Thieves,Eco (won),3,1
Champions Tour 2024: Americas Kickoff,Group Stage,Elimination (B),Sentinels vs 100 Thieves,Split,100 Thieves,$ (won),3,1
Champions Tour 2024: Americas Kickoff,Group Stage,Elimination (B),Sentinels vs 100 Thieves,Split,100 Thieves,$$ (won),6,3
Champions Tour 2024: Americas Kickoff,Group Stage,Elimination (B),Sentinels vs 100 Thieves,Split,100 Thieves,$$$ (won),9,3
Champions Tour 2024: Americas Kickoff,Group Stage,Elimination (B),Sentinels vs 100 Thieves,All Maps,Sentinels,Pistol Won,,4
Champions Tour 2024: Americas Kickoff,Group Stage,Elimination (B),Sentinels vs 100 Thieves,All Maps,Sentinels,Eco (won),8,4
Champions Tour 2024: Americas Kickoff,Group Stage,Elimination (B),Sentinels vs 100 Thieves,All Maps,Sentinels,$ (won),2,1
Champions Tour 2024: Americas Kickoff,Group Stage,Elimination (B),Sentinels vs 100 Thieves,All Maps,Sentinels,$$ (won),17,9
Champions Tour 2024: Americas Kickoff,Group Stage,Elimination (B),Sentinels vs 100 Thieves,All Maps,Sentinels,$$$ (won),31,18
Champions Tour 2024: Americas Kickoff,Group Stage,Elimination (B),Sentinels vs 100 Thieves,All Maps,100 Thieves,Pistol Won,,2
Champions Tour 2024: Americas Kickoff,Group Stage,Elimination (B),Sentinels vs 100 Thieves,All Maps,100 Thieves,Eco (won),9,2
Champions Tour 2024: Americas Kickoff,Group Stage,Elimination (B),Sentinels vs 100 Thieves,All Maps,100 Thieves,$ (won),5,1
Champions Tour 2024: Americas Kickoff,Group Stage,Elimination (B),Sentinels vs 100 Thieves,All Maps,100 Thieves,$$ (won),13,6
Champions Tour 2024: Americas Kickoff,Group Stage,Elimination (B),Sentinels vs 100 Thieves,All Maps,100 Thieves,$$$ (won),31,17
Champions Tour 2024: Americas Kickoff,Group Stage,Winner's (A),NRG Esports vs Cloud9,Sunset,NRG Esports,Pistol Won,,1
Champions Tour 2024: Americas Kickoff,Group Stage,Winner's (A),NRG Esports vs Cloud9,Sunset,NRG Esports,Eco (won),3,2
Champions Tour 2024: Americas Kickoff,Group Stage,Winner's (A),NRG Esports vs Cloud9,Sunset,NRG Esports,$ (won),2,1
Champions Tour 2024: Americas Kickoff,Group Stage,Winner's (A),NRG Esports vs Cloud9,Sunset,NRG Esports,$$ (won),2,0
Champions Tour 2024: Americas Kickoff,Group Stage,Winner's (A),NRG Esports vs Cloud9,Sunset,NRG Esports,$$$ (won),13,10
Champions Tour 2024: Americas Kickoff,Group Stage,Winner's (A),NRG Esports vs Cloud9,Sunset,Cloud9,Pistol Won,,1
Champions Tour 2024: Americas Kickoff,Group Stage,Winner's (A),NRG Esports vs Cloud9,Sunset,Cloud9,Eco (won),3,2
Champions Tour 2024: Americas Kickoff,Group Stage,Winner's (A),NRG Esports vs Cloud9,Sunset,Cloud9,$ (won),0,0
Champions Tour 2024: Americas Kickoff,Group Stage,Winner's (A),NRG Esports vs Cloud9,Sunset,Cloud9,$$ (won),9,1
Champions Tour 2024: Americas Kickoff,Group Stage,Winner's (A),NRG Esports vs Cloud9,Sunset,Cloud9,$$$ (won),8,4
Champions Tour 2024: Americas Kickoff,Group Stage,Winner's (A),NRG Esports vs Cloud9,Ascent,NRG Esports,Pistol Won,,2
Champions Tour 2024: Americas Kickoff,Group Stage,Winner's (A),NRG Esports vs Cloud9,Ascent,NRG Esports,Eco (won),2,2
Champions Tour 2024: Americas Kickoff,Group Stage,Winner's (A),NRG Esports vs Cloud9,Ascent,NRG Esports,$ (won),2,0
Champions Tour 2024: Americas Kickoff,Group Stage,Winner's (A),NRG Esports vs Cloud9,Ascent,NRG Esports,$$ (won),6,3
Champions Tour 2024: Americas Kickoff,Group Stage,Winner's (A),NRG Esports vs Cloud9,Ascent,NRG Esports,$$$ (won),16,9
Champions Tour 2024: Americas Kickoff,Group Stage,Winner's (A),NRG Esports vs Cloud9,Ascent,Cloud9,Pistol Won,,0
Champions Tour 2024: Americas Kickoff,Group Stage,Winner's (A),NRG Esports vs Cloud9,Ascent,Cloud9,Eco (won),3,0
Champions Tour 2024: Americas Kickoff,Group Stage,Winner's (A),NRG Esports vs Cloud9,Ascent,Cloud9,$ (won),1,0
Champions Tour 2024: Americas Kickoff,Group Stage,Winner's (A),NRG Esports vs Cloud9,Ascent,Cloud9,$$ (won),8,4
Champions Tour 2024: Americas Kickoff,Group Stage,Winner's (A),NRG Esports vs Cloud9,Ascent,Cloud9,$$$ (won),14,8
Champions Tour 2024: Americas Kickoff,Group Stage,Winner's (A),NRG Esports vs Cloud9,All Maps,NRG Esports,Pistol Won,,3
Champions Tour 2024: Americas Kickoff,Group Stage,Winner's (A),NRG Esports vs Cloud9,All Maps,NRG Esports,Eco (won),5,4
Champions Tour 2024: Americas Kickoff,Group Stage,Winner's (A),NRG Esports vs Cloud9,All Maps,NRG Esports,$ (won),4,1
Champions Tour 2024: Americas Kickoff,Group Stage,Winner's (A),NRG Esports vs Cloud9,All Maps,NRG Esports,$$ (won),8,3
Champions Tour 2024: Americas Kickoff,Group Stage,Winner's (A),NRG Esports vs Cloud9,All Maps,NRG Esports,$$$ (won),29,19
Champions Tour 2024: Americas Kickoff,Group Stage,Winner's (A),NRG Esports vs Cloud9,All Maps,Cloud9,Pistol Won,,1
Champions Tour 2024: Americas Kickoff,Group Stage,Winner's (A),NRG Esports vs Cloud9,All Maps,Cloud9,Eco (won),6,2
Champions Tour 2024: Americas Kickoff,Group Stage,Winner's (A),NRG Esports vs Cloud9,All Maps,Cloud9,$ (won),1,0
Champions Tour 2024: Americas Kickoff,Group Stage,Winner's (A),NRG Esports vs Cloud9,All Maps,Cloud9,$$ (won),17,5
Champions Tour 2024: Americas Kickoff,Group Stage,Winner's (A),NRG Esports vs Cloud9,All Maps,Cloud9,$$$ (won),22,12
Champions Tour 2024: Americas Kickoff,Group Stage,Winner's (B),LOUD vs Leviatán,Bind,LOUD,Pistol Won,,1
Champions Tour 2024: Americas Kickoff,Group Stage,Winner's (B),LOUD vs Leviatán,Bind,LOUD,Eco (won),3,1
Champions Tour 2024: Americas Kickoff,Group Stage,Winner's (B),LOUD vs Leviatán,Bind,LOUD,$ (won),2,0
Champions Tour 2024: Americas Kickoff,Group Stage,Winner's (B),LOUD vs Leviatán,Bind,LOUD,$$ (won),3,2
Champions Tour 2024: Americas Kickoff,Group Stage,Winner's (B),LOUD vs Leviatán,Bind,LOUD,$$$ (won),16,8
Champions Tour 2024: Americas Kickoff,Group Stage,Winner's (B),LOUD vs Leviatán,Bind,Leviatán,Pistol Won,,1
Champions Tour 2024: Americas Kickoff,Group Stage,Winner's (B),LOUD vs Leviatán,Bind,Leviatán,Eco (won),3,1
Champions Tour 2024: Americas Kickoff,Group Stage,Winner's (B),LOUD vs Leviatán,Bind,Leviatán,$ (won),0,0
Champions Tour 2024: Americas Kickoff,Group Stage,Winner's (B),LOUD vs Leviatán,Bind,Leviatán,$$ (won),8,3
Champions Tour 2024: Americas Kickoff,Group Stage,Winner's (B),LOUD vs Leviatán,Bind,Leviatán,$$$ (won),13,9
Champions Tour 2024: Americas Kickoff,Group Stage,Winner's (B),LOUD vs Leviatán,Split,LOUD,Pistol Won,,2
Champions Tour 2024: Americas Kickoff,Group Stage,Winner's (B),LOUD vs Leviatán,Split,LOUD,Eco (won),2,2
Champions Tour 2024: Americas Kickoff,Group Stage,Winner's (B),LOUD vs Leviatán,Split,LOUD,$ (won),3,0
Champions Tour 2024: Americas Kickoff,Group Stage,Winner's (B),LOUD vs Leviatán,Split,LOUD,$$ (won),5,4
Champions Tour 2024: Americas Kickoff,Group Stage,Winner's (B),LOUD vs Leviatán,Split,LOUD,$$$ (won),13,7
Champions Tour 2024: Americas Kickoff,Group Stage,Winner's (B),LOUD vs Leviatán,Split,Leviatán,Pistol Won,,0
Champions Tour 2024: Americas Kickoff,Group Stage,Winner's (B),LOUD vs Leviatán,Split,Leviatán,Eco (won),5,0
Champions Tour 2024: Americas Kickoff,Group Stage,Winner's (B),LOUD vs Leviatán,Split,Leviatán,$ (won),0,0
Champions Tour 2024: Americas Kickoff,Group Stage,Winner's (B),LOUD vs Leviatán,Split,Leviatán,$$ (won),3,2
Champions Tour 2024: Americas Kickoff,Group Stage,Winner's (B),LOUD vs Leviatán,Split,Leviatán,$$$ (won),15,8
Champions Tour 2024: Americas Kickoff,Group Stage,Winner's (B),LOUD vs Leviatán,Ascent,LOUD,Pistol Won,,1
Champions Tour 2024: Americas Kickoff,Group Stage,Winner's (B),LOUD vs Leviatán,Ascent,LOUD,Eco (won),3,1
Champions Tour 2024: Americas Kickoff,Group Stage,Winner's (B),LOUD vs Leviatán,Ascent,LOUD,$ (won),1,1
Champions Tour 2024: Americas Kickoff,Group Stage,Winner's (B),LOUD vs Leviatán,Ascent,LOUD,$$ (won),3,2
Champions Tour 2024: Americas Kickoff,Group Stage,Winner's (B),LOUD vs Leviatán,Ascent,LOUD,$$$ (won),13,9
Champions Tour 2024: Americas Kickoff,Group Stage,Winner's (B),LOUD vs Leviatán,Ascent,Leviatán,Pistol Won,,1
Champions Tour 2024: Americas Kickoff,Group Stage,Winner's (B),LOUD vs Leviatán,Ascent,Leviatán,Eco (won),3,1
Champions Tour 2024: Americas Kickoff,Group Stage,Winner's (B),LOUD vs Leviatán,Ascent,Leviatán,$ (won),2,0
Champions Tour 2024: Americas Kickoff,Group Stage,Winner's (B),LOUD vs Leviatán,Ascent,Leviatán,$$ (won),7,3
Champions Tour 2024: Americas Kickoff,Group Stage,Winner's (B),LOUD vs Leviatán,Ascent,Leviatán,$$$ (won),8,3
Champions Tour 2024: Americas Kickoff,Group Stage,Winner's (B),LOUD vs Leviatán,All Maps,LOUD,Pistol Won,,4
Champions Tour 2024: Americas Kickoff,Group Stage,Winner's (B),LOUD vs Leviatán,All Maps,LOUD,Eco (won),8,4
Champions Tour 2024: Americas Kickoff,Group Stage,Winner's (B),LOUD vs Leviatán,All Maps,LOUD,$ (won),6,1
Champions Tour 2024: Americas Kickoff,Group Stage,Winner's (B),LOUD vs Leviatán,All Maps,LOUD,$$ (won),11,8
Champions Tour 2024: Americas Kickoff,Group Stage,Winner's (B),LOUD vs Leviatán,All Maps,LOUD,$$$ (won),42,24
Champions Tour 2024: Americas Kickoff,Group Stage,Winner's (B),LOUD vs Leviatán,All Maps,Leviatán,Pistol Won,,2
Champions Tour 2024: Americas Kickoff,Group Stage,Winner's (B),LOUD vs Leviatán,All Maps,Leviatán,Eco (won),11,2
Champions Tour 2024: Americas Kickoff,Group Stage,Winner's (B),LOUD vs Leviatán,All Maps,Leviatán,$ (won),2,0
Champions Tour 2024: Americas Kickoff,Group Stage,Winner's (B),LOUD vs Leviatán,All Maps,Leviatán,$$ (won),18,8
Champions Tour 2024: Americas Kickoff,Group Stage,Winner's (B),LOUD vs Leviatán,All Maps,Leviatán,$$$ (won),36,20
Champions Tour 2024: Americas Kickoff,Group Stage,Winner's (C),G2 Esports vs Evil Geniuses,Sunset,G2 Esports,Pistol Won,,1
Champions Tour 2024: Americas Kickoff,Group Stage,Winner's (C),G2 Esports vs Evil Geniuses,Sunset,G2 Esports,Eco (won),3,1
Champions Tour 2024: Americas Kickoff,Group Stage,Winner's (C),G2 Esports vs Evil Geniuses,Sunset,G2 Esports,$ (won),0,0
Champions Tour 2024: Americas Kickoff,Group Stage,Winner's (C),G2 Esports vs Evil Geniuses,Sunset,G2 Esports,$$ (won),9,4
Champions Tour 2024: Americas Kickoff,Group Stage,Winner's (C),G2 Esports vs Evil Geniuses,Sunset,G2 Esports,$$$ (won),16,8
Champions Tour 2024: Americas Kickoff,Group Stage,Winner's (C),G2 Esports vs Evil Geniuses,Sunset,Evil Geniuses,Pistol Won,,1
Champions Tour 2024: Americas Kickoff,Group Stage,Winner's (C),G2 Esports vs Evil Geniuses,Sunset,Evil Geniuses,Eco (won),3,1
Champions Tour 2024: Americas Kickoff,Group Stage,Winner's (C),G2 Esports vs Evil Geniuses,Sunset,Evil Geniuses,$ (won),4,1
Champions Tour 2024: Americas Kickoff,Group Stage,Winner's (C),G2 Esports vs Evil Geniuses,Sunset,Evil Geniuses,$$ (won),4,3
Champions Tour 2024: Americas Kickoff,Group Stage,Winner's (C),G2 Esports vs Evil Geniuses,Sunset,Evil Geniuses,$$$ (won),17,10
Champions Tour 2024: Americas Kickoff,Group Stage,Winner's (C),G2 Esports vs Evil Geniuses,Icebox,G2 Esports,Pistol Won,,1
Champions Tour 2024: Americas Kickoff,Group Stage,Winner's (C),G2 Esports vs Evil Geniuses,Icebox,G2 Esports,Eco (won),3,1
Champions Tour 2024: Americas Kickoff,Group Stage,Winner's (C),G2 Esports vs Evil Geniuses,Icebox,G2 Esports,$ (won),2,1
Champions Tour 2024: Americas Kickoff,Group Stage,Winner's (C),G2 Esports vs Evil Geniuses,Icebox,G2 Esports,$$ (won),3,1
Champions Tour 2024: Americas Kickoff,Group Stage,Winner's (C),G2 Esports vs Evil Geniuses,Icebox,G2 Esports,$$$ (won),16,8
Champions Tour 2024: Americas Kickoff,Group Stage,Winner's (C),G2 Esports vs Evil Geniuses,Icebox,Evil Geniuses,Pistol Won,,1
Champions Tour 2024: Americas Kickoff,Group Stage,Winner's (C),G2 Esports vs Evil Geniuses,Icebox,Evil Geniuses,Eco (won),3,1
Champions Tour 2024: Americas Kickoff,Group Stage,Winner's (C),G2 Esports vs Evil Geniuses,Icebox,Evil Geniuses,$ (won),1,1
Champions Tour 2024: Americas Kickoff,Group Stage,Winner's (C),G2 Esports vs Evil Geniuses,Icebox,Evil Geniuses,$$ (won),6,3
Champions Tour 2024: Americas Kickoff,Group Stage,Winner's (C),G2 Esports vs Evil Geniuses,Icebox,Evil Geniuses,$$$ (won),14,8
Champions Tour 2024: Americas Kickoff,Group Stage,Winner's (C),G2 Esports vs Evil Geniuses,All Maps,G2 Esports,Pistol Won,,2
Champions Tour 2024: Americas Kickoff,Group Stage,Winner's (C),G2 Esports vs Evil Geniuses,All Maps,G2 Esports,Eco (won),6,2
Champions Tour 2024: Americas Kickoff,Group Stage,Winner's (C),G2 Esports vs Evil Geniuses,All Maps,G2 Esports,$ (won),2,1
Champions Tour 2024: Americas Kickoff,Group Stage,Winner's (C),G2 Esports vs Evil Geniuses,All Maps,G2 Esports,$$ (won),12,5
Champions Tour 2024: Americas Kickoff,Group Stage,Winner's (C),G2 Esports vs Evil Geniuses,All Maps,G2 Esports,$$$ (won),32,16
Champions Tour 2024: Americas Kickoff,Group Stage,Winner's (C),G2 Esports vs Evil Geniuses,All Maps,Evil Geniuses,Pistol Won,,2
Champions Tour 2024: Americas Kickoff,Group Stage,Winner's (C),G2 Esports vs Evil Geniuses,All Maps,Evil Geniuses,Eco (won),6,2
Champions Tour 2024: Americas Kickoff,Group Stage,Winner's (C),G2 Esports vs Evil Geniuses,All Maps,Evil Geniuses,$ (won),5,2
Champions Tour 2024: Americas Kickoff,Group Stage,Winner's (C),G2 Esports vs Evil Geniuses,All Maps,Evil Geniuses,$$ (won),10,6
Champions Tour 2024: Americas Kickoff,Group Stage,Winner's (C),G2 Esports vs Evil Geniuses,All Maps,Evil Geniuses,$$$ (won),31,18
Champions Tour 2024: Americas Kickoff,Group Stage,Decider (A),Cloud9 vs MIBR,Bind,Cloud9,Pistol Won,,1
Champions Tour 2024: Americas Kickoff,Group Stage,Decider (A),Cloud9 vs MIBR,Bind,Cloud9,Eco (won),2,1
Champions Tour 2024: Americas Kickoff,Group Stage,Decider (A),Cloud9 vs MIBR,Bind,Cloud9,$ (won),1,0
Champions Tour 2024: Americas Kickoff,Group Stage,Decider (A),Cloud9 vs MIBR,Bind,Cloud9,$$ (won),6,2
Champions Tour 2024: Americas Kickoff,Group Stage,Decider (A),Cloud9 vs MIBR,Bind,Cloud9,$$$ (won),17,9
Champions Tour 2024: Americas Kickoff,Group Stage,Decider (A),Cloud9 vs MIBR,Bind,MIBR,Pistol Won,,1
Champions Tour 2024: Americas Kickoff,Group Stage,Decider (A),Cloud9 vs MIBR,Bind,MIBR,Eco (won),3,1
Champions Tour 2024: Americas Kickoff,Group Stage,Decider (A),Cloud9 vs MIBR,Bind,MIBR,$ (won),0,0
Champions Tour 2024: Americas Kickoff,Group Stage,Decider (A),Cloud9 vs MIBR,Bind,MIBR,$$ (won),8,4
Champions Tour 2024: Americas Kickoff,Group Stage,Decider (A),Cloud9 vs MIBR,Bind,MIBR,$$$ (won),15,9
Champions Tour 2024: Americas Kickoff,Group Stage,Decider (A),Cloud9 vs MIBR,Ascent,Cloud9,Pistol Won,,0
Champions Tour 2024: Americas Kickoff,Group Stage,Decider (A),Cloud9 vs MIBR,Ascent,Cloud9,Eco (won),4,1
Champions Tour 2024: Americas Kickoff,Group Stage,Decider (A),Cloud9 vs MIBR,Ascent,Cloud9,$ (won),1,0
Champions Tour 2024: Americas Kickoff,Group Stage,Decider (A),Cloud9 vs MIBR,Ascent,Cloud9,$$ (won),5,2
Champions Tour 2024: Americas Kickoff,Group Stage,Decider (A),Cloud9 vs MIBR,Ascent,Cloud9,$$$ (won),12,6
Champions Tour 2024: Americas Kickoff,Group Stage,Decider (A),Cloud9 vs MIBR,Ascent,MIBR,Pistol Won,,2
Champions Tour 2024: Americas Kickoff,Group Stage,Decider (A),Cloud9 vs MIBR,Ascent,MIBR,Eco (won),2,2
Champions Tour 2024: Americas Kickoff,Group Stage,Decider (A),Cloud9 vs MIBR,Ascent,MIBR,$ (won),2,0
Champions Tour 2024: Americas Kickoff,Group Stage,Decider (A),Cloud9 vs MIBR,Ascent,MIBR,$$ (won),4,2
Champions Tour 2024: Americas Kickoff,Group Stage,Decider (A),Cloud9 vs MIBR,Ascent,MIBR,$$$ (won),14,9
Champions Tour 2024: Americas Kickoff,Group Stage,Decider (A),Cloud9 vs MIBR,All Maps,Cloud9,Pistol Won,,1
Champions Tour 2024: Americas Kickoff,Group Stage,Decider (A),Cloud9 vs MIBR,All Maps,Cloud9,Eco (won),6,2
Champions Tour 2024: Americas Kickoff,Group Stage,Decider (A),Cloud9 vs MIBR,All Maps,Cloud9,$ (won),2,0
Champions Tour 2024: Americas Kickoff,Group Stage,Decider (A),Cloud9 vs MIBR,All Maps,Cloud9,$$ (won),11,4
Champions Tour 2024: Americas Kickoff,Group Stage,Decider (A),Cloud9 vs MIBR,All Maps,Cloud9,$$$ (won),29,15
Champions Tour 2024: Americas Kickoff,Group Stage,Decider (A),Cloud9 vs MIBR,All Maps,MIBR,Pistol Won,,3
Champions Tour 2024: Americas Kickoff,Group Stage,Decider (A),Cloud9 vs MIBR,All Maps,MIBR,Eco (won),5,3
Champions Tour 2024: Americas Kickoff,Group Stage,Decider (A),Cloud9 vs MIBR,All Maps,MIBR,$ (won),2,0
Champions Tour 2024: Americas Kickoff,Group Stage,Decider (A),Cloud9 vs MIBR,All Maps,MIBR,$$ (won),12,6
Champions Tour 2024: Americas Kickoff,Group Stage,Decider (A),Cloud9 vs MIBR,All Maps,MIBR,$$$ (won),29,18
Champions Tour 2024: Americas Kickoff,Group Stage,Decider (B),Leviatán vs Sentinels,Split,Leviatán,Pistol Won,,1
Champions Tour 2024: Americas Kickoff,Group Stage,Decider (B),Leviatán vs Sentinels,Split,Leviatán,Eco (won),2,1
Champions Tour 2024: Americas Kickoff,Group Stage,Decider (B),Leviatán vs Sentinels,Split,Leviatán,$ (won),3,0
Champions Tour 2024: Americas Kickoff,Group Stage,Decider (B),Leviatán vs Sentinels,Split,Leviatán,$$ (won),6,1
Champions Tour 2024: Americas Kickoff,Group Stage,Decider (B),Leviatán vs Sentinels,Split,Leviatán,$$$ (won),5,1
Champions Tour 2024: Americas Kickoff,Group Stage,Decider (B),Leviatán vs Sentinels,Split,Sentinels,Pistol Won,,1
Champions Tour 2024: Americas Kickoff,Group Stage,Decider (B),Leviatán vs Sentinels,Split,Sentinels,Eco (won),3,2
Champions Tour 2024: Americas Kickoff,Group Stage,Decider (B),Leviatán vs Sentinels,Split,Sentinels,$ (won),0,0
Champions Tour 2024: Americas Kickoff,Group Stage,Decider (B),Leviatán vs Sentinels,Split,Sentinels,$$ (won),3,3
Champions Tour 2024: Americas Kickoff,Group Stage,Decider (B),Leviatán vs Sentinels,Split,Sentinels,$$$ (won),10,8
Champions Tour 2024: Americas Kickoff,Group Stage,Decider (B),Leviatán vs Sentinels,Breeze,Leviatán,Pistol Won,,1
Champions Tour 2024: Americas Kickoff,Group Stage,Decider (B),Leviatán vs Sentinels,Breeze,Leviatán,Eco (won),3,1
Champions Tour 2024: Americas Kickoff,Group Stage,Decider (B),Leviatán vs Sentinels,Breeze,Leviatán,$ (won),0,0
Champions Tour 2024: Americas Kickoff,Group Stage,Decider (B),Leviatán vs Sentinels,Breeze,Leviatán,$$ (won),5,5
Champions Tour 2024: Americas Kickoff,Group Stage,Decider (B),Leviatán vs Sentinels,Breeze,Leviatán,$$$ (won),11,7
Champions Tour 2024: Americas Kickoff,Group Stage,Decider (B),Leviatán vs Sentinels,Breeze,Sentinels,Pistol Won,,1
Champions Tour 2024: Americas Kickoff,Group Stage,Decider (B),Leviatán vs Sentinels,Breeze,Sentinels,Eco (won),3,1
Champions Tour 2024: Americas Kickoff,Group Stage,Decider (B),Leviatán vs Sentinels,Breeze,Sentinels,$ (won),2,1
Champions Tour 2024: Americas Kickoff,Group Stage,Decider (B),Leviatán vs Sentinels,Breeze,Sentinels,$$ (won),7,2
Champions Tour 2024: Americas Kickoff,Group Stage,Decider (B),Leviatán vs Sentinels,Breeze,Sentinels,$$$ (won),7,2
Champions Tour 2024: Americas Kickoff,Group Stage,Decider (B),Leviatán vs Sentinels,Bind,Leviatán,Pistol Won,,1
Champions Tour 2024: Americas Kickoff,Group Stage,Decider (B),Leviatán vs Sentinels,Bind,Leviatán,Eco (won),3,1
Champions Tour 2024: Americas Kickoff,Group Stage,Decider (B),Leviatán vs Sentinels,Bind,Leviatán,$ (won),1,0
Champions Tour 2024: Americas Kickoff,Group Stage,Decider (B),Leviatán vs Sentinels,Bind,Leviatán,$$ (won),5,3
Champions Tour 2024: Americas Kickoff,Group Stage,Decider (B),Leviatán vs Sentinels,Bind,Leviatán,$$$ (won),13,5
Champions Tour 2024: Americas Kickoff,Group Stage,Decider (B),Leviatán vs Sentinels,Bind,Sentinels,Pistol Won,,1
Champions Tour 2024: Americas Kickoff,Group Stage,Decider (B),Leviatán vs Sentinels,Bind,Sentinels,Eco (won),3,1
Champions Tour 2024: Americas Kickoff,Group Stage,Decider (B),Leviatán vs Sentinels,Bind,Sentinels,$ (won),0,0
Champions Tour 2024: Americas Kickoff,Group Stage,Decider (B),Leviatán vs Sentinels,Bind,Sentinels,$$ (won),5,3
Champions Tour 2024: Americas Kickoff,Group Stage,Decider (B),Leviatán vs Sentinels,Bind,Sentinels,$$$ (won),14,9
Champions Tour 2024: Americas Kickoff,Group Stage,Decider (B),Leviatán vs Sentinels,All Maps,Leviatán,Pistol Won,,3
Champions Tour 2024: Americas Kickoff,Group Stage,Decider (B),Leviatán vs Sentinels,All Maps,Leviatán,Eco (won),8,3
Champions Tour 2024: Americas Kickoff,Group Stage,Decider (B),Leviatán vs Sentinels,All Maps,Leviatán,$ (won),4,0
Champions Tour 2024: Americas Kickoff,Group Stage,Decider (B),Leviatán vs Sentinels,All Maps,Leviatán,$$ (won),16,9
Champions Tour 2024: Americas Kickoff,Group Stage,Decider (B),Leviatán vs Sentinels,All Maps,Leviatán,$$$ (won),29,13
Champions Tour 2024: Americas Kickoff,Group Stage,Decider (B),Leviatán vs Sentinels,All Maps,Sentinels,Pistol Won,,3
Champions Tour 2024: Americas Kickoff,Group Stage,Decider (B),Leviatán vs Sentinels,All Maps,Sentinels,Eco (won),9,4
Champions Tour 2024: Americas Kickoff,Group Stage,Decider (B),Leviatán vs Sentinels,All Maps,Sentinels,$ (won),2,1
Champions Tour 2024: Americas Kickoff,Group Stage,Decider (B),Leviatán vs Sentinels,All Maps,Sentinels,$$ (won),15,8
Champions Tour 2024: Americas Kickoff,Group Stage,Decider (B),Leviatán vs Sentinels,All Maps,Sentinels,$$$ (won),31,19
Champions Tour 2024: Americas Kickoff,Group Stage,Decider (C),G2 Esports vs KRÜ Esports,Split,G2 Esports,Pistol Won,,1
Champions Tour 2024: Americas Kickoff,Group Stage,Decider (C),G2 Esports vs KRÜ Esports,Split,G2 Esports,Eco (won),3,1
Champions Tour 2024: Americas Kickoff,Group Stage,Decider (C),G2 Esports vs KRÜ Esports,Split,G2 Esports,$ (won),0,0
Champions Tour 2024: Americas Kickoff,Group Stage,Decider (C),G2 Esports vs KRÜ Esports,Split,G2 Esports,$$ (won),2,1
Champions Tour 2024: Americas Kickoff,Group Stage,Decider (C),G2 Esports vs KRÜ Esports,Split,G2 Esports,$$$ (won),16,11
Champions Tour 2024: Americas Kickoff,Group Stage,Decider (C),G2 Esports vs KRÜ Esports,Split,KRÜ Esports,Pistol Won,,1
Champions Tour 2024: Americas Kickoff,Group Stage,Decider (C),G2 Esports vs KRÜ Esports,Split,KRÜ Esports,Eco (won),3,1
Champions Tour 2024: Americas Kickoff,Group Stage,Decider (C),G2 Esports vs KRÜ Esports,Split,KRÜ Esports,$ (won),1,0
Champions Tour 2024: Americas Kickoff,Group Stage,Decider (C),G2 Esports vs KRÜ Esports,Split,KRÜ Esports,$$ (won),7,1
Champions Tour 2024: Americas Kickoff,Group Stage,Decider (C),G2 Esports vs KRÜ Esports,Split,KRÜ Esports,$$$ (won),10,6
Champions Tour 2024: Americas Kickoff,Group Stage,Decider (C),G2 Esports vs KRÜ Esports,Sunset,G2 Esports,Pistol Won,,1
Champions Tour 2024: Americas Kickoff,Group Stage,Decider (C),G2 Esports vs KRÜ Esports,Sunset,G2 Esports,Eco (won),3,1
Champions Tour 2024: Americas Kickoff,Group Stage,Decider (C),G2 Esports vs KRÜ Esports,Sunset,G2 Esports,$ (won),0,0
Champions Tour 2024: Americas Kickoff,Group Stage,Decider (C),G2 Esports vs KRÜ Esports,Sunset,G2 Esports,$$ (won),5,3
Champions Tour 2024: Americas Kickoff,Group Stage,Decider (C),G2 Esports vs KRÜ Esports,Sunset,G2 Esports,$$$ (won),13,9
Champions Tour 2024: Americas Kickoff,Group Stage,Decider (C),G2 Esports vs KRÜ Esports,Sunset,KRÜ Esports,Pistol Won,,1
Champions Tour 2024: Americas Kickoff,Group Stage,Decider (C),G2 Esports vs KRÜ Esports,Sunset,KRÜ Esports,Eco (won),3,1
Champions Tour 2024: Americas Kickoff,Group Stage,Decider (C),G2 Esports vs KRÜ Esports,Sunset,KRÜ Esports,$ (won),2,1
Champions Tour 2024: Americas Kickoff,Group Stage,Decider (C),G2 Esports vs KRÜ Esports,Sunset,KRÜ Esports,$$ (won),3,1
Champions Tour 2024: Americas Kickoff,Group Stage,Decider (C),G2 Esports vs KRÜ Esports,Sunset,KRÜ Esports,$$$ (won),13,5
Champions Tour 2024: Americas Kickoff,Group Stage,Decider (C),G2 Esports vs KRÜ Esports,All Maps,G2 Esports,Pistol Won,,2
Champions Tour 2024: Americas Kickoff,Group Stage,Decider (C),G2 Esports vs KRÜ Esports,All Maps,G2 Esports,Eco (won),6,2
Champions Tour 2024: Americas Kickoff,Group Stage,Decider (C),G2 Esports vs KRÜ Esports,All Maps,G2 Esports,$ (won),0,0
Champions Tour 2024: Americas Kickoff,Group Stage,Decider (C),G2 Esports vs KRÜ Esports,All Maps,G2 Esports,$$ (won),7,4
Champions Tour 2024: Americas Kickoff,Group Stage,Decider (C),G2 Esports vs KRÜ Esports,All Maps,G2 Esports,$$$ (won),29,20
Champions Tour 2024: Americas Kickoff,Group Stage,Decider (C),G2 Esports vs KRÜ Esports,All Maps,KRÜ Esports,Pistol Won,,2
Champions Tour 2024: Americas Kickoff,Group Stage,Decider (C),G2 Esports vs KRÜ Esports,All Maps,KRÜ Esports,Eco (won),6,2
Champions Tour 2024: Americas Kickoff,Group Stage,Decider (C),G2 Esports vs KRÜ Esports,All Maps,KRÜ Esports,$ (won),3,1
Champions Tour 2024: Americas Kickoff,Group Stage,Decider (C),G2 Esports vs KRÜ Esports,All Maps,KRÜ Esports,$$ (won),10,2
Champions Tour 2024: Americas Kickoff,Group Stage,Decider (C),G2 Esports vs KRÜ Esports,All Maps,KRÜ Esports,$$$ (won),23,11
Champions Tour 2024: Americas Kickoff,Play-Ins,Play-ins,MIBR vs Sentinels,Split,MIBR,Pistol Won,,1
Champions Tour 2024: Americas Kickoff,Play-Ins,Play-ins,MIBR vs Sentinels,Split,MIBR,Eco (won),3,1
Champions Tour 2024: Americas Kickoff,Play-Ins,Play-ins,MIBR vs Sentinels,Split,MIBR,$ (won),1,0
Champions Tour 2024: Americas Kickoff,Play-Ins,Play-ins,MIBR vs Sentinels,Split,MIBR,$$ (won),5,1
Champions Tour 2024: Americas Kickoff,Play-Ins,Play-ins,MIBR vs Sentinels,Split,MIBR,$$$ (won),11,5
Champions Tour 2024: Americas Kickoff,Play-Ins,Play-ins,MIBR vs Sentinels,Split,Sentinels,Pistol Won,,1
Champions Tour 2024: Americas Kickoff,Play-Ins,Play-ins,MIBR vs Sentinels,Split,Sentinels,Eco (won),2,1
Champions Tour 2024: Americas Kickoff,Play-Ins,Play-ins,MIBR vs Sentinels,Split,Sentinels,$ (won),1,0
Champions Tour 2024: Americas Kickoff,Play-Ins,Play-ins,MIBR vs Sentinels,Split,Sentinels,$$ (won),3,2
Champions Tour 2024: Americas Kickoff,Play-Ins,Play-ins,MIBR vs Sentinels,Split,Sentinels,$$$ (won),14,10
Champions Tour 2024: Americas Kickoff,Play-Ins,Play-ins,MIBR vs Sentinels,Ascent,MIBR,Pistol Won,,1
Champions Tour 2024: Americas Kickoff,Play-Ins,Play-ins,MIBR vs Sentinels,Ascent,MIBR,Eco (won),3,1
Champions Tour 2024: Americas Kickoff,Play-Ins,Play-ins,MIBR vs Sentinels,Ascent,MIBR,$ (won),1,0
Champions Tour 2024: Americas Kickoff,Play-Ins,Play-ins,MIBR vs Sentinels,Ascent,MIBR,$$ (won),5,3
Champions Tour 2024: Americas Kickoff,Play-Ins,Play-ins,MIBR vs Sentinels,Ascent,MIBR,$$$ (won),10,2
Champions Tour 2024: Americas Kickoff,Play-Ins,Play-ins,MIBR vs Sentinels,Ascent,Sentinels,Pistol Won,,1
Champions Tour 2024: Americas Kickoff,Play-Ins,Play-ins,MIBR vs Sentinels,Ascent,Sentinels,Eco (won),4,1
Champions Tour 2024: Americas Kickoff,Play-Ins,Play-ins,MIBR vs Sentinels,Ascent,Sentinels,$ (won),0,0
Champions Tour 2024: Americas Kickoff,Play-Ins,Play-ins,MIBR vs Sentinels,Ascent,Sentinels,$$ (won),4,3
Champions Tour 2024: Americas Kickoff,Play-Ins,Play-ins,MIBR vs Sentinels,Ascent,Sentinels,$$$ (won),11,9
Champions Tour 2024: Americas Kickoff,Play-Ins,Play-ins,MIBR vs Sentinels,All Maps,MIBR,Pistol Won,,2
Champions Tour 2024: Americas Kickoff,Play-Ins,Play-ins,MIBR vs Sentinels,All Maps,MIBR,Eco (won),6,2
Champions Tour 2024: Americas Kickoff,Play-Ins,Play-ins,MIBR vs Sentinels,All Maps,MIBR,$ (won),2,0
Champions Tour 2024: Americas Kickoff,Play-Ins,Play-ins,MIBR vs Sentinels,All Maps,MIBR,$$ (won),10,4
Champions Tour 2024: Americas Kickoff,Play-Ins,Play-ins,MIBR vs Sentinels,All Maps,MIBR,$$$ (won),21,7
Champions Tour 2024: Americas Kickoff,Play-Ins,Play-ins,MIBR vs Sentinels,All Maps,Sentinels,Pistol Won,,2
Champions Tour 2024: Americas Kickoff,Play-Ins,Play-ins,MIBR vs Sentinels,All Maps,Sentinels,Eco (won),6,2
Champions Tour 2024: Americas Kickoff,Play-Ins,Play-ins,MIBR vs Sentinels,All Maps,Sentinels,$ (won),1,0
Champions Tour 2024: Americas Kickoff,Play-Ins,Play-ins,MIBR vs Sentinels,All Maps,Sentinels,$$ (won),7,5
Champions Tour 2024: Americas Kickoff,Play-Ins,Play-ins,MIBR vs Sentinels,All Maps,Sentinels,$$$ (won),25,19
Champions Tour 2024: Americas Kickoff,Play-Ins,Play-ins,G2 Esports vs MIBR,Sunset,G2 Esports,Pistol Won,,1
Champions Tour 2024: Americas Kickoff,Play-Ins,Play-ins,G2 Esports vs MIBR,Sunset,G2 Esports,Eco (won),2,1
Champions Tour 2024: Americas Kickoff,Play-Ins,Play-ins,G2 Esports vs MIBR,Sunset,G2 Esports,$ (won),3,1
Champions Tour 2024: Americas Kickoff,Play-Ins,Play-ins,G2 Esports vs MIBR,Sunset,G2 Esports,$$ (won),6,2
Champions Tour 2024: Americas Kickoff,Play-Ins,Play-ins,G2 Esports vs MIBR,Sunset,G2 Esports,$$$ (won),11,5
Champions Tour 2024: Americas Kickoff,Play-Ins,Play-ins,G2 Esports vs MIBR,Sunset,MIBR,Pistol Won,,1
Champions Tour 2024: Americas Kickoff,Play-Ins,Play-ins,G2 Esports vs MIBR,Sunset,MIBR,Eco (won),3,1
Champions Tour 2024: Americas Kickoff,Play-Ins,Play-ins,G2 Esports vs MIBR,Sunset,MIBR,$ (won),0,0
Champions Tour 2024: Americas Kickoff,Play-Ins,Play-ins,G2 Esports vs MIBR,Sunset,MIBR,$$ (won),5,2
Champions Tour 2024: Americas Kickoff,Play-Ins,Play-ins,G2 Esports vs MIBR,Sunset,MIBR,$$$ (won),14,10
Champions Tour 2024: Americas Kickoff,Play-Ins,Play-ins,G2 Esports vs MIBR,Split,G2 Esports,Pistol Won,,1
Champions Tour 2024: Americas Kickoff,Play-Ins,Play-ins,G2 Esports vs MIBR,Split,G2 Esports,Eco (won),3,1
Champions Tour 2024: Americas Kickoff,Play-Ins,Play-ins,G2 Esports vs MIBR,Split,G2 Esports,$ (won),2,1
Champions Tour 2024: Americas Kickoff,Play-Ins,Play-ins,G2 Esports vs MIBR,Split,G2 Esports,$$ (won),4,3
Champions Tour 2024: Americas Kickoff,Play-Ins,Play-ins,G2 Esports vs MIBR,Split,G2 Esports,$$$ (won),19,10
Champions Tour 2024: Americas Kickoff,Play-Ins,Play-ins,G2 Esports vs MIBR,Split,MIBR,Pistol Won,,1
Champions Tour 2024: Americas Kickoff,Play-Ins,Play-ins,G2 Esports vs MIBR,Split,MIBR,Eco (won),3,1
Champions Tour 2024: Americas Kickoff,Play-Ins,Play-ins,G2 Esports vs MIBR,Split,MIBR,$ (won),1,1
Champions Tour 2024: Americas Kickoff,Play-Ins,Play-ins,G2 Esports vs MIBR,Split,MIBR,$$ (won),6,4
Champions Tour 2024: Americas Kickoff,Play-Ins,Play-ins,G2 Esports vs MIBR,Split,MIBR,$$$ (won),18,7
Champions Tour 2024: Americas Kickoff,Play-Ins,Play-ins,G2 Esports vs MIBR,Breeze,G2 Esports,Pistol Won,,1
Champions Tour 2024: Americas Kickoff,Play-Ins,Play-ins,G2 Esports vs MIBR,Breeze,G2 Esports,Eco (won),3,1
Champions Tour 2024: Americas Kickoff,Play-Ins,Play-ins,G2 Esports vs MIBR,Breeze,G2 Esports,$ (won),2,1
Champions Tour 2024: Americas Kickoff,Play-Ins,Play-ins,G2 Esports vs MIBR,Breeze,G2 Esports,$$ (won),6,2
Champions Tour 2024: Americas Kickoff,Play-Ins,Play-ins,G2 Esports vs MIBR,Breeze,G2 Esports,$$$ (won),12,6
Champions Tour 2024: Americas Kickoff,Play-Ins,Play-ins,G2 Esports vs MIBR,Breeze,MIBR,Pistol Won,,1
Champions Tour 2024: Americas Kickoff,Play-Ins,Play-ins,G2 Esports vs MIBR,Breeze,MIBR,Eco (won),3,1
Champions Tour 2024: Americas Kickoff,Play-Ins,Play-ins,G2 Esports vs MIBR,Breeze,MIBR,$ (won),1,1
Champions Tour 2024: Americas Kickoff,Play-Ins,Play-ins,G2 Esports vs MIBR,Breeze,MIBR,$$ (won),6,3
Champions Tour 2024: Americas Kickoff,Play-Ins,Play-ins,G2 Esports vs MIBR,Breeze,MIBR,$$$ (won),13,8
Champions Tour 2024: Americas Kickoff,Play-Ins,Play-ins,G2 Esports vs MIBR,All Maps,G2 Esports,Pistol Won,,3
Champions Tour 2024: Americas Kickoff,Play-Ins,Play-ins,G2 Esports vs MIBR,All Maps,G2 Esports,Eco (won),8,3
Champions Tour 2024: Americas Kickoff,Play-Ins,Play-ins,G2 Esports vs MIBR,All Maps,G2 Esports,$ (won),7,3
Champions Tour 2024: Americas Kickoff,Play-Ins,Play-ins,G2 Esports vs MIBR,All Maps,G2 Esports,$$ (won),16,7
Champions Tour 2024: Americas Kickoff,Play-Ins,Play-ins,G2 Esports vs MIBR,All Maps,G2 Esports,$$$ (won),42,21
Champions Tour 2024: Americas Kickoff,Play-Ins,Play-ins,G2 Esports vs MIBR,All Maps,MIBR,Pistol Won,,3
Champions Tour 2024: Americas Kickoff,Play-Ins,Play-ins,G2 Esports vs MIBR,All Maps,MIBR,Eco (won),9,3
Champions Tour 2024: Americas Kickoff,Play-Ins,Play-ins,G2 Esports vs MIBR,All Maps,MIBR,$ (won),2,2
Champions Tour 2024: Americas Kickoff,Play-Ins,Play-ins,G2 Esports vs MIBR,All Maps,MIBR,$$ (won),17,9
Champions Tour 2024: Americas Kickoff,Play-Ins,Play-ins,G2 Esports vs MIBR,All Maps,MIBR,$$$ (won),45,25
Champions Tour 2024: Americas Kickoff,Play-Ins,Play-ins,Sentinels vs G2 Esports,Sunset,Sentinels,Pistol Won,,1
Champions Tour 2024: Americas Kickoff,Play-Ins,Play-ins,Sentinels vs G2 Esports,Sunset,Sentinels,Eco (won),3,1
Champions Tour 2024: Americas Kickoff,Play-Ins,Play-ins,Sentinels vs G2 Esports,Sunset,Sentinels,$ (won),0,0
Champions Tour 2024: Americas Kickoff,Play-Ins,Play-ins,Sentinels vs G2 Esports,Sunset,Sentinels,$$ (won),6,3
Champions Tour 2024: Americas Kickoff,Play-Ins,Play-ins,Sentinels vs G2 Esports,Sunset,Sentinels,$$$ (won),12,9
Champions Tour 2024: Americas Kickoff,Play-Ins,Play-ins,Sentinels vs G2 Esports,Sunset,G2 Esports,Pistol Won,,1
Champions Tour 2024: Americas Kickoff,Play-Ins,Play-ins,Sentinels vs G2 Esports,Sunset,G2 Esports,Eco (won),3,1
Champions Tour 2024: Americas Kickoff,Play-Ins,Play-ins,Sentinels vs G2 Esports,Sunset,G2 Esports,$ (won),2,0
Champions Tour 2024: Americas Kickoff,Play-Ins,Play-ins,Sentinels vs G2 Esports,Sunset,G2 Esports,$$ (won),5,1
Champions Tour 2024: Americas Kickoff,Play-Ins,Play-ins,Sentinels vs G2 Esports,Sunset,G2 Esports,$$$ (won),11,6
Champions Tour 2024: Americas Kickoff,Play-Ins,Play-ins,Sentinels vs G2 Esports,Breeze,Sentinels,Pistol Won,,1
Champions Tour 2024: Americas Kickoff,Play-Ins,Play-ins,Sentinels vs G2 Esports,Breeze,Sentinels,Eco (won),3,1
Champions Tour 2024: Americas Kickoff,Play-Ins,Play-ins,Sentinels vs G2 Esports,Breeze,Sentinels,$ (won),1,0
Champions Tour 2024: Americas Kickoff,Play-Ins,Play-ins,Sentinels vs G2 Esports,Breeze,Sentinels,$$ (won),9,5
Champions Tour 2024: Americas Kickoff,Play-Ins,Play-ins,Sentinels vs G2 Esports,Breeze,Sentinels,$$$ (won),9,3
Champions Tour 2024: Americas Kickoff,Play-Ins,Play-ins,Sentinels vs G2 Esports,Breeze,G2 Esports,Pistol Won,,1
Champions Tour 2024: Americas Kickoff,Play-Ins,Play-ins,Sentinels vs G2 Esports,Breeze,G2 Esports,Eco (won),3,1
Champions Tour 2024: Americas Kickoff,Play-Ins,Play-ins,Sentinels vs G2 Esports,Breeze,G2 Esports,$ (won),2,0
Champions Tour 2024: Americas Kickoff,Play-Ins,Play-ins,Sentinels vs G2 Esports,Breeze,G2 Esports,$$ (won),4,2
Champions Tour 2024: Americas Kickoff,Play-Ins,Play-ins,Sentinels vs G2 Esports,Breeze,G2 Esports,$$$ (won),13,10
Champions Tour 2024: Americas Kickoff,Play-Ins,Play-ins,Sentinels vs G2 Esports,Split,Sentinels,Pistol Won,,0
Champions Tour 2024: Americas Kickoff,Play-Ins,Play-ins,Sentinels vs G2 Esports,Split,Sentinels,Eco (won),4,0
Champions Tour 2024: Americas Kickoff,Play-Ins,Play-ins,Sentinels vs G2 Esports,Split,Sentinels,$ (won),0,0
Champions Tour 2024: Americas Kickoff,Play-Ins,Play-ins,Sentinels vs G2 Esports,Split,Sentinels,$$ (won),6,2
Champions Tour 2024: Americas Kickoff,Play-Ins,Play-ins,Sentinels vs G2 Esports,Split,Sentinels,$$$ (won),12,7
Champions Tour 2024: Americas Kickoff,Play-Ins,Play-ins,Sentinels vs G2 Esports,Split,G2 Esports,Pistol Won,,2
Champions Tour 2024: Americas Kickoff,Play-Ins,Play-ins,Sentinels vs G2 Esports,Split,G2 Esports,Eco (won),2,2
Champions Tour 2024: Americas Kickoff,Play-Ins,Play-ins,Sentinels vs G2 Esports,Split,G2 Esports,$ (won),1,0
Champions Tour 2024: Americas Kickoff,Play-Ins,Play-ins,Sentinels vs G2 Esports,Split,G2 Esports,$$ (won),8,6
Champions Tour 2024: Americas Kickoff,Play-Ins,Play-ins,Sentinels vs G2 Esports,Split,G2 Esports,$$$ (won),11,5
Champions Tour 2024: Americas Kickoff,Play-Ins,Play-ins,Sentinels vs G2 Esports,All Maps,Sentinels,Pistol Won,,2
Champions Tour 2024: Americas Kickoff,Play-Ins,Play-ins,Sentinels vs G2 Esports,All Maps,Sentinels,Eco (won),10,2
Champions Tour 2024: Americas Kickoff,Play-Ins,Play-ins,Sentinels vs G2 Esports,All Maps,Sentinels,$ (won),1,0
Champions Tour 2024: Americas Kickoff,Play-Ins,Play-ins,Sentinels vs G2 Esports,All Maps,Sentinels,$$ (won),21,10
Champions Tour 2024: Americas Kickoff,Play-Ins,Play-ins,Sentinels vs G2 Esports,All Maps,Sentinels,$$$ (won),33,19
Champions Tour 2024: Americas Kickoff,Play-Ins,Play-ins,Sentinels vs G2 Esports,All Maps,G2 Esports,Pistol Won,,4
Champions Tour 2024: Americas Kickoff,Play-Ins,Play-ins,Sentinels vs G2 Esports,All Maps,G2 Esports,Eco (won),8,4
Champions Tour 2024: Americas Kickoff,Play-Ins,Play-ins,Sentinels vs G2 Esports,All Maps,G2 Esports,$ (won),5,0
Champions Tour 2024: Americas Kickoff,Play-Ins,Play-ins,Sentinels vs G2 Esports,All Maps,G2 Esports,$$ (won),17,9
Champions Tour 2024: Americas Kickoff,Play-Ins,Play-ins,Sentinels vs G2 Esports,All Maps,G2 Esports,$$$ (won),35,21
Champions Tour 2024: Americas Kickoff,Playoffs,Semifinals,Evil Geniuses vs LOUD,Ascent,Evil Geniuses,Pistol Won,,1
Champions Tour 2024: Americas Kickoff,Playoffs,Semifinals,Evil Geniuses vs LOUD,Ascent,Evil Geniuses,Eco (won),3,1
Champions Tour 2024: Americas Kickoff,Playoffs,Semifinals,Evil Geniuses vs LOUD,Ascent,Evil Geniuses,$ (won),2,2
Champions Tour 2024: Americas Kickoff,Playoffs,Semifinals,Evil Geniuses vs LOUD,Ascent,Evil Geniuses,$$ (won),3,2
Champions Tour 2024: Americas Kickoff,Playoffs,Semifinals,Evil Geniuses vs LOUD,Ascent,Evil Geniuses,$$$ (won),12,8
Champions Tour 2024: Americas Kickoff,Playoffs,Semifinals,Evil Geniuses vs LOUD,Ascent,LOUD,Pistol Won,,1
Champions Tour 2024: Americas Kickoff,Playoffs,Semifinals,Evil Geniuses vs LOUD,Ascent,LOUD,Eco (won),3,1
Champions Tour 2024: Americas Kickoff,Playoffs,Semifinals,Evil Geniuses vs LOUD,Ascent,LOUD,$ (won),0,0
Champions Tour 2024: Americas Kickoff,Playoffs,Semifinals,Evil Geniuses vs LOUD,Ascent,LOUD,$$ (won),9,3
Champions Tour 2024: Americas Kickoff,Playoffs,Semifinals,Evil Geniuses vs LOUD,Ascent,LOUD,$$$ (won),8,3
Champions Tour 2024: Americas Kickoff,Playoffs,Semifinals,Evil Geniuses vs LOUD,Icebox,Evil Geniuses,Pistol Won,,0
Champions Tour 2024: Americas Kickoff,Playoffs,Semifinals,Evil Geniuses vs LOUD,Icebox,Evil Geniuses,Eco (won),3,0
Champions Tour 2024: Americas Kickoff,Playoffs,Semifinals,Evil Geniuses vs LOUD,Icebox,Evil Geniuses,$ (won),3,0
Champions Tour 2024: Americas Kickoff,Playoffs,Semifinals,Evil Geniuses vs LOUD,Icebox,Evil Geniuses,$$ (won),3,1
Champions Tour 2024: Americas Kickoff,Playoffs,Semifinals,Evil Geniuses vs LOUD,Icebox,Evil Geniuses,$$$ (won),11,6
Champions Tour 2024: Americas Kickoff,Playoffs,Semifinals,Evil Geniuses vs LOUD,Icebox,LOUD,Pistol Won,,2
Champions Tour 2024: Americas Kickoff,Playoffs,Semifinals,Evil Geniuses vs LOUD,Icebox,LOUD,Eco (won),2,2
Champions Tour 2024: Americas Kickoff,Playoffs,Semifinals,Evil Geniuses vs LOUD,Icebox,LOUD,$ (won),1,1
Champions Tour 2024: Americas Kickoff,Playoffs,Semifinals,Evil Geniuses vs LOUD,Icebox,LOUD,$$ (won),4,3
Champions Tour 2024: Americas Kickoff,Playoffs,Semifinals,Evil Geniuses vs LOUD,Icebox,LOUD,$$$ (won),13,7
Champions Tour 2024: Americas Kickoff,Playoffs,Semifinals,Evil Geniuses vs LOUD,Sunset,Evil Geniuses,Pistol Won,,0
Champions Tour 2024: Americas Kickoff,Playoffs,Semifinals,Evil Geniuses vs LOUD,Sunset,Evil Geniuses,Eco (won),4,0
Champions Tour 2024: Americas Kickoff,Playoffs,Semifinals,Evil Geniuses vs LOUD,Sunset,Evil Geniuses,$ (won),2,0
Champions Tour 2024: Americas Kickoff,Playoffs,Semifinals,Evil Geniuses vs LOUD,Sunset,Evil Geniuses,$$ (won),1,0
Champions Tour 2024: Americas Kickoff,Playoffs,Semifinals,Evil Geniuses vs LOUD,Sunset,Evil Geniuses,$$$ (won),11,5
Champions Tour 2024: Americas Kickoff,Playoffs,Semifinals,Evil Geniuses vs LOUD,Sunset,LOUD,Pistol Won,,2
Champions Tour 2024: Americas Kickoff,Playoffs,Semifinals,Evil Geniuses vs LOUD,Sunset,LOUD,Eco (won),2,2
Champions Tour 2024: Americas Kickoff,Playoffs,Semifinals,Evil Geniuses vs LOUD,Sunset,LOUD,$ (won),0,0
Champions Tour 2024: Americas Kickoff,Playoffs,Semifinals,Evil Geniuses vs LOUD,Sunset,LOUD,$$ (won),3,2
Champions Tour 2024: Americas Kickoff,Playoffs,Semifinals,Evil Geniuses vs LOUD,Sunset,LOUD,$$$ (won),13,9
Champions Tour 2024: Americas Kickoff,Playoffs,Semifinals,Evil Geniuses vs LOUD,All Maps,Evil Geniuses,Pistol Won,,1
Champions Tour 2024: Americas Kickoff,Playoffs,Semifinals,Evil Geniuses vs LOUD,All Maps,Evil Geniuses,Eco (won),10,1
Champions Tour 2024: Americas Kickoff,Playoffs,Semifinals,Evil Geniuses vs LOUD,All Maps,Evil Geniuses,$ (won),7,2
Champions Tour 2024: Americas Kickoff,Playoffs,Semifinals,Evil Geniuses vs LOUD,All Maps,Evil Geniuses,$$ (won),7,3
Champions Tour 2024: Americas Kickoff,Playoffs,Semifinals,Evil Geniuses vs LOUD,All Maps,Evil Geniuses,$$$ (won),34,19
Champions Tour 2024: Americas Kickoff,Playoffs,Semifinals,Evil Geniuses vs LOUD,All Maps,LOUD,Pistol Won,,5
Champions Tour 2024: Americas Kickoff,Playoffs,Semifinals,Evil Geniuses vs LOUD,All Maps,LOUD,Eco (won),7,5
Champions Tour 2024: Americas Kickoff,Playoffs,Semifinals,Evil Geniuses vs LOUD,All Maps,LOUD,$ (won),1,1
Champions Tour 2024: Americas Kickoff,Playoffs,Semifinals,Evil Geniuses vs LOUD,All Maps,LOUD,$$ (won),16,8
Champions Tour 2024: Americas Kickoff,Playoffs,Semifinals,Evil Geniuses vs LOUD,All Maps,LOUD,$$$ (won),34,19
Champions Tour 2024: Americas Kickoff,Playoffs,Semifinals,NRG Esports vs Sentinels,Sunset,NRG Esports,Pistol Won,,2
Champions Tour 2024: Americas Kickoff,Playoffs,Semifinals,NRG Esports vs Sentinels,Sunset,NRG Esports,Eco (won),2,2
Champions Tour 2024: Americas Kickoff,Playoffs,Semifinals,NRG Esports vs Sentinels,Sunset,NRG Esports,$ (won),0,0
Champions Tour 2024: Americas Kickoff,Playoffs,Semifinals,NRG Esports vs Sentinels,Sunset,NRG Esports,$$ (won),9,5
Champions Tour 2024: Americas Kickoff,Playoffs,Semifinals,NRG Esports vs Sentinels,Sunset,NRG Esports,$$$ (won),19,7
Champions Tour 2024: Americas Kickoff,Playoffs,Semifinals,NRG Esports vs Sentinels,Sunset,Sentinels,Pistol Won,,0
Champions Tour 2024: Americas Kickoff,Playoffs,Semifinals,NRG Esports vs Sentinels,Sunset,Sentinels,Eco (won),3,0
Champions Tour 2024: Americas Kickoff,Playoffs,Semifinals,NRG Esports vs Sentinels,Sunset,Sentinels,$ (won),1,0
Champions Tour 2024: Americas Kickoff,Playoffs,Semifinals,NRG Esports vs Sentinels,Sunset,Sentinels,$$ (won),1,0
Champions Tour 2024: Americas Kickoff,Playoffs,Semifinals,NRG Esports vs Sentinels,Sunset,Sentinels,$$$ (won),25,16
Champions Tour 2024: Americas Kickoff,Playoffs,Semifinals,NRG Esports vs Sentinels,Ascent,NRG Esports,Pistol Won,,1
Champions Tour 2024: Americas Kickoff,Playoffs,Semifinals,NRG Esports vs Sentinels,Ascent,NRG Esports,Eco (won),3,1
Champions Tour 2024: Americas Kickoff,Playoffs,Semifinals,NRG Esports vs Sentinels,Ascent,NRG Esports,$ (won),2,1
Champions Tour 2024: Americas Kickoff,Playoffs,Semifinals,NRG Esports vs Sentinels,Ascent,NRG Esports,$$ (won),3,2
Champions Tour 2024: Americas Kickoff,Playoffs,Semifinals,NRG Esports vs Sentinels,Ascent,NRG Esports,$$$ (won),13,9
Champions Tour 2024: Americas Kickoff,Playoffs,Semifinals,NRG Esports vs Sentinels,Ascent,Sentinels,Pistol Won,,1
Champions Tour 2024: Americas Kickoff,Playoffs,Semifinals,NRG Esports vs Sentinels,Ascent,Sentinels,Eco (won),3,1
Champions Tour 2024: Americas Kickoff,Playoffs,Semifinals,NRG Esports vs Sentinels,Ascent,Sentinels,$ (won),1,0
Champions Tour 2024: Americas Kickoff,Playoffs,Semifinals,NRG Esports vs Sentinels,Ascent,Sentinels,$$ (won),6,3
Champions Tour 2024: Americas Kickoff,Playoffs,Semifinals,NRG Esports vs Sentinels,Ascent,Sentinels,$$$ (won),11,4
Champions Tour 2024: Americas Kickoff,Playoffs,Semifinals,NRG Esports vs Sentinels,Split,NRG Esports,Pistol Won,,1
Champions Tour 2024: Americas Kickoff,Playoffs,Semifinals,NRG Esports vs Sentinels,Split,NRG Esports,Eco (won),3,1
Champions Tour 2024: Americas Kickoff,Playoffs,Semifinals,NRG Esports vs Sentinels,Split,NRG Esports,$ (won),0,0
Champions Tour 2024: Americas Kickoff,Playoffs,Semifinals,NRG Esports vs Sentinels,Split,NRG Esports,$$ (won),7,2
Champions Tour 2024: Americas Kickoff,Playoffs,Semifinals,NRG Esports vs Sentinels,Split,NRG Esports,$$$ (won),6,0
Champions Tour 2024: Americas Kickoff,Playoffs,Semifinals,NRG Esports vs Sentinels,Split,Sentinels,Pistol Won,,1
Champions Tour 2024: Americas Kickoff,Playoffs,Semifinals,NRG Esports vs Sentinels,Split,Sentinels,Eco (won),3,1
Champions Tour 2024: Americas Kickoff,Playoffs,Semifinals,NRG Esports vs Sentinels,Split,Sentinels,$ (won),0,0
Champions Tour 2024: Americas Kickoff,Playoffs,Semifinals,NRG Esports vs Sentinels,Split,Sentinels,$$ (won),3,3
Champions Tour 2024: Americas Kickoff,Playoffs,Semifinals,NRG Esports vs Sentinels,Split,Sentinels,$$$ (won),10,9
Champions Tour 2024: Americas Kickoff,Playoffs,Semifinals,NRG Esports vs Sentinels,All Maps,NRG Esports,Pistol Won,,4
Champions Tour 2024: Americas Kickoff,Playoffs,Semifinals,NRG Esports vs Sentinels,All Maps,NRG Esports,Eco (won),8,4
Champions Tour 2024: Americas Kickoff,Playoffs,Semifinals,NRG Esports vs Sentinels,All Maps,NRG Esports,$ (won),2,1
Champions Tour 2024: Americas Kickoff,Playoffs,Semifinals,NRG Esports vs Sentinels,All Maps,NRG Esports,$$ (won),19,9
Champions Tour 2024: Americas Kickoff,Playoffs,Semifinals,NRG Esports vs Sentinels,All Maps,NRG Esports,$$$ (won),38,16
Champions Tour 2024: Americas Kickoff,Playoffs,Semifinals,NRG Esports vs Sentinels,All Maps,Sentinels,Pistol Won,,2
Champions Tour 2024: Americas Kickoff,Playoffs,Semifinals,NRG Esports vs Sentinels,All Maps,Sentinels,Eco (won),9,2
Champions Tour 2024: Americas Kickoff,Playoffs,Semifinals,NRG Esports vs Sentinels,All Maps,Sentinels,$ (won),2,0
Champions Tour 2024: Americas Kickoff,Playoffs,Semifinals,NRG Esports vs Sentinels,All Maps,Sentinels,$$ (won),10,6
Champions Tour 2024: Americas Kickoff,Playoffs,Semifinals,NRG Esports vs Sentinels,All Maps,Sentinels,$$$ (won),46,29
Champions Tour 2024: Americas Kickoff,Playoffs,Grand Final,LOUD vs Sentinels,Sunset,LOUD,Pistol Won,,1
Champions Tour 2024: Americas Kickoff,Playoffs,Grand Final,LOUD vs Sentinels,Sunset,LOUD,Eco (won),3,1
Champions Tour 2024: Americas Kickoff,Playoffs,Grand Final,LOUD vs Sentinels,Sunset,LOUD,$ (won),2,0
Champions Tour 2024: Americas Kickoff,Playoffs,Grand Final,LOUD vs Sentinels,Sunset,LOUD,$$ (won),6,3
Champions Tour 2024: Americas Kickoff,Playoffs,Grand Final,LOUD vs Sentinels,Sunset,LOUD,$$$ (won),11,5
Champions Tour 2024: Americas Kickoff,Playoffs,Grand Final,LOUD vs Sentinels,Sunset,Sentinels,Pistol Won,,1
Champions Tour 2024: Americas Kickoff,Playoffs,Grand Final,LOUD vs Sentinels,Sunset,Sentinels,Eco (won),3,1
Champions Tour 2024: Americas Kickoff,Playoffs,Grand Final,LOUD vs Sentinels,Sunset,Sentinels,$ (won),2,1
Champions Tour 2024: Americas Kickoff,Playoffs,Grand Final,LOUD vs Sentinels,Sunset,Sentinels,$$ (won),6,4
Champions Tour 2024: Americas Kickoff,Playoffs,Grand Final,LOUD vs Sentinels,Sunset,Sentinels,$$$ (won),11,7
Champions Tour 2024: Americas Kickoff,Playoffs,Grand Final,LOUD vs Sentinels,Split,LOUD,Pistol Won,,0
Champions Tour 2024: Americas Kickoff,Playoffs,Grand Final,LOUD vs Sentinels,Split,LOUD,Eco (won),4,0
Champions Tour 2024: Americas Kickoff,Playoffs,Grand Final,LOUD vs Sentinels,Split,LOUD,$ (won),1,0
Champions Tour 2024: Americas Kickoff,Playoffs,Grand Final,LOUD vs Sentinels,Split,LOUD,$$ (won),4,0
Champions Tour 2024: Americas Kickoff,Playoffs,Grand Final,LOUD vs Sentinels,Split,LOUD,$$$ (won),7,3
Champions Tour 2024: Americas Kickoff,Playoffs,Grand Final,LOUD vs Sentinels,Split,Sentinels,Pistol Won,,2
Champions Tour 2024: Americas Kickoff,Playoffs,Grand Final,LOUD vs Sentinels,Split,Sentinels,Eco (won),2,2
Champions Tour 2024: Americas Kickoff,Playoffs,Grand Final,LOUD vs Sentinels,Split,Sentinels,$ (won),0,0
Champions Tour 2024: Americas Kickoff,Playoffs,Grand Final,LOUD vs Sentinels,Split,Sentinels,$$ (won),5,5
Champions Tour 2024: Americas Kickoff,Playoffs,Grand Final,LOUD vs Sentinels,Split,Sentinels,$$$ (won),9,6
Champions Tour 2024: Americas Kickoff,Playoffs,Grand Final,LOUD vs Sentinels,Icebox,LOUD,Pistol Won,,1
Champions Tour 2024: Americas Kickoff,Playoffs,Grand Final,LOUD vs Sentinels,Icebox,LOUD,Eco (won),3,2
Champions Tour 2024: Americas Kickoff,Playoffs,Grand Final,LOUD vs Sentinels,Icebox,LOUD,$ (won),3,2
Champions Tour 2024: Americas Kickoff,Playoffs,Grand Final,LOUD vs Sentinels,Icebox,LOUD,$$ (won),4,0
Champions Tour 2024: Americas Kickoff,Playoffs,Grand Final,LOUD vs Sentinels,Icebox,LOUD,$$$ (won),14,9
Champions Tour 2024: Americas Kickoff,Playoffs,Grand Final,LOUD vs Sentinels,Icebox,Sentinels,Pistol Won,,1
Champions Tour 2024: Americas Kickoff,Playoffs,Grand Final,LOUD vs Sentinels,Icebox,Sentinels,Eco (won),3,1
Champions Tour 2024: Americas Kickoff,Playoffs,Grand Final,LOUD vs Sentinels,Icebox,Sentinels,$ (won),0,0
Champions Tour 2024: Americas Kickoff,Playoffs,Grand Final,LOUD vs Sentinels,Icebox,Sentinels,$$ (won),7,3
Champions Tour 2024: Americas Kickoff,Playoffs,Grand Final,LOUD vs Sentinels,Icebox,Sentinels,$$$ (won),14,7
Champions Tour 2024: Americas Kickoff,Playoffs,Grand Final,LOUD vs Sentinels,Bind,LOUD,Pistol Won,,2
Champions Tour 2024: Americas Kickoff,Playoffs,Grand Final,LOUD vs Sentinels,Bind,LOUD,Eco (won),3,2
Champions Tour 2024: Americas Kickoff,Playoffs,Grand Final,LOUD vs Sentinels,Bind,LOUD,$ (won),1,0
Champions Tour 2024: Americas Kickoff,Playoffs,Grand Final,LOUD vs Sentinels,Bind,LOUD,$$ (won),4,1
Champions Tour 2024: Americas Kickoff,Playoffs,Grand Final,LOUD vs Sentinels,Bind,LOUD,$$$ (won),13,10
Champions Tour 2024: Americas Kickoff,Playoffs,Grand Final,LOUD vs Sentinels,Bind,Sentinels,Pistol Won,,0
Champions Tour 2024: Americas Kickoff,Playoffs,Grand Final,LOUD vs Sentinels,Bind,Sentinels,Eco (won),3,0
Champions Tour 2024: Americas Kickoff,Playoffs,Grand Final,LOUD vs Sentinels,Bind,Sentinels,$ (won),2,0
Champions Tour 2024: Americas Kickoff,Playoffs,Grand Final,LOUD vs Sentinels,Bind,Sentinels,$$ (won),6,4
Champions Tour 2024: Americas Kickoff,Playoffs,Grand Final,LOUD vs Sentinels,Bind,Sentinels,$$$ (won),10,4
Champions Tour 2024: Americas Kickoff,Playoffs,Grand Final,LOUD vs Sentinels,Lotus,LOUD,Pistol Won,,0
Champions Tour 2024: Americas Kickoff,Playoffs,Grand Final,LOUD vs Sentinels,Lotus,LOUD,Eco (won),3,0
Champions Tour 2024: Americas Kickoff,Playoffs,Grand Final,LOUD vs Sentinels,Lotus,LOUD,$ (won),2,0
Champions Tour 2024: Americas Kickoff,Playoffs,Grand Final,LOUD vs Sentinels,Lotus,LOUD,$$ (won),5,2
Champions Tour 2024: Americas Kickoff,Playoffs,Grand Final,LOUD vs Sentinels,Lotus,LOUD,$$$ (won),7,2
Champions Tour 2024: Americas Kickoff,Playoffs,Grand Final,LOUD vs Sentinels,Lotus,Sentinels,Pistol Won,,2
Champions Tour 2024: Americas Kickoff,Playoffs,Grand Final,LOUD vs Sentinels,Lotus,Sentinels,Eco (won),3,2
Champions Tour 2024: Americas Kickoff,Playoffs,Grand Final,LOUD vs Sentinels,Lotus,Sentinels,$ (won),0,0
Champions Tour 2024: Americas Kickoff,Playoffs,Grand Final,LOUD vs Sentinels,Lotus,Sentinels,$$ (won),6,5
Champions Tour 2024: Americas Kickoff,Playoffs,Grand Final,LOUD vs Sentinels,Lotus,Sentinels,$$$ (won),8,6
Champions Tour 2024: Americas Kickoff,Playoffs,Grand Final,LOUD vs Sentinels,All Maps,LOUD,Pistol Won,,4
Champions Tour 2024: Americas Kickoff,Playoffs,Grand Final,LOUD vs Sentinels,All Maps,LOUD,Eco (won),16,5
Champions Tour 2024: Americas Kickoff,Playoffs,Grand Final,LOUD vs Sentinels,All Maps,LOUD,$ (won),9,2
Champions Tour 2024: Americas Kickoff,Playoffs,Grand Final,LOUD vs Sentinels,All Maps,LOUD,$$ (won),23,6
Champions Tour 2024: Americas Kickoff,Playoffs,Grand Final,LOUD vs Sentinels,All Maps,LOUD,$$$ (won),52,29
Champions Tour 2024: Americas Kickoff,Playoffs,Grand Final,LOUD vs Sentinels,All Maps,Sentinels,Pistol Won,,6
Champions Tour 2024: Americas Kickoff,Playoffs,Grand Final,LOUD vs Sentinels,All Maps,Sentinels,Eco (won),14,6
Champions Tour 2024: Americas Kickoff,Playoffs,Grand Final,LOUD vs Sentinels,All Maps,Sentinels,$ (won),4,1
Champions Tour 2024: Americas Kickoff,Playoffs,Grand Final,LOUD vs Sentinels,All Maps,Sentinels,$$ (won),30,21
Champions Tour 2024: Americas Kickoff,Playoffs,Grand Final,LOUD vs Sentinels,All Maps,Sentinels,$$$ (won),52,30
Champions Tour 2024: EMEA Kickoff,Group Stage,Opening (A),FUT Esports vs Team Heretics,Lotus,FUT Esports,Pistol Won,,2
Champions Tour 2024: EMEA Kickoff,Group Stage,Opening (A),FUT Esports vs Team Heretics,Lotus,FUT Esports,Eco (won),4,2
Champions Tour 2024: EMEA Kickoff,Group Stage,Opening (A),FUT Esports vs Team Heretics,Lotus,FUT Esports,$ (won),2,2
Champions Tour 2024: EMEA Kickoff,Group Stage,Opening (A),FUT Esports vs Team Heretics,Lotus,FUT Esports,$$ (won),7,1
Champions Tour 2024: EMEA Kickoff,Group Stage,Opening (A),FUT Esports vs Team Heretics,Lotus,FUT Esports,$$$ (won),11,6
Champions Tour 2024: EMEA Kickoff,Group Stage,Opening (A),FUT Esports vs Team Heretics,Lotus,Team Heretics,Pistol Won,,0
Champions Tour 2024: EMEA Kickoff,Group Stage,Opening (A),FUT Esports vs Team Heretics,Lotus,Team Heretics,Eco (won),4,1
Champions Tour 2024: EMEA Kickoff,Group Stage,Opening (A),FUT Esports vs Team Heretics,Lotus,Team Heretics,$ (won),1,0
Champions Tour 2024: EMEA Kickoff,Group Stage,Opening (A),FUT Esports vs Team Heretics,Lotus,Team Heretics,$$ (won),3,2
Champions Tour 2024: EMEA Kickoff,Group Stage,Opening (A),FUT Esports vs Team Heretics,Lotus,Team Heretics,$$$ (won),16,10
Champions Tour 2024: EMEA Kickoff,Group Stage,Opening (A),FUT Esports vs Team Heretics,Bind,FUT Esports,Pistol Won,,0
Champions Tour 2024: EMEA Kickoff,Group Stage,Opening (A),FUT Esports vs Team Heretics,Bind,FUT Esports,Eco (won),4,0
Champions Tour 2024: EMEA Kickoff,Group Stage,Opening (A),FUT Esports vs Team Heretics,Bind,FUT Esports,$ (won),2,0
Champions Tour 2024: EMEA Kickoff,Group Stage,Opening (A),FUT Esports vs Team Heretics,Bind,FUT Esports,$$ (won),1,1
Champions Tour 2024: EMEA Kickoff,Group Stage,Opening (A),FUT Esports vs Team Heretics,Bind,FUT Esports,$$$ (won),16,9
Champions Tour 2024: EMEA Kickoff,Group Stage,Opening (A),FUT Esports vs Team Heretics,Bind,Team Heretics,Pistol Won,,2
Champions Tour 2024: EMEA Kickoff,Group Stage,Opening (A),FUT Esports vs Team Heretics,Bind,Team Heretics,Eco (won),2,2
Champions Tour 2024: EMEA Kickoff,Group Stage,Opening (A),FUT Esports vs Team Heretics,Bind,Team Heretics,$ (won),1,1
Champions Tour 2024: EMEA Kickoff,Group Stage,Opening (A),FUT Esports vs Team Heretics,Bind,Team Heretics,$$ (won),8,5
Champions Tour 2024: EMEA Kickoff,Group Stage,Opening (A),FUT Esports vs Team Heretics,Bind,Team Heretics,$$$ (won),12,5
Champions Tour 2024: EMEA Kickoff,Group Stage,Opening (A),FUT Esports vs Team Heretics,All Maps,FUT Esports,Pistol Won,,2
Champions Tour 2024: EMEA Kickoff,Group Stage,Opening (A),FUT Esports vs Team Heretics,All Maps,FUT Esports,Eco (won),8,2
Champions Tour 2024: EMEA Kickoff,Group Stage,Opening (A),FUT Esports vs Team Heretics,All Maps,FUT Esports,$ (won),4,2
Champions Tour 2024: EMEA Kickoff,Group Stage,Opening (A),FUT Esports vs Team Heretics,All Maps,FUT Esports,$$ (won),8,2
Champions Tour 2024: EMEA Kickoff,Group Stage,Opening (A),FUT Esports vs Team Heretics,All Maps,FUT Esports,$$$ (won),27,15
Champions Tour 2024: EMEA Kickoff,Group Stage,Opening (A),FUT Esports vs Team Heretics,All Maps,Team Heretics,Pistol Won,,2
Champions Tour 2024: EMEA Kickoff,Group Stage,Opening (A),FUT Esports vs Team Heretics,All Maps,Team Heretics,Eco (won),6,3
Champions Tour 2024: EMEA Kickoff,Group Stage,Opening (A),FUT Esports vs Team Heretics,All Maps,Team Heretics,$ (won),2,1
Champions Tour 2024: EMEA Kickoff,Group Stage,Opening (A),FUT Esports vs Team Heretics,All Maps,Team Heretics,$$ (won),11,7
Champions Tour 2024: EMEA Kickoff,Group Stage,Opening (A),FUT Esports vs Team Heretics,All Maps,Team Heretics,$$$ (won),28,15
Champions Tour 2024: EMEA Kickoff,Group Stage,Opening (A),GIANTX vs Karmine Corp,Split,GIANTX,Pistol Won,,1
Champions Tour 2024: EMEA Kickoff,Group Stage,Opening (A),GIANTX vs Karmine Corp,Split,GIANTX,Eco (won),3,1
Champions Tour 2024: EMEA Kickoff,Group Stage,Opening (A),GIANTX vs Karmine Corp,Split,GIANTX,$ (won),1,0
Champions Tour 2024: EMEA Kickoff,Group Stage,Opening (A),GIANTX vs Karmine Corp,Split,GIANTX,$$ (won),4,3
Champions Tour 2024: EMEA Kickoff,Group Stage,Opening (A),GIANTX vs Karmine Corp,Split,GIANTX,$$$ (won),16,7
Champions Tour 2024: EMEA Kickoff,Group Stage,Opening (A),GIANTX vs Karmine Corp,Split,Karmine Corp,Pistol Won,,1
Champions Tour 2024: EMEA Kickoff,Group Stage,Opening (A),GIANTX vs Karmine Corp,Split,Karmine Corp,Eco (won),3,1
Champions Tour 2024: EMEA Kickoff,Group Stage,Opening (A),GIANTX vs Karmine Corp,Split,Karmine Corp,$ (won),2,2
Champions Tour 2024: EMEA Kickoff,Group Stage,Opening (A),GIANTX vs Karmine Corp,Split,Karmine Corp,$$ (won),4,3
Champions Tour 2024: EMEA Kickoff,Group Stage,Opening (A),GIANTX vs Karmine Corp,Split,Karmine Corp,$$$ (won),15,7
Champions Tour 2024: EMEA Kickoff,Group Stage,Opening (A),GIANTX vs Karmine Corp,Sunset,GIANTX,Pistol Won,,1
Champions Tour 2024: EMEA Kickoff,Group Stage,Opening (A),GIANTX vs Karmine Corp,Sunset,GIANTX,Eco (won),3,1
Champions Tour 2024: EMEA Kickoff,Group Stage,Opening (A),GIANTX vs Karmine Corp,Sunset,GIANTX,$ (won),1,0
Champions Tour 2024: EMEA Kickoff,Group Stage,Opening (A),GIANTX vs Karmine Corp,Sunset,GIANTX,$$ (won),3,3
Champions Tour 2024: EMEA Kickoff,Group Stage,Opening (A),GIANTX vs Karmine Corp,Sunset,GIANTX,$$$ (won),16,9
Champions Tour 2024: EMEA Kickoff,Group Stage,Opening (A),GIANTX vs Karmine Corp,Sunset,Karmine Corp,Pistol Won,,1
Champions Tour 2024: EMEA Kickoff,Group Stage,Opening (A),GIANTX vs Karmine Corp,Sunset,Karmine Corp,Eco (won),3,1
Champions Tour 2024: EMEA Kickoff,Group Stage,Opening (A),GIANTX vs Karmine Corp,Sunset,Karmine Corp,$ (won),3,1
Champions Tour 2024: EMEA Kickoff,Group Stage,Opening (A),GIANTX vs Karmine Corp,Sunset,Karmine Corp,$$ (won),6,2
Champions Tour 2024: EMEA Kickoff,Group Stage,Opening (A),GIANTX vs Karmine Corp,Sunset,Karmine Corp,$$$ (won),11,6
Champions Tour 2024: EMEA Kickoff,Group Stage,Opening (A),GIANTX vs Karmine Corp,Lotus,GIANTX,Pistol Won,,0
Champions Tour 2024: EMEA Kickoff,Group Stage,Opening (A),GIANTX vs Karmine Corp,Lotus,GIANTX,Eco (won),4,0
Champions Tour 2024: EMEA Kickoff,Group Stage,Opening (A),GIANTX vs Karmine Corp,Lotus,GIANTX,$ (won),2,0
Champions Tour 2024: EMEA Kickoff,Group Stage,Opening (A),GIANTX vs Karmine Corp,Lotus,GIANTX,$$ (won),4,3
Champions Tour 2024: EMEA Kickoff,Group Stage,Opening (A),GIANTX vs Karmine Corp,Lotus,GIANTX,$$$ (won),7,1
Champions Tour 2024: EMEA Kickoff,Group Stage,Opening (A),GIANTX vs Karmine Corp,Lotus,Karmine Corp,Pistol Won,,2
Champions Tour 2024: EMEA Kickoff,Group Stage,Opening (A),GIANTX vs Karmine Corp,Lotus,Karmine Corp,Eco (won),2,2
Champions Tour 2024: EMEA Kickoff,Group Stage,Opening (A),GIANTX vs Karmine Corp,Lotus,Karmine Corp,$ (won),0,0
Champions Tour 2024: EMEA Kickoff,Group Stage,Opening (A),GIANTX vs Karmine Corp,Lotus,Karmine Corp,$$ (won),3,3
Champions Tour 2024: EMEA Kickoff,Group Stage,Opening (A),GIANTX vs Karmine Corp,Lotus,Karmine Corp,$$$ (won),12,8
Champions Tour 2024: EMEA Kickoff,Group Stage,Opening (A),GIANTX vs Karmine Corp,All Maps,GIANTX,Pistol Won,,2
Champions Tour 2024: EMEA Kickoff,Group Stage,Opening (A),GIANTX vs Karmine Corp,All Maps,GIANTX,Eco (won),10,2
Champions Tour 2024: EMEA Kickoff,Group Stage,Opening (A),GIANTX vs Karmine Corp,All Maps,GIANTX,$ (won),4,0
Champions Tour 2024: EMEA Kickoff,Group Stage,Opening (A),GIANTX vs Karmine Corp,All Maps,GIANTX,$$ (won),11,9
Champions Tour 2024: EMEA Kickoff,Group Stage,Opening (A),GIANTX vs Karmine Corp,All Maps,GIANTX,$$$ (won),39,17
Champions Tour 2024: EMEA Kickoff,Group Stage,Opening (A),GIANTX vs Karmine Corp,All Maps,Karmine Corp,Pistol Won,,4
Champions Tour 2024: EMEA Kickoff,Group Stage,Opening (A),GIANTX vs Karmine Corp,All Maps,Karmine Corp,Eco (won),8,4
Champions Tour 2024: EMEA Kickoff,Group Stage,Opening (A),GIANTX vs Karmine Corp,All Maps,Karmine Corp,$ (won),5,3
Champions Tour 2024: EMEA Kickoff,Group Stage,Opening (A),GIANTX vs Karmine Corp,All Maps,Karmine Corp,$$ (won),13,8
Champions Tour 2024: EMEA Kickoff,Group Stage,Opening (A),GIANTX vs Karmine Corp,All Maps,Karmine Corp,$$$ (won),38,21
Champions Tour 2024: EMEA Kickoff,Group Stage,Opening (B),Natus Vincere vs BBL Esports,Bind,Natus Vincere,Pistol Won,,0
Champions Tour 2024: EMEA Kickoff,Group Stage,Opening (B),Natus Vincere vs BBL Esports,Bind,Natus Vincere,Eco (won),3,0
Champions Tour 2024: EMEA Kickoff,Group Stage,Opening (B),Natus Vincere vs BBL Esports,Bind,Natus Vincere,$ (won),1,0
Champions Tour 2024: EMEA Kickoff,Group Stage,Opening (B),Natus Vincere vs BBL Esports,Bind,Natus Vincere,$$ (won),7,4
Champions Tour 2024: EMEA Kickoff,Group Stage,Opening (B),Natus Vincere vs BBL Esports,Bind,Natus Vincere,$$$ (won),10,4
Champions Tour 2024: EMEA Kickoff,Group Stage,Opening (B),Natus Vincere vs BBL Esports,Bind,BBL Esports,Pistol Won,,2
Champions Tour 2024: EMEA Kickoff,Group Stage,Opening (B),Natus Vincere vs BBL Esports,Bind,BBL Esports,Eco (won),2,2
Champions Tour 2024: EMEA Kickoff,Group Stage,Opening (B),Natus Vincere vs BBL Esports,Bind,BBL Esports,$ (won),3,1
Champions Tour 2024: EMEA Kickoff,Group Stage,Opening (B),Natus Vincere vs BBL Esports,Bind,BBL Esports,$$ (won),6,3
Champions Tour 2024: EMEA Kickoff,Group Stage,Opening (B),Natus Vincere vs BBL Esports,Bind,BBL Esports,$$$ (won),10,7
Champions Tour 2024: EMEA Kickoff,Group Stage,Opening (B),Natus Vincere vs BBL Esports,Ascent,Natus Vincere,Pistol Won,,2
Champions Tour 2024: EMEA Kickoff,Group Stage,Opening (B),Natus Vincere vs BBL Esports,Ascent,Natus Vincere,Eco (won),2,2
Champions Tour 2024: EMEA Kickoff,Group Stage,Opening (B),Natus Vincere vs BBL Esports,Ascent,Natus Vincere,$ (won),2,0
Champions Tour 2024: EMEA Kickoff,Group Stage,Opening (B),Natus Vincere vs BBL Esports,Ascent,Natus Vincere,$$ (won),4,3
Champions Tour 2024: EMEA Kickoff,Group Stage,Opening (B),Natus Vincere vs BBL Esports,Ascent,Natus Vincere,$$$ (won),11,8
Champions Tour 2024: EMEA Kickoff,Group Stage,Opening (B),Natus Vincere vs BBL Esports,Ascent,BBL Esports,Pistol Won,,0
Champions Tour 2024: EMEA Kickoff,Group Stage,Opening (B),Natus Vincere vs BBL Esports,Ascent,BBL Esports,Eco (won),4,0
Champions Tour 2024: EMEA Kickoff,Group Stage,Opening (B),Natus Vincere vs BBL Esports,Ascent,BBL Esports,$ (won),2,0
Champions Tour 2024: EMEA Kickoff,Group Stage,Opening (B),Natus Vincere vs BBL Esports,Ascent,BBL Esports,$$ (won),1,0
Champions Tour 2024: EMEA Kickoff,Group Stage,Opening (B),Natus Vincere vs BBL Esports,Ascent,BBL Esports,$$$ (won),12,6
Champions Tour 2024: EMEA Kickoff,Group Stage,Opening (B),Natus Vincere vs BBL Esports,Breeze,Natus Vincere,Pistol Won,,2
Champions Tour 2024: EMEA Kickoff,Group Stage,Opening (B),Natus Vincere vs BBL Esports,Breeze,Natus Vincere,Eco (won),2,2
Champions Tour 2024: EMEA Kickoff,Group Stage,Opening (B),Natus Vincere vs BBL Esports,Breeze,Natus Vincere,$ (won),0,0
Champions Tour 2024: EMEA Kickoff,Group Stage,Opening (B),Natus Vincere vs BBL Esports,Breeze,Natus Vincere,$$ (won),5,4
Champions Tour 2024: EMEA Kickoff,Group Stage,Opening (B),Natus Vincere vs BBL Esports,Breeze,Natus Vincere,$$$ (won),12,7
Champions Tour 2024: EMEA Kickoff,Group Stage,Opening (B),Natus Vincere vs BBL Esports,Breeze,BBL Esports,Pistol Won,,0
Champions Tour 2024: EMEA Kickoff,Group Stage,Opening (B),Natus Vincere vs BBL Esports,Breeze,BBL Esports,Eco (won),4,0
Champions Tour 2024: EMEA Kickoff,Group Stage,Opening (B),Natus Vincere vs BBL Esports,Breeze,BBL Esports,$ (won),1,0
Champions Tour 2024: EMEA Kickoff,Group Stage,Opening (B),Natus Vincere vs BBL Esports,Breeze,BBL Esports,$$ (won),7,4
Champions Tour 2024: EMEA Kickoff,Group Stage,Opening (B),Natus Vincere vs BBL Esports,Breeze,BBL Esports,$$$ (won),7,2
Champions Tour 2024: EMEA Kickoff,Group Stage,Opening (B),Natus Vincere vs BBL Esports,All Maps,Natus Vincere,Pistol Won,,4
Champions Tour 2024: EMEA Kickoff,Group Stage,Opening (B),Natus Vincere vs BBL Esports,All Maps,Natus Vincere,Eco (won),7,4
Champions Tour 2024: EMEA Kickoff,Group Stage,Opening (B),Natus Vincere vs BBL Esports,All Maps,Natus Vincere,$ (won),3,0
Champions Tour 2024: EMEA Kickoff,Group Stage,Opening (B),Natus Vincere vs BBL Esports,All Maps,Natus Vincere,$$ (won),16,11
Champions Tour 2024: EMEA Kickoff,Group Stage,Opening (B),Natus Vincere vs BBL Esports,All Maps,Natus Vincere,$$$ (won),33,19
Champions Tour 2024: EMEA Kickoff,Group Stage,Opening (B),Natus Vincere vs BBL Esports,All Maps,BBL Esports,Pistol Won,,2
Champions Tour 2024: EMEA Kickoff,Group Stage,Opening (B),Natus Vincere vs BBL Esports,All Maps,BBL Esports,Eco (won),10,2
Champions Tour 2024: EMEA Kickoff,Group Stage,Opening (B),Natus Vincere vs BBL Esports,All Maps,BBL Esports,$ (won),6,1
Champions Tour 2024: EMEA Kickoff,Group Stage,Opening (B),Natus Vincere vs BBL Esports,All Maps,BBL Esports,$$ (won),14,7
Champions Tour 2024: EMEA Kickoff,Group Stage,Opening (B),Natus Vincere vs BBL Esports,All Maps,BBL Esports,$$$ (won),29,15
Champions Tour 2024: EMEA Kickoff,Group Stage,Opening (B),Team Liquid vs KOI,Icebox,Team Liquid,Pistol Won,,1
Champions Tour 2024: EMEA Kickoff,Group Stage,Opening (B),Team Liquid vs KOI,Icebox,Team Liquid,Eco (won),3,1
Champions Tour 2024: EMEA Kickoff,Group Stage,Opening (B),Team Liquid vs KOI,Icebox,Team Liquid,$ (won),3,1
Champions Tour 2024: EMEA Kickoff,Group Stage,Opening (B),Team Liquid vs KOI,Icebox,Team Liquid,$$ (won),4,1
Champions Tour 2024: EMEA Kickoff,Group Stage,Opening (B),Team Liquid vs KOI,Icebox,Team Liquid,$$$ (won),13,10
Champions Tour 2024: EMEA Kickoff,Group Stage,Opening (B),Team Liquid vs KOI,Icebox,KOI,Pistol Won,,1
Champions Tour 2024: EMEA Kickoff,Group Stage,Opening (B),Team Liquid vs KOI,Icebox,KOI,Eco (won),3,2
Champions Tour 2024: EMEA Kickoff,Group Stage,Opening (B),Team Liquid vs KOI,Icebox,KOI,$ (won),1,0
Champions Tour 2024: EMEA Kickoff,Group Stage,Opening (B),Team Liquid vs KOI,Icebox,KOI,$$ (won),9,3
Champions Tour 2024: EMEA Kickoff,Group Stage,Opening (B),Team Liquid vs KOI,Icebox,KOI,$$$ (won),10,5
Champions Tour 2024: EMEA Kickoff,Group Stage,Opening (B),Team Liquid vs KOI,Bind,Team Liquid,Pistol Won,,0
Champions Tour 2024: EMEA Kickoff,Group Stage,Opening (B),Team Liquid vs KOI,Bind,Team Liquid,Eco (won),3,0
Champions Tour 2024: EMEA Kickoff,Group Stage,Opening (B),Team Liquid vs KOI,Bind,Team Liquid,$ (won),3,0
Champions Tour 2024: EMEA Kickoff,Group Stage,Opening (B),Team Liquid vs KOI,Bind,Team Liquid,$$ (won),1,1
Champions Tour 2024: EMEA Kickoff,Group Stage,Opening (B),Team Liquid vs KOI,Bind,Team Liquid,$$$ (won),17,12
Champions Tour 2024: EMEA Kickoff,Group Stage,Opening (B),Team Liquid vs KOI,Bind,KOI,Pistol Won,,2
Champions Tour 2024: EMEA Kickoff,Group Stage,Opening (B),Team Liquid vs KOI,Bind,KOI,Eco (won),2,2
Champions Tour 2024: EMEA Kickoff,Group Stage,Opening (B),Team Liquid vs KOI,Bind,KOI,$ (won),1,0
Champions Tour 2024: EMEA Kickoff,Group Stage,Opening (B),Team Liquid vs KOI,Bind,KOI,$$ (won),8,4
Champions Tour 2024: EMEA Kickoff,Group Stage,Opening (B),Team Liquid vs KOI,Bind,KOI,$$$ (won),13,5
Champions Tour 2024: EMEA Kickoff,Group Stage,Opening (B),Team Liquid vs KOI,All Maps,Team Liquid,Pistol Won,,1
Champions Tour 2024: EMEA Kickoff,Group Stage,Opening (B),Team Liquid vs KOI,All Maps,Team Liquid,Eco (won),6,1
Champions Tour 2024: EMEA Kickoff,Group Stage,Opening (B),Team Liquid vs KOI,All Maps,Team Liquid,$ (won),6,1
Champions Tour 2024: EMEA Kickoff,Group Stage,Opening (B),Team Liquid vs KOI,All Maps,Team Liquid,$$ (won),5,2
Champions Tour 2024: EMEA Kickoff,Group Stage,Opening (B),Team Liquid vs KOI,All Maps,Team Liquid,$$$ (won),30,22
Champions Tour 2024: EMEA Kickoff,Group Stage,Opening (B),Team Liquid vs KOI,All Maps,KOI,Pistol Won,,3
Champions Tour 2024: EMEA Kickoff,Group Stage,Opening (B),Team Liquid vs KOI,All Maps,KOI,Eco (won),5,4
Champions Tour 2024: EMEA Kickoff,Group Stage,Opening (B),Team Liquid vs KOI,All Maps,KOI,$ (won),2,0
Champions Tour 2024: EMEA Kickoff,Group Stage,Opening (B),Team Liquid vs KOI,All Maps,KOI,$$ (won),17,7
Champions Tour 2024: EMEA Kickoff,Group Stage,Opening (B),Team Liquid vs KOI,All Maps,KOI,$$$ (won),23,10
Champions Tour 2024: EMEA Kickoff,Group Stage,Opening (C),Team Vitality vs Gentle Mates,Sunset,Team Vitality,Pistol Won,,1
Champions Tour 2024: EMEA Kickoff,Group Stage,Opening (C),Team Vitality vs Gentle Mates,Sunset,Team Vitality,Eco (won),3,1
Champions Tour 2024: EMEA Kickoff,Group Stage,Opening (C),Team Vitality vs Gentle Mates,Sunset,Team Vitality,$ (won),1,0
Champions Tour 2024: EMEA Kickoff,Group Stage,Opening (C),Team Vitality vs Gentle Mates,Sunset,Team Vitality,$$ (won),6,2
Champions Tour 2024: EMEA Kickoff,Group Stage,Opening (C),Team Vitality vs Gentle Mates,Sunset,Team Vitality,$$$ (won),13,10
Champions Tour 2024: EMEA Kickoff,Group Stage,Opening (C),Team Vitality vs Gentle Mates,Sunset,Gentle Mates,Pistol Won,,1
Champions Tour 2024: EMEA Kickoff,Group Stage,Opening (C),Team Vitality vs Gentle Mates,Sunset,Gentle Mates,Eco (won),3,1
Champions Tour 2024: EMEA Kickoff,Group Stage,Opening (C),Team Vitality vs Gentle Mates,Sunset,Gentle Mates,$ (won),1,0
Champions Tour 2024: EMEA Kickoff,Group Stage,Opening (C),Team Vitality vs Gentle Mates,Sunset,Gentle Mates,$$ (won),7,5
Champions Tour 2024: EMEA Kickoff,Group Stage,Opening (C),Team Vitality vs Gentle Mates,Sunset,Gentle Mates,$$$ (won),12,4
Champions Tour 2024: EMEA Kickoff,Group Stage,Opening (C),Team Vitality vs Gentle Mates,Lotus,Team Vitality,Pistol Won,,2
Champions Tour 2024: EMEA Kickoff,Group Stage,Opening (C),Team Vitality vs Gentle Mates,Lotus,Team Vitality,Eco (won),3,2
Champions Tour 2024: EMEA Kickoff,Group Stage,Opening (C),Team Vitality vs Gentle Mates,Lotus,Team Vitality,$ (won),1,0
Champions Tour 2024: EMEA Kickoff,Group Stage,Opening (C),Team Vitality vs Gentle Mates,Lotus,Team Vitality,$$ (won),8,5
Champions Tour 2024: EMEA Kickoff,Group Stage,Opening (C),Team Vitality vs Gentle Mates,Lotus,Team Vitality,$$$ (won),8,6
Champions Tour 2024: EMEA Kickoff,Group Stage,Opening (C),Team Vitality vs Gentle Mates,Lotus,Gentle Mates,Pistol Won,,0
Champions Tour 2024: EMEA Kickoff,Group Stage,Opening (C),Team Vitality vs Gentle Mates,Lotus,Gentle Mates,Eco (won),3,0
Champions Tour 2024: EMEA Kickoff,Group Stage,Opening (C),Team Vitality vs Gentle Mates,Lotus,Gentle Mates,$ (won),1,0
Champions Tour 2024: EMEA Kickoff,Group Stage,Opening (C),Team Vitality vs Gentle Mates,Lotus,Gentle Mates,$$ (won),8,4
Champions Tour 2024: EMEA Kickoff,Group Stage,Opening (C),Team Vitality vs Gentle Mates,Lotus,Gentle Mates,$$$ (won),8,3
Champions Tour 2024: EMEA Kickoff,Group Stage,Opening (C),Team Vitality vs Gentle Mates,All Maps,Team Vitality,Pistol Won,,3
Champions Tour 2024: EMEA Kickoff,Group Stage,Opening (C),Team Vitality vs Gentle Mates,All Maps,Team Vitality,Eco (won),6,3
Champions Tour 2024: EMEA Kickoff,Group Stage,Opening (C),Team Vitality vs Gentle Mates,All Maps,Team Vitality,$ (won),2,0
Champions Tour 2024: EMEA Kickoff,Group Stage,Opening (C),Team Vitality vs Gentle Mates,All Maps,Team Vitality,$$ (won),14,7
Champions Tour 2024: EMEA Kickoff,Group Stage,Opening (C),Team Vitality vs Gentle Mates,All Maps,Team Vitality,$$$ (won),21,16
Champions Tour 2024: EMEA Kickoff,Group Stage,Opening (C),Team Vitality vs Gentle Mates,All Maps,Gentle Mates,Pistol Won,,1
Champions Tour 2024: EMEA Kickoff,Group Stage,Opening (C),Team Vitality vs Gentle Mates,All Maps,Gentle Mates,Eco (won),6,1
Champions Tour 2024: EMEA Kickoff,Group Stage,Opening (C),Team Vitality vs Gentle Mates,All Maps,Gentle Mates,$ (won),2,0
Champions Tour 2024: EMEA Kickoff,Group Stage,Opening (C),Team Vitality vs Gentle Mates,All Maps,Gentle Mates,$$ (won),15,9
Champions Tour 2024: EMEA Kickoff,Group Stage,Opening (C),Team Vitality vs Gentle Mates,All Maps,Gentle Mates,$$$ (won),20,7
Champions Tour 2024: EMEA Kickoff,Group Stage,Winner's (A),Team Heretics vs Karmine Corp,Split,Team Heretics,Pistol Won,,2
Champions Tour 2024: EMEA Kickoff,Group Stage,Winner's (A),Team Heretics vs Karmine Corp,Split,Team Heretics,Eco (won),2,2
Champions Tour 2024: EMEA Kickoff,Group Stage,Winner's (A),Team Heretics vs Karmine Corp,Split,Team Heretics,$ (won),0,0
Champions Tour 2024: EMEA Kickoff,Group Stage,Winner's (A),Team Heretics vs Karmine Corp,Split,Team Heretics,$$ (won),5,5
Champions Tour 2024: EMEA Kickoff,Group Stage,Winner's (A),Team Heretics vs Karmine Corp,Split,Team Heretics,$$$ (won),10,6
Champions Tour 2024: EMEA Kickoff,Group Stage,Winner's (A),Team Heretics vs Karmine Corp,Split,Karmine Corp,Pistol Won,,0
Champions Tour 2024: EMEA Kickoff,Group Stage,Winner's (A),Team Heretics vs Karmine Corp,Split,Karmine Corp,Eco (won),5,0
Champions Tour 2024: EMEA Kickoff,Group Stage,Winner's (A),Team Heretics vs Karmine Corp,Split,Karmine Corp,$ (won),1,0
Champions Tour 2024: EMEA Kickoff,Group Stage,Winner's (A),Team Heretics vs Karmine Corp,Split,Karmine Corp,$$ (won),5,2
Champions Tour 2024: EMEA Kickoff,Group Stage,Winner's (A),Team Heretics vs Karmine Corp,Split,Karmine Corp,$$$ (won),6,2
Champions Tour 2024: EMEA Kickoff,Group Stage,Winner's (A),Team Heretics vs Karmine Corp,Lotus,Team Heretics,Pistol Won,,1
Champions Tour 2024: EMEA Kickoff,Group Stage,Winner's (A),Team Heretics vs Karmine Corp,Lotus,Team Heretics,Eco (won),3,1
Champions Tour 2024: EMEA Kickoff,Group Stage,Winner's (A),Team Heretics vs Karmine Corp,Lotus,Team Heretics,$ (won),0,0
Champions Tour 2024: EMEA Kickoff,Group Stage,Winner's (A),Team Heretics vs Karmine Corp,Lotus,Team Heretics,$$ (won),3,2
Champions Tour 2024: EMEA Kickoff,Group Stage,Winner's (A),Team Heretics vs Karmine Corp,Lotus,Team Heretics,$$$ (won),11,10
Champions Tour 2024: EMEA Kickoff,Group Stage,Winner's (A),Team Heretics vs Karmine Corp,Lotus,Karmine Corp,Pistol Won,,1
Champions Tour 2024: EMEA Kickoff,Group Stage,Winner's (A),Team Heretics vs Karmine Corp,Lotus,Karmine Corp,Eco (won),3,1
Champions Tour 2024: EMEA Kickoff,Group Stage,Winner's (A),Team Heretics vs Karmine Corp,Lotus,Karmine Corp,$ (won),1,0
Champions Tour 2024: EMEA Kickoff,Group Stage,Winner's (A),Team Heretics vs Karmine Corp,Lotus,Karmine Corp,$$ (won),6,1
Champions Tour 2024: EMEA Kickoff,Group Stage,Winner's (A),Team Heretics vs Karmine Corp,Lotus,Karmine Corp,$$$ (won),7,2
Champions Tour 2024: EMEA Kickoff,Group Stage,Winner's (A),Team Heretics vs Karmine Corp,All Maps,Team Heretics,Pistol Won,,3
Champions Tour 2024: EMEA Kickoff,Group Stage,Winner's (A),Team Heretics vs Karmine Corp,All Maps,Team Heretics,Eco (won),5,3
Champions Tour 2024: EMEA Kickoff,Group Stage,Winner's (A),Team Heretics vs Karmine Corp,All Maps,Team Heretics,$ (won),0,0
Champions Tour 2024: EMEA Kickoff,Group Stage,Winner's (A),Team Heretics vs Karmine Corp,All Maps,Team Heretics,$$ (won),8,7
Champions Tour 2024: EMEA Kickoff,Group Stage,Winner's (A),Team Heretics vs Karmine Corp,All Maps,Team Heretics,$$$ (won),21,16
Champions Tour 2024: EMEA Kickoff,Group Stage,Winner's (A),Team Heretics vs Karmine Corp,All Maps,Karmine Corp,Pistol Won,,1
Champions Tour 2024: EMEA Kickoff,Group Stage,Winner's (A),Team Heretics vs Karmine Corp,All Maps,Karmine Corp,Eco (won),8,1
Champions Tour 2024: EMEA Kickoff,Group Stage,Winner's (A),Team Heretics vs Karmine Corp,All Maps,Karmine Corp,$ (won),2,0
Champions Tour 2024: EMEA Kickoff,Group Stage,Winner's (A),Team Heretics vs Karmine Corp,All Maps,Karmine Corp,$$ (won),11,3
Champions Tour 2024: EMEA Kickoff,Group Stage,Winner's (A),Team Heretics vs Karmine Corp,All Maps,Karmine Corp,$$$ (won),13,4
Champions Tour 2024: EMEA Kickoff,Group Stage,Elimination (A),FUT Esports vs GIANTX,Split,FUT Esports,Pistol Won,,1
Champions Tour 2024: EMEA Kickoff,Group Stage,Elimination (A),FUT Esports vs GIANTX,Split,FUT Esports,Eco (won),3,1
Champions Tour 2024: EMEA Kickoff,Group Stage,Elimination (A),FUT Esports vs GIANTX,Split,FUT Esports,$ (won),0,0
Champions Tour 2024: EMEA Kickoff,Group Stage,Elimination (A),FUT Esports vs GIANTX,Split,FUT Esports,$$ (won),4,3
Champions Tour 2024: EMEA Kickoff,Group Stage,Elimination (A),FUT Esports vs GIANTX,Split,FUT Esports,$$$ (won),12,9
Champions Tour 2024: EMEA Kickoff,Group Stage,Elimination (A),FUT Esports vs GIANTX,Split,GIANTX,Pistol Won,,1
Champions Tour 2024: EMEA Kickoff,Group Stage,Elimination (A),FUT Esports vs GIANTX,Split,GIANTX,Eco (won),3,1
Champions Tour 2024: EMEA Kickoff,Group Stage,Elimination (A),FUT Esports vs GIANTX,Split,GIANTX,$ (won),2,0
Champions Tour 2024: EMEA Kickoff,Group Stage,Elimination (A),FUT Esports vs GIANTX,Split,GIANTX,$$ (won),5,2
Champions Tour 2024: EMEA Kickoff,Group Stage,Elimination (A),FUT Esports vs GIANTX,Split,GIANTX,$$$ (won),9,3
Champions Tour 2024: EMEA Kickoff,Group Stage,Elimination (A),FUT Esports vs GIANTX,Icebox,FUT Esports,Pistol Won,,2
Champions Tour 2024: EMEA Kickoff,Group Stage,Elimination (A),FUT Esports vs GIANTX,Icebox,FUT Esports,Eco (won),2,2
Champions Tour 2024: EMEA Kickoff,Group Stage,Elimination (A),FUT Esports vs GIANTX,Icebox,FUT Esports,$ (won),3,1
Champions Tour 2024: EMEA Kickoff,Group Stage,Elimination (A),FUT Esports vs GIANTX,Icebox,FUT Esports,$$ (won),5,2
Champions Tour 2024: EMEA Kickoff,Group Stage,Elimination (A),FUT Esports vs GIANTX,Icebox,FUT Esports,$$$ (won),11,3
Champions Tour 2024: EMEA Kickoff,Group Stage,Elimination (A),FUT Esports vs GIANTX,Icebox,GIANTX,Pistol Won,,0
Champions Tour 2024: EMEA Kickoff,Group Stage,Elimination (A),FUT Esports vs GIANTX,Icebox,GIANTX,Eco (won),4,0
Champions Tour 2024: EMEA Kickoff,Group Stage,Elimination (A),FUT Esports vs GIANTX,Icebox,GIANTX,$ (won),0,0
Champions Tour 2024: EMEA Kickoff,Group Stage,Elimination (A),FUT Esports vs GIANTX,Icebox,GIANTX,$$ (won),2,2
Champions Tour 2024: EMEA Kickoff,Group Stage,Elimination (A),FUT Esports vs GIANTX,Icebox,GIANTX,$$$ (won),15,11
Champions Tour 2024: EMEA Kickoff,Group Stage,Elimination (A),FUT Esports vs GIANTX,Sunset,FUT Esports,Pistol Won,,2
Champions Tour 2024: EMEA Kickoff,Group Stage,Elimination (A),FUT Esports vs GIANTX,Sunset,FUT Esports,Eco (won),2,2
Champions Tour 2024: EMEA Kickoff,Group Stage,Elimination (A),FUT Esports vs GIANTX,Sunset,FUT Esports,$ (won),0,0
Champions Tour 2024: EMEA Kickoff,Group Stage,Elimination (A),FUT Esports vs GIANTX,Sunset,FUT Esports,$$ (won),5,4
Champions Tour 2024: EMEA Kickoff,Group Stage,Elimination (A),FUT Esports vs GIANTX,Sunset,FUT Esports,$$$ (won),13,7
Champions Tour 2024: EMEA Kickoff,Group Stage,Elimination (A),FUT Esports vs GIANTX,Sunset,GIANTX,Pistol Won,,0
Champions Tour 2024: EMEA Kickoff,Group Stage,Elimination (A),FUT Esports vs GIANTX,Sunset,GIANTX,Eco (won),4,0
Champions Tour 2024: EMEA Kickoff,Group Stage,Elimination (A),FUT Esports vs GIANTX,Sunset,GIANTX,$ (won),2,0
Champions Tour 2024: EMEA Kickoff,Group Stage,Elimination (A),FUT Esports vs GIANTX,Sunset,GIANTX,$$ (won),2,1
Champions Tour 2024: EMEA Kickoff,Group Stage,Elimination (A),FUT Esports vs GIANTX,Sunset,GIANTX,$$$ (won),12,6
Champions Tour 2024: EMEA Kickoff,Group Stage,Elimination (A),FUT Esports vs GIANTX,All Maps,FUT Esports,Pistol Won,,5
Champions Tour 2024: EMEA Kickoff,Group Stage,Elimination (A),FUT Esports vs GIANTX,All Maps,FUT Esports,Eco (won),7,5
Champions Tour 2024: EMEA Kickoff,Group Stage,Elimination (A),FUT Esports vs GIANTX,All Maps,FUT Esports,$ (won),3,1
Champions Tour 2024: EMEA Kickoff,Group Stage,Elimination (A),FUT Esports vs GIANTX,All Maps,FUT Esports,$$ (won),14,9
Champions Tour 2024: EMEA Kickoff,Group Stage,Elimination (A),FUT Esports vs GIANTX,All Maps,FUT Esports,$$$ (won),36,19
Champions Tour 2024: EMEA Kickoff,Group Stage,Elimination (A),FUT Esports vs GIANTX,All Maps,GIANTX,Pistol Won,,1
Champions Tour 2024: EMEA Kickoff,Group Stage,Elimination (A),FUT Esports vs GIANTX,All Maps,GIANTX,Eco (won),11,1
Champions Tour 2024: EMEA Kickoff,Group Stage,Elimination (A),FUT Esports vs GIANTX,All Maps,GIANTX,$ (won),4,0
Champions Tour 2024: EMEA Kickoff,Group Stage,Elimination (A),FUT Esports vs GIANTX,All Maps,GIANTX,$$ (won),9,5
Champions Tour 2024: EMEA Kickoff,Group Stage,Elimination (A),FUT Esports vs GIANTX,All Maps,GIANTX,$$$ (won),36,20
Champions Tour 2024: EMEA Kickoff,Group Stage,Winner's (B),Natus Vincere vs Team Liquid,Split,Natus Vincere,Pistol Won,,2
Champions Tour 2024: EMEA Kickoff,Group Stage,Winner's (B),Natus Vincere vs Team Liquid,Split,Natus Vincere,Eco (won),2,2
Champions Tour 2024: EMEA Kickoff,Group Stage,Winner's (B),Natus Vincere vs Team Liquid,Split,Natus Vincere,$ (won),1,0
Champions Tour 2024: EMEA Kickoff,Group Stage,Winner's (B),Natus Vincere vs Team Liquid,Split,Natus Vincere,$$ (won),8,3
Champions Tour 2024: EMEA Kickoff,Group Stage,Winner's (B),Natus Vincere vs Team Liquid,Split,Natus Vincere,$$$ (won),9,8
Champions Tour 2024: EMEA Kickoff,Group Stage,Winner's (B),Natus Vincere vs Team Liquid,Split,Team Liquid,Pistol Won,,0
Champions Tour 2024: EMEA Kickoff,Group Stage,Winner's (B),Natus Vincere vs Team Liquid,Split,Team Liquid,Eco (won),4,0
Champions Tour 2024: EMEA Kickoff,Group Stage,Winner's (B),Natus Vincere vs Team Liquid,Split,Team Liquid,$ (won),2,0
Champions Tour 2024: EMEA Kickoff,Group Stage,Winner's (B),Natus Vincere vs Team Liquid,Split,Team Liquid,$$ (won),3,0
Champions Tour 2024: EMEA Kickoff,Group Stage,Winner's (B),Natus Vincere vs Team Liquid,Split,Team Liquid,$$$ (won),11,7
Champions Tour 2024: EMEA Kickoff,Group Stage,Winner's (B),Natus Vincere vs Team Liquid,Breeze,Natus Vincere,Pistol Won,,1
Champions Tour 2024: EMEA Kickoff,Group Stage,Winner's (B),Natus Vincere vs Team Liquid,Breeze,Natus Vincere,Eco (won),3,1
Champions Tour 2024: EMEA Kickoff,Group Stage,Winner's (B),Natus Vincere vs Team Liquid,Breeze,Natus Vincere,$ (won),0,0
Champions Tour 2024: EMEA Kickoff,Group Stage,Winner's (B),Natus Vincere vs Team Liquid,Breeze,Natus Vincere,$$ (won),6,4
Champions Tour 2024: EMEA Kickoff,Group Stage,Winner's (B),Natus Vincere vs Team Liquid,Breeze,Natus Vincere,$$$ (won),11,8
Champions Tour 2024: EMEA Kickoff,Group Stage,Winner's (B),Natus Vincere vs Team Liquid,Breeze,Team Liquid,Pistol Won,,1
Champions Tour 2024: EMEA Kickoff,Group Stage,Winner's (B),Natus Vincere vs Team Liquid,Breeze,Team Liquid,Eco (won),3,1
Champions Tour 2024: EMEA Kickoff,Group Stage,Winner's (B),Natus Vincere vs Team Liquid,Breeze,Team Liquid,$ (won),2,0
Champions Tour 2024: EMEA Kickoff,Group Stage,Winner's (B),Natus Vincere vs Team Liquid,Breeze,Team Liquid,$$ (won),6,1
Champions Tour 2024: EMEA Kickoff,Group Stage,Winner's (B),Natus Vincere vs Team Liquid,Breeze,Team Liquid,$$$ (won),9,5
Champions Tour 2024: EMEA Kickoff,Group Stage,Winner's (B),Natus Vincere vs Team Liquid,All Maps,Natus Vincere,Pistol Won,,3
Champions Tour 2024: EMEA Kickoff,Group Stage,Winner's (B),Natus Vincere vs Team Liquid,All Maps,Natus Vincere,Eco (won),5,3
Champions Tour 2024: EMEA Kickoff,Group Stage,Winner's (B),Natus Vincere vs Team Liquid,All Maps,Natus Vincere,$ (won),1,0
Champions Tour 2024: EMEA Kickoff,Group Stage,Winner's (B),Natus Vincere vs Team Liquid,All Maps,Natus Vincere,$$ (won),14,7
Champions Tour 2024: EMEA Kickoff,Group Stage,Winner's (B),Natus Vincere vs Team Liquid,All Maps,Natus Vincere,$$$ (won),20,16
Champions Tour 2024: EMEA Kickoff,Group Stage,Winner's (B),Natus Vincere vs Team Liquid,All Maps,Team Liquid,Pistol Won,,1
Champions Tour 2024: EMEA Kickoff,Group Stage,Winner's (B),Natus Vincere vs Team Liquid,All Maps,Team Liquid,Eco (won),7,1
Champions Tour 2024: EMEA Kickoff,Group Stage,Winner's (B),Natus Vincere vs Team Liquid,All Maps,Team Liquid,$ (won),4,0
Champions Tour 2024: EMEA Kickoff,Group Stage,Winner's (B),Natus Vincere vs Team Liquid,All Maps,Team Liquid,$$ (won),9,1
Champions Tour 2024: EMEA Kickoff,Group Stage,Winner's (B),Natus Vincere vs Team Liquid,All Maps,Team Liquid,$$$ (won),20,12
Champions Tour 2024: EMEA Kickoff,Group Stage,Elimination (B),BBL Esports vs KOI,Bind,BBL Esports,Pistol Won,,1
Champions Tour 2024: EMEA Kickoff,Group Stage,Elimination (B),BBL Esports vs KOI,Bind,BBL Esports,Eco (won),3,1
Champions Tour 2024: EMEA Kickoff,Group Stage,Elimination (B),BBL Esports vs KOI,Bind,BBL Esports,$ (won),2,0
Champions Tour 2024: EMEA Kickoff,Group Stage,Elimination (B),BBL Esports vs KOI,Bind,BBL Esports,$$ (won),3,2
Champions Tour 2024: EMEA Kickoff,Group Stage,Elimination (B),BBL Esports vs KOI,Bind,BBL Esports,$$$ (won),10,2
Champions Tour 2024: EMEA Kickoff,Group Stage,Elimination (B),BBL Esports vs KOI,Bind,KOI,Pistol Won,,1
Champions Tour 2024: EMEA Kickoff,Group Stage,Elimination (B),BBL Esports vs KOI,Bind,KOI,Eco (won),3,1
Champions Tour 2024: EMEA Kickoff,Group Stage,Elimination (B),BBL Esports vs KOI,Bind,KOI,$ (won),0,0
Champions Tour 2024: EMEA Kickoff,Group Stage,Elimination (B),BBL Esports vs KOI,Bind,KOI,$$ (won),3,3
Champions Tour 2024: EMEA Kickoff,Group Stage,Elimination (B),BBL Esports vs KOI,Bind,KOI,$$$ (won),12,9
Champions Tour 2024: EMEA Kickoff,Group Stage,Elimination (B),BBL Esports vs KOI,Split,BBL Esports,Pistol Won,,1
Champions Tour 2024: EMEA Kickoff,Group Stage,Elimination (B),BBL Esports vs KOI,Split,BBL Esports,Eco (won),2,1
Champions Tour 2024: EMEA Kickoff,Group Stage,Elimination (B),BBL Esports vs KOI,Split,BBL Esports,$ (won),2,0
Champions Tour 2024: EMEA Kickoff,Group Stage,Elimination (B),BBL Esports vs KOI,Split,BBL Esports,$$ (won),7,3
Champions Tour 2024: EMEA Kickoff,Group Stage,Elimination (B),BBL Esports vs KOI,Split,BBL Esports,$$$ (won),12,6
Champions Tour 2024: EMEA Kickoff,Group Stage,Elimination (B),BBL Esports vs KOI,Split,KOI,Pistol Won,,1
Champions Tour 2024: EMEA Kickoff,Group Stage,Elimination (B),BBL Esports vs KOI,Split,KOI,Eco (won),3,1
Champions Tour 2024: EMEA Kickoff,Group Stage,Elimination (B),BBL Esports vs KOI,Split,KOI,$ (won),1,0
Champions Tour 2024: EMEA Kickoff,Group Stage,Elimination (B),BBL Esports vs KOI,Split,KOI,$$ (won),6,6
Champions Tour 2024: EMEA Kickoff,Group Stage,Elimination (B),BBL Esports vs KOI,Split,KOI,$$$ (won),13,6
Champions Tour 2024: EMEA Kickoff,Group Stage,Elimination (B),BBL Esports vs KOI,All Maps,BBL Esports,Pistol Won,,2
Champions Tour 2024: EMEA Kickoff,Group Stage,Elimination (B),BBL Esports vs KOI,All Maps,BBL Esports,Eco (won),5,2
Champions Tour 2024: EMEA Kickoff,Group Stage,Elimination (B),BBL Esports vs KOI,All Maps,BBL Esports,$ (won),4,0
Champions Tour 2024: EMEA Kickoff,Group Stage,Elimination (B),BBL Esports vs KOI,All Maps,BBL Esports,$$ (won),10,5
Champions Tour 2024: EMEA Kickoff,Group Stage,Elimination (B),BBL Esports vs KOI,All Maps,BBL Esports,$$$ (won),22,8
Champions Tour 2024: EMEA Kickoff,Group Stage,Elimination (B),BBL Esports vs KOI,All Maps,KOI,Pistol Won,,2
Champions Tour 2024: EMEA Kickoff,Group Stage,Elimination (B),BBL Esports vs KOI,All Maps,KOI,Eco (won),6,2
Champions Tour 2024: EMEA Kickoff,Group Stage,Elimination (B),BBL Esports vs KOI,All Maps,KOI,$ (won),1,0
Champions Tour 2024: EMEA Kickoff,Group Stage,Elimination (B),BBL Esports vs KOI,All Maps,KOI,$$ (won),9,9
Champions Tour 2024: EMEA Kickoff,Group Stage,Elimination (B),BBL Esports vs KOI,All Maps,KOI,$$$ (won),25,15
Champions Tour 2024: EMEA Kickoff,Group Stage,Winner's (C),Team Vitality vs FNATIC,Lotus,Team Vitality,Pistol Won,,2
Champions Tour 2024: EMEA Kickoff,Group Stage,Winner's (C),Team Vitality vs FNATIC,Lotus,Team Vitality,Eco (won),2,2
Champions Tour 2024: EMEA Kickoff,Group Stage,Winner's (C),Team Vitality vs FNATIC,Lotus,Team Vitality,$ (won),1,0
Champions Tour 2024: EMEA Kickoff,Group Stage,Winner's (C),Team Vitality vs FNATIC,Lotus,Team Vitality,$$ (won),13,7
Champions Tour 2024: EMEA Kickoff,Group Stage,Winner's (C),Team Vitality vs FNATIC,Lotus,Team Vitality,$$$ (won),10,3
Champions Tour 2024: EMEA Kickoff,Group Stage,Winner's (C),Team Vitality vs FNATIC,Lotus,FNATIC,Pistol Won,,0
Champions Tour 2024: EMEA Kickoff,Group Stage,Winner's (C),Team Vitality vs FNATIC,Lotus,FNATIC,Eco (won),4,0
Champions Tour 2024: EMEA Kickoff,Group Stage,Winner's (C),Team Vitality vs FNATIC,Lotus,FNATIC,$ (won),2,2
Champions Tour 2024: EMEA Kickoff,Group Stage,Winner's (C),Team Vitality vs FNATIC,Lotus,FNATIC,$$ (won),5,2
Champions Tour 2024: EMEA Kickoff,Group Stage,Winner's (C),Team Vitality vs FNATIC,Lotus,FNATIC,$$$ (won),15,10
Champions Tour 2024: EMEA Kickoff,Group Stage,Winner's (C),Team Vitality vs FNATIC,Ascent,Team Vitality,Pistol Won,,1
Champions Tour 2024: EMEA Kickoff,Group Stage,Winner's (C),Team Vitality vs FNATIC,Ascent,Team Vitality,Eco (won),4,1
Champions Tour 2024: EMEA Kickoff,Group Stage,Winner's (C),Team Vitality vs FNATIC,Ascent,Team Vitality,$ (won),2,0
Champions Tour 2024: EMEA Kickoff,Group Stage,Winner's (C),Team Vitality vs FNATIC,Ascent,Team Vitality,$$ (won),9,2
Champions Tour 2024: EMEA Kickoff,Group Stage,Winner's (C),Team Vitality vs FNATIC,Ascent,Team Vitality,$$$ (won),3,2
Champions Tour 2024: EMEA Kickoff,Group Stage,Winner's (C),Team Vitality vs FNATIC,Ascent,FNATIC,Pistol Won,,1
Champions Tour 2024: EMEA Kickoff,Group Stage,Winner's (C),Team Vitality vs FNATIC,Ascent,FNATIC,Eco (won),3,2
Champions Tour 2024: EMEA Kickoff,Group Stage,Winner's (C),Team Vitality vs FNATIC,Ascent,FNATIC,$ (won),0,0
Champions Tour 2024: EMEA Kickoff,Group Stage,Winner's (C),Team Vitality vs FNATIC,Ascent,FNATIC,$$ (won),1,1
Champions Tour 2024: EMEA Kickoff,Group Stage,Winner's (C),Team Vitality vs FNATIC,Ascent,FNATIC,$$$ (won),14,10
Champions Tour 2024: EMEA Kickoff,Group Stage,Winner's (C),Team Vitality vs FNATIC,All Maps,Team Vitality,Pistol Won,,3
Champions Tour 2024: EMEA Kickoff,Group Stage,Winner's (C),Team Vitality vs FNATIC,All Maps,Team Vitality,Eco (won),6,3
Champions Tour 2024: EMEA Kickoff,Group Stage,Winner's (C),Team Vitality vs FNATIC,All Maps,Team Vitality,$ (won),3,0
Champions Tour 2024: EMEA Kickoff,Group Stage,Winner's (C),Team Vitality vs FNATIC,All Maps,Team Vitality,$$ (won),22,9
Champions Tour 2024: EMEA Kickoff,Group Stage,Winner's (C),Team Vitality vs FNATIC,All Maps,Team Vitality,$$$ (won),13,5
Champions Tour 2024: EMEA Kickoff,Group Stage,Winner's (C),Team Vitality vs FNATIC,All Maps,FNATIC,Pistol Won,,1
Champions Tour 2024: EMEA Kickoff,Group Stage,Winner's (C),Team Vitality vs FNATIC,All Maps,FNATIC,Eco (won),7,2
Champions Tour 2024: EMEA Kickoff,Group Stage,Winner's (C),Team Vitality vs FNATIC,All Maps,FNATIC,$ (won),2,2
Champions Tour 2024: EMEA Kickoff,Group Stage,Winner's (C),Team Vitality vs FNATIC,All Maps,FNATIC,$$ (won),6,3
Champions Tour 2024: EMEA Kickoff,Group Stage,Winner's (C),Team Vitality vs FNATIC,All Maps,FNATIC,$$$ (won),29,20
Champions Tour 2024: EMEA Kickoff,Group Stage,Decider (C),Team Vitality vs Gentle Mates,Breeze,Team Vitality,Pistol Won,,0
Champions Tour 2024: EMEA Kickoff,Group Stage,Decider (C),Team Vitality vs Gentle Mates,Breeze,Team Vitality,Eco (won),4,1
Champions Tour 2024: EMEA Kickoff,Group Stage,Decider (C),Team Vitality vs Gentle Mates,Breeze,Team Vitality,$ (won),2,1
Champions Tour 2024: EMEA Kickoff,Group Stage,Decider (C),Team Vitality vs Gentle Mates,Breeze,Team Vitality,$$ (won),2,0
Champions Tour 2024: EMEA Kickoff,Group Stage,Decider (C),Team Vitality vs Gentle Mates,Breeze,Team Vitality,$$$ (won),9,2
Champions Tour 2024: EMEA Kickoff,Group Stage,Decider (C),Team Vitality vs Gentle Mates,Breeze,Gentle Mates,Pistol Won,,2
Champions Tour 2024: EMEA Kickoff,Group Stage,Decider (C),Team Vitality vs Gentle Mates,Breeze,Gentle Mates,Eco (won),3,2
Champions Tour 2024: EMEA Kickoff,Group Stage,Decider (C),Team Vitality vs Gentle Mates,Breeze,Gentle Mates,$ (won),0,0
Champions Tour 2024: EMEA Kickoff,Group Stage,Decider (C),Team Vitality vs Gentle Mates,Breeze,Gentle Mates,$$ (won),4,2
Champions Tour 2024: EMEA Kickoff,Group Stage,Decider (C),Team Vitality vs Gentle Mates,Breeze,Gentle Mates,$$$ (won),10,9
Champions Tour 2024: EMEA Kickoff,Group Stage,Decider (C),Team Vitality vs Gentle Mates,Lotus,Team Vitality,Pistol Won,,1
Champions Tour 2024: EMEA Kickoff,Group Stage,Decider (C),Team Vitality vs Gentle Mates,Lotus,Team Vitality,Eco (won),4,2
Champions Tour 2024: EMEA Kickoff,Group Stage,Decider (C),Team Vitality vs Gentle Mates,Lotus,Team Vitality,$ (won),0,0
Champions Tour 2024: EMEA Kickoff,Group Stage,Decider (C),Team Vitality vs Gentle Mates,Lotus,Team Vitality,$$ (won),6,3
Champions Tour 2024: EMEA Kickoff,Group Stage,Decider (C),Team Vitality vs Gentle Mates,Lotus,Team Vitality,$$$ (won),18,10
Champions Tour 2024: EMEA Kickoff,Group Stage,Decider (C),Team Vitality vs Gentle Mates,Lotus,Gentle Mates,Pistol Won,,1
Champions Tour 2024: EMEA Kickoff,Group Stage,Decider (C),Team Vitality vs Gentle Mates,Lotus,Gentle Mates,Eco (won),4,1
Champions Tour 2024: EMEA Kickoff,Group Stage,Decider (C),Team Vitality vs Gentle Mates,Lotus,Gentle Mates,$ (won),1,0
Champions Tour 2024: EMEA Kickoff,Group Stage,Decider (C),Team Vitality vs Gentle Mates,Lotus,Gentle Mates,$$ (won),8,3
Champions Tour 2024: EMEA Kickoff,Group Stage,Decider (C),Team Vitality vs Gentle Mates,Lotus,Gentle Mates,$$$ (won),15,9
Champions Tour 2024: EMEA Kickoff,Group Stage,Decider (C),Team Vitality vs Gentle Mates,Sunset,Team Vitality,Pistol Won,,2
Champions Tour 2024: EMEA Kickoff,Group Stage,Decider (C),Team Vitality vs Gentle Mates,Sunset,Team Vitality,Eco (won),3,2
Champions Tour 2024: EMEA Kickoff,Group Stage,Decider (C),Team Vitality vs Gentle Mates,Sunset,Team Vitality,$ (won),0,0
Champions Tour 2024: EMEA Kickoff,Group Stage,Decider (C),Team Vitality vs Gentle Mates,Sunset,Team Vitality,$$ (won),3,2
Champions Tour 2024: EMEA Kickoff,Group Stage,Decider (C),Team Vitality vs Gentle Mates,Sunset,Team Vitality,$$$ (won),10,9
Champions Tour 2024: EMEA Kickoff,Group Stage,Decider (C),Team Vitality vs Gentle Mates,Sunset,Gentle Mates,Pistol Won,,0
Champions Tour 2024: EMEA Kickoff,Group Stage,Decider (C),Team Vitality vs Gentle Mates,Sunset,Gentle Mates,Eco (won),3,0
Champions Tour 2024: EMEA Kickoff,Group Stage,Decider (C),Team Vitality vs Gentle Mates,Sunset,Gentle Mates,$ (won),1,1
Champions Tour 2024: EMEA Kickoff,Group Stage,Decider (C),Team Vitality vs Gentle Mates,Sunset,Gentle Mates,$$ (won),7,2
Champions Tour 2024: EMEA Kickoff,Group Stage,Decider (C),Team Vitality vs Gentle Mates,Sunset,Gentle Mates,$$$ (won),5,0
Champions Tour 2024: EMEA Kickoff,Group Stage,Decider (C),Team Vitality vs Gentle Mates,All Maps,Team Vitality,Pistol Won,,3
Champions Tour 2024: EMEA Kickoff,Group Stage,Decider (C),Team Vitality vs Gentle Mates,All Maps,Team Vitality,Eco (won),11,5
Champions Tour 2024: EMEA Kickoff,Group Stage,Decider (C),Team Vitality vs Gentle Mates,All Maps,Team Vitality,$ (won),2,1
Champions Tour 2024: EMEA Kickoff,Group Stage,Decider (C),Team Vitality vs Gentle Mates,All Maps,Team Vitality,$$ (won),11,5
Champions Tour 2024: EMEA Kickoff,Group Stage,Decider (C),Team Vitality vs Gentle Mates,All Maps,Team Vitality,$$$ (won),37,21
Champions Tour 2024: EMEA Kickoff,Group Stage,Decider (C),Team Vitality vs Gentle Mates,All Maps,Gentle Mates,Pistol Won,,3
Champions Tour 2024: EMEA Kickoff,Group Stage,Decider (C),Team Vitality vs Gentle Mates,All Maps,Gentle Mates,Eco (won),10,3
Champions Tour 2024: EMEA Kickoff,Group Stage,Decider (C),Team Vitality vs Gentle Mates,All Maps,Gentle Mates,$ (won),2,1
Champions Tour 2024: EMEA Kickoff,Group Stage,Decider (C),Team Vitality vs Gentle Mates,All Maps,Gentle Mates,$$ (won),19,7
Champions Tour 2024: EMEA Kickoff,Group Stage,Decider (C),Team Vitality vs Gentle Mates,All Maps,Gentle Mates,$$$ (won),30,18
Champions Tour 2024: EMEA Kickoff,Group Stage,Decider (A),Karmine Corp vs FUT Esports,Lotus,Karmine Corp,Pistol Won,,1
Champions Tour 2024: EMEA Kickoff,Group Stage,Decider (A),Karmine Corp vs FUT Esports,Lotus,Karmine Corp,Eco (won),3,1
Champions Tour 2024: EMEA Kickoff,Group Stage,Decider (A),Karmine Corp vs FUT Esports,Lotus,Karmine Corp,$ (won),0,0
Champions Tour 2024: EMEA Kickoff,Group Stage,Decider (A),Karmine Corp vs FUT Esports,Lotus,Karmine Corp,$$ (won),5,3
Champions Tour 2024: EMEA Kickoff,Group Stage,Decider (A),Karmine Corp vs FUT Esports,Lotus,Karmine Corp,$$$ (won),30,16
Champions Tour 2024: EMEA Kickoff,Group Stage,Decider (A),Karmine Corp vs FUT Esports,Lotus,FUT Esports,Pistol Won,,1
Champions Tour 2024: EMEA Kickoff,Group Stage,Decider (A),Karmine Corp vs FUT Esports,Lotus,FUT Esports,Eco (won),3,1
Champions Tour 2024: EMEA Kickoff,Group Stage,Decider (A),Karmine Corp vs FUT Esports,Lotus,FUT Esports,$ (won),3,2
Champions Tour 2024: EMEA Kickoff,Group Stage,Decider (A),Karmine Corp vs FUT Esports,Lotus,FUT Esports,$$ (won),5,3
Champions Tour 2024: EMEA Kickoff,Group Stage,Decider (A),Karmine Corp vs FUT Esports,Lotus,FUT Esports,$$$ (won),27,12
Champions Tour 2024: EMEA Kickoff,Group Stage,Decider (A),Karmine Corp vs FUT Esports,Bind,Karmine Corp,Pistol Won,,1
Champions Tour 2024: EMEA Kickoff,Group Stage,Decider (A),Karmine Corp vs FUT Esports,Bind,Karmine Corp,Eco (won),2,1
Champions Tour 2024: EMEA Kickoff,Group Stage,Decider (A),Karmine Corp vs FUT Esports,Bind,Karmine Corp,$ (won),4,0
Champions Tour 2024: EMEA Kickoff,Group Stage,Decider (A),Karmine Corp vs FUT Esports,Bind,Karmine Corp,$$ (won),5,1
Champions Tour 2024: EMEA Kickoff,Group Stage,Decider (A),Karmine Corp vs FUT Esports,Bind,Karmine Corp,$$$ (won),6,2
Champions Tour 2024: EMEA Kickoff,Group Stage,Decider (A),Karmine Corp vs FUT Esports,Bind,FUT Esports,Pistol Won,,1
Champions Tour 2024: EMEA Kickoff,Group Stage,Decider (A),Karmine Corp vs FUT Esports,Bind,FUT Esports,Eco (won),3,2
Champions Tour 2024: EMEA Kickoff,Group Stage,Decider (A),Karmine Corp vs FUT Esports,Bind,FUT Esports,$ (won),0,0
Champions Tour 2024: EMEA Kickoff,Group Stage,Decider (A),Karmine Corp vs FUT Esports,Bind,FUT Esports,$$ (won),2,1
Champions Tour 2024: EMEA Kickoff,Group Stage,Decider (A),Karmine Corp vs FUT Esports,Bind,FUT Esports,$$$ (won),12,10
Champions Tour 2024: EMEA Kickoff,Group Stage,Decider (A),Karmine Corp vs FUT Esports,Sunset,Karmine Corp,Pistol Won,,1
Champions Tour 2024: EMEA Kickoff,Group Stage,Decider (A),Karmine Corp vs FUT Esports,Sunset,Karmine Corp,Eco (won),3,1
Champions Tour 2024: EMEA Kickoff,Group Stage,Decider (A),Karmine Corp vs FUT Esports,Sunset,Karmine Corp,$ (won),1,0
Champions Tour 2024: EMEA Kickoff,Group Stage,Decider (A),Karmine Corp vs FUT Esports,Sunset,Karmine Corp,$$ (won),5,5
Champions Tour 2024: EMEA Kickoff,Group Stage,Decider (A),Karmine Corp vs FUT Esports,Sunset,Karmine Corp,$$$ (won),11,7
Champions Tour 2024: EMEA Kickoff,Group Stage,Decider (A),Karmine Corp vs FUT Esports,Sunset,FUT Esports,Pistol Won,,1
Champions Tour 2024: EMEA Kickoff,Group Stage,Decider (A),Karmine Corp vs FUT Esports,Sunset,FUT Esports,Eco (won),3,1
Champions Tour 2024: EMEA Kickoff,Group Stage,Decider (A),Karmine Corp vs FUT Esports,Sunset,FUT Esports,$ (won),0,0
Champions Tour 2024: EMEA Kickoff,Group Stage,Decider (A),Karmine Corp vs FUT Esports,Sunset,FUT Esports,$$ (won),7,4
Champions Tour 2024: EMEA Kickoff,Group Stage,Decider (A),Karmine Corp vs FUT Esports,Sunset,FUT Esports,$$$ (won),10,2
Champions Tour 2024: EMEA Kickoff,Group Stage,Decider (A),Karmine Corp vs FUT Esports,All Maps,Karmine Corp,Pistol Won,,3
Champions Tour 2024: EMEA Kickoff,Group Stage,Decider (A),Karmine Corp vs FUT Esports,All Maps,Karmine Corp,Eco (won),8,3
Champions Tour 2024: EMEA Kickoff,Group Stage,Decider (A),Karmine Corp vs FUT Esports,All Maps,Karmine Corp,$ (won),5,0
Champions Tour 2024: EMEA Kickoff,Group Stage,Decider (A),Karmine Corp vs FUT Esports,All Maps,Karmine Corp,$$ (won),15,9
Champions Tour 2024: EMEA Kickoff,Group Stage,Decider (A),Karmine Corp vs FUT Esports,All Maps,Karmine Corp,$$$ (won),47,25
Champions Tour 2024: EMEA Kickoff,Group Stage,Decider (A),Karmine Corp vs FUT Esports,All Maps,FUT Esports,Pistol Won,,3
Champions Tour 2024: EMEA Kickoff,Group Stage,Decider (A),Karmine Corp vs FUT Esports,All Maps,FUT Esports,Eco (won),9,4
Champions Tour 2024: EMEA Kickoff,Group Stage,Decider (A),Karmine Corp vs FUT Esports,All Maps,FUT Esports,$ (won),3,2
Champions Tour 2024: EMEA Kickoff,Group Stage,Decider (A),Karmine Corp vs FUT Esports,All Maps,FUT Esports,$$ (won),14,8
Champions Tour 2024: EMEA Kickoff,Group Stage,Decider (A),Karmine Corp vs FUT Esports,All Maps,FUT Esports,$$$ (won),49,24
Champions Tour 2024: EMEA Kickoff,Group Stage,Decider (B),Team Liquid vs KOI,Sunset,Team Liquid,Pistol Won,,1
Champions Tour 2024: EMEA Kickoff,Group Stage,Decider (B),Team Liquid vs KOI,Sunset,Team Liquid,Eco (won),3,1
Champions Tour 2024: EMEA Kickoff,Group Stage,Decider (B),Team Liquid vs KOI,Sunset,Team Liquid,$ (won),1,0
Champions Tour 2024: EMEA Kickoff,Group Stage,Decider (B),Team Liquid vs KOI,Sunset,Team Liquid,$$ (won),6,4
Champions Tour 2024: EMEA Kickoff,Group Stage,Decider (B),Team Liquid vs KOI,Sunset,Team Liquid,$$$ (won),14,6
Champions Tour 2024: EMEA Kickoff,Group Stage,Decider (B),Team Liquid vs KOI,Sunset,KOI,Pistol Won,,1
Champions Tour 2024: EMEA Kickoff,Group Stage,Decider (B),Team Liquid vs KOI,Sunset,KOI,Eco (won),3,1
Champions Tour 2024: EMEA Kickoff,Group Stage,Decider (B),Team Liquid vs KOI,Sunset,KOI,$ (won),1,0
Champions Tour 2024: EMEA Kickoff,Group Stage,Decider (B),Team Liquid vs KOI,Sunset,KOI,$$ (won),3,2
Champions Tour 2024: EMEA Kickoff,Group Stage,Decider (B),Team Liquid vs KOI,Sunset,KOI,$$$ (won),17,10
Champions Tour 2024: EMEA Kickoff,Group Stage,Decider (B),Team Liquid vs KOI,Icebox,Team Liquid,Pistol Won,,1
Champions Tour 2024: EMEA Kickoff,Group Stage,Decider (B),Team Liquid vs KOI,Icebox,Team Liquid,Eco (won),2,1
Champions Tour 2024: EMEA Kickoff,Group Stage,Decider (B),Team Liquid vs KOI,Icebox,Team Liquid,$ (won),2,1
Champions Tour 2024: EMEA Kickoff,Group Stage,Decider (B),Team Liquid vs KOI,Icebox,Team Liquid,$$ (won),4,3
Champions Tour 2024: EMEA Kickoff,Group Stage,Decider (B),Team Liquid vs KOI,Icebox,Team Liquid,$$$ (won),18,9
Champions Tour 2024: EMEA Kickoff,Group Stage,Decider (B),Team Liquid vs KOI,Icebox,KOI,Pistol Won,,1
Champions Tour 2024: EMEA Kickoff,Group Stage,Decider (B),Team Liquid vs KOI,Icebox,KOI,Eco (won),2,1
Champions Tour 2024: EMEA Kickoff,Group Stage,Decider (B),Team Liquid vs KOI,Icebox,KOI,$ (won),3,0
Champions Tour 2024: EMEA Kickoff,Group Stage,Decider (B),Team Liquid vs KOI,Icebox,KOI,$$ (won),6,4
Champions Tour 2024: EMEA Kickoff,Group Stage,Decider (B),Team Liquid vs KOI,Icebox,KOI,$$$ (won),15,7
Champions Tour 2024: EMEA Kickoff,Group Stage,Decider (B),Team Liquid vs KOI,Split,Team Liquid,Pistol Won,,0
Champions Tour 2024: EMEA Kickoff,Group Stage,Decider (B),Team Liquid vs KOI,Split,Team Liquid,Eco (won),4,0
Champions Tour 2024: EMEA Kickoff,Group Stage,Decider (B),Team Liquid vs KOI,Split,Team Liquid,$ (won),1,0
Champions Tour 2024: EMEA Kickoff,Group Stage,Decider (B),Team Liquid vs KOI,Split,Team Liquid,$$ (won),3,2
Champions Tour 2024: EMEA Kickoff,Group Stage,Decider (B),Team Liquid vs KOI,Split,Team Liquid,$$$ (won),15,8
Champions Tour 2024: EMEA Kickoff,Group Stage,Decider (B),Team Liquid vs KOI,Split,KOI,Pistol Won,,2
Champions Tour 2024: EMEA Kickoff,Group Stage,Decider (B),Team Liquid vs KOI,Split,KOI,Eco (won),2,2
Champions Tour 2024: EMEA Kickoff,Group Stage,Decider (B),Team Liquid vs KOI,Split,KOI,$ (won),1,1
Champions Tour 2024: EMEA Kickoff,Group Stage,Decider (B),Team Liquid vs KOI,Split,KOI,$$ (won),12,5
Champions Tour 2024: EMEA Kickoff,Group Stage,Decider (B),Team Liquid vs KOI,Split,KOI,$$$ (won),8,5
Champions Tour 2024: EMEA Kickoff,Group Stage,Decider (B),Team Liquid vs KOI,All Maps,Team Liquid,Pistol Won,,2
Champions Tour 2024: EMEA Kickoff,Group Stage,Decider (B),Team Liquid vs KOI,All Maps,Team Liquid,Eco (won),9,2
Champions Tour 2024: EMEA Kickoff,Group Stage,Decider (B),Team Liquid vs KOI,All Maps,Team Liquid,$ (won),4,1
Champions Tour 2024: EMEA Kickoff,Group Stage,Decider (B),Team Liquid vs KOI,All Maps,Team Liquid,$$ (won),13,9
Champions Tour 2024: EMEA Kickoff,Group Stage,Decider (B),Team Liquid vs KOI,All Maps,Team Liquid,$$$ (won),47,23
Champions Tour 2024: EMEA Kickoff,Group Stage,Decider (B),Team Liquid vs KOI,All Maps,KOI,Pistol Won,,4
Champions Tour 2024: EMEA Kickoff,Group Stage,Decider (B),Team Liquid vs KOI,All Maps,KOI,Eco (won),7,4
Champions Tour 2024: EMEA Kickoff,Group Stage,Decider (B),Team Liquid vs KOI,All Maps,KOI,$ (won),5,1
Champions Tour 2024: EMEA Kickoff,Group Stage,Decider (B),Team Liquid vs KOI,All Maps,KOI,$$ (won),21,11
Champions Tour 2024: EMEA Kickoff,Group Stage,Decider (B),Team Liquid vs KOI,All Maps,KOI,$$$ (won),40,22
Champions Tour 2024: EMEA Kickoff,Play-In Stage,Play-ins,Karmine Corp vs Team Vitality,Sunset,Karmine Corp,Pistol Won,,0
Champions Tour 2024: EMEA Kickoff,Play-In Stage,Play-ins,Karmine Corp vs Team Vitality,Sunset,Karmine Corp,Eco (won),4,0
Champions Tour 2024: EMEA Kickoff,Play-In Stage,Play-ins,Karmine Corp vs Team Vitality,Sunset,Karmine Corp,$ (won),0,0
Champions Tour 2024: EMEA Kickoff,Play-In Stage,Play-ins,Karmine Corp vs Team Vitality,Sunset,Karmine Corp,$$ (won),0,0
Champions Tour 2024: EMEA Kickoff,Play-In Stage,Play-ins,Karmine Corp vs Team Vitality,Sunset,Karmine Corp,$$$ (won),17,13
Champions Tour 2024: EMEA Kickoff,Play-In Stage,Play-ins,Karmine Corp vs Team Vitality,Sunset,Team Vitality,Pistol Won,,2
Champions Tour 2024: EMEA Kickoff,Play-In Stage,Play-ins,Karmine Corp vs Team Vitality,Sunset,Team Vitality,Eco (won),2,2
Champions Tour 2024: EMEA Kickoff,Play-In Stage,Play-ins,Karmine Corp vs Team Vitality,Sunset,Team Vitality,$ (won),1,0
Champions Tour 2024: EMEA Kickoff,Play-In Stage,Play-ins,Karmine Corp vs Team Vitality,Sunset,Team Vitality,$$ (won),14,6
Champions Tour 2024: EMEA Kickoff,Play-In Stage,Play-ins,Karmine Corp vs Team Vitality,Sunset,Team Vitality,$$$ (won),4,0
Champions Tour 2024: EMEA Kickoff,Play-In Stage,Play-ins,Karmine Corp vs Team Vitality,Ascent,Karmine Corp,Pistol Won,,0
Champions Tour 2024: EMEA Kickoff,Play-In Stage,Play-ins,Karmine Corp vs Team Vitality,Ascent,Karmine Corp,Eco (won),3,0
Champions Tour 2024: EMEA Kickoff,Play-In Stage,Play-ins,Karmine Corp vs Team Vitality,Ascent,Karmine Corp,$ (won),2,0
Champions Tour 2024: EMEA Kickoff,Play-In Stage,Play-ins,Karmine Corp vs Team Vitality,Ascent,Karmine Corp,$$ (won),4,3
Champions Tour 2024: EMEA Kickoff,Play-In Stage,Play-ins,Karmine Corp vs Team Vitality,Ascent,Karmine Corp,$$$ (won),19,12
Champions Tour 2024: EMEA Kickoff,Play-In Stage,Play-ins,Karmine Corp vs Team Vitality,Ascent,Team Vitality,Pistol Won,,2
Champions Tour 2024: EMEA Kickoff,Play-In Stage,Play-ins,Karmine Corp vs Team Vitality,Ascent,Team Vitality,Eco (won),2,2
Champions Tour 2024: EMEA Kickoff,Play-In Stage,Play-ins,Karmine Corp vs Team Vitality,Ascent,Team Vitality,$ (won),1,0
Champions Tour 2024: EMEA Kickoff,Play-In Stage,Play-ins,Karmine Corp vs Team Vitality,Ascent,Team Vitality,$$ (won),11,6
Champions Tour 2024: EMEA Kickoff,Play-In Stage,Play-ins,Karmine Corp vs Team Vitality,Ascent,Team Vitality,$$$ (won),14,5
Champions Tour 2024: EMEA Kickoff,Play-In Stage,Play-ins,Karmine Corp vs Team Vitality,All Maps,Karmine Corp,Pistol Won,,0
Champions Tour 2024: EMEA Kickoff,Play-In Stage,Play-ins,Karmine Corp vs Team Vitality,All Maps,Karmine Corp,Eco (won),7,0
Champions Tour 2024: EMEA Kickoff,Play-In Stage,Play-ins,Karmine Corp vs Team Vitality,All Maps,Karmine Corp,$ (won),2,0
Champions Tour 2024: EMEA Kickoff,Play-In Stage,Play-ins,Karmine Corp vs Team Vitality,All Maps,Karmine Corp,$$ (won),4,3
Champions Tour 2024: EMEA Kickoff,Play-In Stage,Play-ins,Karmine Corp vs Team Vitality,All Maps,Karmine Corp,$$$ (won),36,25
Champions Tour 2024: EMEA Kickoff,Play-In Stage,Play-ins,Karmine Corp vs Team Vitality,All Maps,Team Vitality,Pistol Won,,4
Champions Tour 2024: EMEA Kickoff,Play-In Stage,Play-ins,Karmine Corp vs Team Vitality,All Maps,Team Vitality,Eco (won),4,4
Champions Tour 2024: EMEA Kickoff,Play-In Stage,Play-ins,Karmine Corp vs Team Vitality,All Maps,Team Vitality,$ (won),2,0
Champions Tour 2024: EMEA Kickoff,Play-In Stage,Play-ins,Karmine Corp vs Team Vitality,All Maps,Team Vitality,$$ (won),25,12
Champions Tour 2024: EMEA Kickoff,Play-In Stage,Play-ins,Karmine Corp vs Team Vitality,All Maps,Team Vitality,$$$ (won),18,5
Champions Tour 2024: EMEA Kickoff,Play-In Stage,Play-ins,KOI vs Team Vitality,Sunset,KOI,Pistol Won,,1
Champions Tour 2024: EMEA Kickoff,Play-In Stage,Play-ins,KOI vs Team Vitality,Sunset,KOI,Eco (won),3,1
Champions Tour 2024: EMEA Kickoff,Play-In Stage,Play-ins,KOI vs Team Vitality,Sunset,KOI,$ (won),1,0
Champions Tour 2024: EMEA Kickoff,Play-In Stage,Play-ins,KOI vs Team Vitality,Sunset,KOI,$$ (won),8,3
Champions Tour 2024: EMEA Kickoff,Play-In Stage,Play-ins,KOI vs Team Vitality,Sunset,KOI,$$$ (won),10,5
Champions Tour 2024: EMEA Kickoff,Play-In Stage,Play-ins,KOI vs Team Vitality,Sunset,Team Vitality,Pistol Won,,1
Champions Tour 2024: EMEA Kickoff,Play-In Stage,Play-ins,KOI vs Team Vitality,Sunset,Team Vitality,Eco (won),3,1
Champions Tour 2024: EMEA Kickoff,Play-In Stage,Play-ins,KOI vs Team Vitality,Sunset,Team Vitality,$ (won),1,0
Champions Tour 2024: EMEA Kickoff,Play-In Stage,Play-ins,KOI vs Team Vitality,Sunset,Team Vitality,$$ (won),5,2
Champions Tour 2024: EMEA Kickoff,Play-In Stage,Play-ins,KOI vs Team Vitality,Sunset,Team Vitality,$$$ (won),13,10
Champions Tour 2024: EMEA Kickoff,Play-In Stage,Play-ins,KOI vs Team Vitality,Breeze,KOI,Pistol Won,,0
Champions Tour 2024: EMEA Kickoff,Play-In Stage,Play-ins,KOI vs Team Vitality,Breeze,KOI,Eco (won),3,1
Champions Tour 2024: EMEA Kickoff,Play-In Stage,Play-ins,KOI vs Team Vitality,Breeze,KOI,$ (won),3,0
Champions Tour 2024: EMEA Kickoff,Play-In Stage,Play-ins,KOI vs Team Vitality,Breeze,KOI,$$ (won),2,0
Champions Tour 2024: EMEA Kickoff,Play-In Stage,Play-ins,KOI vs Team Vitality,Breeze,KOI,$$$ (won),11,5
Champions Tour 2024: EMEA Kickoff,Play-In Stage,Play-ins,KOI vs Team Vitality,Breeze,Team Vitality,Pistol Won,,2
Champions Tour 2024: EMEA Kickoff,Play-In Stage,Play-ins,KOI vs Team Vitality,Breeze,Team Vitality,Eco (won),2,2
Champions Tour 2024: EMEA Kickoff,Play-In Stage,Play-ins,KOI vs Team Vitality,Breeze,Team Vitality,$ (won),2,0
Champions Tour 2024: EMEA Kickoff,Play-In Stage,Play-ins,KOI vs Team Vitality,Breeze,Team Vitality,$$ (won),5,3
Champions Tour 2024: EMEA Kickoff,Play-In Stage,Play-ins,KOI vs Team Vitality,Breeze,Team Vitality,$$$ (won),10,8
Champions Tour 2024: EMEA Kickoff,Play-In Stage,Play-ins,KOI vs Team Vitality,All Maps,KOI,Pistol Won,,1
Champions Tour 2024: EMEA Kickoff,Play-In Stage,Play-ins,KOI vs Team Vitality,All Maps,KOI,Eco (won),6,2
Champions Tour 2024: EMEA Kickoff,Play-In Stage,Play-ins,KOI vs Team Vitality,All Maps,KOI,$ (won),4,0
Champions Tour 2024: EMEA Kickoff,Play-In Stage,Play-ins,KOI vs Team Vitality,All Maps,KOI,$$ (won),10,3
Champions Tour 2024: EMEA Kickoff,Play-In Stage,Play-ins,KOI vs Team Vitality,All Maps,KOI,$$$ (won),21,10
Champions Tour 2024: EMEA Kickoff,Play-In Stage,Play-ins,KOI vs Team Vitality,All Maps,Team Vitality,Pistol Won,,3
Champions Tour 2024: EMEA Kickoff,Play-In Stage,Play-ins,KOI vs Team Vitality,All Maps,Team Vitality,Eco (won),5,3
Champions Tour 2024: EMEA Kickoff,Play-In Stage,Play-ins,KOI vs Team Vitality,All Maps,Team Vitality,$ (won),3,0
Champions Tour 2024: EMEA Kickoff,Play-In Stage,Play-ins,KOI vs Team Vitality,All Maps,Team Vitality,$$ (won),10,5
Champions Tour 2024: EMEA Kickoff,Play-In Stage,Play-ins,KOI vs Team Vitality,All Maps,Team Vitality,$$$ (won),23,18
Champions Tour 2024: EMEA Kickoff,Play-In Stage,Play-ins,Karmine Corp vs KOI,Sunset,Karmine Corp,Pistol Won,,2
Champions Tour 2024: EMEA Kickoff,Play-In Stage,Play-ins,Karmine Corp vs KOI,Sunset,Karmine Corp,Eco (won),2,2
Champions Tour 2024: EMEA Kickoff,Play-In Stage,Play-ins,Karmine Corp vs KOI,Sunset,Karmine Corp,$ (won),1,0
Champions Tour 2024: EMEA Kickoff,Play-In Stage,Play-ins,Karmine Corp vs KOI,Sunset,Karmine Corp,$$ (won),4,4
Champions Tour 2024: EMEA Kickoff,Play-In Stage,Play-ins,Karmine Corp vs KOI,Sunset,Karmine Corp,$$$ (won),10,7
Champions Tour 2024: EMEA Kickoff,Play-In Stage,Play-ins,Karmine Corp vs KOI,Sunset,KOI,Pistol Won,,0
Champions Tour 2024: EMEA Kickoff,Play-In Stage,Play-ins,Karmine Corp vs KOI,Sunset,KOI,Eco (won),4,0
Champions Tour 2024: EMEA Kickoff,Play-In Stage,Play-ins,Karmine Corp vs KOI,Sunset,KOI,$ (won),2,0
Champions Tour 2024: EMEA Kickoff,Play-In Stage,Play-ins,Karmine Corp vs KOI,Sunset,KOI,$$ (won),6,2
Champions Tour 2024: EMEA Kickoff,Play-In Stage,Play-ins,Karmine Corp vs KOI,Sunset,KOI,$$$ (won),5,2
Champions Tour 2024: EMEA Kickoff,Play-In Stage,Play-ins,Karmine Corp vs KOI,Bind,Karmine Corp,Pistol Won,,1
Champions Tour 2024: EMEA Kickoff,Play-In Stage,Play-ins,Karmine Corp vs KOI,Bind,Karmine Corp,Eco (won),3,1
Champions Tour 2024: EMEA Kickoff,Play-In Stage,Play-ins,Karmine Corp vs KOI,Bind,Karmine Corp,$ (won),0,0
Champions Tour 2024: EMEA Kickoff,Play-In Stage,Play-ins,Karmine Corp vs KOI,Bind,Karmine Corp,$$ (won),3,2
Champions Tour 2024: EMEA Kickoff,Play-In Stage,Play-ins,Karmine Corp vs KOI,Bind,Karmine Corp,$$$ (won),14,10
Champions Tour 2024: EMEA Kickoff,Play-In Stage,Play-ins,Karmine Corp vs KOI,Bind,KOI,Pistol Won,,1
Champions Tour 2024: EMEA Kickoff,Play-In Stage,Play-ins,Karmine Corp vs KOI,Bind,KOI,Eco (won),3,1
Champions Tour 2024: EMEA Kickoff,Play-In Stage,Play-ins,Karmine Corp vs KOI,Bind,KOI,$ (won),2,0
Champions Tour 2024: EMEA Kickoff,Play-In Stage,Play-ins,Karmine Corp vs KOI,Bind,KOI,$$ (won),5,3
Champions Tour 2024: EMEA Kickoff,Play-In Stage,Play-ins,Karmine Corp vs KOI,Bind,KOI,$$$ (won),10,3
Champions Tour 2024: EMEA Kickoff,Play-In Stage,Play-ins,Karmine Corp vs KOI,All Maps,Karmine Corp,Pistol Won,,3
Champions Tour 2024: EMEA Kickoff,Play-In Stage,Play-ins,Karmine Corp vs KOI,All Maps,Karmine Corp,Eco (won),5,3
Champions Tour 2024: EMEA Kickoff,Play-In Stage,Play-ins,Karmine Corp vs KOI,All Maps,Karmine Corp,$ (won),1,0
Champions Tour 2024: EMEA Kickoff,Play-In Stage,Play-ins,Karmine Corp vs KOI,All Maps,Karmine Corp,$$ (won),7,6
Champions Tour 2024: EMEA Kickoff,Play-In Stage,Play-ins,Karmine Corp vs KOI,All Maps,Karmine Corp,$$$ (won),24,17
Champions Tour 2024: EMEA Kickoff,Play-In Stage,Play-ins,Karmine Corp vs KOI,All Maps,KOI,Pistol Won,,1
Champions Tour 2024: EMEA Kickoff,Play-In Stage,Play-ins,Karmine Corp vs KOI,All Maps,KOI,Eco (won),7,1
Champions Tour 2024: EMEA Kickoff,Play-In Stage,Play-ins,Karmine Corp vs KOI,All Maps,KOI,$ (won),4,0
Champions Tour 2024: EMEA Kickoff,Play-In Stage,Play-ins,Karmine Corp vs KOI,All Maps,KOI,$$ (won),11,5
Champions Tour 2024: EMEA Kickoff,Play-In Stage,Play-ins,Karmine Corp vs KOI,All Maps,KOI,$$$ (won),15,5
Champions Tour 2024: EMEA Kickoff,Playoffs,Semifinals,Team Heretics vs Natus Vincere,Sunset,Team Heretics,Pistol Won,,1
Champions Tour 2024: EMEA Kickoff,Playoffs,Semifinals,Team Heretics vs Natus Vincere,Sunset,Team Heretics,Eco (won),3,1
Champions Tour 2024: EMEA Kickoff,Playoffs,Semifinals,Team Heretics vs Natus Vincere,Sunset,Team Heretics,$ (won),2,0
Champions Tour 2024: EMEA Kickoff,Playoffs,Semifinals,Team Heretics vs Natus Vincere,Sunset,Team Heretics,$$ (won),5,3
Champions Tour 2024: EMEA Kickoff,Playoffs,Semifinals,Team Heretics vs Natus Vincere,Sunset,Team Heretics,$$$ (won),20,12
Champions Tour 2024: EMEA Kickoff,Playoffs,Semifinals,Team Heretics vs Natus Vincere,Sunset,Natus Vincere,Pistol Won,,1
Champions Tour 2024: EMEA Kickoff,Playoffs,Semifinals,Team Heretics vs Natus Vincere,Sunset,Natus Vincere,Eco (won),3,1
Champions Tour 2024: EMEA Kickoff,Playoffs,Semifinals,Team Heretics vs Natus Vincere,Sunset,Natus Vincere,$ (won),0,0
Champions Tour 2024: EMEA Kickoff,Playoffs,Semifinals,Team Heretics vs Natus Vincere,Sunset,Natus Vincere,$$ (won),10,5
Champions Tour 2024: EMEA Kickoff,Playoffs,Semifinals,Team Heretics vs Natus Vincere,Sunset,Natus Vincere,$$$ (won),17,8
Champions Tour 2024: EMEA Kickoff,Playoffs,Semifinals,Team Heretics vs Natus Vincere,Breeze,Team Heretics,Pistol Won,,1
Champions Tour 2024: EMEA Kickoff,Playoffs,Semifinals,Team Heretics vs Natus Vincere,Breeze,Team Heretics,Eco (won),3,2
Champions Tour 2024: EMEA Kickoff,Playoffs,Semifinals,Team Heretics vs Natus Vincere,Breeze,Team Heretics,$ (won),0,0
Champions Tour 2024: EMEA Kickoff,Playoffs,Semifinals,Team Heretics vs Natus Vincere,Breeze,Team Heretics,$$ (won),2,2
Champions Tour 2024: EMEA Kickoff,Playoffs,Semifinals,Team Heretics vs Natus Vincere,Breeze,Team Heretics,$$$ (won),12,9
Champions Tour 2024: EMEA Kickoff,Playoffs,Semifinals,Team Heretics vs Natus Vincere,Breeze,Natus Vincere,Pistol Won,,1
Champions Tour 2024: EMEA Kickoff,Playoffs,Semifinals,Team Heretics vs Natus Vincere,Breeze,Natus Vincere,Eco (won),3,1
Champions Tour 2024: EMEA Kickoff,Playoffs,Semifinals,Team Heretics vs Natus Vincere,Breeze,Natus Vincere,$ (won),2,0
Champions Tour 2024: EMEA Kickoff,Playoffs,Semifinals,Team Heretics vs Natus Vincere,Breeze,Natus Vincere,$$ (won),10,2
Champions Tour 2024: EMEA Kickoff,Playoffs,Semifinals,Team Heretics vs Natus Vincere,Breeze,Natus Vincere,$$$ (won),2,1
Champions Tour 2024: EMEA Kickoff,Playoffs,Semifinals,Team Heretics vs Natus Vincere,All Maps,Team Heretics,Pistol Won,,2
Champions Tour 2024: EMEA Kickoff,Playoffs,Semifinals,Team Heretics vs Natus Vincere,All Maps,Team Heretics,Eco (won),6,3
Champions Tour 2024: EMEA Kickoff,Playoffs,Semifinals,Team Heretics vs Natus Vincere,All Maps,Team Heretics,$ (won),2,0
Champions Tour 2024: EMEA Kickoff,Playoffs,Semifinals,Team Heretics vs Natus Vincere,All Maps,Team Heretics,$$ (won),7,5
Champions Tour 2024: EMEA Kickoff,Playoffs,Semifinals,Team Heretics vs Natus Vincere,All Maps,Team Heretics,$$$ (won),32,21
Champions Tour 2024: EMEA Kickoff,Playoffs,Semifinals,Team Heretics vs Natus Vincere,All Maps,Natus Vincere,Pistol Won,,2
Champions Tour 2024: EMEA Kickoff,Playoffs,Semifinals,Team Heretics vs Natus Vincere,All Maps,Natus Vincere,Eco (won),6,2
Champions Tour 2024: EMEA Kickoff,Playoffs,Semifinals,Team Heretics vs Natus Vincere,All Maps,Natus Vincere,$ (won),2,0
Champions Tour 2024: EMEA Kickoff,Playoffs,Semifinals,Team Heretics vs Natus Vincere,All Maps,Natus Vincere,$$ (won),20,7
Champions Tour 2024: EMEA Kickoff,Playoffs,Semifinals,Team Heretics vs Natus Vincere,All Maps,Natus Vincere,$$$ (won),19,9
Champions Tour 2024: EMEA Kickoff,Playoffs,Semifinals,FNATIC vs Karmine Corp,Lotus,FNATIC,Pistol Won,,2
Champions Tour 2024: EMEA Kickoff,Playoffs,Semifinals,FNATIC vs Karmine Corp,Lotus,FNATIC,Eco (won),2,2
Champions Tour 2024: EMEA Kickoff,Playoffs,Semifinals,FNATIC vs Karmine Corp,Lotus,FNATIC,$ (won),1,0
Champions Tour 2024: EMEA Kickoff,Playoffs,Semifinals,FNATIC vs Karmine Corp,Lotus,FNATIC,$$ (won),11,4
Champions Tour 2024: EMEA Kickoff,Playoffs,Semifinals,FNATIC vs Karmine Corp,Lotus,FNATIC,$$$ (won),9,4
Champions Tour 2024: EMEA Kickoff,Playoffs,Semifinals,FNATIC vs Karmine Corp,Lotus,Karmine Corp,Pistol Won,,0
Champions Tour 2024: EMEA Kickoff,Playoffs,Semifinals,FNATIC vs Karmine Corp,Lotus,Karmine Corp,Eco (won),4,0
Champions Tour 2024: EMEA Kickoff,Playoffs,Semifinals,FNATIC vs Karmine Corp,Lotus,Karmine Corp,$ (won),2,1
Champions Tour 2024: EMEA Kickoff,Playoffs,Semifinals,FNATIC vs Karmine Corp,Lotus,Karmine Corp,$$ (won),1,1
Champions Tour 2024: EMEA Kickoff,Playoffs,Semifinals,FNATIC vs Karmine Corp,Lotus,Karmine Corp,$$$ (won),16,11
Champions Tour 2024: EMEA Kickoff,Playoffs,Semifinals,FNATIC vs Karmine Corp,Split,FNATIC,Pistol Won,,0
Champions Tour 2024: EMEA Kickoff,Playoffs,Semifinals,FNATIC vs Karmine Corp,Split,FNATIC,Eco (won),3,0
Champions Tour 2024: EMEA Kickoff,Playoffs,Semifinals,FNATIC vs Karmine Corp,Split,FNATIC,$ (won),1,0
Champions Tour 2024: EMEA Kickoff,Playoffs,Semifinals,FNATIC vs Karmine Corp,Split,FNATIC,$$ (won),6,3
Champions Tour 2024: EMEA Kickoff,Playoffs,Semifinals,FNATIC vs Karmine Corp,Split,FNATIC,$$$ (won),11,5
Champions Tour 2024: EMEA Kickoff,Playoffs,Semifinals,FNATIC vs Karmine Corp,Split,Karmine Corp,Pistol Won,,2
Champions Tour 2024: EMEA Kickoff,Playoffs,Semifinals,FNATIC vs Karmine Corp,Split,Karmine Corp,Eco (won),2,2
Champions Tour 2024: EMEA Kickoff,Playoffs,Semifinals,FNATIC vs Karmine Corp,Split,Karmine Corp,$ (won),1,0
Champions Tour 2024: EMEA Kickoff,Playoffs,Semifinals,FNATIC vs Karmine Corp,Split,Karmine Corp,$$ (won),7,5
Champions Tour 2024: EMEA Kickoff,Playoffs,Semifinals,FNATIC vs Karmine Corp,Split,Karmine Corp,$$$ (won),11,6
Champions Tour 2024: EMEA Kickoff,Playoffs,Semifinals,FNATIC vs Karmine Corp,All Maps,FNATIC,Pistol Won,,2
Champions Tour 2024: EMEA Kickoff,Playoffs,Semifinals,FNATIC vs Karmine Corp,All Maps,FNATIC,Eco (won),5,2
Champions Tour 2024: EMEA Kickoff,Playoffs,Semifinals,FNATIC vs Karmine Corp,All Maps,FNATIC,$ (won),2,0
Champions Tour 2024: EMEA Kickoff,Playoffs,Semifinals,FNATIC vs Karmine Corp,All Maps,FNATIC,$$ (won),17,7
Champions Tour 2024: EMEA Kickoff,Playoffs,Semifinals,FNATIC vs Karmine Corp,All Maps,FNATIC,$$$ (won),20,9
Champions Tour 2024: EMEA Kickoff,Playoffs,Semifinals,FNATIC vs Karmine Corp,All Maps,Karmine Corp,Pistol Won,,2
Champions Tour 2024: EMEA Kickoff,Playoffs,Semifinals,FNATIC vs Karmine Corp,All Maps,Karmine Corp,Eco (won),6,2
Champions Tour 2024: EMEA Kickoff,Playoffs,Semifinals,FNATIC vs Karmine Corp,All Maps,Karmine Corp,$ (won),3,1
Champions Tour 2024: EMEA Kickoff,Playoffs,Semifinals,FNATIC vs Karmine Corp,All Maps,Karmine Corp,$$ (won),8,6
Champions Tour 2024: EMEA Kickoff,Playoffs,Semifinals,FNATIC vs Karmine Corp,All Maps,Karmine Corp,$$$ (won),27,17
Champions Tour 2024: EMEA Kickoff,Playoffs,Grand Final,Team Heretics vs Karmine Corp,Sunset,Team Heretics,Pistol Won,,1
Champions Tour 2024: EMEA Kickoff,Playoffs,Grand Final,Team Heretics vs Karmine Corp,Sunset,Team Heretics,Eco (won),3,1
Champions Tour 2024: EMEA Kickoff,Playoffs,Grand Final,Team Heretics vs Karmine Corp,Sunset,Team Heretics,$ (won),2,0
Champions Tour 2024: EMEA Kickoff,Playoffs,Grand Final,Team Heretics vs Karmine Corp,Sunset,Team Heretics,$$ (won),5,3
Champions Tour 2024: EMEA Kickoff,Playoffs,Grand Final,Team Heretics vs Karmine Corp,Sunset,Team Heretics,$$$ (won),12,9
Champions Tour 2024: EMEA Kickoff,Playoffs,Grand Final,Team Heretics vs Karmine Corp,Sunset,Karmine Corp,Pistol Won,,1
Champions Tour 2024: EMEA Kickoff,Playoffs,Grand Final,Team Heretics vs Karmine Corp,Sunset,Karmine Corp,Eco (won),3,2
Champions Tour 2024: EMEA Kickoff,Playoffs,Grand Final,Team Heretics vs Karmine Corp,Sunset,Karmine Corp,$ (won),1,0
Champions Tour 2024: EMEA Kickoff,Playoffs,Grand Final,Team Heretics vs Karmine Corp,Sunset,Karmine Corp,$$ (won),8,4
Champions Tour 2024: EMEA Kickoff,Playoffs,Grand Final,Team Heretics vs Karmine Corp,Sunset,Karmine Corp,$$$ (won),10,3
Champions Tour 2024: EMEA Kickoff,Playoffs,Grand Final,Team Heretics vs Karmine Corp,Lotus,Team Heretics,Pistol Won,,1
Champions Tour 2024: EMEA Kickoff,Playoffs,Grand Final,Team Heretics vs Karmine Corp,Lotus,Team Heretics,Eco (won),3,1
Champions Tour 2024: EMEA Kickoff,Playoffs,Grand Final,Team Heretics vs Karmine Corp,Lotus,Team Heretics,$ (won),3,1
Champions Tour 2024: EMEA Kickoff,Playoffs,Grand Final,Team Heretics vs Karmine Corp,Lotus,Team Heretics,$$ (won),5,3
Champions Tour 2024: EMEA Kickoff,Playoffs,Grand Final,Team Heretics vs Karmine Corp,Lotus,Team Heretics,$$$ (won),9,2
Champions Tour 2024: EMEA Kickoff,Playoffs,Grand Final,Team Heretics vs Karmine Corp,Lotus,Karmine Corp,Pistol Won,,1
Champions Tour 2024: EMEA Kickoff,Playoffs,Grand Final,Team Heretics vs Karmine Corp,Lotus,Karmine Corp,Eco (won),3,1
Champions Tour 2024: EMEA Kickoff,Playoffs,Grand Final,Team Heretics vs Karmine Corp,Lotus,Karmine Corp,$ (won),1,0
Champions Tour 2024: EMEA Kickoff,Playoffs,Grand Final,Team Heretics vs Karmine Corp,Lotus,Karmine Corp,$$ (won),3,1
Champions Tour 2024: EMEA Kickoff,Playoffs,Grand Final,Team Heretics vs Karmine Corp,Lotus,Karmine Corp,$$$ (won),13,11
Champions Tour 2024: EMEA Kickoff,Playoffs,Grand Final,Team Heretics vs Karmine Corp,Icebox,Team Heretics,Pistol Won,,1
Champions Tour 2024: EMEA Kickoff,Playoffs,Grand Final,Team Heretics vs Karmine Corp,Icebox,Team Heretics,Eco (won),3,1
Champions Tour 2024: EMEA Kickoff,Playoffs,Grand Final,Team Heretics vs Karmine Corp,Icebox,Team Heretics,$ (won),2,0
Champions Tour 2024: EMEA Kickoff,Playoffs,Grand Final,Team Heretics vs Karmine Corp,Icebox,Team Heretics,$$ (won),8,3
Champions Tour 2024: EMEA Kickoff,Playoffs,Grand Final,Team Heretics vs Karmine Corp,Icebox,Team Heretics,$$$ (won),7,3
Champions Tour 2024: EMEA Kickoff,Playoffs,Grand Final,Team Heretics vs Karmine Corp,Icebox,Karmine Corp,Pistol Won,,1
Champions Tour 2024: EMEA Kickoff,Playoffs,Grand Final,Team Heretics vs Karmine Corp,Icebox,Karmine Corp,Eco (won),3,1
Champions Tour 2024: EMEA Kickoff,Playoffs,Grand Final,Team Heretics vs Karmine Corp,Icebox,Karmine Corp,$ (won),0,0
Champions Tour 2024: EMEA Kickoff,Playoffs,Grand Final,Team Heretics vs Karmine Corp,Icebox,Karmine Corp,$$ (won),2,2
Champions Tour 2024: EMEA Kickoff,Playoffs,Grand Final,Team Heretics vs Karmine Corp,Icebox,Karmine Corp,$$$ (won),15,10
Champions Tour 2024: EMEA Kickoff,Playoffs,Grand Final,Team Heretics vs Karmine Corp,Split,Team Heretics,Pistol Won,,1
Champions Tour 2024: EMEA Kickoff,Playoffs,Grand Final,Team Heretics vs Karmine Corp,Split,Team Heretics,Eco (won),3,1
Champions Tour 2024: EMEA Kickoff,Playoffs,Grand Final,Team Heretics vs Karmine Corp,Split,Team Heretics,$ (won),0,0
Champions Tour 2024: EMEA Kickoff,Playoffs,Grand Final,Team Heretics vs Karmine Corp,Split,Team Heretics,$$ (won),9,2
Champions Tour 2024: EMEA Kickoff,Playoffs,Grand Final,Team Heretics vs Karmine Corp,Split,Team Heretics,$$$ (won),6,2
Champions Tour 2024: EMEA Kickoff,Playoffs,Grand Final,Team Heretics vs Karmine Corp,Split,Karmine Corp,Pistol Won,,1
Champions Tour 2024: EMEA Kickoff,Playoffs,Grand Final,Team Heretics vs Karmine Corp,Split,Karmine Corp,Eco (won),3,1
Champions Tour 2024: EMEA Kickoff,Playoffs,Grand Final,Team Heretics vs Karmine Corp,Split,Karmine Corp,$ (won),0,0
Champions Tour 2024: EMEA Kickoff,Playoffs,Grand Final,Team Heretics vs Karmine Corp,Split,Karmine Corp,$$ (won),2,2
Champions Tour 2024: EMEA Kickoff,Playoffs,Grand Final,Team Heretics vs Karmine Corp,Split,Karmine Corp,$$$ (won),13,10
Champions Tour 2024: EMEA Kickoff,Playoffs,Grand Final,Team Heretics vs Karmine Corp,All Maps,Team Heretics,Pistol Won,,4
Champions Tour 2024: EMEA Kickoff,Playoffs,Grand Final,Team Heretics vs Karmine Corp,All Maps,Team Heretics,Eco (won),12,4
Champions Tour 2024: EMEA Kickoff,Playoffs,Grand Final,Team Heretics vs Karmine Corp,All Maps,Team Heretics,$ (won),7,1
Champions Tour 2024: EMEA Kickoff,Playoffs,Grand Final,Team Heretics vs Karmine Corp,All Maps,Team Heretics,$$ (won),27,11
Champions Tour 2024: EMEA Kickoff,Playoffs,Grand Final,Team Heretics vs Karmine Corp,All Maps,Team Heretics,$$$ (won),34,16
Champions Tour 2024: EMEA Kickoff,Playoffs,Grand Final,Team Heretics vs Karmine Corp,All Maps,Karmine Corp,Pistol Won,,4
Champions Tour 2024: EMEA Kickoff,Playoffs,Grand Final,Team Heretics vs Karmine Corp,All Maps,Karmine Corp,Eco (won),12,5
Champions Tour 2024: EMEA Kickoff,Playoffs,Grand Final,Team Heretics vs Karmine Corp,All Maps,Karmine Corp,$ (won),2,0
Champions Tour 2024: EMEA Kickoff,Playoffs,Grand Final,Team Heretics vs Karmine Corp,All Maps,Karmine Corp,$$ (won),15,9
Champions Tour 2024: EMEA Kickoff,Playoffs,Grand Final,Team Heretics vs Karmine Corp,All Maps,Karmine Corp,$$$ (won),51,34
Champions Tour 2024: Pacific Kickoff,Group Stage,Opening (A),T1 vs BLEED,Breeze,T1,Pistol Won,,0
Champions Tour 2024: Pacific Kickoff,Group Stage,Opening (A),T1 vs BLEED,Breeze,T1,Eco (won),4,0
Champions Tour 2024: Pacific Kickoff,Group Stage,Opening (A),T1 vs BLEED,Breeze,T1,$ (won),2,0
Champions Tour 2024: Pacific Kickoff,Group Stage,Opening (A),T1 vs BLEED,Breeze,T1,$$ (won),5,3
Champions Tour 2024: Pacific Kickoff,Group Stage,Opening (A),T1 vs BLEED,Breeze,T1,$$$ (won),23,15
Champions Tour 2024: Pacific Kickoff,Group Stage,Opening (A),T1 vs BLEED,Breeze,BLEED,Pistol Won,,2
Champions Tour 2024: Pacific Kickoff,Group Stage,Opening (A),T1 vs BLEED,Breeze,BLEED,Eco (won),2,2
Champions Tour 2024: Pacific Kickoff,Group Stage,Opening (A),T1 vs BLEED,Breeze,BLEED,$ (won),0,0
Champions Tour 2024: Pacific Kickoff,Group Stage,Opening (A),T1 vs BLEED,Breeze,BLEED,$$ (won),9,4
Champions Tour 2024: Pacific Kickoff,Group Stage,Opening (A),T1 vs BLEED,Breeze,BLEED,$$$ (won),23,10
Champions Tour 2024: Pacific Kickoff,Group Stage,Opening (A),T1 vs BLEED,Lotus,T1,Pistol Won,,2
Champions Tour 2024: Pacific Kickoff,Group Stage,Opening (A),T1 vs BLEED,Lotus,T1,Eco (won),2,2
Champions Tour 2024: Pacific Kickoff,Group Stage,Opening (A),T1 vs BLEED,Lotus,T1,$ (won),1,0
Champions Tour 2024: Pacific Kickoff,Group Stage,Opening (A),T1 vs BLEED,Lotus,T1,$$ (won),5,4
Champions Tour 2024: Pacific Kickoff,Group Stage,Opening (A),T1 vs BLEED,Lotus,T1,$$$ (won),11,7
Champions Tour 2024: Pacific Kickoff,Group Stage,Opening (A),T1 vs BLEED,Lotus,BLEED,Pistol Won,,0
Champions Tour 2024: Pacific Kickoff,Group Stage,Opening (A),T1 vs BLEED,Lotus,BLEED,Eco (won),3,0
Champions Tour 2024: Pacific Kickoff,Group Stage,Opening (A),T1 vs BLEED,Lotus,BLEED,$ (won),1,0
Champions Tour 2024: Pacific Kickoff,Group Stage,Opening (A),T1 vs BLEED,Lotus,BLEED,$$ (won),7,1
Champions Tour 2024: Pacific Kickoff,Group Stage,Opening (A),T1 vs BLEED,Lotus,BLEED,$$$ (won),8,5
Champions Tour 2024: Pacific Kickoff,Group Stage,Opening (A),T1 vs BLEED,All Maps,T1,Pistol Won,,2
Champions Tour 2024: Pacific Kickoff,Group Stage,Opening (A),T1 vs BLEED,All Maps,T1,Eco (won),6,2
Champions Tour 2024: Pacific Kickoff,Group Stage,Opening (A),T1 vs BLEED,All Maps,T1,$ (won),3,0
Champions Tour 2024: Pacific Kickoff,Group Stage,Opening (A),T1 vs BLEED,All Maps,T1,$$ (won),10,7
Champions Tour 2024: Pacific Kickoff,Group Stage,Opening (A),T1 vs BLEED,All Maps,T1,$$$ (won),34,22
Champions Tour 2024: Pacific Kickoff,Group Stage,Opening (A),T1 vs BLEED,All Maps,BLEED,Pistol Won,,2
Champions Tour 2024: Pacific Kickoff,Group Stage,Opening (A),T1 vs BLEED,All Maps,BLEED,Eco (won),5,2
Champions Tour 2024: Pacific Kickoff,Group Stage,Opening (A),T1 vs BLEED,All Maps,BLEED,$ (won),1,0
Champions Tour 2024: Pacific Kickoff,Group Stage,Opening (A),T1 vs BLEED,All Maps,BLEED,$$ (won),16,5
Champions Tour 2024: Pacific Kickoff,Group Stage,Opening (A),T1 vs BLEED,All Maps,BLEED,$$$ (won),31,15
Champions Tour 2024: Pacific Kickoff,Group Stage,Opening (C),Gen.G vs Rex Regum Qeon,Icebox,Gen.G,Pistol Won,,1
Champions Tour 2024: Pacific Kickoff,Group Stage,Opening (C),Gen.G vs Rex Regum Qeon,Icebox,Gen.G,Eco (won),4,1
Champions Tour 2024: Pacific Kickoff,Group Stage,Opening (C),Gen.G vs Rex Regum Qeon,Icebox,Gen.G,$ (won),2,2
Champions Tour 2024: Pacific Kickoff,Group Stage,Opening (C),Gen.G vs Rex Regum Qeon,Icebox,Gen.G,$$ (won),5,3
Champions Tour 2024: Pacific Kickoff,Group Stage,Opening (C),Gen.G vs Rex Regum Qeon,Icebox,Gen.G,$$$ (won),13,7
Champions Tour 2024: Pacific Kickoff,Group Stage,Opening (C),Gen.G vs Rex Regum Qeon,Icebox,Rex Regum Qeon,Pistol Won,,1
Champions Tour 2024: Pacific Kickoff,Group Stage,Opening (C),Gen.G vs Rex Regum Qeon,Icebox,Rex Regum Qeon,Eco (won),3,1
Champions Tour 2024: Pacific Kickoff,Group Stage,Opening (C),Gen.G vs Rex Regum Qeon,Icebox,Rex Regum Qeon,$ (won),1,0
Champions Tour 2024: Pacific Kickoff,Group Stage,Opening (C),Gen.G vs Rex Regum Qeon,Icebox,Rex Regum Qeon,$$ (won),5,4
Champions Tour 2024: Pacific Kickoff,Group Stage,Opening (C),Gen.G vs Rex Regum Qeon,Icebox,Rex Regum Qeon,$$$ (won),15,6
Champions Tour 2024: Pacific Kickoff,Group Stage,Opening (C),Gen.G vs Rex Regum Qeon,Split,Gen.G,Pistol Won,,1
Champions Tour 2024: Pacific Kickoff,Group Stage,Opening (C),Gen.G vs Rex Regum Qeon,Split,Gen.G,Eco (won),3,1
Champions Tour 2024: Pacific Kickoff,Group Stage,Opening (C),Gen.G vs Rex Regum Qeon,Split,Gen.G,$ (won),1,0
Champions Tour 2024: Pacific Kickoff,Group Stage,Opening (C),Gen.G vs Rex Regum Qeon,Split,Gen.G,$$ (won),8,4
Champions Tour 2024: Pacific Kickoff,Group Stage,Opening (C),Gen.G vs Rex Regum Qeon,Split,Gen.G,$$$ (won),12,6
Champions Tour 2024: Pacific Kickoff,Group Stage,Opening (C),Gen.G vs Rex Regum Qeon,Split,Rex Regum Qeon,Pistol Won,,1
Champions Tour 2024: Pacific Kickoff,Group Stage,Opening (C),Gen.G vs Rex Regum Qeon,Split,Rex Regum Qeon,Eco (won),3,1
Champions Tour 2024: Pacific Kickoff,Group Stage,Opening (C),Gen.G vs Rex Regum Qeon,Split,Rex Regum Qeon,$ (won),1,0
Champions Tour 2024: Pacific Kickoff,Group Stage,Opening (C),Gen.G vs Rex Regum Qeon,Split,Rex Regum Qeon,$$ (won),9,4
Champions Tour 2024: Pacific Kickoff,Group Stage,Opening (C),Gen.G vs Rex Regum Qeon,Split,Rex Regum Qeon,$$$ (won),11,8
Champions Tour 2024: Pacific Kickoff,Group Stage,Opening (C),Gen.G vs Rex Regum Qeon,Sunset,Gen.G,Pistol Won,,1
Champions Tour 2024: Pacific Kickoff,Group Stage,Opening (C),Gen.G vs Rex Regum Qeon,Sunset,Gen.G,Eco (won),3,1
Champions Tour 2024: Pacific Kickoff,Group Stage,Opening (C),Gen.G vs Rex Regum Qeon,Sunset,Gen.G,$ (won),0,0
Champions Tour 2024: Pacific Kickoff,Group Stage,Opening (C),Gen.G vs Rex Regum Qeon,Sunset,Gen.G,$$ (won),5,3
Champions Tour 2024: Pacific Kickoff,Group Stage,Opening (C),Gen.G vs Rex Regum Qeon,Sunset,Gen.G,$$$ (won),13,9
Champions Tour 2024: Pacific Kickoff,Group Stage,Opening (C),Gen.G vs Rex Regum Qeon,Sunset,Rex Regum Qeon,Pistol Won,,1
Champions Tour 2024: Pacific Kickoff,Group Stage,Opening (C),Gen.G vs Rex Regum Qeon,Sunset,Rex Regum Qeon,Eco (won),3,1
Champions Tour 2024: Pacific Kickoff,Group Stage,Opening (C),Gen.G vs Rex Regum Qeon,Sunset,Rex Regum Qeon,$ (won),1,0
Champions Tour 2024: Pacific Kickoff,Group Stage,Opening (C),Gen.G vs Rex Regum Qeon,Sunset,Rex Regum Qeon,$$ (won),10,4
Champions Tour 2024: Pacific Kickoff,Group Stage,Opening (C),Gen.G vs Rex Regum Qeon,Sunset,Rex Regum Qeon,$$$ (won),7,3
Champions Tour 2024: Pacific Kickoff,Group Stage,Opening (C),Gen.G vs Rex Regum Qeon,All Maps,Gen.G,Pistol Won,,3
Champions Tour 2024: Pacific Kickoff,Group Stage,Opening (C),Gen.G vs Rex Regum Qeon,All Maps,Gen.G,Eco (won),10,3
Champions Tour 2024: Pacific Kickoff,Group Stage,Opening (C),Gen.G vs Rex Regum Qeon,All Maps,Gen.G,$ (won),3,2
Champions Tour 2024: Pacific Kickoff,Group Stage,Opening (C),Gen.G vs Rex Regum Qeon,All Maps,Gen.G,$$ (won),18,10
Champions Tour 2024: Pacific Kickoff,Group Stage,Opening (C),Gen.G vs Rex Regum Qeon,All Maps,Gen.G,$$$ (won),38,22
Champions Tour 2024: Pacific Kickoff,Group Stage,Opening (C),Gen.G vs Rex Regum Qeon,All Maps,Rex Regum Qeon,Pistol Won,,3
Champions Tour 2024: Pacific Kickoff,Group Stage,Opening (C),Gen.G vs Rex Regum Qeon,All Maps,Rex Regum Qeon,Eco (won),9,3
Champions Tour 2024: Pacific Kickoff,Group Stage,Opening (C),Gen.G vs Rex Regum Qeon,All Maps,Rex Regum Qeon,$ (won),3,0
Champions Tour 2024: Pacific Kickoff,Group Stage,Opening (C),Gen.G vs Rex Regum Qeon,All Maps,Rex Regum Qeon,$$ (won),24,12
Champions Tour 2024: Pacific Kickoff,Group Stage,Opening (C),Gen.G vs Rex Regum Qeon,All Maps,Rex Regum Qeon,$$$ (won),33,17
Champions Tour 2024: Pacific Kickoff,Group Stage,Opening (A),ZETA DIVISION vs Global Esports,Bind,ZETA DIVISION,Pistol Won,,1
Champions Tour 2024: Pacific Kickoff,Group Stage,Opening (A),ZETA DIVISION vs Global Esports,Bind,ZETA DIVISION,Eco (won),3,1
Champions Tour 2024: Pacific Kickoff,Group Stage,Opening (A),ZETA DIVISION vs Global Esports,Bind,ZETA DIVISION,$ (won),1,0
Champions Tour 2024: Pacific Kickoff,Group Stage,Opening (A),ZETA DIVISION vs Global Esports,Bind,ZETA DIVISION,$$ (won),4,3
Champions Tour 2024: Pacific Kickoff,Group Stage,Opening (A),ZETA DIVISION vs Global Esports,Bind,ZETA DIVISION,$$$ (won),15,9
Champions Tour 2024: Pacific Kickoff,Group Stage,Opening (A),ZETA DIVISION vs Global Esports,Bind,Global Esports,Pistol Won,,1
Champions Tour 2024: Pacific Kickoff,Group Stage,Opening (A),ZETA DIVISION vs Global Esports,Bind,Global Esports,Eco (won),4,1
Champions Tour 2024: Pacific Kickoff,Group Stage,Opening (A),ZETA DIVISION vs Global Esports,Bind,Global Esports,$ (won),0,0
Champions Tour 2024: Pacific Kickoff,Group Stage,Opening (A),ZETA DIVISION vs Global Esports,Bind,Global Esports,$$ (won),9,4
Champions Tour 2024: Pacific Kickoff,Group Stage,Opening (A),ZETA DIVISION vs Global Esports,Bind,Global Esports,$$$ (won),10,5
Champions Tour 2024: Pacific Kickoff,Group Stage,Opening (A),ZETA DIVISION vs Global Esports,Icebox,ZETA DIVISION,Pistol Won,,2
Champions Tour 2024: Pacific Kickoff,Group Stage,Opening (A),ZETA DIVISION vs Global Esports,Icebox,ZETA DIVISION,Eco (won),3,3
Champions Tour 2024: Pacific Kickoff,Group Stage,Opening (A),ZETA DIVISION vs Global Esports,Icebox,ZETA DIVISION,$ (won),0,0
Champions Tour 2024: Pacific Kickoff,Group Stage,Opening (A),ZETA DIVISION vs Global Esports,Icebox,ZETA DIVISION,$$ (won),4,2
Champions Tour 2024: Pacific Kickoff,Group Stage,Opening (A),ZETA DIVISION vs Global Esports,Icebox,ZETA DIVISION,$$$ (won),13,8
Champions Tour 2024: Pacific Kickoff,Group Stage,Opening (A),ZETA DIVISION vs Global Esports,Icebox,Global Esports,Pistol Won,,0
Champions Tour 2024: Pacific Kickoff,Group Stage,Opening (A),ZETA DIVISION vs Global Esports,Icebox,Global Esports,Eco (won),4,0
Champions Tour 2024: Pacific Kickoff,Group Stage,Opening (A),ZETA DIVISION vs Global Esports,Icebox,Global Esports,$ (won),0,0
Champions Tour 2024: Pacific Kickoff,Group Stage,Opening (A),ZETA DIVISION vs Global Esports,Icebox,Global Esports,$$ (won),6,3
Champions Tour 2024: Pacific Kickoff,Group Stage,Opening (A),ZETA DIVISION vs Global Esports,Icebox,Global Esports,$$$ (won),10,4
Champions Tour 2024: Pacific Kickoff,Group Stage,Opening (A),ZETA DIVISION vs Global Esports,All Maps,ZETA DIVISION,Pistol Won,,3
Champions Tour 2024: Pacific Kickoff,Group Stage,Opening (A),ZETA DIVISION vs Global Esports,All Maps,ZETA DIVISION,Eco (won),6,4
Champions Tour 2024: Pacific Kickoff,Group Stage,Opening (A),ZETA DIVISION vs Global Esports,All Maps,ZETA DIVISION,$ (won),1,0
Champions Tour 2024: Pacific Kickoff,Group Stage,Opening (A),ZETA DIVISION vs Global Esports,All Maps,ZETA DIVISION,$$ (won),8,5
Champions Tour 2024: Pacific Kickoff,Group Stage,Opening (A),ZETA DIVISION vs Global Esports,All Maps,ZETA DIVISION,$$$ (won),28,17
Champions Tour 2024: Pacific Kickoff,Group Stage,Opening (A),ZETA DIVISION vs Global Esports,All Maps,Global Esports,Pistol Won,,1
Champions Tour 2024: Pacific Kickoff,Group Stage,Opening (A),ZETA DIVISION vs Global Esports,All Maps,Global Esports,Eco (won),8,1
Champions Tour 2024: Pacific Kickoff,Group Stage,Opening (A),ZETA DIVISION vs Global Esports,All Maps,Global Esports,$ (won),0,0
Champions Tour 2024: Pacific Kickoff,Group Stage,Opening (A),ZETA DIVISION vs Global Esports,All Maps,Global Esports,$$ (won),15,7
Champions Tour 2024: Pacific Kickoff,Group Stage,Opening (A),ZETA DIVISION vs Global Esports,All Maps,Global Esports,$$$ (won),20,9
Champions Tour 2024: Pacific Kickoff,Group Stage,Opening (B),Team Secret vs Talon Esports,Breeze,Team Secret,Pistol Won,,1
Champions Tour 2024: Pacific Kickoff,Group Stage,Opening (B),Team Secret vs Talon Esports,Breeze,Team Secret,Eco (won),3,1
Champions Tour 2024: Pacific Kickoff,Group Stage,Opening (B),Team Secret vs Talon Esports,Breeze,Team Secret,$ (won),2,0
Champions Tour 2024: Pacific Kickoff,Group Stage,Opening (B),Team Secret vs Talon Esports,Breeze,Team Secret,$$ (won),5,3
Champions Tour 2024: Pacific Kickoff,Group Stage,Opening (B),Team Secret vs Talon Esports,Breeze,Team Secret,$$$ (won),11,4
Champions Tour 2024: Pacific Kickoff,Group Stage,Opening (B),Team Secret vs Talon Esports,Breeze,Talon Esports,Pistol Won,,1
Champions Tour 2024: Pacific Kickoff,Group Stage,Opening (B),Team Secret vs Talon Esports,Breeze,Talon Esports,Eco (won),3,1
Champions Tour 2024: Pacific Kickoff,Group Stage,Opening (B),Team Secret vs Talon Esports,Breeze,Talon Esports,$ (won),0,0
Champions Tour 2024: Pacific Kickoff,Group Stage,Opening (B),Team Secret vs Talon Esports,Breeze,Talon Esports,$$ (won),4,2
Champions Tour 2024: Pacific Kickoff,Group Stage,Opening (B),Team Secret vs Talon Esports,Breeze,Talon Esports,$$$ (won),14,10
Champions Tour 2024: Pacific Kickoff,Group Stage,Opening (B),Team Secret vs Talon Esports,Ascent,Team Secret,Pistol Won,,0
Champions Tour 2024: Pacific Kickoff,Group Stage,Opening (B),Team Secret vs Talon Esports,Ascent,Team Secret,Eco (won),4,0
Champions Tour 2024: Pacific Kickoff,Group Stage,Opening (B),Team Secret vs Talon Esports,Ascent,Team Secret,$ (won),1,0
Champions Tour 2024: Pacific Kickoff,Group Stage,Opening (B),Team Secret vs Talon Esports,Ascent,Team Secret,$$ (won),6,1
Champions Tour 2024: Pacific Kickoff,Group Stage,Opening (B),Team Secret vs Talon Esports,Ascent,Team Secret,$$$ (won),5,2
Champions Tour 2024: Pacific Kickoff,Group Stage,Opening (B),Team Secret vs Talon Esports,Ascent,Talon Esports,Pistol Won,,2
Champions Tour 2024: Pacific Kickoff,Group Stage,Opening (B),Team Secret vs Talon Esports,Ascent,Talon Esports,Eco (won),2,2
Champions Tour 2024: Pacific Kickoff,Group Stage,Opening (B),Team Secret vs Talon Esports,Ascent,Talon Esports,$ (won),0,0
Champions Tour 2024: Pacific Kickoff,Group Stage,Opening (B),Team Secret vs Talon Esports,Ascent,Talon Esports,$$ (won),5,4
Champions Tour 2024: Pacific Kickoff,Group Stage,Opening (B),Team Secret vs Talon Esports,Ascent,Talon Esports,$$$ (won),9,7
Champions Tour 2024: Pacific Kickoff,Group Stage,Opening (B),Team Secret vs Talon Esports,All Maps,Team Secret,Pistol Won,,1
Champions Tour 2024: Pacific Kickoff,Group Stage,Opening (B),Team Secret vs Talon Esports,All Maps,Team Secret,Eco (won),7,1
Champions Tour 2024: Pacific Kickoff,Group Stage,Opening (B),Team Secret vs Talon Esports,All Maps,Team Secret,$ (won),3,0
Champions Tour 2024: Pacific Kickoff,Group Stage,Opening (B),Team Secret vs Talon Esports,All Maps,Team Secret,$$ (won),11,4
Champions Tour 2024: Pacific Kickoff,Group Stage,Opening (B),Team Secret vs Talon Esports,All Maps,Team Secret,$$$ (won),16,6
Champions Tour 2024: Pacific Kickoff,Group Stage,Opening (B),Team Secret vs Talon Esports,All Maps,Talon Esports,Pistol Won,,3
Champions Tour 2024: Pacific Kickoff,Group Stage,Opening (B),Team Secret vs Talon Esports,All Maps,Talon Esports,Eco (won),5,3
Champions Tour 2024: Pacific Kickoff,Group Stage,Opening (B),Team Secret vs Talon Esports,All Maps,Talon Esports,$ (won),0,0
Champions Tour 2024: Pacific Kickoff,Group Stage,Opening (B),Team Secret vs Talon Esports,All Maps,Talon Esports,$$ (won),9,6
Champions Tour 2024: Pacific Kickoff,Group Stage,Opening (B),Team Secret vs Talon Esports,All Maps,Talon Esports,$$$ (won),23,17
Champions Tour 2024: Pacific Kickoff,Group Stage,Opening (B),DRX vs DetonatioN FocusMe,Lotus,DRX,Pistol Won,,2
Champions Tour 2024: Pacific Kickoff,Group Stage,Opening (B),DRX vs DetonatioN FocusMe,Lotus,DRX,Eco (won),2,2
Champions Tour 2024: Pacific Kickoff,Group Stage,Opening (B),DRX vs DetonatioN FocusMe,Lotus,DRX,$ (won),0,0
Champions Tour 2024: Pacific Kickoff,Group Stage,Opening (B),DRX vs DetonatioN FocusMe,Lotus,DRX,$$ (won),7,3
Champions Tour 2024: Pacific Kickoff,Group Stage,Opening (B),DRX vs DetonatioN FocusMe,Lotus,DRX,$$$ (won),12,8
Champions Tour 2024: Pacific Kickoff,Group Stage,Opening (B),DRX vs DetonatioN FocusMe,Lotus,DetonatioN FocusMe,Pistol Won,,0
Champions Tour 2024: Pacific Kickoff,Group Stage,Opening (B),DRX vs DetonatioN FocusMe,Lotus,DetonatioN FocusMe,Eco (won),4,0
Champions Tour 2024: Pacific Kickoff,Group Stage,Opening (B),DRX vs DetonatioN FocusMe,Lotus,DetonatioN FocusMe,$ (won),2,0
Champions Tour 2024: Pacific Kickoff,Group Stage,Opening (B),DRX vs DetonatioN FocusMe,Lotus,DetonatioN FocusMe,$$ (won),6,2
Champions Tour 2024: Pacific Kickoff,Group Stage,Opening (B),DRX vs DetonatioN FocusMe,Lotus,DetonatioN FocusMe,$$$ (won),9,6
Champions Tour 2024: Pacific Kickoff,Group Stage,Opening (B),DRX vs DetonatioN FocusMe,Breeze,DRX,Pistol Won,,2
Champions Tour 2024: Pacific Kickoff,Group Stage,Opening (B),DRX vs DetonatioN FocusMe,Breeze,DRX,Eco (won),2,2
Champions Tour 2024: Pacific Kickoff,Group Stage,Opening (B),DRX vs DetonatioN FocusMe,Breeze,DRX,$ (won),1,1
Champions Tour 2024: Pacific Kickoff,Group Stage,Opening (B),DRX vs DetonatioN FocusMe,Breeze,DRX,$$ (won),6,4
Champions Tour 2024: Pacific Kickoff,Group Stage,Opening (B),DRX vs DetonatioN FocusMe,Breeze,DRX,$$$ (won),12,6
Champions Tour 2024: Pacific Kickoff,Group Stage,Opening (B),DRX vs DetonatioN FocusMe,Breeze,DetonatioN FocusMe,Pistol Won,,0
Champions Tour 2024: Pacific Kickoff,Group Stage,Opening (B),DRX vs DetonatioN FocusMe,Breeze,DetonatioN FocusMe,Eco (won),4,0
Champions Tour 2024: Pacific Kickoff,Group Stage,Opening (B),DRX vs DetonatioN FocusMe,Breeze,DetonatioN FocusMe,$ (won),0,0
Champions Tour 2024: Pacific Kickoff,Group Stage,Opening (B),DRX vs DetonatioN FocusMe,Breeze,DetonatioN FocusMe,$$ (won),7,4
Champions Tour 2024: Pacific Kickoff,Group Stage,Opening (B),DRX vs DetonatioN FocusMe,Breeze,DetonatioN FocusMe,$$$ (won),10,4
Champions Tour 2024: Pacific Kickoff,Group Stage,Opening (B),DRX vs DetonatioN FocusMe,All Maps,DRX,Pistol Won,,4
Champions Tour 2024: Pacific Kickoff,Group Stage,Opening (B),DRX vs DetonatioN FocusMe,All Maps,DRX,Eco (won),4,4
Champions Tour 2024: Pacific Kickoff,Group Stage,Opening (B),DRX vs DetonatioN FocusMe,All Maps,DRX,$ (won),1,1
Champions Tour 2024: Pacific Kickoff,Group Stage,Opening (B),DRX vs DetonatioN FocusMe,All Maps,DRX,$$ (won),13,7
Champions Tour 2024: Pacific Kickoff,Group Stage,Opening (B),DRX vs DetonatioN FocusMe,All Maps,DRX,$$$ (won),24,14
Champions Tour 2024: Pacific Kickoff,Group Stage,Opening (B),DRX vs DetonatioN FocusMe,All Maps,DetonatioN FocusMe,Pistol Won,,0
Champions Tour 2024: Pacific Kickoff,Group Stage,Opening (B),DRX vs DetonatioN FocusMe,All Maps,DetonatioN FocusMe,Eco (won),8,0
Champions Tour 2024: Pacific Kickoff,Group Stage,Opening (B),DRX vs DetonatioN FocusMe,All Maps,DetonatioN FocusMe,$ (won),2,0
Champions Tour 2024: Pacific Kickoff,Group Stage,Opening (B),DRX vs DetonatioN FocusMe,All Maps,DetonatioN FocusMe,$$ (won),13,6
Champions Tour 2024: Pacific Kickoff,Group Stage,Opening (B),DRX vs DetonatioN FocusMe,All Maps,DetonatioN FocusMe,$$$ (won),19,10
Champions Tour 2024: Pacific Kickoff,Group Stage,Winner's (C),Gen.G vs Paper Rex,Breeze,Gen.G,Pistol Won,,1
Champions Tour 2024: Pacific Kickoff,Group Stage,Winner's (C),Gen.G vs Paper Rex,Breeze,Gen.G,Eco (won),3,2
Champions Tour 2024: Pacific Kickoff,Group Stage,Winner's (C),Gen.G vs Paper Rex,Breeze,Gen.G,$ (won),2,0
Champions Tour 2024: Pacific Kickoff,Group Stage,Winner's (C),Gen.G vs Paper Rex,Breeze,Gen.G,$$ (won),6,4
Champions Tour 2024: Pacific Kickoff,Group Stage,Winner's (C),Gen.G vs Paper Rex,Breeze,Gen.G,$$$ (won),12,7
Champions Tour 2024: Pacific Kickoff,Group Stage,Winner's (C),Gen.G vs Paper Rex,Breeze,Paper Rex,Pistol Won,,1
Champions Tour 2024: Pacific Kickoff,Group Stage,Winner's (C),Gen.G vs Paper Rex,Breeze,Paper Rex,Eco (won),4,1
Champions Tour 2024: Pacific Kickoff,Group Stage,Winner's (C),Gen.G vs Paper Rex,Breeze,Paper Rex,$ (won),1,0
Champions Tour 2024: Pacific Kickoff,Group Stage,Winner's (C),Gen.G vs Paper Rex,Breeze,Paper Rex,$$ (won),7,3
Champions Tour 2024: Pacific Kickoff,Group Stage,Winner's (C),Gen.G vs Paper Rex,Breeze,Paper Rex,$$$ (won),11,6
Champions Tour 2024: Pacific Kickoff,Group Stage,Winner's (C),Gen.G vs Paper Rex,Lotus,Gen.G,Pistol Won,,1
Champions Tour 2024: Pacific Kickoff,Group Stage,Winner's (C),Gen.G vs Paper Rex,Lotus,Gen.G,Eco (won),3,2
Champions Tour 2024: Pacific Kickoff,Group Stage,Winner's (C),Gen.G vs Paper Rex,Lotus,Gen.G,$ (won),2,1
Champions Tour 2024: Pacific Kickoff,Group Stage,Winner's (C),Gen.G vs Paper Rex,Lotus,Gen.G,$$ (won),5,2
Champions Tour 2024: Pacific Kickoff,Group Stage,Winner's (C),Gen.G vs Paper Rex,Lotus,Gen.G,$$$ (won),13,5
Champions Tour 2024: Pacific Kickoff,Group Stage,Winner's (C),Gen.G vs Paper Rex,Lotus,Paper Rex,Pistol Won,,1
Champions Tour 2024: Pacific Kickoff,Group Stage,Winner's (C),Gen.G vs Paper Rex,Lotus,Paper Rex,Eco (won),4,1
Champions Tour 2024: Pacific Kickoff,Group Stage,Winner's (C),Gen.G vs Paper Rex,Lotus,Paper Rex,$ (won),1,0
Champions Tour 2024: Pacific Kickoff,Group Stage,Winner's (C),Gen.G vs Paper Rex,Lotus,Paper Rex,$$ (won),5,2
Champions Tour 2024: Pacific Kickoff,Group Stage,Winner's (C),Gen.G vs Paper Rex,Lotus,Paper Rex,$$$ (won),13,10
Champions Tour 2024: Pacific Kickoff,Group Stage,Winner's (C),Gen.G vs Paper Rex,Sunset,Gen.G,Pistol Won,,1
Champions Tour 2024: Pacific Kickoff,Group Stage,Winner's (C),Gen.G vs Paper Rex,Sunset,Gen.G,Eco (won),3,1
Champions Tour 2024: Pacific Kickoff,Group Stage,Winner's (C),Gen.G vs Paper Rex,Sunset,Gen.G,$ (won),2,0
Champions Tour 2024: Pacific Kickoff,Group Stage,Winner's (C),Gen.G vs Paper Rex,Sunset,Gen.G,$$ (won),6,3
Champions Tour 2024: Pacific Kickoff,Group Stage,Winner's (C),Gen.G vs Paper Rex,Sunset,Gen.G,$$$ (won),9,3
Champions Tour 2024: Pacific Kickoff,Group Stage,Winner's (C),Gen.G vs Paper Rex,Sunset,Paper Rex,Pistol Won,,1
Champions Tour 2024: Pacific Kickoff,Group Stage,Winner's (C),Gen.G vs Paper Rex,Sunset,Paper Rex,Eco (won),3,1
Champions Tour 2024: Pacific Kickoff,Group Stage,Winner's (C),Gen.G vs Paper Rex,Sunset,Paper Rex,$ (won),0,0
Champions Tour 2024: Pacific Kickoff,Group Stage,Winner's (C),Gen.G vs Paper Rex,Sunset,Paper Rex,$$ (won),6,4
Champions Tour 2024: Pacific Kickoff,Group Stage,Winner's (C),Gen.G vs Paper Rex,Sunset,Paper Rex,$$$ (won),11,8
Champions Tour 2024: Pacific Kickoff,Group Stage,Winner's (C),Gen.G vs Paper Rex,All Maps,Gen.G,Pistol Won,,3
Champions Tour 2024: Pacific Kickoff,Group Stage,Winner's (C),Gen.G vs Paper Rex,All Maps,Gen.G,Eco (won),9,5
Champions Tour 2024: Pacific Kickoff,Group Stage,Winner's (C),Gen.G vs Paper Rex,All Maps,Gen.G,$ (won),6,1
Champions Tour 2024: Pacific Kickoff,Group Stage,Winner's (C),Gen.G vs Paper Rex,All Maps,Gen.G,$$ (won),17,9
Champions Tour 2024: Pacific Kickoff,Group Stage,Winner's (C),Gen.G vs Paper Rex,All Maps,Gen.G,$$$ (won),34,15
Champions Tour 2024: Pacific Kickoff,Group Stage,Winner's (C),Gen.G vs Paper Rex,All Maps,Paper Rex,Pistol Won,,3
Champions Tour 2024: Pacific Kickoff,Group Stage,Winner's (C),Gen.G vs Paper Rex,All Maps,Paper Rex,Eco (won),11,3
Champions Tour 2024: Pacific Kickoff,Group Stage,Winner's (C),Gen.G vs Paper Rex,All Maps,Paper Rex,$ (won),2,0
Champions Tour 2024: Pacific Kickoff,Group Stage,Winner's (C),Gen.G vs Paper Rex,All Maps,Paper Rex,$$ (won),18,9
Champions Tour 2024: Pacific Kickoff,Group Stage,Winner's (C),Gen.G vs Paper Rex,All Maps,Paper Rex,$$$ (won),35,24
Champions Tour 2024: Pacific Kickoff,Group Stage,Elimination (A),BLEED vs Global Esports,Sunset,BLEED,Pistol Won,,0
Champions Tour 2024: Pacific Kickoff,Group Stage,Elimination (A),BLEED vs Global Esports,Sunset,BLEED,Eco (won),4,0
Champions Tour 2024: Pacific Kickoff,Group Stage,Elimination (A),BLEED vs Global Esports,Sunset,BLEED,$ (won),2,0
Champions Tour 2024: Pacific Kickoff,Group Stage,Elimination (A),BLEED vs Global Esports,Sunset,BLEED,$$ (won),1,1
Champions Tour 2024: Pacific Kickoff,Group Stage,Elimination (A),BLEED vs Global Esports,Sunset,BLEED,$$$ (won),15,8
Champions Tour 2024: Pacific Kickoff,Group Stage,Elimination (A),BLEED vs Global Esports,Sunset,Global Esports,Pistol Won,,2
Champions Tour 2024: Pacific Kickoff,Group Stage,Elimination (A),BLEED vs Global Esports,Sunset,Global Esports,Eco (won),3,2
Champions Tour 2024: Pacific Kickoff,Group Stage,Elimination (A),BLEED vs Global Esports,Sunset,Global Esports,$ (won),0,0
Champions Tour 2024: Pacific Kickoff,Group Stage,Elimination (A),BLEED vs Global Esports,Sunset,Global Esports,$$ (won),4,2
Champions Tour 2024: Pacific Kickoff,Group Stage,Elimination (A),BLEED vs Global Esports,Sunset,Global Esports,$$$ (won),15,9
Champions Tour 2024: Pacific Kickoff,Group Stage,Elimination (A),BLEED vs Global Esports,Icebox,BLEED,Pistol Won,,2
Champions Tour 2024: Pacific Kickoff,Group Stage,Elimination (A),BLEED vs Global Esports,Icebox,BLEED,Eco (won),3,2
Champions Tour 2024: Pacific Kickoff,Group Stage,Elimination (A),BLEED vs Global Esports,Icebox,BLEED,$ (won),0,0
Champions Tour 2024: Pacific Kickoff,Group Stage,Elimination (A),BLEED vs Global Esports,Icebox,BLEED,$$ (won),7,4
Champions Tour 2024: Pacific Kickoff,Group Stage,Elimination (A),BLEED vs Global Esports,Icebox,BLEED,$$$ (won),13,7
Champions Tour 2024: Pacific Kickoff,Group Stage,Elimination (A),BLEED vs Global Esports,Icebox,Global Esports,Pistol Won,,0
Champions Tour 2024: Pacific Kickoff,Group Stage,Elimination (A),BLEED vs Global Esports,Icebox,Global Esports,Eco (won),4,0
Champions Tour 2024: Pacific Kickoff,Group Stage,Elimination (A),BLEED vs Global Esports,Icebox,Global Esports,$ (won),1,0
Champions Tour 2024: Pacific Kickoff,Group Stage,Elimination (A),BLEED vs Global Esports,Icebox,Global Esports,$$ (won),4,3
Champions Tour 2024: Pacific Kickoff,Group Stage,Elimination (A),BLEED vs Global Esports,Icebox,Global Esports,$$$ (won),14,7
Champions Tour 2024: Pacific Kickoff,Group Stage,Elimination (A),BLEED vs Global Esports,Split,BLEED,Pistol Won,,1
Champions Tour 2024: Pacific Kickoff,Group Stage,Elimination (A),BLEED vs Global Esports,Split,BLEED,Eco (won),3,1
Champions Tour 2024: Pacific Kickoff,Group Stage,Elimination (A),BLEED vs Global Esports,Split,BLEED,$ (won),3,1
Champions Tour 2024: Pacific Kickoff,Group Stage,Elimination (A),BLEED vs Global Esports,Split,BLEED,$$ (won),4,1
Champions Tour 2024: Pacific Kickoff,Group Stage,Elimination (A),BLEED vs Global Esports,Split,BLEED,$$$ (won),14,8
Champions Tour 2024: Pacific Kickoff,Group Stage,Elimination (A),BLEED vs Global Esports,Split,Global Esports,Pistol Won,,1
Champions Tour 2024: Pacific Kickoff,Group Stage,Elimination (A),BLEED vs Global Esports,Split,Global Esports,Eco (won),3,2
Champions Tour 2024: Pacific Kickoff,Group Stage,Elimination (A),BLEED vs Global Esports,Split,Global Esports,$ (won),1,0
Champions Tour 2024: Pacific Kickoff,Group Stage,Elimination (A),BLEED vs Global Esports,Split,Global Esports,$$ (won),3,1
Champions Tour 2024: Pacific Kickoff,Group Stage,Elimination (A),BLEED vs Global Esports,Split,Global Esports,$$$ (won),17,10
Champions Tour 2024: Pacific Kickoff,Group Stage,Elimination (A),BLEED vs Global Esports,All Maps,BLEED,Pistol Won,,3
Champions Tour 2024: Pacific Kickoff,Group Stage,Elimination (A),BLEED vs Global Esports,All Maps,BLEED,Eco (won),10,3
Champions Tour 2024: Pacific Kickoff,Group Stage,Elimination (A),BLEED vs Global Esports,All Maps,BLEED,$ (won),5,1
Champions Tour 2024: Pacific Kickoff,Group Stage,Elimination (A),BLEED vs Global Esports,All Maps,BLEED,$$ (won),12,6
Champions Tour 2024: Pacific Kickoff,Group Stage,Elimination (A),BLEED vs Global Esports,All Maps,BLEED,$$$ (won),42,23
Champions Tour 2024: Pacific Kickoff,Group Stage,Elimination (A),BLEED vs Global Esports,All Maps,Global Esports,Pistol Won,,3
Champions Tour 2024: Pacific Kickoff,Group Stage,Elimination (A),BLEED vs Global Esports,All Maps,Global Esports,Eco (won),10,4
Champions Tour 2024: Pacific Kickoff,Group Stage,Elimination (A),BLEED vs Global Esports,All Maps,Global Esports,$ (won),2,0
Champions Tour 2024: Pacific Kickoff,Group Stage,Elimination (A),BLEED vs Global Esports,All Maps,Global Esports,$$ (won),11,6
Champions Tour 2024: Pacific Kickoff,Group Stage,Elimination (A),BLEED vs Global Esports,All Maps,Global Esports,$$$ (won),46,26
Champions Tour 2024: Pacific Kickoff,Group Stage,Winner's (A),T1 vs ZETA DIVISION,Ascent,T1,Pistol Won,,0
Champions Tour 2024: Pacific Kickoff,Group Stage,Winner's (A),T1 vs ZETA DIVISION,Ascent,T1,Eco (won),3,0
Champions Tour 2024: Pacific Kickoff,Group Stage,Winner's (A),T1 vs ZETA DIVISION,Ascent,T1,$ (won),1,0
Champions Tour 2024: Pacific Kickoff,Group Stage,Winner's (A),T1 vs ZETA DIVISION,Ascent,T1,$$ (won),8,3
Champions Tour 2024: Pacific Kickoff,Group Stage,Winner's (A),T1 vs ZETA DIVISION,Ascent,T1,$$$ (won),12,8
Champions Tour 2024: Pacific Kickoff,Group Stage,Winner's (A),T1 vs ZETA DIVISION,Ascent,ZETA DIVISION,Pistol Won,,2
Champions Tour 2024: Pacific Kickoff,Group Stage,Winner's (A),T1 vs ZETA DIVISION,Ascent,ZETA DIVISION,Eco (won),2,2
Champions Tour 2024: Pacific Kickoff,Group Stage,Winner's (A),T1 vs ZETA DIVISION,Ascent,ZETA DIVISION,$ (won),2,0
Champions Tour 2024: Pacific Kickoff,Group Stage,Winner's (A),T1 vs ZETA DIVISION,Ascent,ZETA DIVISION,$$ (won),6,3
Champions Tour 2024: Pacific Kickoff,Group Stage,Winner's (A),T1 vs ZETA DIVISION,Ascent,ZETA DIVISION,$$$ (won),14,8
Champions Tour 2024: Pacific Kickoff,Group Stage,Winner's (A),T1 vs ZETA DIVISION,Lotus,T1,Pistol Won,,1
Champions Tour 2024: Pacific Kickoff,Group Stage,Winner's (A),T1 vs ZETA DIVISION,Lotus,T1,Eco (won),3,2
Champions Tour 2024: Pacific Kickoff,Group Stage,Winner's (A),T1 vs ZETA DIVISION,Lotus,T1,$ (won),0,0
Champions Tour 2024: Pacific Kickoff,Group Stage,Winner's (A),T1 vs ZETA DIVISION,Lotus,T1,$$ (won),2,2
Champions Tour 2024: Pacific Kickoff,Group Stage,Winner's (A),T1 vs ZETA DIVISION,Lotus,T1,$$$ (won),12,9
Champions Tour 2024: Pacific Kickoff,Group Stage,Winner's (A),T1 vs ZETA DIVISION,Lotus,ZETA DIVISION,Pistol Won,,1
Champions Tour 2024: Pacific Kickoff,Group Stage,Winner's (A),T1 vs ZETA DIVISION,Lotus,ZETA DIVISION,Eco (won),3,1
Champions Tour 2024: Pacific Kickoff,Group Stage,Winner's (A),T1 vs ZETA DIVISION,Lotus,ZETA DIVISION,$ (won),2,0
Champions Tour 2024: Pacific Kickoff,Group Stage,Winner's (A),T1 vs ZETA DIVISION,Lotus,ZETA DIVISION,$$ (won),7,2
Champions Tour 2024: Pacific Kickoff,Group Stage,Winner's (A),T1 vs ZETA DIVISION,Lotus,ZETA DIVISION,$$$ (won),5,1
Champions Tour 2024: Pacific Kickoff,Group Stage,Winner's (A),T1 vs ZETA DIVISION,Sunset,T1,Pistol Won,,1
Champions Tour 2024: Pacific Kickoff,Group Stage,Winner's (A),T1 vs ZETA DIVISION,Sunset,T1,Eco (won),3,1
Champions Tour 2024: Pacific Kickoff,Group Stage,Winner's (A),T1 vs ZETA DIVISION,Sunset,T1,$ (won),0,0
Champions Tour 2024: Pacific Kickoff,Group Stage,Winner's (A),T1 vs ZETA DIVISION,Sunset,T1,$$ (won),4,2
Champions Tour 2024: Pacific Kickoff,Group Stage,Winner's (A),T1 vs ZETA DIVISION,Sunset,T1,$$$ (won),13,10
Champions Tour 2024: Pacific Kickoff,Group Stage,Winner's (A),T1 vs ZETA DIVISION,Sunset,ZETA DIVISION,Pistol Won,,1
Champions Tour 2024: Pacific Kickoff,Group Stage,Winner's (A),T1 vs ZETA DIVISION,Sunset,ZETA DIVISION,Eco (won),3,1
Champions Tour 2024: Pacific Kickoff,Group Stage,Winner's (A),T1 vs ZETA DIVISION,Sunset,ZETA DIVISION,$ (won),1,0
Champions Tour 2024: Pacific Kickoff,Group Stage,Winner's (A),T1 vs ZETA DIVISION,Sunset,ZETA DIVISION,$$ (won),7,3
Champions Tour 2024: Pacific Kickoff,Group Stage,Winner's (A),T1 vs ZETA DIVISION,Sunset,ZETA DIVISION,$$$ (won),9,3
Champions Tour 2024: Pacific Kickoff,Group Stage,Winner's (A),T1 vs ZETA DIVISION,All Maps,T1,Pistol Won,,2
Champions Tour 2024: Pacific Kickoff,Group Stage,Winner's (A),T1 vs ZETA DIVISION,All Maps,T1,Eco (won),9,3
Champions Tour 2024: Pacific Kickoff,Group Stage,Winner's (A),T1 vs ZETA DIVISION,All Maps,T1,$ (won),1,0
Champions Tour 2024: Pacific Kickoff,Group Stage,Winner's (A),T1 vs ZETA DIVISION,All Maps,T1,$$ (won),14,7
Champions Tour 2024: Pacific Kickoff,Group Stage,Winner's (A),T1 vs ZETA DIVISION,All Maps,T1,$$$ (won),37,27
Champions Tour 2024: Pacific Kickoff,Group Stage,Winner's (A),T1 vs ZETA DIVISION,All Maps,ZETA DIVISION,Pistol Won,,4
Champions Tour 2024: Pacific Kickoff,Group Stage,Winner's (A),T1 vs ZETA DIVISION,All Maps,ZETA DIVISION,Eco (won),8,4
Champions Tour 2024: Pacific Kickoff,Group Stage,Winner's (A),T1 vs ZETA DIVISION,All Maps,ZETA DIVISION,$ (won),5,0
Champions Tour 2024: Pacific Kickoff,Group Stage,Winner's (A),T1 vs ZETA DIVISION,All Maps,ZETA DIVISION,$$ (won),20,8
Champions Tour 2024: Pacific Kickoff,Group Stage,Winner's (A),T1 vs ZETA DIVISION,All Maps,ZETA DIVISION,$$$ (won),28,12
Champions Tour 2024: Pacific Kickoff,Group Stage,Elimination (B),DetonatioN FocusMe vs Team Secret,Lotus,DetonatioN FocusMe,Pistol Won,,0
Champions Tour 2024: Pacific Kickoff,Group Stage,Elimination (B),DetonatioN FocusMe vs Team Secret,Lotus,DetonatioN FocusMe,Eco (won),3,0
Champions Tour 2024: Pacific Kickoff,Group Stage,Elimination (B),DetonatioN FocusMe vs Team Secret,Lotus,DetonatioN FocusMe,$ (won),3,0
Champions Tour 2024: Pacific Kickoff,Group Stage,Elimination (B),DetonatioN FocusMe vs Team Secret,Lotus,DetonatioN FocusMe,$$ (won),3,2
Champions Tour 2024: Pacific Kickoff,Group Stage,Elimination (B),DetonatioN FocusMe vs Team Secret,Lotus,DetonatioN FocusMe,$$$ (won),11,5
Champions Tour 2024: Pacific Kickoff,Group Stage,Elimination (B),DetonatioN FocusMe vs Team Secret,Lotus,Team Secret,Pistol Won,,2
Champions Tour 2024: Pacific Kickoff,Group Stage,Elimination (B),DetonatioN FocusMe vs Team Secret,Lotus,Team Secret,Eco (won),2,2
Champions Tour 2024: Pacific Kickoff,Group Stage,Elimination (B),DetonatioN FocusMe vs Team Secret,Lotus,Team Secret,$ (won),1,0
Champions Tour 2024: Pacific Kickoff,Group Stage,Elimination (B),DetonatioN FocusMe vs Team Secret,Lotus,Team Secret,$$ (won),5,4
Champions Tour 2024: Pacific Kickoff,Group Stage,Elimination (B),DetonatioN FocusMe vs Team Secret,Lotus,Team Secret,$$$ (won),12,7
Champions Tour 2024: Pacific Kickoff,Group Stage,Elimination (B),DetonatioN FocusMe vs Team Secret,Breeze,DetonatioN FocusMe,Pistol Won,,2
Champions Tour 2024: Pacific Kickoff,Group Stage,Elimination (B),DetonatioN FocusMe vs Team Secret,Breeze,DetonatioN FocusMe,Eco (won),2,2
Champions Tour 2024: Pacific Kickoff,Group Stage,Elimination (B),DetonatioN FocusMe vs Team Secret,Breeze,DetonatioN FocusMe,$ (won),0,0
Champions Tour 2024: Pacific Kickoff,Group Stage,Elimination (B),DetonatioN FocusMe vs Team Secret,Breeze,DetonatioN FocusMe,$$ (won),11,4
Champions Tour 2024: Pacific Kickoff,Group Stage,Elimination (B),DetonatioN FocusMe vs Team Secret,Breeze,DetonatioN FocusMe,$$$ (won),11,5
Champions Tour 2024: Pacific Kickoff,Group Stage,Elimination (B),DetonatioN FocusMe vs Team Secret,Breeze,Team Secret,Pistol Won,,0
Champions Tour 2024: Pacific Kickoff,Group Stage,Elimination (B),DetonatioN FocusMe vs Team Secret,Breeze,Team Secret,Eco (won),4,0
Champions Tour 2024: Pacific Kickoff,Group Stage,Elimination (B),DetonatioN FocusMe vs Team Secret,Breeze,Team Secret,$ (won),1,0
Champions Tour 2024: Pacific Kickoff,Group Stage,Elimination (B),DetonatioN FocusMe vs Team Secret,Breeze,Team Secret,$$ (won),5,5
Champions Tour 2024: Pacific Kickoff,Group Stage,Elimination (B),DetonatioN FocusMe vs Team Secret,Breeze,Team Secret,$$$ (won),14,8
Champions Tour 2024: Pacific Kickoff,Group Stage,Elimination (B),DetonatioN FocusMe vs Team Secret,All Maps,DetonatioN FocusMe,Pistol Won,,2
Champions Tour 2024: Pacific Kickoff,Group Stage,Elimination (B),DetonatioN FocusMe vs Team Secret,All Maps,DetonatioN FocusMe,Eco (won),5,2
Champions Tour 2024: Pacific Kickoff,Group Stage,Elimination (B),DetonatioN FocusMe vs Team Secret,All Maps,DetonatioN FocusMe,$ (won),3,0
Champions Tour 2024: Pacific Kickoff,Group Stage,Elimination (B),DetonatioN FocusMe vs Team Secret,All Maps,DetonatioN FocusMe,$$ (won),14,6
Champions Tour 2024: Pacific Kickoff,Group Stage,Elimination (B),DetonatioN FocusMe vs Team Secret,All Maps,DetonatioN FocusMe,$$$ (won),22,10
Champions Tour 2024: Pacific Kickoff,Group Stage,Elimination (B),DetonatioN FocusMe vs Team Secret,All Maps,Team Secret,Pistol Won,,2
Champions Tour 2024: Pacific Kickoff,Group Stage,Elimination (B),DetonatioN FocusMe vs Team Secret,All Maps,Team Secret,Eco (won),6,2
Champions Tour 2024: Pacific Kickoff,Group Stage,Elimination (B),DetonatioN FocusMe vs Team Secret,All Maps,Team Secret,$ (won),2,0
Champions Tour 2024: Pacific Kickoff,Group Stage,Elimination (B),DetonatioN FocusMe vs Team Secret,All Maps,Team Secret,$$ (won),10,9
Champions Tour 2024: Pacific Kickoff,Group Stage,Elimination (B),DetonatioN FocusMe vs Team Secret,All Maps,Team Secret,$$$ (won),26,15
Champions Tour 2024: Pacific Kickoff,Group Stage,Winner's (B),DRX vs Talon Esports,Split,DRX,Pistol Won,,1
Champions Tour 2024: Pacific Kickoff,Group Stage,Winner's (B),DRX vs Talon Esports,Split,DRX,Eco (won),3,1
Champions Tour 2024: Pacific Kickoff,Group Stage,Winner's (B),DRX vs Talon Esports,Split,DRX,$ (won),0,0
Champions Tour 2024: Pacific Kickoff,Group Stage,Winner's (B),DRX vs Talon Esports,Split,DRX,$$ (won),5,4
Champions Tour 2024: Pacific Kickoff,Group Stage,Winner's (B),DRX vs Talon Esports,Split,DRX,$$$ (won),15,8
Champions Tour 2024: Pacific Kickoff,Group Stage,Winner's (B),DRX vs Talon Esports,Split,Talon Esports,Pistol Won,,1
Champions Tour 2024: Pacific Kickoff,Group Stage,Winner's (B),DRX vs Talon Esports,Split,Talon Esports,Eco (won),3,1
Champions Tour 2024: Pacific Kickoff,Group Stage,Winner's (B),DRX vs Talon Esports,Split,Talon Esports,$ (won),2,1
Champions Tour 2024: Pacific Kickoff,Group Stage,Winner's (B),DRX vs Talon Esports,Split,Talon Esports,$$ (won),6,4
Champions Tour 2024: Pacific Kickoff,Group Stage,Winner's (B),DRX vs Talon Esports,Split,Talon Esports,$$$ (won),12,4
Champions Tour 2024: Pacific Kickoff,Group Stage,Winner's (B),DRX vs Talon Esports,Ascent,DRX,Pistol Won,,1
Champions Tour 2024: Pacific Kickoff,Group Stage,Winner's (B),DRX vs Talon Esports,Ascent,DRX,Eco (won),3,1
Champions Tour 2024: Pacific Kickoff,Group Stage,Winner's (B),DRX vs Talon Esports,Ascent,DRX,$ (won),0,0
Champions Tour 2024: Pacific Kickoff,Group Stage,Winner's (B),DRX vs Talon Esports,Ascent,DRX,$$ (won),5,2
Champions Tour 2024: Pacific Kickoff,Group Stage,Winner's (B),DRX vs Talon Esports,Ascent,DRX,$$$ (won),13,10
Champions Tour 2024: Pacific Kickoff,Group Stage,Winner's (B),DRX vs Talon Esports,Ascent,Talon Esports,Pistol Won,,1
Champions Tour 2024: Pacific Kickoff,Group Stage,Winner's (B),DRX vs Talon Esports,Ascent,Talon Esports,Eco (won),4,1
Champions Tour 2024: Pacific Kickoff,Group Stage,Winner's (B),DRX vs Talon Esports,Ascent,Talon Esports,$ (won),0,0
Champions Tour 2024: Pacific Kickoff,Group Stage,Winner's (B),DRX vs Talon Esports,Ascent,Talon Esports,$$ (won),3,1
Champions Tour 2024: Pacific Kickoff,Group Stage,Winner's (B),DRX vs Talon Esports,Ascent,Talon Esports,$$$ (won),14,6
Champions Tour 2024: Pacific Kickoff,Group Stage,Winner's (B),DRX vs Talon Esports,All Maps,DRX,Pistol Won,,2
Champions Tour 2024: Pacific Kickoff,Group Stage,Winner's (B),DRX vs Talon Esports,All Maps,DRX,Eco (won),6,2
Champions Tour 2024: Pacific Kickoff,Group Stage,Winner's (B),DRX vs Talon Esports,All Maps,DRX,$ (won),0,0
Champions Tour 2024: Pacific Kickoff,Group Stage,Winner's (B),DRX vs Talon Esports,All Maps,DRX,$$ (won),10,6
Champions Tour 2024: Pacific Kickoff,Group Stage,Winner's (B),DRX vs Talon Esports,All Maps,DRX,$$$ (won),28,18
Champions Tour 2024: Pacific Kickoff,Group Stage,Winner's (B),DRX vs Talon Esports,All Maps,Talon Esports,Pistol Won,,2
Champions Tour 2024: Pacific Kickoff,Group Stage,Winner's (B),DRX vs Talon Esports,All Maps,Talon Esports,Eco (won),7,2
Champions Tour 2024: Pacific Kickoff,Group Stage,Winner's (B),DRX vs Talon Esports,All Maps,Talon Esports,$ (won),2,1
Champions Tour 2024: Pacific Kickoff,Group Stage,Winner's (B),DRX vs Talon Esports,All Maps,Talon Esports,$$ (won),9,5
Champions Tour 2024: Pacific Kickoff,Group Stage,Winner's (B),DRX vs Talon Esports,All Maps,Talon Esports,$$$ (won),26,10
Champions Tour 2024: Pacific Kickoff,Group Stage,Decider (C),Gen.G vs Rex Regum Qeon,Lotus,Gen.G,Pistol Won,,2
Champions Tour 2024: Pacific Kickoff,Group Stage,Decider (C),Gen.G vs Rex Regum Qeon,Lotus,Gen.G,Eco (won),2,2
Champions Tour 2024: Pacific Kickoff,Group Stage,Decider (C),Gen.G vs Rex Regum Qeon,Lotus,Gen.G,$ (won),0,0
Champions Tour 2024: Pacific Kickoff,Group Stage,Decider (C),Gen.G vs Rex Regum Qeon,Lotus,Gen.G,$$ (won),8,5
Champions Tour 2024: Pacific Kickoff,Group Stage,Decider (C),Gen.G vs Rex Regum Qeon,Lotus,Gen.G,$$$ (won),10,6
Champions Tour 2024: Pacific Kickoff,Group Stage,Decider (C),Gen.G vs Rex Regum Qeon,Lotus,Rex Regum Qeon,Pistol Won,,0
Champions Tour 2024: Pacific Kickoff,Group Stage,Decider (C),Gen.G vs Rex Regum Qeon,Lotus,Rex Regum Qeon,Eco (won),4,0
Champions Tour 2024: Pacific Kickoff,Group Stage,Decider (C),Gen.G vs Rex Regum Qeon,Lotus,Rex Regum Qeon,$ (won),1,0
Champions Tour 2024: Pacific Kickoff,Group Stage,Decider (C),Gen.G vs Rex Regum Qeon,Lotus,Rex Regum Qeon,$$ (won),3,0
Champions Tour 2024: Pacific Kickoff,Group Stage,Decider (C),Gen.G vs Rex Regum Qeon,Lotus,Rex Regum Qeon,$$$ (won),12,7
Champions Tour 2024: Pacific Kickoff,Group Stage,Decider (C),Gen.G vs Rex Regum Qeon,Breeze,Gen.G,Pistol Won,,0
Champions Tour 2024: Pacific Kickoff,Group Stage,Decider (C),Gen.G vs Rex Regum Qeon,Breeze,Gen.G,Eco (won),4,0
Champions Tour 2024: Pacific Kickoff,Group Stage,Decider (C),Gen.G vs Rex Regum Qeon,Breeze,Gen.G,$ (won),1,0
Champions Tour 2024: Pacific Kickoff,Group Stage,Decider (C),Gen.G vs Rex Regum Qeon,Breeze,Gen.G,$$ (won),7,4
Champions Tour 2024: Pacific Kickoff,Group Stage,Decider (C),Gen.G vs Rex Regum Qeon,Breeze,Gen.G,$$$ (won),11,6
Champions Tour 2024: Pacific Kickoff,Group Stage,Decider (C),Gen.G vs Rex Regum Qeon,Breeze,Rex Regum Qeon,Pistol Won,,2
Champions Tour 2024: Pacific Kickoff,Group Stage,Decider (C),Gen.G vs Rex Regum Qeon,Breeze,Rex Regum Qeon,Eco (won),2,2
Champions Tour 2024: Pacific Kickoff,Group Stage,Decider (C),Gen.G vs Rex Regum Qeon,Breeze,Rex Regum Qeon,$ (won),1,0
Champions Tour 2024: Pacific Kickoff,Group Stage,Decider (C),Gen.G vs Rex Regum Qeon,Breeze,Rex Regum Qeon,$$ (won),9,5
Champions Tour 2024: Pacific Kickoff,Group Stage,Decider (C),Gen.G vs Rex Regum Qeon,Breeze,Rex Regum Qeon,$$$ (won),11,6
Champions Tour 2024: Pacific Kickoff,Group Stage,Decider (C),Gen.G vs Rex Regum Qeon,Icebox,Gen.G,Pistol Won,,2
Champions Tour 2024: Pacific Kickoff,Group Stage,Decider (C),Gen.G vs Rex Regum Qeon,Icebox,Gen.G,Eco (won),3,2
Champions Tour 2024: Pacific Kickoff,Group Stage,Decider (C),Gen.G vs Rex Regum Qeon,Icebox,Gen.G,$ (won),1,0
Champions Tour 2024: Pacific Kickoff,Group Stage,Decider (C),Gen.G vs Rex Regum Qeon,Icebox,Gen.G,$$ (won),6,4
Champions Tour 2024: Pacific Kickoff,Group Stage,Decider (C),Gen.G vs Rex Regum Qeon,Icebox,Gen.G,$$$ (won),14,7
Champions Tour 2024: Pacific Kickoff,Group Stage,Decider (C),Gen.G vs Rex Regum Qeon,Icebox,Rex Regum Qeon,Pistol Won,,0
Champions Tour 2024: Pacific Kickoff,Group Stage,Decider (C),Gen.G vs Rex Regum Qeon,Icebox,Rex Regum Qeon,Eco (won),4,1
Champions Tour 2024: Pacific Kickoff,Group Stage,Decider (C),Gen.G vs Rex Regum Qeon,Icebox,Rex Regum Qeon,$ (won),1,1
Champions Tour 2024: Pacific Kickoff,Group Stage,Decider (C),Gen.G vs Rex Regum Qeon,Icebox,Rex Regum Qeon,$$ (won),7,3
Champions Tour 2024: Pacific Kickoff,Group Stage,Decider (C),Gen.G vs Rex Regum Qeon,Icebox,Rex Regum Qeon,$$$ (won),12,6
Champions Tour 2024: Pacific Kickoff,Group Stage,Decider (C),Gen.G vs Rex Regum Qeon,All Maps,Gen.G,Pistol Won,,4
Champions Tour 2024: Pacific Kickoff,Group Stage,Decider (C),Gen.G vs Rex Regum Qeon,All Maps,Gen.G,Eco (won),9,4
Champions Tour 2024: Pacific Kickoff,Group Stage,Decider (C),Gen.G vs Rex Regum Qeon,All Maps,Gen.G,$ (won),2,0
Champions Tour 2024: Pacific Kickoff,Group Stage,Decider (C),Gen.G vs Rex Regum Qeon,All Maps,Gen.G,$$ (won),21,13
Champions Tour 2024: Pacific Kickoff,Group Stage,Decider (C),Gen.G vs Rex Regum Qeon,All Maps,Gen.G,$$$ (won),35,19
Champions Tour 2024: Pacific Kickoff,Group Stage,Decider (C),Gen.G vs Rex Regum Qeon,All Maps,Rex Regum Qeon,Pistol Won,,2
Champions Tour 2024: Pacific Kickoff,Group Stage,Decider (C),Gen.G vs Rex Regum Qeon,All Maps,Rex Regum Qeon,Eco (won),10,3
Champions Tour 2024: Pacific Kickoff,Group Stage,Decider (C),Gen.G vs Rex Regum Qeon,All Maps,Rex Regum Qeon,$ (won),3,1
Champions Tour 2024: Pacific Kickoff,Group Stage,Decider (C),Gen.G vs Rex Regum Qeon,All Maps,Rex Regum Qeon,$$ (won),19,8
Champions Tour 2024: Pacific Kickoff,Group Stage,Decider (C),Gen.G vs Rex Regum Qeon,All Maps,Rex Regum Qeon,$$$ (won),35,19
Champions Tour 2024: Pacific Kickoff,Group Stage,Decider (B),Talon Esports vs Team Secret,Breeze,Talon Esports,Pistol Won,,1
Champions Tour 2024: Pacific Kickoff,Group Stage,Decider (B),Talon Esports vs Team Secret,Breeze,Talon Esports,Eco (won),5,2
Champions Tour 2024: Pacific Kickoff,Group Stage,Decider (B),Talon Esports vs Team Secret,Breeze,Talon Esports,$ (won),1,1
Champions Tour 2024: Pacific Kickoff,Group Stage,Decider (B),Talon Esports vs Team Secret,Breeze,Talon Esports,$$ (won),6,1
Champions Tour 2024: Pacific Kickoff,Group Stage,Decider (B),Talon Esports vs Team Secret,Breeze,Talon Esports,$$$ (won),9,4
Champions Tour 2024: Pacific Kickoff,Group Stage,Decider (B),Talon Esports vs Team Secret,Breeze,Team Secret,Pistol Won,,1
Champions Tour 2024: Pacific Kickoff,Group Stage,Decider (B),Talon Esports vs Team Secret,Breeze,Team Secret,Eco (won),3,1
Champions Tour 2024: Pacific Kickoff,Group Stage,Decider (B),Talon Esports vs Team Secret,Breeze,Team Secret,$ (won),1,1
Champions Tour 2024: Pacific Kickoff,Group Stage,Decider (B),Talon Esports vs Team Secret,Breeze,Team Secret,$$ (won),4,3
Champions Tour 2024: Pacific Kickoff,Group Stage,Decider (B),Talon Esports vs Team Secret,Breeze,Team Secret,$$$ (won),13,8
Champions Tour 2024: Pacific Kickoff,Group Stage,Decider (B),Talon Esports vs Team Secret,Ascent,Talon Esports,Pistol Won,,1
Champions Tour 2024: Pacific Kickoff,Group Stage,Decider (B),Talon Esports vs Team Secret,Ascent,Talon Esports,Eco (won),3,1
Champions Tour 2024: Pacific Kickoff,Group Stage,Decider (B),Talon Esports vs Team Secret,Ascent,Talon Esports,$ (won),2,0
Champions Tour 2024: Pacific Kickoff,Group Stage,Decider (B),Talon Esports vs Team Secret,Ascent,Talon Esports,$$ (won),5,1
Champions Tour 2024: Pacific Kickoff,Group Stage,Decider (B),Talon Esports vs Team Secret,Ascent,Talon Esports,$$$ (won),10,5
Champions Tour 2024: Pacific Kickoff,Group Stage,Decider (B),Talon Esports vs Team Secret,Ascent,Team Secret,Pistol Won,,1
Champions Tour 2024: Pacific Kickoff,Group Stage,Decider (B),Talon Esports vs Team Secret,Ascent,Team Secret,Eco (won),3,1
Champions Tour 2024: Pacific Kickoff,Group Stage,Decider (B),Talon Esports vs Team Secret,Ascent,Team Secret,$ (won),1,0
Champions Tour 2024: Pacific Kickoff,Group Stage,Decider (B),Talon Esports vs Team Secret,Ascent,Team Secret,$$ (won),4,3
Champions Tour 2024: Pacific Kickoff,Group Stage,Decider (B),Talon Esports vs Team Secret,Ascent,Team Secret,$$$ (won),12,9
Champions Tour 2024: Pacific Kickoff,Group Stage,Decider (B),Talon Esports vs Team Secret,All Maps,Talon Esports,Pistol Won,,2
Champions Tour 2024: Pacific Kickoff,Group Stage,Decider (B),Talon Esports vs Team Secret,All Maps,Talon Esports,Eco (won),8,3
Champions Tour 2024: Pacific Kickoff,Group Stage,Decider (B),Talon Esports vs Team Secret,All Maps,Talon Esports,$ (won),3,1
Champions Tour 2024: Pacific Kickoff,Group Stage,Decider (B),Talon Esports vs Team Secret,All Maps,Talon Esports,$$ (won),11,2
Champions Tour 2024: Pacific Kickoff,Group Stage,Decider (B),Talon Esports vs Team Secret,All Maps,Talon Esports,$$$ (won),19,9
Champions Tour 2024: Pacific Kickoff,Group Stage,Decider (B),Talon Esports vs Team Secret,All Maps,Team Secret,Pistol Won,,2
Champions Tour 2024: Pacific Kickoff,Group Stage,Decider (B),Talon Esports vs Team Secret,All Maps,Team Secret,Eco (won),6,2
Champions Tour 2024: Pacific Kickoff,Group Stage,Decider (B),Talon Esports vs Team Secret,All Maps,Team Secret,$ (won),2,1
Champions Tour 2024: Pacific Kickoff,Group Stage,Decider (B),Talon Esports vs Team Secret,All Maps,Team Secret,$$ (won),8,6
Champions Tour 2024: Pacific Kickoff,Group Stage,Decider (B),Talon Esports vs Team Secret,All Maps,Team Secret,$$$ (won),25,17
Champions Tour 2024: Pacific Kickoff,Group Stage,Decider (A),ZETA DIVISION vs Global Esports,Bind,ZETA DIVISION,Pistol Won,,1
Champions Tour 2024: Pacific Kickoff,Group Stage,Decider (A),ZETA DIVISION vs Global Esports,Bind,ZETA DIVISION,Eco (won),3,1
Champions Tour 2024: Pacific Kickoff,Group Stage,Decider (A),ZETA DIVISION vs Global Esports,Bind,ZETA DIVISION,$ (won),1,1
Champions Tour 2024: Pacific Kickoff,Group Stage,Decider (A),ZETA DIVISION vs Global Esports,Bind,ZETA DIVISION,$$ (won),3,3
Champions Tour 2024: Pacific Kickoff,Group Stage,Decider (A),ZETA DIVISION vs Global Esports,Bind,ZETA DIVISION,$$$ (won),14,8
Champions Tour 2024: Pacific Kickoff,Group Stage,Decider (A),ZETA DIVISION vs Global Esports,Bind,Global Esports,Pistol Won,,1
Champions Tour 2024: Pacific Kickoff,Group Stage,Decider (A),ZETA DIVISION vs Global Esports,Bind,Global Esports,Eco (won),3,1
Champions Tour 2024: Pacific Kickoff,Group Stage,Decider (A),ZETA DIVISION vs Global Esports,Bind,Global Esports,$ (won),1,0
Champions Tour 2024: Pacific Kickoff,Group Stage,Decider (A),ZETA DIVISION vs Global Esports,Bind,Global Esports,$$ (won),10,5
Champions Tour 2024: Pacific Kickoff,Group Stage,Decider (A),ZETA DIVISION vs Global Esports,Bind,Global Esports,$$$ (won),7,2
Champions Tour 2024: Pacific Kickoff,Group Stage,Decider (A),ZETA DIVISION vs Global Esports,Lotus,ZETA DIVISION,Pistol Won,,2
Champions Tour 2024: Pacific Kickoff,Group Stage,Decider (A),ZETA DIVISION vs Global Esports,Lotus,ZETA DIVISION,Eco (won),2,2
Champions Tour 2024: Pacific Kickoff,Group Stage,Decider (A),ZETA DIVISION vs Global Esports,Lotus,ZETA DIVISION,$ (won),0,0
Champions Tour 2024: Pacific Kickoff,Group Stage,Decider (A),ZETA DIVISION vs Global Esports,Lotus,ZETA DIVISION,$$ (won),3,3
Champions Tour 2024: Pacific Kickoff,Group Stage,Decider (A),ZETA DIVISION vs Global Esports,Lotus,ZETA DIVISION,$$$ (won),11,8
Champions Tour 2024: Pacific Kickoff,Group Stage,Decider (A),ZETA DIVISION vs Global Esports,Lotus,Global Esports,Pistol Won,,0
Champions Tour 2024: Pacific Kickoff,Group Stage,Decider (A),ZETA DIVISION vs Global Esports,Lotus,Global Esports,Eco (won),3,0
Champions Tour 2024: Pacific Kickoff,Group Stage,Decider (A),ZETA DIVISION vs Global Esports,Lotus,Global Esports,$ (won),2,0
Champions Tour 2024: Pacific Kickoff,Group Stage,Decider (A),ZETA DIVISION vs Global Esports,Lotus,Global Esports,$$ (won),3,0
Champions Tour 2024: Pacific Kickoff,Group Stage,Decider (A),ZETA DIVISION vs Global Esports,Lotus,Global Esports,$$$ (won),8,3
Champions Tour 2024: Pacific Kickoff,Group Stage,Decider (A),ZETA DIVISION vs Global Esports,All Maps,ZETA DIVISION,Pistol Won,,3
Champions Tour 2024: Pacific Kickoff,Group Stage,Decider (A),ZETA DIVISION vs Global Esports,All Maps,ZETA DIVISION,Eco (won),5,3
Champions Tour 2024: Pacific Kickoff,Group Stage,Decider (A),ZETA DIVISION vs Global Esports,All Maps,ZETA DIVISION,$ (won),1,1
Champions Tour 2024: Pacific Kickoff,Group Stage,Decider (A),ZETA DIVISION vs Global Esports,All Maps,ZETA DIVISION,$$ (won),6,6
Champions Tour 2024: Pacific Kickoff,Group Stage,Decider (A),ZETA DIVISION vs Global Esports,All Maps,ZETA DIVISION,$$$ (won),25,16
Champions Tour 2024: Pacific Kickoff,Group Stage,Decider (A),ZETA DIVISION vs Global Esports,All Maps,Global Esports,Pistol Won,,1
Champions Tour 2024: Pacific Kickoff,Group Stage,Decider (A),ZETA DIVISION vs Global Esports,All Maps,Global Esports,Eco (won),6,1
Champions Tour 2024: Pacific Kickoff,Group Stage,Decider (A),ZETA DIVISION vs Global Esports,All Maps,Global Esports,$ (won),3,0
Champions Tour 2024: Pacific Kickoff,Group Stage,Decider (A),ZETA DIVISION vs Global Esports,All Maps,Global Esports,$$ (won),13,5
Champions Tour 2024: Pacific Kickoff,Group Stage,Decider (A),ZETA DIVISION vs Global Esports,All Maps,Global Esports,$$$ (won),15,5
Champions Tour 2024: Pacific Kickoff,Play-Ins,Play-ins,Team Secret vs Gen.G,Breeze,Team Secret,Pistol Won,,1
Champions Tour 2024: Pacific Kickoff,Play-Ins,Play-ins,Team Secret vs Gen.G,Breeze,Team Secret,Eco (won),3,2
Champions Tour 2024: Pacific Kickoff,Play-Ins,Play-ins,Team Secret vs Gen.G,Breeze,Team Secret,$ (won),0,0
Champions Tour 2024: Pacific Kickoff,Play-Ins,Play-ins,Team Secret vs Gen.G,Breeze,Team Secret,$$ (won),2,2
Champions Tour 2024: Pacific Kickoff,Play-Ins,Play-ins,Team Secret vs Gen.G,Breeze,Team Secret,$$$ (won),13,9
Champions Tour 2024: Pacific Kickoff,Play-Ins,Play-ins,Team Secret vs Gen.G,Breeze,Gen.G,Pistol Won,,1
Champions Tour 2024: Pacific Kickoff,Play-Ins,Play-ins,Team Secret vs Gen.G,Breeze,Gen.G,Eco (won),4,1
Champions Tour 2024: Pacific Kickoff,Play-Ins,Play-ins,Team Secret vs Gen.G,Breeze,Gen.G,$ (won),3,1
Champions Tour 2024: Pacific Kickoff,Play-Ins,Play-ins,Team Secret vs Gen.G,Breeze,Gen.G,$$ (won),6,2
Champions Tour 2024: Pacific Kickoff,Play-Ins,Play-ins,Team Secret vs Gen.G,Breeze,Gen.G,$$$ (won),5,1
Champions Tour 2024: Pacific Kickoff,Play-Ins,Play-ins,Team Secret vs Gen.G,Lotus,Team Secret,Pistol Won,,1
Champions Tour 2024: Pacific Kickoff,Play-Ins,Play-ins,Team Secret vs Gen.G,Lotus,Team Secret,Eco (won),3,1
Champions Tour 2024: Pacific Kickoff,Play-Ins,Play-ins,Team Secret vs Gen.G,Lotus,Team Secret,$ (won),1,0
Champions Tour 2024: Pacific Kickoff,Play-Ins,Play-ins,Team Secret vs Gen.G,Lotus,Team Secret,$$ (won),5,3
Champions Tour 2024: Pacific Kickoff,Play-Ins,Play-ins,Team Secret vs Gen.G,Lotus,Team Secret,$$$ (won),13,5
Champions Tour 2024: Pacific Kickoff,Play-Ins,Play-ins,Team Secret vs Gen.G,Lotus,Gen.G,Pistol Won,,1
Champions Tour 2024: Pacific Kickoff,Play-Ins,Play-ins,Team Secret vs Gen.G,Lotus,Gen.G,Eco (won),3,1
Champions Tour 2024: Pacific Kickoff,Play-Ins,Play-ins,Team Secret vs Gen.G,Lotus,Gen.G,$ (won),2,1
Champions Tour 2024: Pacific Kickoff,Play-Ins,Play-ins,Team Secret vs Gen.G,Lotus,Gen.G,$$ (won),5,5
Champions Tour 2024: Pacific Kickoff,Play-Ins,Play-ins,Team Secret vs Gen.G,Lotus,Gen.G,$$$ (won),12,6
Champions Tour 2024: Pacific Kickoff,Play-Ins,Play-ins,Team Secret vs Gen.G,Icebox,Team Secret,Pistol Won,,1
Champions Tour 2024: Pacific Kickoff,Play-Ins,Play-ins,Team Secret vs Gen.G,Icebox,Team Secret,Eco (won),3,1
Champions Tour 2024: Pacific Kickoff,Play-Ins,Play-ins,Team Secret vs Gen.G,Icebox,Team Secret,$ (won),2,1
Champions Tour 2024: Pacific Kickoff,Play-Ins,Play-ins,Team Secret vs Gen.G,Icebox,Team Secret,$$ (won),6,3
Champions Tour 2024: Pacific Kickoff,Play-Ins,Play-ins,Team Secret vs Gen.G,Icebox,Team Secret,$$$ (won),17,8
Champions Tour 2024: Pacific Kickoff,Play-Ins,Play-ins,Team Secret vs Gen.G,Icebox,Gen.G,Pistol Won,,1
Champions Tour 2024: Pacific Kickoff,Play-Ins,Play-ins,Team Secret vs Gen.G,Icebox,Gen.G,Eco (won),2,1
Champions Tour 2024: Pacific Kickoff,Play-Ins,Play-ins,Team Secret vs Gen.G,Icebox,Gen.G,$ (won),2,1
Champions Tour 2024: Pacific Kickoff,Play-Ins,Play-ins,Team Secret vs Gen.G,Icebox,Gen.G,$$ (won),9,2
Champions Tour 2024: Pacific Kickoff,Play-Ins,Play-ins,Team Secret vs Gen.G,Icebox,Gen.G,$$$ (won),15,11
Champions Tour 2024: Pacific Kickoff,Play-Ins,Play-ins,Team Secret vs Gen.G,All Maps,Team Secret,Pistol Won,,3
Champions Tour 2024: Pacific Kickoff,Play-Ins,Play-ins,Team Secret vs Gen.G,All Maps,Team Secret,Eco (won),9,4
Champions Tour 2024: Pacific Kickoff,Play-Ins,Play-ins,Team Secret vs Gen.G,All Maps,Team Secret,$ (won),3,1
Champions Tour 2024: Pacific Kickoff,Play-Ins,Play-ins,Team Secret vs Gen.G,All Maps,Team Secret,$$ (won),13,8
Champions Tour 2024: Pacific Kickoff,Play-Ins,Play-ins,Team Secret vs Gen.G,All Maps,Team Secret,$$$ (won),43,22
Champions Tour 2024: Pacific Kickoff,Play-Ins,Play-ins,Team Secret vs Gen.G,All Maps,Gen.G,Pistol Won,,3
Champions Tour 2024: Pacific Kickoff,Play-Ins,Play-ins,Team Secret vs Gen.G,All Maps,Gen.G,Eco (won),9,3
Champions Tour 2024: Pacific Kickoff,Play-Ins,Play-ins,Team Secret vs Gen.G,All Maps,Gen.G,$ (won),7,3
Champions Tour 2024: Pacific Kickoff,Play-Ins,Play-ins,Team Secret vs Gen.G,All Maps,Gen.G,$$ (won),20,9
Champions Tour 2024: Pacific Kickoff,Play-Ins,Play-ins,Team Secret vs Gen.G,All Maps,Gen.G,$$$ (won),32,18
Champions Tour 2024: Pacific Kickoff,Play-Ins,Play-ins,ZETA DIVISION vs Team Secret,Icebox,ZETA DIVISION,Pistol Won,,0
Champions Tour 2024: Pacific Kickoff,Play-Ins,Play-ins,ZETA DIVISION vs Team Secret,Icebox,ZETA DIVISION,Eco (won),3,0
Champions Tour 2024: Pacific Kickoff,Play-Ins,Play-ins,ZETA DIVISION vs Team Secret,Icebox,ZETA DIVISION,$ (won),2,0
Champions Tour 2024: Pacific Kickoff,Play-Ins,Play-ins,ZETA DIVISION vs Team Secret,Icebox,ZETA DIVISION,$$ (won),4,0
Champions Tour 2024: Pacific Kickoff,Play-Ins,Play-ins,ZETA DIVISION vs Team Secret,Icebox,ZETA DIVISION,$$$ (won),5,1
Champions Tour 2024: Pacific Kickoff,Play-Ins,Play-ins,ZETA DIVISION vs Team Secret,Icebox,Team Secret,Pistol Won,,2
Champions Tour 2024: Pacific Kickoff,Play-Ins,Play-ins,ZETA DIVISION vs Team Secret,Icebox,Team Secret,Eco (won),2,2
Champions Tour 2024: Pacific Kickoff,Play-Ins,Play-ins,ZETA DIVISION vs Team Secret,Icebox,Team Secret,$ (won),0,0
Champions Tour 2024: Pacific Kickoff,Play-Ins,Play-ins,ZETA DIVISION vs Team Secret,Icebox,Team Secret,$$ (won),3,3
Champions Tour 2024: Pacific Kickoff,Play-Ins,Play-ins,ZETA DIVISION vs Team Secret,Icebox,Team Secret,$$$ (won),9,8
Champions Tour 2024: Pacific Kickoff,Play-Ins,Play-ins,ZETA DIVISION vs Team Secret,Ascent,ZETA DIVISION,Pistol Won,,1
Champions Tour 2024: Pacific Kickoff,Play-Ins,Play-ins,ZETA DIVISION vs Team Secret,Ascent,ZETA DIVISION,Eco (won),3,1
Champions Tour 2024: Pacific Kickoff,Play-Ins,Play-ins,ZETA DIVISION vs Team Secret,Ascent,ZETA DIVISION,$ (won),2,0
Champions Tour 2024: Pacific Kickoff,Play-Ins,Play-ins,ZETA DIVISION vs Team Secret,Ascent,ZETA DIVISION,$$ (won),4,1
Champions Tour 2024: Pacific Kickoff,Play-Ins,Play-ins,ZETA DIVISION vs Team Secret,Ascent,ZETA DIVISION,$$$ (won),12,6
Champions Tour 2024: Pacific Kickoff,Play-Ins,Play-ins,ZETA DIVISION vs Team Secret,Ascent,Team Secret,Pistol Won,,1
Champions Tour 2024: Pacific Kickoff,Play-Ins,Play-ins,ZETA DIVISION vs Team Secret,Ascent,Team Secret,Eco (won),3,1
Champions Tour 2024: Pacific Kickoff,Play-Ins,Play-ins,ZETA DIVISION vs Team Secret,Ascent,Team Secret,$ (won),1,0
Champions Tour 2024: Pacific Kickoff,Play-Ins,Play-ins,ZETA DIVISION vs Team Secret,Ascent,Team Secret,$$ (won),5,3
Champions Tour 2024: Pacific Kickoff,Play-Ins,Play-ins,ZETA DIVISION vs Team Secret,Ascent,Team Secret,$$$ (won),12,9
Champions Tour 2024: Pacific Kickoff,Play-Ins,Play-ins,ZETA DIVISION vs Team Secret,All Maps,ZETA DIVISION,Pistol Won,,1
Champions Tour 2024: Pacific Kickoff,Play-Ins,Play-ins,ZETA DIVISION vs Team Secret,All Maps,ZETA DIVISION,Eco (won),6,1
Champions Tour 2024: Pacific Kickoff,Play-Ins,Play-ins,ZETA DIVISION vs Team Secret,All Maps,ZETA DIVISION,$ (won),4,0
Champions Tour 2024: Pacific Kickoff,Play-Ins,Play-ins,ZETA DIVISION vs Team Secret,All Maps,ZETA DIVISION,$$ (won),8,1
Champions Tour 2024: Pacific Kickoff,Play-Ins,Play-ins,ZETA DIVISION vs Team Secret,All Maps,ZETA DIVISION,$$$ (won),17,7
Champions Tour 2024: Pacific Kickoff,Play-Ins,Play-ins,ZETA DIVISION vs Team Secret,All Maps,Team Secret,Pistol Won,,3
Champions Tour 2024: Pacific Kickoff,Play-Ins,Play-ins,ZETA DIVISION vs Team Secret,All Maps,Team Secret,Eco (won),5,3
Champions Tour 2024: Pacific Kickoff,Play-Ins,Play-ins,ZETA DIVISION vs Team Secret,All Maps,Team Secret,$ (won),1,0
Champions Tour 2024: Pacific Kickoff,Play-Ins,Play-ins,ZETA DIVISION vs Team Secret,All Maps,Team Secret,$$ (won),8,6
Champions Tour 2024: Pacific Kickoff,Play-Ins,Play-ins,ZETA DIVISION vs Team Secret,All Maps,Team Secret,$$$ (won),21,17
Champions Tour 2024: Pacific Kickoff,Play-Ins,Play-ins,Gen.G vs ZETA DIVISION,Icebox,Gen.G,Pistol Won,,1
Champions Tour 2024: Pacific Kickoff,Play-Ins,Play-ins,Gen.G vs ZETA DIVISION,Icebox,Gen.G,Eco (won),3,1
Champions Tour 2024: Pacific Kickoff,Play-Ins,Play-ins,Gen.G vs ZETA DIVISION,Icebox,Gen.G,$ (won),0,0
Champions Tour 2024: Pacific Kickoff,Play-Ins,Play-ins,Gen.G vs ZETA DIVISION,Icebox,Gen.G,$$ (won),1,1
Champions Tour 2024: Pacific Kickoff,Play-Ins,Play-ins,Gen.G vs ZETA DIVISION,Icebox,Gen.G,$$$ (won),15,11
Champions Tour 2024: Pacific Kickoff,Play-Ins,Play-ins,Gen.G vs ZETA DIVISION,Icebox,ZETA DIVISION,Pistol Won,,1
Champions Tour 2024: Pacific Kickoff,Play-Ins,Play-ins,Gen.G vs ZETA DIVISION,Icebox,ZETA DIVISION,Eco (won),3,1
Champions Tour 2024: Pacific Kickoff,Play-Ins,Play-ins,Gen.G vs ZETA DIVISION,Icebox,ZETA DIVISION,$ (won),1,0
Champions Tour 2024: Pacific Kickoff,Play-Ins,Play-ins,Gen.G vs ZETA DIVISION,Icebox,ZETA DIVISION,$$ (won),7,2
Champions Tour 2024: Pacific Kickoff,Play-Ins,Play-ins,Gen.G vs ZETA DIVISION,Icebox,ZETA DIVISION,$$$ (won),8,3
Champions Tour 2024: Pacific Kickoff,Play-Ins,Play-ins,Gen.G vs ZETA DIVISION,Ascent,Gen.G,Pistol Won,,1
Champions Tour 2024: Pacific Kickoff,Play-Ins,Play-ins,Gen.G vs ZETA DIVISION,Ascent,Gen.G,Eco (won),3,1
Champions Tour 2024: Pacific Kickoff,Play-Ins,Play-ins,Gen.G vs ZETA DIVISION,Ascent,Gen.G,$ (won),1,1
Champions Tour 2024: Pacific Kickoff,Play-Ins,Play-ins,Gen.G vs ZETA DIVISION,Ascent,Gen.G,$$ (won),2,2
Champions Tour 2024: Pacific Kickoff,Play-Ins,Play-ins,Gen.G vs ZETA DIVISION,Ascent,Gen.G,$$$ (won),11,9
Champions Tour 2024: Pacific Kickoff,Play-Ins,Play-ins,Gen.G vs ZETA DIVISION,Ascent,ZETA DIVISION,Pistol Won,,1
Champions Tour 2024: Pacific Kickoff,Play-Ins,Play-ins,Gen.G vs ZETA DIVISION,Ascent,ZETA DIVISION,Eco (won),3,1
Champions Tour 2024: Pacific Kickoff,Play-Ins,Play-ins,Gen.G vs ZETA DIVISION,Ascent,ZETA DIVISION,$ (won),0,0
Champions Tour 2024: Pacific Kickoff,Play-Ins,Play-ins,Gen.G vs ZETA DIVISION,Ascent,ZETA DIVISION,$$ (won),7,2
Champions Tour 2024: Pacific Kickoff,Play-Ins,Play-ins,Gen.G vs ZETA DIVISION,Ascent,ZETA DIVISION,$$$ (won),7,1
Champions Tour 2024: Pacific Kickoff,Play-Ins,Play-ins,Gen.G vs ZETA DIVISION,All Maps,Gen.G,Pistol Won,,2
Champions Tour 2024: Pacific Kickoff,Play-Ins,Play-ins,Gen.G vs ZETA DIVISION,All Maps,Gen.G,Eco (won),6,2
Champions Tour 2024: Pacific Kickoff,Play-Ins,Play-ins,Gen.G vs ZETA DIVISION,All Maps,Gen.G,$ (won),1,1
Champions Tour 2024: Pacific Kickoff,Play-Ins,Play-ins,Gen.G vs ZETA DIVISION,All Maps,Gen.G,$$ (won),3,3
Champions Tour 2024: Pacific Kickoff,Play-Ins,Play-ins,Gen.G vs ZETA DIVISION,All Maps,Gen.G,$$$ (won),26,20
Champions Tour 2024: Pacific Kickoff,Play-Ins,Play-ins,Gen.G vs ZETA DIVISION,All Maps,ZETA DIVISION,Pistol Won,,2
Champions Tour 2024: Pacific Kickoff,Play-Ins,Play-ins,Gen.G vs ZETA DIVISION,All Maps,ZETA DIVISION,Eco (won),6,2
Champions Tour 2024: Pacific Kickoff,Play-Ins,Play-ins,Gen.G vs ZETA DIVISION,All Maps,ZETA DIVISION,$ (won),1,0
Champions Tour 2024: Pacific Kickoff,Play-Ins,Play-ins,Gen.G vs ZETA DIVISION,All Maps,ZETA DIVISION,$$ (won),14,4
Champions Tour 2024: Pacific Kickoff,Play-Ins,Play-ins,Gen.G vs ZETA DIVISION,All Maps,ZETA DIVISION,$$$ (won),15,4
Champions Tour 2024: Pacific Kickoff,Playoffs,Semifinals,T1 vs Paper Rex,Split,T1,Pistol Won,,1
Champions Tour 2024: Pacific Kickoff,Playoffs,Semifinals,T1 vs Paper Rex,Split,T1,Eco (won),3,1
Champions Tour 2024: Pacific Kickoff,Playoffs,Semifinals,T1 vs Paper Rex,Split,T1,$ (won),1,0
Champions Tour 2024: Pacific Kickoff,Playoffs,Semifinals,T1 vs Paper Rex,Split,T1,$$ (won),4,3
Champions Tour 2024: Pacific Kickoff,Playoffs,Semifinals,T1 vs Paper Rex,Split,T1,$$$ (won),22,10
Champions Tour 2024: Pacific Kickoff,Playoffs,Semifinals,T1 vs Paper Rex,Split,Paper Rex,Pistol Won,,1
Champions Tour 2024: Pacific Kickoff,Playoffs,Semifinals,T1 vs Paper Rex,Split,Paper Rex,Eco (won),3,1
Champions Tour 2024: Pacific Kickoff,Playoffs,Semifinals,T1 vs Paper Rex,Split,Paper Rex,$ (won),1,0
Champions Tour 2024: Pacific Kickoff,Playoffs,Semifinals,T1 vs Paper Rex,Split,Paper Rex,$$ (won),6,3
Champions Tour 2024: Pacific Kickoff,Playoffs,Semifinals,T1 vs Paper Rex,Split,Paper Rex,$$$ (won),20,12
Champions Tour 2024: Pacific Kickoff,Playoffs,Semifinals,T1 vs Paper Rex,Ascent,T1,Pistol Won,,2
Champions Tour 2024: Pacific Kickoff,Playoffs,Semifinals,T1 vs Paper Rex,Ascent,T1,Eco (won),4,2
Champions Tour 2024: Pacific Kickoff,Playoffs,Semifinals,T1 vs Paper Rex,Ascent,T1,$ (won),1,0
Champions Tour 2024: Pacific Kickoff,Playoffs,Semifinals,T1 vs Paper Rex,Ascent,T1,$$ (won),7,2
Champions Tour 2024: Pacific Kickoff,Playoffs,Semifinals,T1 vs Paper Rex,Ascent,T1,$$$ (won),7,2
Champions Tour 2024: Pacific Kickoff,Playoffs,Semifinals,T1 vs Paper Rex,Ascent,Paper Rex,Pistol Won,,0
Champions Tour 2024: Pacific Kickoff,Playoffs,Semifinals,T1 vs Paper Rex,Ascent,Paper Rex,Eco (won),3,1
Champions Tour 2024: Pacific Kickoff,Playoffs,Semifinals,T1 vs Paper Rex,Ascent,Paper Rex,$ (won),0,0
Champions Tour 2024: Pacific Kickoff,Playoffs,Semifinals,T1 vs Paper Rex,Ascent,Paper Rex,$$ (won),4,4
Champions Tour 2024: Pacific Kickoff,Playoffs,Semifinals,T1 vs Paper Rex,Ascent,Paper Rex,$$$ (won),12,8
Champions Tour 2024: Pacific Kickoff,Playoffs,Semifinals,T1 vs Paper Rex,All Maps,T1,Pistol Won,,3
Champions Tour 2024: Pacific Kickoff,Playoffs,Semifinals,T1 vs Paper Rex,All Maps,T1,Eco (won),7,3
Champions Tour 2024: Pacific Kickoff,Playoffs,Semifinals,T1 vs Paper Rex,All Maps,T1,$ (won),2,0
Champions Tour 2024: Pacific Kickoff,Playoffs,Semifinals,T1 vs Paper Rex,All Maps,T1,$$ (won),11,5
Champions Tour 2024: Pacific Kickoff,Playoffs,Semifinals,T1 vs Paper Rex,All Maps,T1,$$$ (won),29,12
Champions Tour 2024: Pacific Kickoff,Playoffs,Semifinals,T1 vs Paper Rex,All Maps,Paper Rex,Pistol Won,,1
Champions Tour 2024: Pacific Kickoff,Playoffs,Semifinals,T1 vs Paper Rex,All Maps,Paper Rex,Eco (won),6,2
Champions Tour 2024: Pacific Kickoff,Playoffs,Semifinals,T1 vs Paper Rex,All Maps,Paper Rex,$ (won),1,0
Champions Tour 2024: Pacific Kickoff,Playoffs,Semifinals,T1 vs Paper Rex,All Maps,Paper Rex,$$ (won),10,7
Champions Tour 2024: Pacific Kickoff,Playoffs,Semifinals,T1 vs Paper Rex,All Maps,Paper Rex,$$$ (won),32,20
Champions Tour 2024: Pacific Kickoff,Playoffs,Semifinals,DRX vs Gen.G,Bind,DRX,Pistol Won,,2
Champions Tour 2024: Pacific Kickoff,Playoffs,Semifinals,DRX vs Gen.G,Bind,DRX,Eco (won),4,3
Champions Tour 2024: Pacific Kickoff,Playoffs,Semifinals,DRX vs Gen.G,Bind,DRX,$ (won),2,0
Champions Tour 2024: Pacific Kickoff,Playoffs,Semifinals,DRX vs Gen.G,Bind,DRX,$$ (won),5,2
Champions Tour 2024: Pacific Kickoff,Playoffs,Semifinals,DRX vs Gen.G,Bind,DRX,$$$ (won),15,7
Champions Tour 2024: Pacific Kickoff,Playoffs,Semifinals,DRX vs Gen.G,Bind,Gen.G,Pistol Won,,0
Champions Tour 2024: Pacific Kickoff,Playoffs,Semifinals,DRX vs Gen.G,Bind,Gen.G,Eco (won),4,1
Champions Tour 2024: Pacific Kickoff,Playoffs,Semifinals,DRX vs Gen.G,Bind,Gen.G,$ (won),3,2
Champions Tour 2024: Pacific Kickoff,Playoffs,Semifinals,DRX vs Gen.G,Bind,Gen.G,$$ (won),3,2
Champions Tour 2024: Pacific Kickoff,Playoffs,Semifinals,DRX vs Gen.G,Bind,Gen.G,$$$ (won),16,9
Champions Tour 2024: Pacific Kickoff,Playoffs,Semifinals,DRX vs Gen.G,Lotus,DRX,Pistol Won,,1
Champions Tour 2024: Pacific Kickoff,Playoffs,Semifinals,DRX vs Gen.G,Lotus,DRX,Eco (won),4,1
Champions Tour 2024: Pacific Kickoff,Playoffs,Semifinals,DRX vs Gen.G,Lotus,DRX,$ (won),1,0
Champions Tour 2024: Pacific Kickoff,Playoffs,Semifinals,DRX vs Gen.G,Lotus,DRX,$$ (won),4,2
Champions Tour 2024: Pacific Kickoff,Playoffs,Semifinals,DRX vs Gen.G,Lotus,DRX,$$$ (won),12,5
Champions Tour 2024: Pacific Kickoff,Playoffs,Semifinals,DRX vs Gen.G,Lotus,Gen.G,Pistol Won,,1
Champions Tour 2024: Pacific Kickoff,Playoffs,Semifinals,DRX vs Gen.G,Lotus,Gen.G,Eco (won),3,1
Champions Tour 2024: Pacific Kickoff,Playoffs,Semifinals,DRX vs Gen.G,Lotus,Gen.G,$ (won),0,0
Champions Tour 2024: Pacific Kickoff,Playoffs,Semifinals,DRX vs Gen.G,Lotus,Gen.G,$$ (won),6,4
Champions Tour 2024: Pacific Kickoff,Playoffs,Semifinals,DRX vs Gen.G,Lotus,Gen.G,$$$ (won),12,8
Champions Tour 2024: Pacific Kickoff,Playoffs,Semifinals,DRX vs Gen.G,All Maps,DRX,Pistol Won,,3
Champions Tour 2024: Pacific Kickoff,Playoffs,Semifinals,DRX vs Gen.G,All Maps,DRX,Eco (won),8,4
Champions Tour 2024: Pacific Kickoff,Playoffs,Semifinals,DRX vs Gen.G,All Maps,DRX,$ (won),3,0
Champions Tour 2024: Pacific Kickoff,Playoffs,Semifinals,DRX vs Gen.G,All Maps,DRX,$$ (won),9,4
Champions Tour 2024: Pacific Kickoff,Playoffs,Semifinals,DRX vs Gen.G,All Maps,DRX,$$$ (won),27,12
Champions Tour 2024: Pacific Kickoff,Playoffs,Semifinals,DRX vs Gen.G,All Maps,Gen.G,Pistol Won,,1
Champions Tour 2024: Pacific Kickoff,Playoffs,Semifinals,DRX vs Gen.G,All Maps,Gen.G,Eco (won),7,2
Champions Tour 2024: Pacific Kickoff,Playoffs,Semifinals,DRX vs Gen.G,All Maps,Gen.G,$ (won),3,2
Champions Tour 2024: Pacific Kickoff,Playoffs,Semifinals,DRX vs Gen.G,All Maps,Gen.G,$$ (won),9,6
Champions Tour 2024: Pacific Kickoff,Playoffs,Semifinals,DRX vs Gen.G,All Maps,Gen.G,$$$ (won),28,17
Champions Tour 2024: Pacific Kickoff,Playoffs,Grand Final,Paper Rex vs Gen.G,Ascent,Paper Rex,Pistol Won,,1
Champions Tour 2024: Pacific Kickoff,Playoffs,Grand Final,Paper Rex vs Gen.G,Ascent,Paper Rex,Eco (won),3,1
Champions Tour 2024: Pacific Kickoff,Playoffs,Grand Final,Paper Rex vs Gen.G,Ascent,Paper Rex,$ (won),2,0
Champions Tour 2024: Pacific Kickoff,Playoffs,Grand Final,Paper Rex vs Gen.G,Ascent,Paper Rex,$$ (won),6,2
Champions Tour 2024: Pacific Kickoff,Playoffs,Grand Final,Paper Rex vs Gen.G,Ascent,Paper Rex,$$$ (won),7,2
Champions Tour 2024: Pacific Kickoff,Playoffs,Grand Final,Paper Rex vs Gen.G,Ascent,Gen.G,Pistol Won,,1
Champions Tour 2024: Pacific Kickoff,Playoffs,Grand Final,Paper Rex vs Gen.G,Ascent,Gen.G,Eco (won),3,1
Champions Tour 2024: Pacific Kickoff,Playoffs,Grand Final,Paper Rex vs Gen.G,Ascent,Gen.G,$ (won),0,0
Champions Tour 2024: Pacific Kickoff,Playoffs,Grand Final,Paper Rex vs Gen.G,Ascent,Gen.G,$$ (won),4,4
Champions Tour 2024: Pacific Kickoff,Playoffs,Grand Final,Paper Rex vs Gen.G,Ascent,Gen.G,$$$ (won),11,8
Champions Tour 2024: Pacific Kickoff,Playoffs,Grand Final,Paper Rex vs Gen.G,Split,Paper Rex,Pistol Won,,2
Champions Tour 2024: Pacific Kickoff,Playoffs,Grand Final,Paper Rex vs Gen.G,Split,Paper Rex,Eco (won),2,2
Champions Tour 2024: Pacific Kickoff,Playoffs,Grand Final,Paper Rex vs Gen.G,Split,Paper Rex,$ (won),1,0
Champions Tour 2024: Pacific Kickoff,Playoffs,Grand Final,Paper Rex vs Gen.G,Split,Paper Rex,$$ (won),5,4
Champions Tour 2024: Pacific Kickoff,Playoffs,Grand Final,Paper Rex vs Gen.G,Split,Paper Rex,$$$ (won),9,7
Champions Tour 2024: Pacific Kickoff,Playoffs,Grand Final,Paper Rex vs Gen.G,Split,Gen.G,Pistol Won,,0
Champions Tour 2024: Pacific Kickoff,Playoffs,Grand Final,Paper Rex vs Gen.G,Split,Gen.G,Eco (won),4,0
Champions Tour 2024: Pacific Kickoff,Playoffs,Grand Final,Paper Rex vs Gen.G,Split,Gen.G,$ (won),3,1
Champions Tour 2024: Pacific Kickoff,Playoffs,Grand Final,Paper Rex vs Gen.G,Split,Gen.G,$$ (won),2,1
Champions Tour 2024: Pacific Kickoff,Playoffs,Grand Final,Paper Rex vs Gen.G,Split,Gen.G,$$$ (won),8,2
Champions Tour 2024: Pacific Kickoff,Playoffs,Grand Final,Paper Rex vs Gen.G,Lotus,Paper Rex,Pistol Won,,0
Champions Tour 2024: Pacific Kickoff,Playoffs,Grand Final,Paper Rex vs Gen.G,Lotus,Paper Rex,Eco (won),3,0
Champions Tour 2024: Pacific Kickoff,Playoffs,Grand Final,Paper Rex vs Gen.G,Lotus,Paper Rex,$ (won),3,0
Champions Tour 2024: Pacific Kickoff,Playoffs,Grand Final,Paper Rex vs Gen.G,Lotus,Paper Rex,$$ (won),4,2
Champions Tour 2024: Pacific Kickoff,Playoffs,Grand Final,Paper Rex vs Gen.G,Lotus,Paper Rex,$$$ (won),14,9
Champions Tour 2024: Pacific Kickoff,Playoffs,Grand Final,Paper Rex vs Gen.G,Lotus,Gen.G,Pistol Won,,2
Champions Tour 2024: Pacific Kickoff,Playoffs,Grand Final,Paper Rex vs Gen.G,Lotus,Gen.G,Eco (won),2,2
Champions Tour 2024: Pacific Kickoff,Playoffs,Grand Final,Paper Rex vs Gen.G,Lotus,Gen.G,$ (won),1,0
Champions Tour 2024: Pacific Kickoff,Playoffs,Grand Final,Paper Rex vs Gen.G,Lotus,Gen.G,$$ (won),7,4
Champions Tour 2024: Pacific Kickoff,Playoffs,Grand Final,Paper Rex vs Gen.G,Lotus,Gen.G,$$$ (won),14,7
Champions Tour 2024: Pacific Kickoff,Playoffs,Grand Final,Paper Rex vs Gen.G,Bind,Paper Rex,Pistol Won,,0
Champions Tour 2024: Pacific Kickoff,Playoffs,Grand Final,Paper Rex vs Gen.G,Bind,Paper Rex,Eco (won),4,0
Champions Tour 2024: Pacific Kickoff,Playoffs,Grand Final,Paper Rex vs Gen.G,Bind,Paper Rex,$ (won),1,0
Champions Tour 2024: Pacific Kickoff,Playoffs,Grand Final,Paper Rex vs Gen.G,Bind,Paper Rex,$$ (won),4,1
Champions Tour 2024: Pacific Kickoff,Playoffs,Grand Final,Paper Rex vs Gen.G,Bind,Paper Rex,$$$ (won),8,3
Champions Tour 2024: Pacific Kickoff,Playoffs,Grand Final,Paper Rex vs Gen.G,Bind,Gen.G,Pistol Won,,2
Champions Tour 2024: Pacific Kickoff,Playoffs,Grand Final,Paper Rex vs Gen.G,Bind,Gen.G,Eco (won),2,2
Champions Tour 2024: Pacific Kickoff,Playoffs,Grand Final,Paper Rex vs Gen.G,Bind,Gen.G,$ (won),0,0
Champions Tour 2024: Pacific Kickoff,Playoffs,Grand Final,Paper Rex vs Gen.G,Bind,Gen.G,$$ (won),4,4
Champions Tour 2024: Pacific Kickoff,Playoffs,Grand Final,Paper Rex vs Gen.G,Bind,Gen.G,$$$ (won),11,7
Champions Tour 2024: Pacific Kickoff,Playoffs,Grand Final,Paper Rex vs Gen.G,All Maps,Paper Rex,Pistol Won,,3
Champions Tour 2024: Pacific Kickoff,Playoffs,Grand Final,Paper Rex vs Gen.G,All Maps,Paper Rex,Eco (won),12,3
Champions Tour 2024: Pacific Kickoff,Playoffs,Grand Final,Paper Rex vs Gen.G,All Maps,Paper Rex,$ (won),7,0
Champions Tour 2024: Pacific Kickoff,Playoffs,Grand Final,Paper Rex vs Gen.G,All Maps,Paper Rex,$$ (won),19,9
Champions Tour 2024: Pacific Kickoff,Playoffs,Grand Final,Paper Rex vs Gen.G,All Maps,Paper Rex,$$$ (won),38,21
Champions Tour 2024: Pacific Kickoff,Playoffs,Grand Final,Paper Rex vs Gen.G,All Maps,Gen.G,Pistol Won,,5
Champions Tour 2024: Pacific Kickoff,Playoffs,Grand Final,Paper Rex vs Gen.G,All Maps,Gen.G,Eco (won),11,5
Champions Tour 2024: Pacific Kickoff,Playoffs,Grand Final,Paper Rex vs Gen.G,All Maps,Gen.G,$ (won),4,1
Champions Tour 2024: Pacific Kickoff,Playoffs,Grand Final,Paper Rex vs Gen.G,All Maps,Gen.G,$$ (won),17,13
Champions Tour 2024: Pacific Kickoff,Playoffs,Grand Final,Paper Rex vs Gen.G,All Maps,Gen.G,$$$ (won),44,24
