Tournament,Stage,Match Type,Match Name,Map,Team,Player,Agents,2k,3k,4k,5k,1v1,1v2,1v3,1v4,1v5,Econ,Spike Plants,Spike Defuses
Champions Tour 2024: Masters Madrid,Swiss Stage,Round 1,Karmine Corp vs FunPlus Phoenix,All Maps,Karmine Corp,MAGNUM,killjoy,6,3,1,,,,,,,65,1,1
Champions Tour 2024: Masters Madrid,Swiss Stage,Round 1,Karmine Corp vs FunPlus Phoenix,All Maps,Karmine Corp,sh1n,"omen, sage",4,4,1,,,,,,,50,4,1
Champions Tour 2024: Masters Madrid,Swiss Stage,Round 1,Karmine Corp vs FunPlus Phoenix,All Maps,Karmine Corp,marteen,"jett, raze",4,3,,,,,,,,47,0,0
Champions Tour 2024: Masters Madrid,Swiss Stage,Round 1,Karmine Corp vs FunPlus Phoenix,All Maps,Karmine Corp,tomaszy,viper,5,,,,3,,,,,47,2,1
Champions Tour 2024: Masters Madrid,Swiss Stage,Round 1,Karmine Corp vs FunPlus Phoenix,All Maps,Karmine Corp,N4RRATE,"fade, gekko",9,3,3,,1,1,,,,88,9,3
Champions Tour 2024: Masters Madrid,Swiss Stage,Round 1,Karmine Corp vs FunPlus Phoenix,All Maps,FunPlus Phoenix,Autumn,"jett, raze",6,1,1,,,,,,,50,0,1
Champions Tour 2024: Masters Madrid,Swiss Stage,Round 1,Karmine Corp vs FunPlus Phoenix,All Maps,FunPlus Phoenix,Life,"chamber, reyna",8,1,,1,2,,,,,68,0,0
Champions Tour 2024: Masters Madrid,Swiss Stage,Round 1,Karmine Corp vs FunPlus Phoenix,All Maps,FunPlus Phoenix,BerLIN,omen,4,1,,,1,,,,,38,4,0
Champions Tour 2024: Masters Madrid,Swiss Stage,Round 1,Karmine Corp vs FunPlus Phoenix,All Maps,FunPlus Phoenix,AAAAY,gekko,7,1,,,1,,,,,54,15,1
Champions Tour 2024: Masters Madrid,Swiss Stage,Round 1,Karmine Corp vs FunPlus Phoenix,All Maps,FunPlus Phoenix,Lysoar,viper,4,1,,,,,,,,47,0,1
Champions Tour 2024: Masters Madrid,Swiss Stage,Round 1,Karmine Corp vs FunPlus Phoenix,Icebox,Karmine Corp,MAGNUM,killjoy,3,1,1,,,,,,,62,1,1
Champions Tour 2024: Masters Madrid,Swiss Stage,Round 1,Karmine Corp vs FunPlus Phoenix,Icebox,Karmine Corp,sh1n,sage,3,1,,,,,,,,39,2,1
Champions Tour 2024: Masters Madrid,Swiss Stage,Round 1,Karmine Corp vs FunPlus Phoenix,Icebox,Karmine Corp,marteen,jett,4,2,,,,,,,,53,0,0
Champions Tour 2024: Masters Madrid,Swiss Stage,Round 1,Karmine Corp vs FunPlus Phoenix,Icebox,Karmine Corp,tomaszy,viper,2,,,,1,,,,,40,0,0
Champions Tour 2024: Masters Madrid,Swiss Stage,Round 1,Karmine Corp vs FunPlus Phoenix,Icebox,Karmine Corp,N4RRATE,gekko,1,2,2,,1,1,,,,92,4,1
Champions Tour 2024: Masters Madrid,Swiss Stage,Round 1,Karmine Corp vs FunPlus Phoenix,Icebox,FunPlus Phoenix,Autumn,jett,2,1,,,,,,,,45,0,1
Champions Tour 2024: Masters Madrid,Swiss Stage,Round 1,Karmine Corp vs FunPlus Phoenix,Icebox,FunPlus Phoenix,Life,reyna,3,1,,1,1,,,,,80,0,0
Champions Tour 2024: Masters Madrid,Swiss Stage,Round 1,Karmine Corp vs FunPlus Phoenix,Icebox,FunPlus Phoenix,BerLIN,omen,1,1,,,1,,,,,40,1,0
Champions Tour 2024: Masters Madrid,Swiss Stage,Round 1,Karmine Corp vs FunPlus Phoenix,Icebox,FunPlus Phoenix,AAAAY,gekko,4,,,,,,,,,53,7,0
Champions Tour 2024: Masters Madrid,Swiss Stage,Round 1,Karmine Corp vs FunPlus Phoenix,Icebox,FunPlus Phoenix,Lysoar,viper,3,,,,,,,,,43,0,0
Champions Tour 2024: Masters Madrid,Swiss Stage,Round 1,Karmine Corp vs FunPlus Phoenix,Lotus,Karmine Corp,MAGNUM,killjoy,3,2,,,,,,,,68,0,0
Champions Tour 2024: Masters Madrid,Swiss Stage,Round 1,Karmine Corp vs FunPlus Phoenix,Lotus,Karmine Corp,sh1n,omen,1,3,1,,,,,,,61,2,0
Champions Tour 2024: Masters Madrid,Swiss Stage,Round 1,Karmine Corp vs FunPlus Phoenix,Lotus,Karmine Corp,marteen,raze,,1,,,,,,,,40,0,0
Champions Tour 2024: Masters Madrid,Swiss Stage,Round 1,Karmine Corp vs FunPlus Phoenix,Lotus,Karmine Corp,tomaszy,viper,3,,,,2,,,,,54,2,1
Champions Tour 2024: Masters Madrid,Swiss Stage,Round 1,Karmine Corp vs FunPlus Phoenix,Lotus,Karmine Corp,N4RRATE,fade,8,1,1,,,,,,,83,5,2
Champions Tour 2024: Masters Madrid,Swiss Stage,Round 1,Karmine Corp vs FunPlus Phoenix,Lotus,FunPlus Phoenix,Autumn,raze,4,,1,,,,,,,55,0,0
Champions Tour 2024: Masters Madrid,Swiss Stage,Round 1,Karmine Corp vs FunPlus Phoenix,Lotus,FunPlus Phoenix,Life,chamber,5,,,,1,,,,,56,0,0
Champions Tour 2024: Masters Madrid,Swiss Stage,Round 1,Karmine Corp vs FunPlus Phoenix,Lotus,FunPlus Phoenix,BerLIN,omen,3,,,,,,,,,36,3,0
Champions Tour 2024: Masters Madrid,Swiss Stage,Round 1,Karmine Corp vs FunPlus Phoenix,Lotus,FunPlus Phoenix,AAAAY,gekko,3,1,,,1,,,,,54,8,1
Champions Tour 2024: Masters Madrid,Swiss Stage,Round 1,Karmine Corp vs FunPlus Phoenix,Lotus,FunPlus Phoenix,Lysoar,viper,1,1,,,,,,,,51,0,1
Champions Tour 2024: Masters Madrid,Swiss Stage,Round 1,Gen.G vs LOUD,All Maps,Gen.G,Lakia,"gekko, sova",3,,,,,,,,,27,16,0
Champions Tour 2024: Masters Madrid,Swiss Stage,Round 1,Gen.G vs LOUD,All Maps,Gen.G,Munchkin,"kayo, viper",9,1,2,,,1,,,,48,3,2
Champions Tour 2024: Masters Madrid,Swiss Stage,Round 1,Gen.G vs LOUD,All Maps,Gen.G,t3xture,jett,8,4,1,1,,1,,,,65,1,0
Champions Tour 2024: Masters Madrid,Swiss Stage,Round 1,Gen.G vs LOUD,All Maps,Gen.G,Meteor,"killjoy, yoru",4,3,1,,,,,,,57,1,0
Champions Tour 2024: Masters Madrid,Swiss Stage,Round 1,Gen.G vs LOUD,All Maps,Gen.G,Karon,"astra, omen, viper",11,4,,,2,2,,,,69,5,2
Champions Tour 2024: Masters Madrid,Swiss Stage,Round 1,Gen.G vs LOUD,All Maps,LOUD,saadhak,"kayo, killjoy",8,1,,,1,,,,,49,9,2
Champions Tour 2024: Masters Madrid,Swiss Stage,Round 1,Gen.G vs LOUD,All Maps,LOUD,Quick,"jett, yoru",10,4,,,,,,,,53,0,1
Champions Tour 2024: Masters Madrid,Swiss Stage,Round 1,Gen.G vs LOUD,All Maps,LOUD,tuyz,"harbor, omen, viper",5,6,1,,,,,,,56,5,3
Champions Tour 2024: Masters Madrid,Swiss Stage,Round 1,Gen.G vs LOUD,All Maps,LOUD,cauanzin,"breach, sova",7,1,,,,,,,,38,2,0
Champions Tour 2024: Masters Madrid,Swiss Stage,Round 1,Gen.G vs LOUD,All Maps,LOUD,Less,"cypher, viper",11,2,1,,,,,,,76,3,1
Champions Tour 2024: Masters Madrid,Swiss Stage,Round 1,Gen.G vs LOUD,Icebox,Gen.G,Lakia,gekko,1,,,,,,,,,26,6,0
Champions Tour 2024: Masters Madrid,Swiss Stage,Round 1,Gen.G vs LOUD,Icebox,Gen.G,Munchkin,kayo,4,1,,,,,,,,60,2,1
Champions Tour 2024: Masters Madrid,Swiss Stage,Round 1,Gen.G vs LOUD,Icebox,Gen.G,t3xture,jett,6,2,,,,1,,,,67,0,0
Champions Tour 2024: Masters Madrid,Swiss Stage,Round 1,Gen.G vs LOUD,Icebox,Gen.G,Meteor,killjoy,1,2,,,,,,,,44,0,0
Champions Tour 2024: Masters Madrid,Swiss Stage,Round 1,Gen.G vs LOUD,Icebox,Gen.G,Karon,viper,4,1,,,1,1,,,,57,1,1
Champions Tour 2024: Masters Madrid,Swiss Stage,Round 1,Gen.G vs LOUD,Icebox,LOUD,saadhak,killjoy,5,1,,,,,,,,64,3,1
Champions Tour 2024: Masters Madrid,Swiss Stage,Round 1,Gen.G vs LOUD,Icebox,LOUD,Quick,jett,4,1,,,,,,,,43,0,1
Champions Tour 2024: Masters Madrid,Swiss Stage,Round 1,Gen.G vs LOUD,Icebox,LOUD,tuyz,harbor,,2,,,,,,,,43,4,1
Champions Tour 2024: Masters Madrid,Swiss Stage,Round 1,Gen.G vs LOUD,Icebox,LOUD,cauanzin,sova,4,,,,,,,,,39,0,0
Champions Tour 2024: Masters Madrid,Swiss Stage,Round 1,Gen.G vs LOUD,Icebox,LOUD,Less,viper,6,1,1,,,,,,,97,0,0
Champions Tour 2024: Masters Madrid,Swiss Stage,Round 1,Gen.G vs LOUD,Breeze,Gen.G,Lakia,sova,2,,,,,,,,,28,7,0
Champions Tour 2024: Masters Madrid,Swiss Stage,Round 1,Gen.G vs LOUD,Breeze,Gen.G,Munchkin,viper,3,,1,,,1,,,,40,0,1
Champions Tour 2024: Masters Madrid,Swiss Stage,Round 1,Gen.G vs LOUD,Breeze,Gen.G,t3xture,jett,2,1,,1,,,,,,70,0,0
Champions Tour 2024: Masters Madrid,Swiss Stage,Round 1,Gen.G vs LOUD,Breeze,Gen.G,Meteor,yoru,1,,,,,,,,,43,1,0
Champions Tour 2024: Masters Madrid,Swiss Stage,Round 1,Gen.G vs LOUD,Breeze,Gen.G,Karon,astra,3,,,,,,,,,42,0,0
Champions Tour 2024: Masters Madrid,Swiss Stage,Round 1,Gen.G vs LOUD,Breeze,LOUD,saadhak,kayo,1,,,,1,,,,,47,6,0
Champions Tour 2024: Masters Madrid,Swiss Stage,Round 1,Gen.G vs LOUD,Breeze,LOUD,Quick,jett,3,2,,,,,,,,68,0,0
Champions Tour 2024: Masters Madrid,Swiss Stage,Round 1,Gen.G vs LOUD,Breeze,LOUD,tuyz,viper,2,4,,,,,,,,77,1,2
Champions Tour 2024: Masters Madrid,Swiss Stage,Round 1,Gen.G vs LOUD,Breeze,LOUD,cauanzin,sova,2,1,,,,,,,,50,0,0
Champions Tour 2024: Masters Madrid,Swiss Stage,Round 1,Gen.G vs LOUD,Breeze,LOUD,Less,cypher,3,1,,,,,,,,70,3,1
Champions Tour 2024: Masters Madrid,Swiss Stage,Round 1,Gen.G vs LOUD,Ascent,Gen.G,Lakia,sova,,,,,,,,,,27,3,0
Champions Tour 2024: Masters Madrid,Swiss Stage,Round 1,Gen.G vs LOUD,Ascent,Gen.G,Munchkin,kayo,2,,1,,,,,,,43,1,0
Champions Tour 2024: Masters Madrid,Swiss Stage,Round 1,Gen.G vs LOUD,Ascent,Gen.G,t3xture,jett,,1,1,,,,,,,58,1,0
Champions Tour 2024: Masters Madrid,Swiss Stage,Round 1,Gen.G vs LOUD,Ascent,Gen.G,Meteor,killjoy,2,1,1,,,,,,,84,0,0
Champions Tour 2024: Masters Madrid,Swiss Stage,Round 1,Gen.G vs LOUD,Ascent,Gen.G,Karon,omen,4,3,,,1,1,,,,109,4,1
Champions Tour 2024: Masters Madrid,Swiss Stage,Round 1,Gen.G vs LOUD,Ascent,LOUD,saadhak,kayo,2,,,,,,,,,37,0,1
Champions Tour 2024: Masters Madrid,Swiss Stage,Round 1,Gen.G vs LOUD,Ascent,LOUD,Quick,yoru,3,1,,,,,,,,49,0,0
Champions Tour 2024: Masters Madrid,Swiss Stage,Round 1,Gen.G vs LOUD,Ascent,LOUD,tuyz,omen,3,,1,,,,,,,47,0,0
Champions Tour 2024: Masters Madrid,Swiss Stage,Round 1,Gen.G vs LOUD,Ascent,LOUD,cauanzin,breach,1,,,,,,,,,24,2,0
Champions Tour 2024: Masters Madrid,Swiss Stage,Round 1,Gen.G vs LOUD,Ascent,LOUD,Less,viper,2,,,,,,,,,60,0,0
Champions Tour 2024: Masters Madrid,Swiss Stage,Round 1,EDward Gaming vs Paper Rex,All Maps,EDward Gaming,nobody,"skye, sova",6,3,1,,,,,,,52,4,2
Champions Tour 2024: Masters Madrid,Swiss Stage,Round 1,EDward Gaming vs Paper Rex,All Maps,EDward Gaming,ZmjjKK,"kayo, raze",12,5,,,1,,,,,60,3,0
Champions Tour 2024: Masters Madrid,Swiss Stage,Round 1,EDward Gaming vs Paper Rex,All Maps,EDward Gaming,Haodong,"cypher, omen",6,4,1,,3,1,,,,53,1,2
Champions Tour 2024: Masters Madrid,Swiss Stage,Round 1,EDward Gaming vs Paper Rex,All Maps,EDward Gaming,Smoggy,"breach, kayo, raze",10,1,,,2,,,,,63,6,2
Champions Tour 2024: Masters Madrid,Swiss Stage,Round 1,EDward Gaming vs Paper Rex,All Maps,EDward Gaming,CHICHOO,"brimstone, cypher, viper",5,2,1,,,,,,,57,2,3
Champions Tour 2024: Masters Madrid,Swiss Stage,Round 1,EDward Gaming vs Paper Rex,All Maps,Paper Rex,Monyet,"omen, raze",10,,,,1,1,,,,40,4,0
Champions Tour 2024: Masters Madrid,Swiss Stage,Round 1,EDward Gaming vs Paper Rex,All Maps,Paper Rex,mindfreak,"brimstone, omen, viper",7,6,,,,,,,,53,2,1
Champions Tour 2024: Masters Madrid,Swiss Stage,Round 1,EDward Gaming vs Paper Rex,All Maps,Paper Rex,f0rsakeN,"harbor, kayo, yoru",6,5,3,1,1,,,,1.0,59,7,1
Champions Tour 2024: Masters Madrid,Swiss Stage,Round 1,EDward Gaming vs Paper Rex,All Maps,Paper Rex,d4v41,"fade, sage, viper",7,2,,,1,,,,,52,5,0
Champions Tour 2024: Masters Madrid,Swiss Stage,Round 1,EDward Gaming vs Paper Rex,All Maps,Paper Rex,something,"gekko, jett, reyna",6,,1,,3,,,,,44,7,0
Champions Tour 2024: Masters Madrid,Swiss Stage,Round 1,EDward Gaming vs Paper Rex,Sunset,EDward Gaming,nobody,sova,1,1,1,,,,,,,57,1,1
Champions Tour 2024: Masters Madrid,Swiss Stage,Round 1,EDward Gaming vs Paper Rex,Sunset,EDward Gaming,ZmjjKK,raze,2,,,,,,,,,37,1,0
Champions Tour 2024: Masters Madrid,Swiss Stage,Round 1,EDward Gaming vs Paper Rex,Sunset,EDward Gaming,Haodong,omen,2,2,,,,,,,,51,1,0
Champions Tour 2024: Masters Madrid,Swiss Stage,Round 1,EDward Gaming vs Paper Rex,Sunset,EDward Gaming,Smoggy,kayo,1,1,,,,,,,,59,2,0
Champions Tour 2024: Masters Madrid,Swiss Stage,Round 1,EDward Gaming vs Paper Rex,Sunset,EDward Gaming,CHICHOO,cypher,1,,,,,,,,,44,0,1
Champions Tour 2024: Masters Madrid,Swiss Stage,Round 1,EDward Gaming vs Paper Rex,Sunset,Paper Rex,Monyet,omen,4,,,,,1,,,,48,1,0
Champions Tour 2024: Masters Madrid,Swiss Stage,Round 1,EDward Gaming vs Paper Rex,Sunset,Paper Rex,mindfreak,viper,3,4,,,,,,,,71,0,0
Champions Tour 2024: Masters Madrid,Swiss Stage,Round 1,EDward Gaming vs Paper Rex,Sunset,Paper Rex,f0rsakeN,kayo,2,1,,,,,,,,39,2,0
Champions Tour 2024: Masters Madrid,Swiss Stage,Round 1,EDward Gaming vs Paper Rex,Sunset,Paper Rex,d4v41,sage,2,1,,,1,,,,,60,1,0
Champions Tour 2024: Masters Madrid,Swiss Stage,Round 1,EDward Gaming vs Paper Rex,Sunset,Paper Rex,something,gekko,1,,1,,2,,,,,47,7,0
Champions Tour 2024: Masters Madrid,Swiss Stage,Round 1,EDward Gaming vs Paper Rex,Bind,EDward Gaming,nobody,sova,,,,,,,,,,27,3,1
Champions Tour 2024: Masters Madrid,Swiss Stage,Round 1,EDward Gaming vs Paper Rex,Bind,EDward Gaming,ZmjjKK,kayo,4,1,,,1,,,,,54,1,0
Champions Tour 2024: Masters Madrid,Swiss Stage,Round 1,EDward Gaming vs Paper Rex,Bind,EDward Gaming,Haodong,cypher,3,1,1,,1,1,,,,75,0,1
Champions Tour 2024: Masters Madrid,Swiss Stage,Round 1,EDward Gaming vs Paper Rex,Bind,EDward Gaming,Smoggy,raze,4,,,,1,,,,,63,0,0
Champions Tour 2024: Masters Madrid,Swiss Stage,Round 1,EDward Gaming vs Paper Rex,Bind,EDward Gaming,CHICHOO,brimstone,3,1,1,,,,,,,74,2,1
Champions Tour 2024: Masters Madrid,Swiss Stage,Round 1,EDward Gaming vs Paper Rex,Bind,Paper Rex,Monyet,raze,3,,,,,,,,,35,0,0
Champions Tour 2024: Masters Madrid,Swiss Stage,Round 1,EDward Gaming vs Paper Rex,Bind,Paper Rex,mindfreak,brimstone,1,,,,,,,,,35,0,1
Champions Tour 2024: Masters Madrid,Swiss Stage,Round 1,EDward Gaming vs Paper Rex,Bind,Paper Rex,f0rsakeN,harbor,1,2,2,,1,,,,,62,4,0
Champions Tour 2024: Masters Madrid,Swiss Stage,Round 1,EDward Gaming vs Paper Rex,Bind,Paper Rex,d4v41,fade,4,,,,,,,,,59,2,0
Champions Tour 2024: Masters Madrid,Swiss Stage,Round 1,EDward Gaming vs Paper Rex,Bind,Paper Rex,something,reyna,5,,,,,,,,,48,0,0
Champions Tour 2024: Masters Madrid,Swiss Stage,Round 1,EDward Gaming vs Paper Rex,Split,EDward Gaming,nobody,skye,5,2,,,,,,,,71,0,0
Champions Tour 2024: Masters Madrid,Swiss Stage,Round 1,EDward Gaming vs Paper Rex,Split,EDward Gaming,ZmjjKK,raze,6,4,,,,,,,,89,1,0
Champions Tour 2024: Masters Madrid,Swiss Stage,Round 1,EDward Gaming vs Paper Rex,Split,EDward Gaming,Haodong,omen,1,1,,,2,,,,,33,0,1
Champions Tour 2024: Masters Madrid,Swiss Stage,Round 1,EDward Gaming vs Paper Rex,Split,EDward Gaming,Smoggy,breach,5,,,,1,,,,,66,4,2
Champions Tour 2024: Masters Madrid,Swiss Stage,Round 1,EDward Gaming vs Paper Rex,Split,EDward Gaming,CHICHOO,viper,1,1,,,,,,,,52,0,1
Champions Tour 2024: Masters Madrid,Swiss Stage,Round 1,EDward Gaming vs Paper Rex,Split,Paper Rex,Monyet,raze,3,,,,1,,,,,38,3,0
Champions Tour 2024: Masters Madrid,Swiss Stage,Round 1,EDward Gaming vs Paper Rex,Split,Paper Rex,mindfreak,omen,3,2,,,,,,,,53,2,0
Champions Tour 2024: Masters Madrid,Swiss Stage,Round 1,EDward Gaming vs Paper Rex,Split,Paper Rex,f0rsakeN,yoru,3,2,1,1,,,,,1.0,76,1,1
Champions Tour 2024: Masters Madrid,Swiss Stage,Round 1,EDward Gaming vs Paper Rex,Split,Paper Rex,d4v41,viper,1,1,,,,,,,,38,2,0
Champions Tour 2024: Masters Madrid,Swiss Stage,Round 1,EDward Gaming vs Paper Rex,Split,Paper Rex,something,jett,,,,,1,,,,,37,0,0
Champions Tour 2024: Masters Madrid,Swiss Stage,Round 1,Sentinels vs Team Heretics,All Maps,Sentinels,TenZ,"gekko, omen",8,2,1,1,,,,,,44,10,2
Champions Tour 2024: Masters Madrid,Swiss Stage,Round 1,Sentinels vs Team Heretics,All Maps,Sentinels,Sacy,"fade, gekko, skye",7,1,,,1,,,,,46,10,2
Champions Tour 2024: Masters Madrid,Swiss Stage,Round 1,Sentinels vs Team Heretics,All Maps,Sentinels,Zellsis,"brimstone, kayo, killjoy",8,1,1,,,2,,,,54,4,1
Champions Tour 2024: Masters Madrid,Swiss Stage,Round 1,Sentinels vs Team Heretics,All Maps,Sentinels,johnqt,"cypher, viper",5,3,,,3,,,,,50,4,1
Champions Tour 2024: Masters Madrid,Swiss Stage,Round 1,Sentinels vs Team Heretics,All Maps,Sentinels,zekken,raze,13,4,1,,1,1,,,,70,3,0
Champions Tour 2024: Masters Madrid,Swiss Stage,Round 1,Sentinels vs Team Heretics,All Maps,Team Heretics,paTiTek,"kayo, viper",9,2,,,,,,,,49,7,4
Champions Tour 2024: Masters Madrid,Swiss Stage,Round 1,Sentinels vs Team Heretics,All Maps,Team Heretics,Boo,"astra, omen",5,2,1,,1,,,,,39,4,1
Champions Tour 2024: Masters Madrid,Swiss Stage,Round 1,Sentinels vs Team Heretics,All Maps,Team Heretics,RieNs,"gekko, sova",10,3,,,,,,,,59,8,2
Champions Tour 2024: Masters Madrid,Swiss Stage,Round 1,Sentinels vs Team Heretics,All Maps,Team Heretics,MiniBoo,"neon, yoru",13,6,,,2,,,,,60,2,4
Champions Tour 2024: Masters Madrid,Swiss Stage,Round 1,Sentinels vs Team Heretics,All Maps,Team Heretics,benjyfishy,"cypher, killjoy, viper",3,1,,,1,,,,,43,3,1
Champions Tour 2024: Masters Madrid,Swiss Stage,Round 1,Sentinels vs Team Heretics,Lotus,Sentinels,TenZ,omen,3,,1,1,,,,,,46,1,0
Champions Tour 2024: Masters Madrid,Swiss Stage,Round 1,Sentinels vs Team Heretics,Lotus,Sentinels,Sacy,fade,2,1,,,1,,,,,63,3,0
Champions Tour 2024: Masters Madrid,Swiss Stage,Round 1,Sentinels vs Team Heretics,Lotus,Sentinels,Zellsis,killjoy,2,1,1,,,1,,,,64,2,0
Champions Tour 2024: Masters Madrid,Swiss Stage,Round 1,Sentinels vs Team Heretics,Lotus,Sentinels,johnqt,viper,2,2,,,2,,,,,57,2,1
Champions Tour 2024: Masters Madrid,Swiss Stage,Round 1,Sentinels vs Team Heretics,Lotus,Sentinels,zekken,raze,4,1,,,,,,,,55,2,0
Champions Tour 2024: Masters Madrid,Swiss Stage,Round 1,Sentinels vs Team Heretics,Lotus,Team Heretics,paTiTek,viper,1,2,,,,,,,,44,2,0
Champions Tour 2024: Masters Madrid,Swiss Stage,Round 1,Sentinels vs Team Heretics,Lotus,Team Heretics,Boo,omen,2,,1,,,,,,,47,1,0
Champions Tour 2024: Masters Madrid,Swiss Stage,Round 1,Sentinels vs Team Heretics,Lotus,Team Heretics,RieNs,gekko,2,,,,,,,,,38,3,1
Champions Tour 2024: Masters Madrid,Swiss Stage,Round 1,Sentinels vs Team Heretics,Lotus,Team Heretics,MiniBoo,neon,5,2,,,,,,,,72,1,0
Champions Tour 2024: Masters Madrid,Swiss Stage,Round 1,Sentinels vs Team Heretics,Lotus,Team Heretics,benjyfishy,killjoy,,1,,,1,,,,,42,2,0
Champions Tour 2024: Masters Madrid,Swiss Stage,Round 1,Sentinels vs Team Heretics,Sunset,Sentinels,TenZ,omen,1,,,,,,,,,34,2,0
Champions Tour 2024: Masters Madrid,Swiss Stage,Round 1,Sentinels vs Team Heretics,Sunset,Sentinels,Sacy,gekko,3,,,,,,,,,48,6,1
Champions Tour 2024: Masters Madrid,Swiss Stage,Round 1,Sentinels vs Team Heretics,Sunset,Sentinels,Zellsis,kayo,,,,,,,,,,22,1,0
Champions Tour 2024: Masters Madrid,Swiss Stage,Round 1,Sentinels vs Team Heretics,Sunset,Sentinels,johnqt,cypher,1,1,,,,,,,,51,1,0
Champions Tour 2024: Masters Madrid,Swiss Stage,Round 1,Sentinels vs Team Heretics,Sunset,Sentinels,zekken,raze,4,1,,,,1,,,,75,1,0
Champions Tour 2024: Masters Madrid,Swiss Stage,Round 1,Sentinels vs Team Heretics,Sunset,Team Heretics,paTiTek,kayo,4,,,,,,,,,61,3,3
Champions Tour 2024: Masters Madrid,Swiss Stage,Round 1,Sentinels vs Team Heretics,Sunset,Team Heretics,Boo,omen,1,1,,,,,,,,32,2,0
Champions Tour 2024: Masters Madrid,Swiss Stage,Round 1,Sentinels vs Team Heretics,Sunset,Team Heretics,RieNs,sova,4,2,,,,,,,,75,1,0
Champions Tour 2024: Masters Madrid,Swiss Stage,Round 1,Sentinels vs Team Heretics,Sunset,Team Heretics,MiniBoo,neon,3,3,,,2,,,,,63,0,3
Champions Tour 2024: Masters Madrid,Swiss Stage,Round 1,Sentinels vs Team Heretics,Sunset,Team Heretics,benjyfishy,cypher,1,,,,,,,,,56,0,1
Champions Tour 2024: Masters Madrid,Swiss Stage,Round 1,Sentinels vs Team Heretics,Bind,Sentinels,TenZ,gekko,4,2,,,,,,,,53,7,2
Champions Tour 2024: Masters Madrid,Swiss Stage,Round 1,Sentinels vs Team Heretics,Bind,Sentinels,Sacy,skye,2,,,,,,,,,28,1,1
Champions Tour 2024: Masters Madrid,Swiss Stage,Round 1,Sentinels vs Team Heretics,Bind,Sentinels,Zellsis,brimstone,6,,,,,1,,,,75,1,1
Champions Tour 2024: Masters Madrid,Swiss Stage,Round 1,Sentinels vs Team Heretics,Bind,Sentinels,johnqt,viper,2,,,,1,,,,,43,1,0
Champions Tour 2024: Masters Madrid,Swiss Stage,Round 1,Sentinels vs Team Heretics,Bind,Sentinels,zekken,raze,5,2,1,,1,,,,,81,0,0
Champions Tour 2024: Masters Madrid,Swiss Stage,Round 1,Sentinels vs Team Heretics,Bind,Team Heretics,paTiTek,kayo,4,,,,,,,,,42,2,1
Champions Tour 2024: Masters Madrid,Swiss Stage,Round 1,Sentinels vs Team Heretics,Bind,Team Heretics,Boo,astra,2,1,,,1,,,,,37,1,1
Champions Tour 2024: Masters Madrid,Swiss Stage,Round 1,Sentinels vs Team Heretics,Bind,Team Heretics,RieNs,sova,4,1,,,,,,,,63,4,1
Champions Tour 2024: Masters Madrid,Swiss Stage,Round 1,Sentinels vs Team Heretics,Bind,Team Heretics,MiniBoo,yoru,5,1,,,,,,,,44,1,1
Champions Tour 2024: Masters Madrid,Swiss Stage,Round 1,Sentinels vs Team Heretics,Bind,Team Heretics,benjyfishy,viper,2,,,,,,,,,31,1,0
Champions Tour 2024: Masters Madrid,Swiss Stage,Round 2,Sentinels vs Karmine Corp,All Maps,Sentinels,TenZ,omen,10,2,1,,,,,,,66,0,0
Champions Tour 2024: Masters Madrid,Swiss Stage,Round 2,Sentinels vs Karmine Corp,All Maps,Sentinels,Sacy,"fade, skye",3,,,,,,,,,32,9,1
Champions Tour 2024: Masters Madrid,Swiss Stage,Round 2,Sentinels vs Karmine Corp,All Maps,Sentinels,Zellsis,"killjoy, viper",8,,,,1,,,,,55,5,0
Champions Tour 2024: Masters Madrid,Swiss Stage,Round 2,Sentinels vs Karmine Corp,All Maps,Sentinels,johnqt,"cypher, viper",5,1,,,,,,,,64,2,4
Champions Tour 2024: Masters Madrid,Swiss Stage,Round 2,Sentinels vs Karmine Corp,All Maps,Sentinels,zekken,raze,10,4,,,,,,,,59,0,3
Champions Tour 2024: Masters Madrid,Swiss Stage,Round 2,Sentinels vs Karmine Corp,All Maps,Karmine Corp,MAGNUM,"fade, killjoy",2,3,,,,,,,,40,5,0
Champions Tour 2024: Masters Madrid,Swiss Stage,Round 2,Sentinels vs Karmine Corp,All Maps,Karmine Corp,sh1n,"astra, omen",6,1,,,,2,,,,46,2,1
Champions Tour 2024: Masters Madrid,Swiss Stage,Round 2,Sentinels vs Karmine Corp,All Maps,Karmine Corp,marteen,"raze, yoru",3,2,1,,,,,,,41,0,1
Champions Tour 2024: Masters Madrid,Swiss Stage,Round 2,Sentinels vs Karmine Corp,All Maps,Karmine Corp,tomaszy,"omen, viper",2,,,,,,,,,28,2,1
Champions Tour 2024: Masters Madrid,Swiss Stage,Round 2,Sentinels vs Karmine Corp,All Maps,Karmine Corp,N4RRATE,"fade, raze",6,3,,,,,1,,,53,6,1
Champions Tour 2024: Masters Madrid,Swiss Stage,Round 2,Sentinels vs Karmine Corp,Split,Sentinels,TenZ,omen,6,1,,,,,,,,71,0,0
Champions Tour 2024: Masters Madrid,Swiss Stage,Round 2,Sentinels vs Karmine Corp,Split,Sentinels,Sacy,skye,2,,,,,,,,,29,5,0
Champions Tour 2024: Masters Madrid,Swiss Stage,Round 2,Sentinels vs Karmine Corp,Split,Sentinels,Zellsis,viper,4,,,,,,,,,47,3,0
Champions Tour 2024: Masters Madrid,Swiss Stage,Round 2,Sentinels vs Karmine Corp,Split,Sentinels,johnqt,cypher,2,,,,,,,,,55,0,2
Champions Tour 2024: Masters Madrid,Swiss Stage,Round 2,Sentinels vs Karmine Corp,Split,Sentinels,zekken,raze,6,3,,,,,,,,81,0,2
Champions Tour 2024: Masters Madrid,Swiss Stage,Round 2,Sentinels vs Karmine Corp,Split,Karmine Corp,MAGNUM,fade,1,,,,,,,,,25,4,0
Champions Tour 2024: Masters Madrid,Swiss Stage,Round 2,Sentinels vs Karmine Corp,Split,Karmine Corp,sh1n,astra,3,1,,,,2,,,,52,1,1
Champions Tour 2024: Masters Madrid,Swiss Stage,Round 2,Sentinels vs Karmine Corp,Split,Karmine Corp,marteen,yoru,2,1,,,,,,,,45,0,1
Champions Tour 2024: Masters Madrid,Swiss Stage,Round 2,Sentinels vs Karmine Corp,Split,Karmine Corp,tomaszy,omen,,,,,,,,,,22,1,0
Champions Tour 2024: Masters Madrid,Swiss Stage,Round 2,Sentinels vs Karmine Corp,Split,Karmine Corp,N4RRATE,raze,4,,,,,,,,,48,0,0
Champions Tour 2024: Masters Madrid,Swiss Stage,Round 2,Sentinels vs Karmine Corp,Lotus,Sentinels,TenZ,omen,4,1,1,,,,,,,61,0,0
Champions Tour 2024: Masters Madrid,Swiss Stage,Round 2,Sentinels vs Karmine Corp,Lotus,Sentinels,Sacy,fade,1,,,,,,,,,35,4,1
Champions Tour 2024: Masters Madrid,Swiss Stage,Round 2,Sentinels vs Karmine Corp,Lotus,Sentinels,Zellsis,killjoy,4,,,,1,,,,,62,2,0
Champions Tour 2024: Masters Madrid,Swiss Stage,Round 2,Sentinels vs Karmine Corp,Lotus,Sentinels,johnqt,viper,3,1,,,,,,,,72,2,2
Champions Tour 2024: Masters Madrid,Swiss Stage,Round 2,Sentinels vs Karmine Corp,Lotus,Sentinels,zekken,raze,4,1,,,,,,,,37,0,1
Champions Tour 2024: Masters Madrid,Swiss Stage,Round 2,Sentinels vs Karmine Corp,Lotus,Karmine Corp,MAGNUM,killjoy,1,3,,,,,,,,55,1,0
Champions Tour 2024: Masters Madrid,Swiss Stage,Round 2,Sentinels vs Karmine Corp,Lotus,Karmine Corp,sh1n,omen,3,,,,,,,,,40,1,0
Champions Tour 2024: Masters Madrid,Swiss Stage,Round 2,Sentinels vs Karmine Corp,Lotus,Karmine Corp,marteen,raze,1,1,1,,,,,,,36,0,0
Champions Tour 2024: Masters Madrid,Swiss Stage,Round 2,Sentinels vs Karmine Corp,Lotus,Karmine Corp,tomaszy,viper,2,,,,,,,,,33,1,1
Champions Tour 2024: Masters Madrid,Swiss Stage,Round 2,Sentinels vs Karmine Corp,Lotus,Karmine Corp,N4RRATE,fade,2,3,,,,,1,,,57,6,1
Champions Tour 2024: Masters Madrid,Swiss Stage,Round 2,EDward Gaming vs Gen.G,All Maps,EDward Gaming,nobody,"skye, sova",8,1,,,1,1,,,,48,5,1
Champions Tour 2024: Masters Madrid,Swiss Stage,Round 2,EDward Gaming vs Gen.G,All Maps,EDward Gaming,ZmjjKK,"jett, raze",11,6,1,,,1,,,,75,1,1
Champions Tour 2024: Masters Madrid,Swiss Stage,Round 2,EDward Gaming vs Gen.G,All Maps,EDward Gaming,Haodong,"omen, viper",6,1,,,,,,,,47,1,1
Champions Tour 2024: Masters Madrid,Swiss Stage,Round 2,EDward Gaming vs Gen.G,All Maps,EDward Gaming,Smoggy,"breach, kayo",5,1,,,1,,,,,40,8,1
Champions Tour 2024: Masters Madrid,Swiss Stage,Round 2,EDward Gaming vs Gen.G,All Maps,EDward Gaming,CHICHOO,"cypher, killjoy, viper",7,,,,,,,,,42,0,1
Champions Tour 2024: Masters Madrid,Swiss Stage,Round 2,EDward Gaming vs Gen.G,All Maps,Gen.G,Lakia,"gekko, skye, sova",6,1,,,1,,,,,46,15,0
Champions Tour 2024: Masters Madrid,Swiss Stage,Round 2,EDward Gaming vs Gen.G,All Maps,Gen.G,Munchkin,"kayo, viper",7,2,,,,,,,,49,3,1
Champions Tour 2024: Masters Madrid,Swiss Stage,Round 2,EDward Gaming vs Gen.G,All Maps,Gen.G,t3xture,"jett, raze",10,1,1,1,2,,,,,46,3,1
Champions Tour 2024: Masters Madrid,Swiss Stage,Round 2,EDward Gaming vs Gen.G,All Maps,Gen.G,Meteor,"jett, killjoy, yoru",12,6,,,1,,,,,67,2,0
Champions Tour 2024: Masters Madrid,Swiss Stage,Round 2,EDward Gaming vs Gen.G,All Maps,Gen.G,Karon,"astra, omen, viper",8,2,,,1,,1,,,59,4,0
Champions Tour 2024: Masters Madrid,Swiss Stage,Round 2,EDward Gaming vs Gen.G,Icebox,EDward Gaming,nobody,sova,4,1,,,1,,,,,66,3,0
Champions Tour 2024: Masters Madrid,Swiss Stage,Round 2,EDward Gaming vs Gen.G,Icebox,EDward Gaming,ZmjjKK,jett,4,3,,,,,,,,80,0,0
Champions Tour 2024: Masters Madrid,Swiss Stage,Round 2,EDward Gaming vs Gen.G,Icebox,EDward Gaming,Haodong,viper,2,1,,,,,,,,57,1,0
Champions Tour 2024: Masters Madrid,Swiss Stage,Round 2,EDward Gaming vs Gen.G,Icebox,EDward Gaming,Smoggy,kayo,1,,,,1,,,,,41,4,1
Champions Tour 2024: Masters Madrid,Swiss Stage,Round 2,EDward Gaming vs Gen.G,Icebox,EDward Gaming,CHICHOO,killjoy,4,,,,,,,,,63,0,1
Champions Tour 2024: Masters Madrid,Swiss Stage,Round 2,EDward Gaming vs Gen.G,Icebox,Gen.G,Lakia,gekko,,,,,,,,,,18,4,0
Champions Tour 2024: Masters Madrid,Swiss Stage,Round 2,EDward Gaming vs Gen.G,Icebox,Gen.G,Munchkin,kayo,2,1,,,,,,,,52,2,0
Champions Tour 2024: Masters Madrid,Swiss Stage,Round 2,EDward Gaming vs Gen.G,Icebox,Gen.G,t3xture,jett,3,,,,,,,,,40,0,0
Champions Tour 2024: Masters Madrid,Swiss Stage,Round 2,EDward Gaming vs Gen.G,Icebox,Gen.G,Meteor,killjoy,3,2,,,,,,,,59,0,0
Champions Tour 2024: Masters Madrid,Swiss Stage,Round 2,EDward Gaming vs Gen.G,Icebox,Gen.G,Karon,viper,3,1,,,1,,1,,,66,0,0
Champions Tour 2024: Masters Madrid,Swiss Stage,Round 2,EDward Gaming vs Gen.G,Split,EDward Gaming,nobody,skye,2,,,,,1,,,,35,1,1
Champions Tour 2024: Masters Madrid,Swiss Stage,Round 2,EDward Gaming vs Gen.G,Split,EDward Gaming,ZmjjKK,raze,2,3,1,,,1,,,,100,0,1
Champions Tour 2024: Masters Madrid,Swiss Stage,Round 2,EDward Gaming vs Gen.G,Split,EDward Gaming,Haodong,omen,3,,,,,,,,,40,0,1
Champions Tour 2024: Masters Madrid,Swiss Stage,Round 2,EDward Gaming vs Gen.G,Split,EDward Gaming,Smoggy,breach,2,,,,,,,,,36,1,0
Champions Tour 2024: Masters Madrid,Swiss Stage,Round 2,EDward Gaming vs Gen.G,Split,EDward Gaming,CHICHOO,viper,1,,,,,,,,,27,0,0
Champions Tour 2024: Masters Madrid,Swiss Stage,Round 2,EDward Gaming vs Gen.G,Split,Gen.G,Lakia,skye,3,,,,1,,,,,62,6,0
Champions Tour 2024: Masters Madrid,Swiss Stage,Round 2,EDward Gaming vs Gen.G,Split,Gen.G,Munchkin,viper,3,,,,,,,,,54,0,1
Champions Tour 2024: Masters Madrid,Swiss Stage,Round 2,EDward Gaming vs Gen.G,Split,Gen.G,t3xture,raze,3,1,1,1,2,,,,,56,0,1
Champions Tour 2024: Masters Madrid,Swiss Stage,Round 2,EDward Gaming vs Gen.G,Split,Gen.G,Meteor,jett,5,3,,,,,,,,74,0,0
Champions Tour 2024: Masters Madrid,Swiss Stage,Round 2,EDward Gaming vs Gen.G,Split,Gen.G,Karon,omen,3,,,,,,,,,45,4,0
Champions Tour 2024: Masters Madrid,Swiss Stage,Round 2,EDward Gaming vs Gen.G,Breeze,EDward Gaming,nobody,sova,2,,,,,,,,,43,1,0
Champions Tour 2024: Masters Madrid,Swiss Stage,Round 2,EDward Gaming vs Gen.G,Breeze,EDward Gaming,ZmjjKK,jett,5,,,,,,,,,46,1,0
Champions Tour 2024: Masters Madrid,Swiss Stage,Round 2,EDward Gaming vs Gen.G,Breeze,EDward Gaming,Haodong,viper,1,,,,,,,,,44,0,0
Champions Tour 2024: Masters Madrid,Swiss Stage,Round 2,EDward Gaming vs Gen.G,Breeze,EDward Gaming,Smoggy,kayo,2,1,,,,,,,,44,3,0
Champions Tour 2024: Masters Madrid,Swiss Stage,Round 2,EDward Gaming vs Gen.G,Breeze,EDward Gaming,CHICHOO,cypher,2,,,,,,,,,37,0,0
Champions Tour 2024: Masters Madrid,Swiss Stage,Round 2,EDward Gaming vs Gen.G,Breeze,Gen.G,Lakia,sova,3,1,,,,,,,,58,5,0
Champions Tour 2024: Masters Madrid,Swiss Stage,Round 2,EDward Gaming vs Gen.G,Breeze,Gen.G,Munchkin,viper,2,1,,,,,,,,41,1,0
Champions Tour 2024: Masters Madrid,Swiss Stage,Round 2,EDward Gaming vs Gen.G,Breeze,Gen.G,t3xture,jett,4,,,,,,,,,43,3,0
Champions Tour 2024: Masters Madrid,Swiss Stage,Round 2,EDward Gaming vs Gen.G,Breeze,Gen.G,Meteor,yoru,4,1,,,1,,,,,69,2,0
Champions Tour 2024: Masters Madrid,Swiss Stage,Round 2,EDward Gaming vs Gen.G,Breeze,Gen.G,Karon,astra,2,1,,,,,,,,66,0,0
Champions Tour 2024: Masters Madrid,Swiss Stage,Round 2,FunPlus Phoenix vs LOUD,All Maps,FunPlus Phoenix,Autumn,"phoenix, yoru",7,2,1,,1,1,,,,60,1,0
Champions Tour 2024: Masters Madrid,Swiss Stage,Round 2,FunPlus Phoenix vs LOUD,All Maps,FunPlus Phoenix,Life,"chamber, jett",4,1,1,,,,1,,,62,0,0
Champions Tour 2024: Masters Madrid,Swiss Stage,Round 2,FunPlus Phoenix vs LOUD,All Maps,FunPlus Phoenix,BerLIN,"astra, harbor",2,1,,,,,,,,35,8,0
Champions Tour 2024: Masters Madrid,Swiss Stage,Round 2,FunPlus Phoenix vs LOUD,All Maps,FunPlus Phoenix,AAAAY,sova,5,,,,,,,,,35,2,1
Champions Tour 2024: Masters Madrid,Swiss Stage,Round 2,FunPlus Phoenix vs LOUD,All Maps,FunPlus Phoenix,Lysoar,viper,7,,,,,,,,,45,5,2
Champions Tour 2024: Masters Madrid,Swiss Stage,Round 2,FunPlus Phoenix vs LOUD,All Maps,LOUD,saadhak,"kayo, sova",8,2,1,,,,,,,77,3,2
Champions Tour 2024: Masters Madrid,Swiss Stage,Round 2,FunPlus Phoenix vs LOUD,All Maps,LOUD,Quick,"jett, phoenix",8,1,,,,,,,,47,0,2
Champions Tour 2024: Masters Madrid,Swiss Stage,Round 2,FunPlus Phoenix vs LOUD,All Maps,LOUD,tuyz,"omen, viper",5,,,,,,,,,51,2,2
Champions Tour 2024: Masters Madrid,Swiss Stage,Round 2,FunPlus Phoenix vs LOUD,All Maps,LOUD,cauanzin,"breach, sova",8,3,,,1,,,,,56,6,2
Champions Tour 2024: Masters Madrid,Swiss Stage,Round 2,FunPlus Phoenix vs LOUD,All Maps,LOUD,Less,"cypher, viper",7,3,,,,,,,,68,0,0
Champions Tour 2024: Masters Madrid,Swiss Stage,Round 2,FunPlus Phoenix vs LOUD,Sunset,FunPlus Phoenix,Autumn,phoenix,4,,,,,1,,,,54,0,0
Champions Tour 2024: Masters Madrid,Swiss Stage,Round 2,FunPlus Phoenix vs LOUD,Sunset,FunPlus Phoenix,Life,chamber,1,,1,,,,1,,,61,0,0
Champions Tour 2024: Masters Madrid,Swiss Stage,Round 2,FunPlus Phoenix vs LOUD,Sunset,FunPlus Phoenix,BerLIN,harbor,2,,,,,,,,,35,5,0
Champions Tour 2024: Masters Madrid,Swiss Stage,Round 2,FunPlus Phoenix vs LOUD,Sunset,FunPlus Phoenix,AAAAY,sova,2,,,,,,,,,33,0,0
Champions Tour 2024: Masters Madrid,Swiss Stage,Round 2,FunPlus Phoenix vs LOUD,Sunset,FunPlus Phoenix,Lysoar,viper,2,,,,,,,,,33,2,0
Champions Tour 2024: Masters Madrid,Swiss Stage,Round 2,FunPlus Phoenix vs LOUD,Sunset,LOUD,saadhak,sova,5,1,1,,,,,,,101,0,1
Champions Tour 2024: Masters Madrid,Swiss Stage,Round 2,FunPlus Phoenix vs LOUD,Sunset,LOUD,Quick,phoenix,5,1,,,,,,,,56,0,2
Champions Tour 2024: Masters Madrid,Swiss Stage,Round 2,FunPlus Phoenix vs LOUD,Sunset,LOUD,tuyz,omen,3,,,,,,,,,53,0,0
Champions Tour 2024: Masters Madrid,Swiss Stage,Round 2,FunPlus Phoenix vs LOUD,Sunset,LOUD,cauanzin,breach,3,2,,,,,,,,58,4,0
Champions Tour 2024: Masters Madrid,Swiss Stage,Round 2,FunPlus Phoenix vs LOUD,Sunset,LOUD,Less,viper,1,1,,,,,,,,71,0,0
Champions Tour 2024: Masters Madrid,Swiss Stage,Round 2,FunPlus Phoenix vs LOUD,Breeze,FunPlus Phoenix,Autumn,yoru,3,2,1,,1,,,,,66,1,0
Champions Tour 2024: Masters Madrid,Swiss Stage,Round 2,FunPlus Phoenix vs LOUD,Breeze,FunPlus Phoenix,Life,jett,3,1,,,,,,,,62,0,0
Champions Tour 2024: Masters Madrid,Swiss Stage,Round 2,FunPlus Phoenix vs LOUD,Breeze,FunPlus Phoenix,BerLIN,astra,,1,,,,,,,,35,3,0
Champions Tour 2024: Masters Madrid,Swiss Stage,Round 2,FunPlus Phoenix vs LOUD,Breeze,FunPlus Phoenix,AAAAY,sova,3,,,,,,,,,37,2,1
Champions Tour 2024: Masters Madrid,Swiss Stage,Round 2,FunPlus Phoenix vs LOUD,Breeze,FunPlus Phoenix,Lysoar,viper,5,,,,,,,,,57,3,2
Champions Tour 2024: Masters Madrid,Swiss Stage,Round 2,FunPlus Phoenix vs LOUD,Breeze,LOUD,saadhak,kayo,3,1,,,,,,,,53,3,1
Champions Tour 2024: Masters Madrid,Swiss Stage,Round 2,FunPlus Phoenix vs LOUD,Breeze,LOUD,Quick,jett,3,,,,,,,,,37,0,0
Champions Tour 2024: Masters Madrid,Swiss Stage,Round 2,FunPlus Phoenix vs LOUD,Breeze,LOUD,tuyz,viper,2,,,,,,,,,49,2,2
Champions Tour 2024: Masters Madrid,Swiss Stage,Round 2,FunPlus Phoenix vs LOUD,Breeze,LOUD,cauanzin,sova,5,1,,,1,,,,,54,2,2
Champions Tour 2024: Masters Madrid,Swiss Stage,Round 2,FunPlus Phoenix vs LOUD,Breeze,LOUD,Less,cypher,6,2,,,,,,,,65,0,0
Champions Tour 2024: Masters Madrid,Swiss Stage,Round 2,Team Heretics vs Paper Rex,All Maps,Team Heretics,paTiTek,"kayo, viper",2,,,,,,,,,34,2,0
Champions Tour 2024: Masters Madrid,Swiss Stage,Round 2,Team Heretics vs Paper Rex,All Maps,Team Heretics,Boo,omen,9,2,1,,1,,,,,50,5,2
Champions Tour 2024: Masters Madrid,Swiss Stage,Round 2,Team Heretics vs Paper Rex,All Maps,Team Heretics,RieNs,"breach, gekko, sova",8,3,1,,,,,,,61,8,4
Champions Tour 2024: Masters Madrid,Swiss Stage,Round 2,Team Heretics vs Paper Rex,All Maps,Team Heretics,MiniBoo,"neon, raze",12,1,1,,1,,,,,53,0,1
Champions Tour 2024: Masters Madrid,Swiss Stage,Round 2,Team Heretics vs Paper Rex,All Maps,Team Heretics,benjyfishy,"cypher, killjoy",11,4,2,,1,,,,,75,1,3
Champions Tour 2024: Masters Madrid,Swiss Stage,Round 2,Team Heretics vs Paper Rex,All Maps,Paper Rex,Monyet,"omen, raze",10,1,,,1,2,,,,48,0,3
Champions Tour 2024: Masters Madrid,Swiss Stage,Round 2,Team Heretics vs Paper Rex,All Maps,Paper Rex,mindfreak,"omen, viper",6,2,,,,,,,,39,2,0
Champions Tour 2024: Masters Madrid,Swiss Stage,Round 2,Team Heretics vs Paper Rex,All Maps,Paper Rex,f0rsakeN,"cypher, kayo, raze",7,4,3,,,,1,,,53,4,2
Champions Tour 2024: Masters Madrid,Swiss Stage,Round 2,Team Heretics vs Paper Rex,All Maps,Paper Rex,d4v41,"sage, skye",6,2,,,2,,,,,43,11,0
Champions Tour 2024: Masters Madrid,Swiss Stage,Round 2,Team Heretics vs Paper Rex,All Maps,Paper Rex,something,"gekko, jett",8,3,3,,,,,,,67,9,1
Champions Tour 2024: Masters Madrid,Swiss Stage,Round 2,Team Heretics vs Paper Rex,Sunset,Team Heretics,paTiTek,kayo,,,,,,,,,,34,2,0
Champions Tour 2024: Masters Madrid,Swiss Stage,Round 2,Team Heretics vs Paper Rex,Sunset,Team Heretics,Boo,omen,3,1,,,1,,,,,53,4,2
Champions Tour 2024: Masters Madrid,Swiss Stage,Round 2,Team Heretics vs Paper Rex,Sunset,Team Heretics,RieNs,sova,3,2,,,,,,,,76,1,2
Champions Tour 2024: Masters Madrid,Swiss Stage,Round 2,Team Heretics vs Paper Rex,Sunset,Team Heretics,MiniBoo,neon,7,,,,,,,,,58,0,0
Champions Tour 2024: Masters Madrid,Swiss Stage,Round 2,Team Heretics vs Paper Rex,Sunset,Team Heretics,benjyfishy,cypher,3,1,,,,,,,,62,0,2
Champions Tour 2024: Masters Madrid,Swiss Stage,Round 2,Team Heretics vs Paper Rex,Sunset,Paper Rex,Monyet,omen,3,1,,,,1,,,,69,0,2
Champions Tour 2024: Masters Madrid,Swiss Stage,Round 2,Team Heretics vs Paper Rex,Sunset,Paper Rex,mindfreak,viper,5,1,,,,,,,,51,1,0
Champions Tour 2024: Masters Madrid,Swiss Stage,Round 2,Team Heretics vs Paper Rex,Sunset,Paper Rex,f0rsakeN,kayo,3,1,1,,,,,,,45,2,0
Champions Tour 2024: Masters Madrid,Swiss Stage,Round 2,Team Heretics vs Paper Rex,Sunset,Paper Rex,d4v41,sage,2,,,,1,,,,,41,0,0
Champions Tour 2024: Masters Madrid,Swiss Stage,Round 2,Team Heretics vs Paper Rex,Sunset,Paper Rex,something,gekko,2,1,,,,,,,,61,9,1
Champions Tour 2024: Masters Madrid,Swiss Stage,Round 2,Team Heretics vs Paper Rex,Lotus,Team Heretics,paTiTek,viper,2,,,,,,,,,36,0,0
Champions Tour 2024: Masters Madrid,Swiss Stage,Round 2,Team Heretics vs Paper Rex,Lotus,Team Heretics,Boo,omen,3,1,,,,,,,,48,0,0
Champions Tour 2024: Masters Madrid,Swiss Stage,Round 2,Team Heretics vs Paper Rex,Lotus,Team Heretics,RieNs,gekko,4,1,,,,,,,,62,6,2
Champions Tour 2024: Masters Madrid,Swiss Stage,Round 2,Team Heretics vs Paper Rex,Lotus,Team Heretics,MiniBoo,neon,4,1,1,,1,,,,,75,0,1
Champions Tour 2024: Masters Madrid,Swiss Stage,Round 2,Team Heretics vs Paper Rex,Lotus,Team Heretics,benjyfishy,killjoy,5,2,,,1,,,,,78,0,1
Champions Tour 2024: Masters Madrid,Swiss Stage,Round 2,Team Heretics vs Paper Rex,Lotus,Paper Rex,Monyet,raze,4,,,,1,,,,,37,0,1
Champions Tour 2024: Masters Madrid,Swiss Stage,Round 2,Team Heretics vs Paper Rex,Lotus,Paper Rex,mindfreak,omen,1,1,,,,,,,,41,1,0
Champions Tour 2024: Masters Madrid,Swiss Stage,Round 2,Team Heretics vs Paper Rex,Lotus,Paper Rex,f0rsakeN,cypher,1,2,,,,,1,,,36,2,0
Champions Tour 2024: Masters Madrid,Swiss Stage,Round 2,Team Heretics vs Paper Rex,Lotus,Paper Rex,d4v41,skye,1,1,,,,,,,,38,6,0
Champions Tour 2024: Masters Madrid,Swiss Stage,Round 2,Team Heretics vs Paper Rex,Lotus,Paper Rex,something,jett,3,1,2,,,,,,,78,0,0
Champions Tour 2024: Masters Madrid,Swiss Stage,Round 2,Team Heretics vs Paper Rex,Split,Team Heretics,paTiTek,viper,,,,,,,,,,31,0,0
Champions Tour 2024: Masters Madrid,Swiss Stage,Round 2,Team Heretics vs Paper Rex,Split,Team Heretics,Boo,omen,3,,1,,,,,,,48,1,0
Champions Tour 2024: Masters Madrid,Swiss Stage,Round 2,Team Heretics vs Paper Rex,Split,Team Heretics,RieNs,breach,1,,1,,,,,,,45,1,0
Champions Tour 2024: Masters Madrid,Swiss Stage,Round 2,Team Heretics vs Paper Rex,Split,Team Heretics,MiniBoo,raze,1,,,,,,,,,27,0,0
Champions Tour 2024: Masters Madrid,Swiss Stage,Round 2,Team Heretics vs Paper Rex,Split,Team Heretics,benjyfishy,cypher,3,1,2,,,,,,,84,1,0
Champions Tour 2024: Masters Madrid,Swiss Stage,Round 2,Team Heretics vs Paper Rex,Split,Paper Rex,Monyet,omen,3,,,,,1,,,,38,0,0
Champions Tour 2024: Masters Madrid,Swiss Stage,Round 2,Team Heretics vs Paper Rex,Split,Paper Rex,mindfreak,viper,,,,,,,,,,26,0,0
Champions Tour 2024: Masters Madrid,Swiss Stage,Round 2,Team Heretics vs Paper Rex,Split,Paper Rex,f0rsakeN,raze,3,1,2,,,,,,,77,0,2
Champions Tour 2024: Masters Madrid,Swiss Stage,Round 2,Team Heretics vs Paper Rex,Split,Paper Rex,d4v41,skye,3,1,,,1,,,,,50,5,0
Champions Tour 2024: Masters Madrid,Swiss Stage,Round 2,Team Heretics vs Paper Rex,Split,Paper Rex,something,jett,3,1,1,,,,,,,62,0,0
Champions Tour 2024: Masters Madrid,Swiss Stage,Round 3,LOUD vs EDward Gaming,All Maps,LOUD,saadhak,"killjoy, sova",2,2,,,2,,,,,66,6,2
Champions Tour 2024: Masters Madrid,Swiss Stage,Round 3,LOUD vs EDward Gaming,All Maps,LOUD,Quick,"jett, phoenix",7,4,,,1,,,,,94,0,0
Champions Tour 2024: Masters Madrid,Swiss Stage,Round 3,LOUD vs EDward Gaming,All Maps,LOUD,tuyz,"harbor, omen",3,2,,,1,1,,,,51,5,1
Champions Tour 2024: Masters Madrid,Swiss Stage,Round 3,LOUD vs EDward Gaming,All Maps,LOUD,cauanzin,"breach, sova",9,,,,,,,,,66,3,2
Champions Tour 2024: Masters Madrid,Swiss Stage,Round 3,LOUD vs EDward Gaming,All Maps,LOUD,Less,viper,3,,,,,1,,,,79,0,1
Champions Tour 2024: Masters Madrid,Swiss Stage,Round 3,LOUD vs EDward Gaming,All Maps,EDward Gaming,nobody,sova,3,,,,,,,,,48,3,0
Champions Tour 2024: Masters Madrid,Swiss Stage,Round 3,LOUD vs EDward Gaming,All Maps,EDward Gaming,ZmjjKK,"jett, raze",3,,1,,,,,,,37,1,0
Champions Tour 2024: Masters Madrid,Swiss Stage,Round 3,LOUD vs EDward Gaming,All Maps,EDward Gaming,Haodong,"omen, viper",1,,,,,,,,,36,1,0
Champions Tour 2024: Masters Madrid,Swiss Stage,Round 3,LOUD vs EDward Gaming,All Maps,EDward Gaming,Smoggy,kayo,4,,1,,1,,,,,56,5,0
Champions Tour 2024: Masters Madrid,Swiss Stage,Round 3,LOUD vs EDward Gaming,All Maps,EDward Gaming,CHICHOO,"cypher, killjoy",1,1,,,,,,,,45,0,1
Champions Tour 2024: Masters Madrid,Swiss Stage,Round 3,LOUD vs EDward Gaming,Icebox,LOUD,saadhak,killjoy,1,2,,,1,,,,,72,5,1
Champions Tour 2024: Masters Madrid,Swiss Stage,Round 3,LOUD vs EDward Gaming,Icebox,LOUD,Quick,jett,4,,,,,,,,,61,0,0
Champions Tour 2024: Masters Madrid,Swiss Stage,Round 3,LOUD vs EDward Gaming,Icebox,LOUD,tuyz,harbor,2,,,,1,1,,,,48,5,1
Champions Tour 2024: Masters Madrid,Swiss Stage,Round 3,LOUD vs EDward Gaming,Icebox,LOUD,cauanzin,sova,4,,,,,,,,,66,2,0
Champions Tour 2024: Masters Madrid,Swiss Stage,Round 3,LOUD vs EDward Gaming,Icebox,LOUD,Less,viper,3,,,,,1,,,,97,0,0
Champions Tour 2024: Masters Madrid,Swiss Stage,Round 3,LOUD vs EDward Gaming,Icebox,EDward Gaming,nobody,sova,1,,,,,,,,,56,1,0
Champions Tour 2024: Masters Madrid,Swiss Stage,Round 3,LOUD vs EDward Gaming,Icebox,EDward Gaming,ZmjjKK,jett,1,,,,,,,,,15,1,0
Champions Tour 2024: Masters Madrid,Swiss Stage,Round 3,LOUD vs EDward Gaming,Icebox,EDward Gaming,Haodong,viper,1,,,,,,,,,44,0,0
Champions Tour 2024: Masters Madrid,Swiss Stage,Round 3,LOUD vs EDward Gaming,Icebox,EDward Gaming,Smoggy,kayo,3,,1,,,,,,,74,1,0
Champions Tour 2024: Masters Madrid,Swiss Stage,Round 3,LOUD vs EDward Gaming,Icebox,EDward Gaming,CHICHOO,killjoy,,1,,,,,,,,55,0,1
Champions Tour 2024: Masters Madrid,Swiss Stage,Round 3,LOUD vs EDward Gaming,Sunset,LOUD,saadhak,sova,1,,,,1,,,,,59,1,1
Champions Tour 2024: Masters Madrid,Swiss Stage,Round 3,LOUD vs EDward Gaming,Sunset,LOUD,Quick,phoenix,3,4,,,1,,,,,127,0,0
Champions Tour 2024: Masters Madrid,Swiss Stage,Round 3,LOUD vs EDward Gaming,Sunset,LOUD,tuyz,omen,1,2,,,,,,,,53,0,0
Champions Tour 2024: Masters Madrid,Swiss Stage,Round 3,LOUD vs EDward Gaming,Sunset,LOUD,cauanzin,breach,5,,,,,,,,,65,1,2
Champions Tour 2024: Masters Madrid,Swiss Stage,Round 3,LOUD vs EDward Gaming,Sunset,LOUD,Less,viper,,,,,,,,,,60,0,1
Champions Tour 2024: Masters Madrid,Swiss Stage,Round 3,LOUD vs EDward Gaming,Sunset,EDward Gaming,nobody,sova,2,,,,,,,,,39,2,0
Champions Tour 2024: Masters Madrid,Swiss Stage,Round 3,LOUD vs EDward Gaming,Sunset,EDward Gaming,ZmjjKK,raze,2,,1,,,,,,,59,0,0
Champions Tour 2024: Masters Madrid,Swiss Stage,Round 3,LOUD vs EDward Gaming,Sunset,EDward Gaming,Haodong,omen,,,,,,,,,,28,1,0
Champions Tour 2024: Masters Madrid,Swiss Stage,Round 3,LOUD vs EDward Gaming,Sunset,EDward Gaming,Smoggy,kayo,1,,,,1,,,,,38,4,0
Champions Tour 2024: Masters Madrid,Swiss Stage,Round 3,LOUD vs EDward Gaming,Sunset,EDward Gaming,CHICHOO,cypher,1,,,,,,,,,34,0,0
Champions Tour 2024: Masters Madrid,Swiss Stage,Round 3,Karmine Corp vs Paper Rex,All Maps,Karmine Corp,MAGNUM,"breach, killjoy, skye",6,3,1,,,1,,,,51,6,2
Champions Tour 2024: Masters Madrid,Swiss Stage,Round 3,Karmine Corp vs Paper Rex,All Maps,Karmine Corp,sh1n,omen,7,1,,,,1,,,,39,5,2
Champions Tour 2024: Masters Madrid,Swiss Stage,Round 3,Karmine Corp vs Paper Rex,All Maps,Karmine Corp,marteen,"jett, raze, yoru",11,3,2,,,1,,,,61,2,0
Champions Tour 2024: Masters Madrid,Swiss Stage,Round 3,Karmine Corp vs Paper Rex,All Maps,Karmine Corp,tomaszy,"fade, viper",8,2,,,1,,,,,45,3,3
Champions Tour 2024: Masters Madrid,Swiss Stage,Round 3,Karmine Corp vs Paper Rex,All Maps,Karmine Corp,N4RRATE,"fade, kayo, raze",7,4,1,,,,1,,,67,6,4
Champions Tour 2024: Masters Madrid,Swiss Stage,Round 3,Karmine Corp vs Paper Rex,All Maps,Paper Rex,Monyet,"astra, raze",9,2,,1,1,,,,,55,3,1
Champions Tour 2024: Masters Madrid,Swiss Stage,Round 3,Karmine Corp vs Paper Rex,All Maps,Paper Rex,mindfreak,"brimstone, omen, viper",5,3,,,,,,,,37,0,0
Champions Tour 2024: Masters Madrid,Swiss Stage,Round 3,Karmine Corp vs Paper Rex,All Maps,Paper Rex,f0rsakeN,"fade, harbor, raze",12,2,,,,1,,,,53,7,2
Champions Tour 2024: Masters Madrid,Swiss Stage,Round 3,Karmine Corp vs Paper Rex,All Maps,Paper Rex,d4v41,"omen, skye",12,1,,,1,,,,,52,12,1
Champions Tour 2024: Masters Madrid,Swiss Stage,Round 3,Karmine Corp vs Paper Rex,All Maps,Paper Rex,something,"gekko, jett, reyna",9,2,,,1,,,,,43,5,2
Champions Tour 2024: Masters Madrid,Swiss Stage,Round 3,Karmine Corp vs Paper Rex,Bind,Karmine Corp,MAGNUM,skye,2,1,1,,,,,,,69,3,1
Champions Tour 2024: Masters Madrid,Swiss Stage,Round 3,Karmine Corp vs Paper Rex,Bind,Karmine Corp,sh1n,omen,3,,,,,,,,,41,4,0
Champions Tour 2024: Masters Madrid,Swiss Stage,Round 3,Karmine Corp vs Paper Rex,Bind,Karmine Corp,marteen,yoru,4,,,,,,,,,46,1,0
Champions Tour 2024: Masters Madrid,Swiss Stage,Round 3,Karmine Corp vs Paper Rex,Bind,Karmine Corp,tomaszy,viper,2,,,,1,,,,,46,1,1
Champions Tour 2024: Masters Madrid,Swiss Stage,Round 3,Karmine Corp vs Paper Rex,Bind,Karmine Corp,N4RRATE,raze,1,2,1,,,,,,,73,0,1
Champions Tour 2024: Masters Madrid,Swiss Stage,Round 3,Karmine Corp vs Paper Rex,Bind,Paper Rex,Monyet,raze,3,,,1,,,,,,73,2,1
Champions Tour 2024: Masters Madrid,Swiss Stage,Round 3,Karmine Corp vs Paper Rex,Bind,Paper Rex,mindfreak,brimstone,3,2,,,,,,,,51,0,0
Champions Tour 2024: Masters Madrid,Swiss Stage,Round 3,Karmine Corp vs Paper Rex,Bind,Paper Rex,f0rsakeN,harbor,3,1,,,,,,,,47,5,0
Champions Tour 2024: Masters Madrid,Swiss Stage,Round 3,Karmine Corp vs Paper Rex,Bind,Paper Rex,d4v41,skye,4,,,,1,,,,,46,2,1
Champions Tour 2024: Masters Madrid,Swiss Stage,Round 3,Karmine Corp vs Paper Rex,Bind,Paper Rex,something,reyna,3,,,,,,,,,38,0,1
Champions Tour 2024: Masters Madrid,Swiss Stage,Round 3,Karmine Corp vs Paper Rex,Lotus,Karmine Corp,MAGNUM,killjoy,4,,,,,,,,,46,0,1
Champions Tour 2024: Masters Madrid,Swiss Stage,Round 3,Karmine Corp vs Paper Rex,Lotus,Karmine Corp,sh1n,omen,2,1,,,,1,,,,41,1,2
Champions Tour 2024: Masters Madrid,Swiss Stage,Round 3,Karmine Corp vs Paper Rex,Lotus,Karmine Corp,marteen,raze,3,2,,,,1,,,,62,0,0
Champions Tour 2024: Masters Madrid,Swiss Stage,Round 3,Karmine Corp vs Paper Rex,Lotus,Karmine Corp,tomaszy,viper,4,,,,,,,,,52,1,1
Champions Tour 2024: Masters Madrid,Swiss Stage,Round 3,Karmine Corp vs Paper Rex,Lotus,Karmine Corp,N4RRATE,fade,4,1,,,,,1,,,89,5,2
Champions Tour 2024: Masters Madrid,Swiss Stage,Round 3,Karmine Corp vs Paper Rex,Lotus,Paper Rex,Monyet,astra,3,,,,,,,,,45,1,0
Champions Tour 2024: Masters Madrid,Swiss Stage,Round 3,Karmine Corp vs Paper Rex,Lotus,Paper Rex,mindfreak,omen,,1,,,,,,,,28,0,0
Champions Tour 2024: Masters Madrid,Swiss Stage,Round 3,Karmine Corp vs Paper Rex,Lotus,Paper Rex,f0rsakeN,raze,4,,,,,,,,,43,0,1
Champions Tour 2024: Masters Madrid,Swiss Stage,Round 3,Karmine Corp vs Paper Rex,Lotus,Paper Rex,d4v41,skye,5,,,,,,,,,66,8,0
Champions Tour 2024: Masters Madrid,Swiss Stage,Round 3,Karmine Corp vs Paper Rex,Lotus,Paper Rex,something,jett,2,1,,,1,,,,,41,1,1
Champions Tour 2024: Masters Madrid,Swiss Stage,Round 3,Karmine Corp vs Paper Rex,Ascent,Karmine Corp,MAGNUM,breach,,2,,,,1,,,,37,3,0
Champions Tour 2024: Masters Madrid,Swiss Stage,Round 3,Karmine Corp vs Paper Rex,Ascent,Karmine Corp,sh1n,omen,2,,,,,,,,,34,0,0
Champions Tour 2024: Masters Madrid,Swiss Stage,Round 3,Karmine Corp vs Paper Rex,Ascent,Karmine Corp,marteen,jett,4,1,2,,,,,,,74,1,0
Champions Tour 2024: Masters Madrid,Swiss Stage,Round 3,Karmine Corp vs Paper Rex,Ascent,Karmine Corp,tomaszy,fade,2,2,,,,,,,,37,1,1
Champions Tour 2024: Masters Madrid,Swiss Stage,Round 3,Karmine Corp vs Paper Rex,Ascent,Karmine Corp,N4RRATE,kayo,2,1,,,,,,,,38,1,1
Champions Tour 2024: Masters Madrid,Swiss Stage,Round 3,Karmine Corp vs Paper Rex,Ascent,Paper Rex,Monyet,raze,3,2,,,1,,,,,48,0,0
Champions Tour 2024: Masters Madrid,Swiss Stage,Round 3,Karmine Corp vs Paper Rex,Ascent,Paper Rex,mindfreak,viper,2,,,,,,,,,33,0,0
Champions Tour 2024: Masters Madrid,Swiss Stage,Round 3,Karmine Corp vs Paper Rex,Ascent,Paper Rex,f0rsakeN,fade,5,1,,,,1,,,,69,2,1
Champions Tour 2024: Masters Madrid,Swiss Stage,Round 3,Karmine Corp vs Paper Rex,Ascent,Paper Rex,d4v41,omen,3,1,,,,,,,,44,2,0
Champions Tour 2024: Masters Madrid,Swiss Stage,Round 3,Karmine Corp vs Paper Rex,Ascent,Paper Rex,something,gekko,4,1,,,,,,,,50,4,0
Champions Tour 2024: Masters Madrid,Playoffs,Upper Semifinals,Gen.G vs Paper Rex,All Maps,Gen.G,Lakia,"fade, skye",6,,,,3,,,,,48,8,0
Champions Tour 2024: Masters Madrid,Playoffs,Upper Semifinals,Gen.G vs Paper Rex,All Maps,Gen.G,Munchkin,viper,5,3,,,1,,,,,72,0,0
Champions Tour 2024: Masters Madrid,Playoffs,Upper Semifinals,Gen.G vs Paper Rex,All Maps,Gen.G,t3xture,raze,6,2,,,,,,,,60,1,2
Champions Tour 2024: Masters Madrid,Playoffs,Upper Semifinals,Gen.G vs Paper Rex,All Maps,Gen.G,Meteor,"jett, killjoy",4,2,,,,,,,,59,2,1
Champions Tour 2024: Masters Madrid,Playoffs,Upper Semifinals,Gen.G vs Paper Rex,All Maps,Gen.G,Karon,omen,4,1,1,,,,,,,51,2,1
Champions Tour 2024: Masters Madrid,Playoffs,Upper Semifinals,Gen.G vs Paper Rex,All Maps,Paper Rex,Monyet,"omen, raze",5,3,,,,,,,,54,4,0
Champions Tour 2024: Masters Madrid,Playoffs,Upper Semifinals,Gen.G vs Paper Rex,All Maps,Paper Rex,mindfreak,"omen, viper",2,,,,,,,,,32,1,0
Champions Tour 2024: Masters Madrid,Playoffs,Upper Semifinals,Gen.G vs Paper Rex,All Maps,Paper Rex,f0rsakeN,"cypher, raze",6,2,,,,,,,,56,2,1
Champions Tour 2024: Masters Madrid,Playoffs,Upper Semifinals,Gen.G vs Paper Rex,All Maps,Paper Rex,d4v41,skye,12,1,,,1,1,,,,58,5,0
Champions Tour 2024: Masters Madrid,Playoffs,Upper Semifinals,Gen.G vs Paper Rex,All Maps,Paper Rex,something,jett,7,1,,,,,,,,49,0,0
Champions Tour 2024: Masters Madrid,Playoffs,Upper Semifinals,Gen.G vs Paper Rex,Split,Gen.G,Lakia,skye,3,,,,1,,,,,57,4,0
Champions Tour 2024: Masters Madrid,Playoffs,Upper Semifinals,Gen.G vs Paper Rex,Split,Gen.G,Munchkin,viper,4,1,,,1,,,,,73,0,0
Champions Tour 2024: Masters Madrid,Playoffs,Upper Semifinals,Gen.G vs Paper Rex,Split,Gen.G,t3xture,raze,1,1,,,,,,,,61,1,0
Champions Tour 2024: Masters Madrid,Playoffs,Upper Semifinals,Gen.G vs Paper Rex,Split,Gen.G,Meteor,jett,3,1,,,,,,,,45,0,0
Champions Tour 2024: Masters Madrid,Playoffs,Upper Semifinals,Gen.G vs Paper Rex,Split,Gen.G,Karon,omen,1,,1,,,,,,,47,2,0
Champions Tour 2024: Masters Madrid,Playoffs,Upper Semifinals,Gen.G vs Paper Rex,Split,Paper Rex,Monyet,omen,2,3,,,,,,,,64,2,0
Champions Tour 2024: Masters Madrid,Playoffs,Upper Semifinals,Gen.G vs Paper Rex,Split,Paper Rex,mindfreak,viper,1,,,,,,,,,29,0,0
Champions Tour 2024: Masters Madrid,Playoffs,Upper Semifinals,Gen.G vs Paper Rex,Split,Paper Rex,f0rsakeN,raze,2,2,,,,,,,,64,1,0
Champions Tour 2024: Masters Madrid,Playoffs,Upper Semifinals,Gen.G vs Paper Rex,Split,Paper Rex,d4v41,skye,4,,,,,,,,,43,1,0
Champions Tour 2024: Masters Madrid,Playoffs,Upper Semifinals,Gen.G vs Paper Rex,Split,Paper Rex,something,jett,2,,,,,,,,,44,0,0
Champions Tour 2024: Masters Madrid,Playoffs,Upper Semifinals,Gen.G vs Paper Rex,Lotus,Gen.G,Lakia,fade,3,,,,2,,,,,38,4,0
Champions Tour 2024: Masters Madrid,Playoffs,Upper Semifinals,Gen.G vs Paper Rex,Lotus,Gen.G,Munchkin,viper,1,2,,,,,,,,71,0,0
Champions Tour 2024: Masters Madrid,Playoffs,Upper Semifinals,Gen.G vs Paper Rex,Lotus,Gen.G,t3xture,raze,5,1,,,,,,,,59,0,2
Champions Tour 2024: Masters Madrid,Playoffs,Upper Semifinals,Gen.G vs Paper Rex,Lotus,Gen.G,Meteor,killjoy,1,1,,,,,,,,72,2,1
Champions Tour 2024: Masters Madrid,Playoffs,Upper Semifinals,Gen.G vs Paper Rex,Lotus,Gen.G,Karon,omen,3,1,,,,,,,,54,0,1
Champions Tour 2024: Masters Madrid,Playoffs,Upper Semifinals,Gen.G vs Paper Rex,Lotus,Paper Rex,Monyet,raze,3,,,,,,,,,43,2,0
Champions Tour 2024: Masters Madrid,Playoffs,Upper Semifinals,Gen.G vs Paper Rex,Lotus,Paper Rex,mindfreak,omen,1,,,,,,,,,34,1,0
Champions Tour 2024: Masters Madrid,Playoffs,Upper Semifinals,Gen.G vs Paper Rex,Lotus,Paper Rex,f0rsakeN,cypher,4,,,,,,,,,47,1,1
Champions Tour 2024: Masters Madrid,Playoffs,Upper Semifinals,Gen.G vs Paper Rex,Lotus,Paper Rex,d4v41,skye,8,1,,,1,1,,,,73,4,0
Champions Tour 2024: Masters Madrid,Playoffs,Upper Semifinals,Gen.G vs Paper Rex,Lotus,Paper Rex,something,jett,5,1,,,,,,,,54,0,0
Champions Tour 2024: Masters Madrid,Playoffs,Upper Semifinals,Sentinels vs LOUD,All Maps,Sentinels,TenZ,"kayo, omen",6,5,,,1,2,,,,43,4,2
Champions Tour 2024: Masters Madrid,Playoffs,Upper Semifinals,Sentinels vs LOUD,All Maps,Sentinels,Sacy,"gekko, skye",5,2,1,,1,,,1,,38,24,2
Champions Tour 2024: Masters Madrid,Playoffs,Upper Semifinals,Sentinels vs LOUD,All Maps,Sentinels,Zellsis,"kayo, killjoy, viper",8,4,,,1,,,,,53,3,0
Champions Tour 2024: Masters Madrid,Playoffs,Upper Semifinals,Sentinels vs LOUD,All Maps,Sentinels,johnqt,"cypher, viper",10,2,1,,4,3,,,,56,2,2
Champions Tour 2024: Masters Madrid,Playoffs,Upper Semifinals,Sentinels vs LOUD,All Maps,Sentinels,zekken,"jett, raze",3,4,,,1,,,,,50,2,1
Champions Tour 2024: Masters Madrid,Playoffs,Upper Semifinals,Sentinels vs LOUD,All Maps,LOUD,saadhak,"killjoy, skye, sova",13,1,1,,1,,,,,52,11,6
Champions Tour 2024: Masters Madrid,Playoffs,Upper Semifinals,Sentinels vs LOUD,All Maps,LOUD,Quick,"jett, phoenix, raze",13,3,1,,,,,,,53,2,1
Champions Tour 2024: Masters Madrid,Playoffs,Upper Semifinals,Sentinels vs LOUD,All Maps,LOUD,tuyz,"harbor, omen",10,4,,,1,,,,,52,0,3
Champions Tour 2024: Masters Madrid,Playoffs,Upper Semifinals,Sentinels vs LOUD,All Maps,LOUD,cauanzin,"breach, sova",9,3,1,,,,,,,60,6,2
Champions Tour 2024: Masters Madrid,Playoffs,Upper Semifinals,Sentinels vs LOUD,All Maps,LOUD,Less,viper,7,2,,,,,,,,51,2,1
Champions Tour 2024: Masters Madrid,Playoffs,Upper Semifinals,Sentinels vs LOUD,Split,Sentinels,TenZ,omen,3,1,,,,1,,,,51,3,0
Champions Tour 2024: Masters Madrid,Playoffs,Upper Semifinals,Sentinels vs LOUD,Split,Sentinels,Sacy,skye,2,,,,1,,,,,36,6,0
Champions Tour 2024: Masters Madrid,Playoffs,Upper Semifinals,Sentinels vs LOUD,Split,Sentinels,Zellsis,viper,4,2,,,1,,,,,85,2,0
Champions Tour 2024: Masters Madrid,Playoffs,Upper Semifinals,Sentinels vs LOUD,Split,Sentinels,johnqt,cypher,3,1,,,,1,,,,47,0,0
Champions Tour 2024: Masters Madrid,Playoffs,Upper Semifinals,Sentinels vs LOUD,Split,Sentinels,zekken,raze,1,1,,,,,,,,55,1,0
Champions Tour 2024: Masters Madrid,Playoffs,Upper Semifinals,Sentinels vs LOUD,Split,LOUD,saadhak,skye,2,,,,,,,,,35,0,1
Champions Tour 2024: Masters Madrid,Playoffs,Upper Semifinals,Sentinels vs LOUD,Split,LOUD,Quick,raze,2,,,,,,,,,43,0,0
Champions Tour 2024: Masters Madrid,Playoffs,Upper Semifinals,Sentinels vs LOUD,Split,LOUD,tuyz,omen,3,,,,,,,,,60,0,0
Champions Tour 2024: Masters Madrid,Playoffs,Upper Semifinals,Sentinels vs LOUD,Split,LOUD,cauanzin,breach,3,1,1,,,,,,,97,1,2
Champions Tour 2024: Masters Madrid,Playoffs,Upper Semifinals,Sentinels vs LOUD,Split,LOUD,Less,viper,1,,,,,,,,,37,0,0
Champions Tour 2024: Masters Madrid,Playoffs,Upper Semifinals,Sentinels vs LOUD,Icebox,Sentinels,TenZ,kayo,1,2,,,,1,,,,30,1,1
Champions Tour 2024: Masters Madrid,Playoffs,Upper Semifinals,Sentinels vs LOUD,Icebox,Sentinels,Sacy,gekko,,1,,,,,,,,22,8,2
Champions Tour 2024: Masters Madrid,Playoffs,Upper Semifinals,Sentinels vs LOUD,Icebox,Sentinels,Zellsis,killjoy,2,1,,,,,,,,43,0,0
Champions Tour 2024: Masters Madrid,Playoffs,Upper Semifinals,Sentinels vs LOUD,Icebox,Sentinels,johnqt,viper,3,1,1,,1,1,,,,62,2,2
Champions Tour 2024: Masters Madrid,Playoffs,Upper Semifinals,Sentinels vs LOUD,Icebox,Sentinels,zekken,jett,2,1,,,,,,,,48,0,0
Champions Tour 2024: Masters Madrid,Playoffs,Upper Semifinals,Sentinels vs LOUD,Icebox,LOUD,saadhak,killjoy,5,,1,,,,,,,59,8,3
Champions Tour 2024: Masters Madrid,Playoffs,Upper Semifinals,Sentinels vs LOUD,Icebox,LOUD,Quick,jett,3,3,,,,,,,,56,0,0
Champions Tour 2024: Masters Madrid,Playoffs,Upper Semifinals,Sentinels vs LOUD,Icebox,LOUD,tuyz,harbor,3,2,,,,,,,,46,0,3
Champions Tour 2024: Masters Madrid,Playoffs,Upper Semifinals,Sentinels vs LOUD,Icebox,LOUD,cauanzin,sova,3,1,,,,,,,,46,1,0
Champions Tour 2024: Masters Madrid,Playoffs,Upper Semifinals,Sentinels vs LOUD,Icebox,LOUD,Less,viper,3,2,,,,,,,,57,2,0
Champions Tour 2024: Masters Madrid,Playoffs,Upper Semifinals,Sentinels vs LOUD,Sunset,Sentinels,TenZ,omen,2,2,,,1,,,,,47,0,1
Champions Tour 2024: Masters Madrid,Playoffs,Upper Semifinals,Sentinels vs LOUD,Sunset,Sentinels,Sacy,gekko,3,1,1,,,,,1,,57,10,0
Champions Tour 2024: Masters Madrid,Playoffs,Upper Semifinals,Sentinels vs LOUD,Sunset,Sentinels,Zellsis,kayo,2,1,,,,,,,,32,1,0
Champions Tour 2024: Masters Madrid,Playoffs,Upper Semifinals,Sentinels vs LOUD,Sunset,Sentinels,johnqt,cypher,4,,,,3,1,,,,60,0,0
Champions Tour 2024: Masters Madrid,Playoffs,Upper Semifinals,Sentinels vs LOUD,Sunset,Sentinels,zekken,raze,,2,,,1,,,,,47,1,1
Champions Tour 2024: Masters Madrid,Playoffs,Upper Semifinals,Sentinels vs LOUD,Sunset,LOUD,saadhak,sova,6,1,,,1,,,,,62,3,2
Champions Tour 2024: Masters Madrid,Playoffs,Upper Semifinals,Sentinels vs LOUD,Sunset,LOUD,Quick,phoenix,8,,1,,,,,,,59,2,1
Champions Tour 2024: Masters Madrid,Playoffs,Upper Semifinals,Sentinels vs LOUD,Sunset,LOUD,tuyz,omen,4,2,,,1,,,,,50,0,0
Champions Tour 2024: Masters Madrid,Playoffs,Upper Semifinals,Sentinels vs LOUD,Sunset,LOUD,cauanzin,breach,3,1,,,,,,,,37,4,0
Champions Tour 2024: Masters Madrid,Playoffs,Upper Semifinals,Sentinels vs LOUD,Sunset,LOUD,Less,viper,3,,,,,,,,,60,0,1
Champions Tour 2024: Masters Madrid,Playoffs,Upper Final,Gen.G vs Sentinels,All Maps,Gen.G,Lakia,"fade, skye, sova",1,2,,,,,,,,35,8,1
Champions Tour 2024: Masters Madrid,Playoffs,Upper Final,Gen.G vs Sentinels,All Maps,Gen.G,Munchkin,viper,8,,1,,1,2,,,,60,1,0
Champions Tour 2024: Masters Madrid,Playoffs,Upper Final,Gen.G vs Sentinels,All Maps,Gen.G,t3xture,"jett, raze",4,3,1,,,,,,,57,2,1
Champions Tour 2024: Masters Madrid,Playoffs,Upper Final,Gen.G vs Sentinels,All Maps,Gen.G,Meteor,"jett, killjoy, yoru",11,6,,,,1,,,,82,1,5
Champions Tour 2024: Masters Madrid,Playoffs,Upper Final,Gen.G vs Sentinels,All Maps,Gen.G,Karon,"astra, omen",3,3,,,,,,,,42,4,0
Champions Tour 2024: Masters Madrid,Playoffs,Upper Final,Gen.G vs Sentinels,All Maps,Sentinels,TenZ,"kayo, omen",2,,,,,,,,,27,1,0
Champions Tour 2024: Masters Madrid,Playoffs,Upper Final,Gen.G vs Sentinels,All Maps,Sentinels,Sacy,"fade, skye, sova",6,2,,,,,1,,,57,9,0
Champions Tour 2024: Masters Madrid,Playoffs,Upper Final,Gen.G vs Sentinels,All Maps,Sentinels,Zellsis,"killjoy, viper",7,3,1,,,,,,,59,2,1
Champions Tour 2024: Masters Madrid,Playoffs,Upper Final,Gen.G vs Sentinels,All Maps,Sentinels,johnqt,"cypher, viper",9,3,,,,,,,,59,4,2
Champions Tour 2024: Masters Madrid,Playoffs,Upper Final,Gen.G vs Sentinels,All Maps,Sentinels,zekken,"jett, raze",8,2,1,,,1,,,,58,3,0
Champions Tour 2024: Masters Madrid,Playoffs,Upper Final,Gen.G vs Sentinels,Split,Gen.G,Lakia,skye,1,,,,,,,,,21,3,0
Champions Tour 2024: Masters Madrid,Playoffs,Upper Final,Gen.G vs Sentinels,Split,Gen.G,Munchkin,viper,4,,,,1,2,,,,63,1,0
Champions Tour 2024: Masters Madrid,Playoffs,Upper Final,Gen.G vs Sentinels,Split,Gen.G,t3xture,raze,3,2,,,,,,,,59,1,0
Champions Tour 2024: Masters Madrid,Playoffs,Upper Final,Gen.G vs Sentinels,Split,Gen.G,Meteor,jett,5,1,,,,,,,,76,1,1
Champions Tour 2024: Masters Madrid,Playoffs,Upper Final,Gen.G vs Sentinels,Split,Gen.G,Karon,omen,2,1,,,,,,,,24,2,0
Champions Tour 2024: Masters Madrid,Playoffs,Upper Final,Gen.G vs Sentinels,Split,Sentinels,TenZ,omen,2,,,,,,,,,36,0,0
Champions Tour 2024: Masters Madrid,Playoffs,Upper Final,Gen.G vs Sentinels,Split,Sentinels,Sacy,skye,2,,,,,,,,,46,0,0
Champions Tour 2024: Masters Madrid,Playoffs,Upper Final,Gen.G vs Sentinels,Split,Sentinels,Zellsis,viper,3,2,,,,,,,,74,1,0
Champions Tour 2024: Masters Madrid,Playoffs,Upper Final,Gen.G vs Sentinels,Split,Sentinels,johnqt,cypher,4,1,,,,,,,,66,1,0
Champions Tour 2024: Masters Madrid,Playoffs,Upper Final,Gen.G vs Sentinels,Split,Sentinels,zekken,raze,3,,,,,,,,,41,1,0
Champions Tour 2024: Masters Madrid,Playoffs,Upper Final,Gen.G vs Sentinels,Lotus,Gen.G,Lakia,fade,,,,,,,,,,32,3,0
Champions Tour 2024: Masters Madrid,Playoffs,Upper Final,Gen.G vs Sentinels,Lotus,Gen.G,Munchkin,viper,1,,1,,,,,,,36,0,0
Champions Tour 2024: Masters Madrid,Playoffs,Upper Final,Gen.G vs Sentinels,Lotus,Gen.G,t3xture,raze,1,,,,,,,,,36,1,0
Champions Tour 2024: Masters Madrid,Playoffs,Upper Final,Gen.G vs Sentinels,Lotus,Gen.G,Meteor,killjoy,2,3,,,,1,,,,85,0,2
Champions Tour 2024: Masters Madrid,Playoffs,Upper Final,Gen.G vs Sentinels,Lotus,Gen.G,Karon,omen,1,1,,,,,,,,50,0,0
Champions Tour 2024: Masters Madrid,Playoffs,Upper Final,Gen.G vs Sentinels,Lotus,Sentinels,TenZ,omen,,,,,,,,,,26,1,0
Champions Tour 2024: Masters Madrid,Playoffs,Upper Final,Gen.G vs Sentinels,Lotus,Sentinels,Sacy,fade,2,1,,,,,1,,,56,4,0
Champions Tour 2024: Masters Madrid,Playoffs,Upper Final,Gen.G vs Sentinels,Lotus,Sentinels,Zellsis,killjoy,2,1,1,,,,,,,59,1,1
Champions Tour 2024: Masters Madrid,Playoffs,Upper Final,Gen.G vs Sentinels,Lotus,Sentinels,johnqt,viper,3,2,,,,,,,,73,2,2
Champions Tour 2024: Masters Madrid,Playoffs,Upper Final,Gen.G vs Sentinels,Lotus,Sentinels,zekken,raze,3,2,1,,,1,,,,91,1,0
Champions Tour 2024: Masters Madrid,Playoffs,Upper Final,Gen.G vs Sentinels,Breeze,Gen.G,Lakia,sova,,2,,,,,,,,51,2,1
Champions Tour 2024: Masters Madrid,Playoffs,Upper Final,Gen.G vs Sentinels,Breeze,Gen.G,Munchkin,viper,3,,,,,,,,,82,0,0
Champions Tour 2024: Masters Madrid,Playoffs,Upper Final,Gen.G vs Sentinels,Breeze,Gen.G,t3xture,jett,,1,1,,,,,,,76,0,1
Champions Tour 2024: Masters Madrid,Playoffs,Upper Final,Gen.G vs Sentinels,Breeze,Gen.G,Meteor,yoru,4,2,,,,,,,,86,0,2
Champions Tour 2024: Masters Madrid,Playoffs,Upper Final,Gen.G vs Sentinels,Breeze,Gen.G,Karon,astra,,1,,,,,,,,53,2,0
Champions Tour 2024: Masters Madrid,Playoffs,Upper Final,Gen.G vs Sentinels,Breeze,Sentinels,TenZ,kayo,,,,,,,,,,19,0,0
Champions Tour 2024: Masters Madrid,Playoffs,Upper Final,Gen.G vs Sentinels,Breeze,Sentinels,Sacy,sova,2,1,,,,,,,,69,5,0
Champions Tour 2024: Masters Madrid,Playoffs,Upper Final,Gen.G vs Sentinels,Breeze,Sentinels,Zellsis,viper,2,,,,,,,,,44,0,0
Champions Tour 2024: Masters Madrid,Playoffs,Upper Final,Gen.G vs Sentinels,Breeze,Sentinels,johnqt,cypher,2,,,,,,,,,39,1,0
Champions Tour 2024: Masters Madrid,Playoffs,Upper Final,Gen.G vs Sentinels,Breeze,Sentinels,zekken,jett,2,,,,,,,,,42,1,0
Champions Tour 2024: Masters Madrid,Playoffs,Lower Round 1,Paper Rex vs LOUD,All Maps,Paper Rex,Monyet,"omen, raze",3,,1,,,,,,,45,1,1
Champions Tour 2024: Masters Madrid,Playoffs,Lower Round 1,Paper Rex vs LOUD,All Maps,Paper Rex,mindfreak,viper,7,1,1,,,,,1,,53,0,1
Champions Tour 2024: Masters Madrid,Playoffs,Lower Round 1,Paper Rex vs LOUD,All Maps,Paper Rex,f0rsakeN,"fade, kayo",5,2,1,,,,,,,55,3,0
Champions Tour 2024: Masters Madrid,Playoffs,Lower Round 1,Paper Rex vs LOUD,All Maps,Paper Rex,d4v41,"omen, sage",4,3,,,1,,,,,46,1,0
Champions Tour 2024: Masters Madrid,Playoffs,Lower Round 1,Paper Rex vs LOUD,All Maps,Paper Rex,something,gekko,9,3,1,,1,1,,,,66,11,0
Champions Tour 2024: Masters Madrid,Playoffs,Lower Round 1,Paper Rex vs LOUD,All Maps,LOUD,saadhak,"kayo, sova",3,,,,,,,,,40,6,1
Champions Tour 2024: Masters Madrid,Playoffs,Lower Round 1,Paper Rex vs LOUD,All Maps,LOUD,Quick,phoenix,5,,,,1,1,,,,41,1,3
Champions Tour 2024: Masters Madrid,Playoffs,Lower Round 1,Paper Rex vs LOUD,All Maps,LOUD,tuyz,omen,6,4,,,1,,,,,58,1,0
Champions Tour 2024: Masters Madrid,Playoffs,Lower Round 1,Paper Rex vs LOUD,All Maps,LOUD,cauanzin,breach,9,3,1,,,,,,,57,3,0
Champions Tour 2024: Masters Madrid,Playoffs,Lower Round 1,Paper Rex vs LOUD,All Maps,LOUD,Less,viper,4,2,1,1,,,,,,67,0,1
Champions Tour 2024: Masters Madrid,Playoffs,Lower Round 1,Paper Rex vs LOUD,Ascent,Paper Rex,Monyet,raze,1,,1,,,,,,,45,0,0
Champions Tour 2024: Masters Madrid,Playoffs,Lower Round 1,Paper Rex vs LOUD,Ascent,Paper Rex,mindfreak,viper,3,1,,,,,,,,42,0,1
Champions Tour 2024: Masters Madrid,Playoffs,Lower Round 1,Paper Rex vs LOUD,Ascent,Paper Rex,f0rsakeN,fade,2,1,1,,,,,,,52,2,0
Champions Tour 2024: Masters Madrid,Playoffs,Lower Round 1,Paper Rex vs LOUD,Ascent,Paper Rex,d4v41,omen,3,2,,,,,,,,45,0,0
Champions Tour 2024: Masters Madrid,Playoffs,Lower Round 1,Paper Rex vs LOUD,Ascent,Paper Rex,something,gekko,7,1,,,,1,,,,70,5,0
Champions Tour 2024: Masters Madrid,Playoffs,Lower Round 1,Paper Rex vs LOUD,Ascent,LOUD,saadhak,kayo,2,,,,,,,,,43,4,1
Champions Tour 2024: Masters Madrid,Playoffs,Lower Round 1,Paper Rex vs LOUD,Ascent,LOUD,Quick,phoenix,4,,,,,1,,,,49,0,1
Champions Tour 2024: Masters Madrid,Playoffs,Lower Round 1,Paper Rex vs LOUD,Ascent,LOUD,tuyz,omen,2,3,,,1,,,,,76,1,0
Champions Tour 2024: Masters Madrid,Playoffs,Lower Round 1,Paper Rex vs LOUD,Ascent,LOUD,cauanzin,breach,4,1,,,,,,,,46,1,0
Champions Tour 2024: Masters Madrid,Playoffs,Lower Round 1,Paper Rex vs LOUD,Ascent,LOUD,Less,viper,2,2,,,,,,,,56,0,0
Champions Tour 2024: Masters Madrid,Playoffs,Lower Round 1,Paper Rex vs LOUD,Sunset,Paper Rex,Monyet,omen,2,,,,,,,,,44,1,1
Champions Tour 2024: Masters Madrid,Playoffs,Lower Round 1,Paper Rex vs LOUD,Sunset,Paper Rex,mindfreak,viper,4,,1,,,,,1,,63,0,0
Champions Tour 2024: Masters Madrid,Playoffs,Lower Round 1,Paper Rex vs LOUD,Sunset,Paper Rex,f0rsakeN,kayo,3,1,,,,,,,,57,1,0
Champions Tour 2024: Masters Madrid,Playoffs,Lower Round 1,Paper Rex vs LOUD,Sunset,Paper Rex,d4v41,sage,1,1,,,1,,,,,46,1,0
Champions Tour 2024: Masters Madrid,Playoffs,Lower Round 1,Paper Rex vs LOUD,Sunset,Paper Rex,something,gekko,2,2,1,,1,,,,,61,6,0
Champions Tour 2024: Masters Madrid,Playoffs,Lower Round 1,Paper Rex vs LOUD,Sunset,LOUD,saadhak,sova,1,,,,,,,,,36,2,0
Champions Tour 2024: Masters Madrid,Playoffs,Lower Round 1,Paper Rex vs LOUD,Sunset,LOUD,Quick,phoenix,1,,,,1,,,,,32,1,2
Champions Tour 2024: Masters Madrid,Playoffs,Lower Round 1,Paper Rex vs LOUD,Sunset,LOUD,tuyz,omen,4,1,,,,,,,,39,0,0
Champions Tour 2024: Masters Madrid,Playoffs,Lower Round 1,Paper Rex vs LOUD,Sunset,LOUD,cauanzin,breach,5,2,1,,,,,,,67,2,0
Champions Tour 2024: Masters Madrid,Playoffs,Lower Round 1,Paper Rex vs LOUD,Sunset,LOUD,Less,viper,2,,1,1,,,,,,77,0,1
Champions Tour 2024: Masters Madrid,Playoffs,Lower Final,Sentinels vs Paper Rex,All Maps,Sentinels,TenZ,omen,19,4,,,,2,,,,58,5,0
Champions Tour 2024: Masters Madrid,Playoffs,Lower Final,Sentinels vs Paper Rex,All Maps,Sentinels,Sacy,"fade, gekko, skye, sova",10,3,,,1,,,,,45,11,4
Champions Tour 2024: Masters Madrid,Playoffs,Lower Final,Sentinels vs Paper Rex,All Maps,Sentinels,Zellsis,"kayo, killjoy, viper",8,1,1,,,,,1,,47,6,2
Champions Tour 2024: Masters Madrid,Playoffs,Lower Final,Sentinels vs Paper Rex,All Maps,Sentinels,johnqt,"cypher, killjoy, viper",11,3,,,1,2,,,,59,3,1
Champions Tour 2024: Masters Madrid,Playoffs,Lower Final,Sentinels vs Paper Rex,All Maps,Sentinels,zekken,"jett, raze",20,6,2,,,,,,,81,0,2
Champions Tour 2024: Masters Madrid,Playoffs,Lower Final,Sentinels vs Paper Rex,All Maps,Paper Rex,Monyet,"omen, raze",9,5,1,1,,,,1,,53,7,0
Champions Tour 2024: Masters Madrid,Playoffs,Lower Final,Sentinels vs Paper Rex,All Maps,Paper Rex,mindfreak,"omen, viper",9,1,2,,,,1,,,44,0,1
Champions Tour 2024: Masters Madrid,Playoffs,Lower Final,Sentinels vs Paper Rex,All Maps,Paper Rex,f0rsakeN,"cypher, fade, kayo, skye",9,3,,,,1,,,,45,4,0
Champions Tour 2024: Masters Madrid,Playoffs,Lower Final,Sentinels vs Paper Rex,All Maps,Paper Rex,d4v41,"omen, sage, skye, viper",9,1,,,,1,,,,43,11,2
Champions Tour 2024: Masters Madrid,Playoffs,Lower Final,Sentinels vs Paper Rex,All Maps,Paper Rex,something,"gekko, jett",10,2,,,,,,,,52,5,1
Champions Tour 2024: Masters Madrid,Playoffs,Lower Final,Sentinels vs Paper Rex,Lotus,Sentinels,TenZ,omen,10,,,,,,,,,59,3,0
Champions Tour 2024: Masters Madrid,Playoffs,Lower Final,Sentinels vs Paper Rex,Lotus,Sentinels,Sacy,fade,3,,,,,,,,,38,3,1
Champions Tour 2024: Masters Madrid,Playoffs,Lower Final,Sentinels vs Paper Rex,Lotus,Sentinels,Zellsis,killjoy,2,,,,,,,,,40,3,1
Champions Tour 2024: Masters Madrid,Playoffs,Lower Final,Sentinels vs Paper Rex,Lotus,Sentinels,johnqt,viper,3,2,,,,1,,,,53,2,0
Champions Tour 2024: Masters Madrid,Playoffs,Lower Final,Sentinels vs Paper Rex,Lotus,Sentinels,zekken,raze,8,2,,,,,,,,69,0,1
Champions Tour 2024: Masters Madrid,Playoffs,Lower Final,Sentinels vs Paper Rex,Lotus,Paper Rex,Monyet,raze,1,1,,,,,,,,31,1,0
Champions Tour 2024: Masters Madrid,Playoffs,Lower Final,Sentinels vs Paper Rex,Lotus,Paper Rex,mindfreak,omen,3,1,1,,,,1,,,42,0,1
Champions Tour 2024: Masters Madrid,Playoffs,Lower Final,Sentinels vs Paper Rex,Lotus,Paper Rex,f0rsakeN,cypher,2,2,,,,1,,,,42,0,0
Champions Tour 2024: Masters Madrid,Playoffs,Lower Final,Sentinels vs Paper Rex,Lotus,Paper Rex,d4v41,skye,1,1,,,,1,,,,40,8,2
Champions Tour 2024: Masters Madrid,Playoffs,Lower Final,Sentinels vs Paper Rex,Lotus,Paper Rex,something,jett,5,2,,,,,,,,54,0,1
Champions Tour 2024: Masters Madrid,Playoffs,Lower Final,Sentinels vs Paper Rex,Ascent,Sentinels,TenZ,omen,5,,,,,1,,,,57,1,0
Champions Tour 2024: Masters Madrid,Playoffs,Lower Final,Sentinels vs Paper Rex,Ascent,Sentinels,Sacy,sova,3,1,,,,,,,,57,2,1
Champions Tour 2024: Masters Madrid,Playoffs,Lower Final,Sentinels vs Paper Rex,Ascent,Sentinels,Zellsis,kayo,2,,,,,,,,,38,2,1
Champions Tour 2024: Masters Madrid,Playoffs,Lower Final,Sentinels vs Paper Rex,Ascent,Sentinels,johnqt,killjoy,2,1,,,,1,,,,60,1,0
Champions Tour 2024: Masters Madrid,Playoffs,Lower Final,Sentinels vs Paper Rex,Ascent,Sentinels,zekken,jett,5,2,1,,,,,,,108,0,0
Champions Tour 2024: Masters Madrid,Playoffs,Lower Final,Sentinels vs Paper Rex,Ascent,Paper Rex,Monyet,raze,2,,1,,,,,1,,48,1,0
Champions Tour 2024: Masters Madrid,Playoffs,Lower Final,Sentinels vs Paper Rex,Ascent,Paper Rex,mindfreak,viper,3,,,,,,,,,55,0,0
Champions Tour 2024: Masters Madrid,Playoffs,Lower Final,Sentinels vs Paper Rex,Ascent,Paper Rex,f0rsakeN,fade,3,1,,,,,,,,51,3,0
Champions Tour 2024: Masters Madrid,Playoffs,Lower Final,Sentinels vs Paper Rex,Ascent,Paper Rex,d4v41,omen,1,,,,,,,,,26,2,0
Champions Tour 2024: Masters Madrid,Playoffs,Lower Final,Sentinels vs Paper Rex,Ascent,Paper Rex,something,gekko,1,,,,,,,,,42,2,0
Champions Tour 2024: Masters Madrid,Playoffs,Lower Final,Sentinels vs Paper Rex,Split,Sentinels,TenZ,omen,2,,,,,,,,,41,0,0
Champions Tour 2024: Masters Madrid,Playoffs,Lower Final,Sentinels vs Paper Rex,Split,Sentinels,Sacy,skye,1,2,,,1,,,,,41,3,0
Champions Tour 2024: Masters Madrid,Playoffs,Lower Final,Sentinels vs Paper Rex,Split,Sentinels,Zellsis,viper,2,,1,,,,,1,,49,1,0
Champions Tour 2024: Masters Madrid,Playoffs,Lower Final,Sentinels vs Paper Rex,Split,Sentinels,johnqt,cypher,1,,,,,,,,,53,0,0
Champions Tour 2024: Masters Madrid,Playoffs,Lower Final,Sentinels vs Paper Rex,Split,Sentinels,zekken,raze,1,2,,,,,,,,70,0,0
Champions Tour 2024: Masters Madrid,Playoffs,Lower Final,Sentinels vs Paper Rex,Split,Paper Rex,Monyet,raze,2,3,,1,,,,,,84,3,0
Champions Tour 2024: Masters Madrid,Playoffs,Lower Final,Sentinels vs Paper Rex,Split,Paper Rex,mindfreak,omen,2,,1,,,,,,,55,0,0
Champions Tour 2024: Masters Madrid,Playoffs,Lower Final,Sentinels vs Paper Rex,Split,Paper Rex,f0rsakeN,skye,2,,,,,,,,,53,0,0
Champions Tour 2024: Masters Madrid,Playoffs,Lower Final,Sentinels vs Paper Rex,Split,Paper Rex,d4v41,viper,5,,,,,,,,,53,0,0
Champions Tour 2024: Masters Madrid,Playoffs,Lower Final,Sentinels vs Paper Rex,Split,Paper Rex,something,jett,2,,,,,,,,,42,0,0
Champions Tour 2024: Masters Madrid,Playoffs,Lower Final,Sentinels vs Paper Rex,Sunset,Sentinels,TenZ,omen,2,4,,,,1,,,,74,1,0
Champions Tour 2024: Masters Madrid,Playoffs,Lower Final,Sentinels vs Paper Rex,Sunset,Sentinels,Sacy,gekko,3,,,,,,,,,42,3,2
Champions Tour 2024: Masters Madrid,Playoffs,Lower Final,Sentinels vs Paper Rex,Sunset,Sentinels,Zellsis,kayo,2,1,,,,,,,,59,0,0
Champions Tour 2024: Masters Madrid,Playoffs,Lower Final,Sentinels vs Paper Rex,Sunset,Sentinels,johnqt,cypher,5,,,,1,,,,,71,0,1
Champions Tour 2024: Masters Madrid,Playoffs,Lower Final,Sentinels vs Paper Rex,Sunset,Sentinels,zekken,raze,6,,1,,,,,,,75,0,1
Champions Tour 2024: Masters Madrid,Playoffs,Lower Final,Sentinels vs Paper Rex,Sunset,Paper Rex,Monyet,omen,4,1,,,,,,,,47,2,0
Champions Tour 2024: Masters Madrid,Playoffs,Lower Final,Sentinels vs Paper Rex,Sunset,Paper Rex,mindfreak,viper,1,,,,,,,,,23,0,0
Champions Tour 2024: Masters Madrid,Playoffs,Lower Final,Sentinels vs Paper Rex,Sunset,Paper Rex,f0rsakeN,kayo,2,,,,,,,,,35,1,0
Champions Tour 2024: Masters Madrid,Playoffs,Lower Final,Sentinels vs Paper Rex,Sunset,Paper Rex,d4v41,sage,2,,,,,,,,,51,1,0
Champions Tour 2024: Masters Madrid,Playoffs,Lower Final,Sentinels vs Paper Rex,Sunset,Paper Rex,something,gekko,2,,,,,,,,,70,3,0
Champions Tour 2024: Masters Madrid,Playoffs,Grand Final,Gen.G vs Sentinels,All Maps,Gen.G,Lakia,"gekko, skye, sova",10,2,2,,3,2,,,,49,12,4
Champions Tour 2024: Masters Madrid,Playoffs,Grand Final,Gen.G vs Sentinels,All Maps,Gen.G,Munchkin,"kayo, viper",16,5,,1,1,1,,,,49,14,2
Champions Tour 2024: Masters Madrid,Playoffs,Grand Final,Gen.G vs Sentinels,All Maps,Gen.G,t3xture,"jett, raze",16,6,,,1,,,,,52,3,1
Champions Tour 2024: Masters Madrid,Playoffs,Grand Final,Gen.G vs Sentinels,All Maps,Gen.G,Meteor,"cypher, jett, killjoy, yoru",12,3,1,,1,,,,,50,3,1
Champions Tour 2024: Masters Madrid,Playoffs,Grand Final,Gen.G vs Sentinels,All Maps,Gen.G,Karon,"astra, brimstone, omen, viper",12,4,,,,,1,,,52,8,2
Champions Tour 2024: Masters Madrid,Playoffs,Grand Final,Gen.G vs Sentinels,All Maps,Sentinels,TenZ,"gekko, kayo, omen",18,4,1,,,3,,,,54,7,2
Champions Tour 2024: Masters Madrid,Playoffs,Grand Final,Gen.G vs Sentinels,All Maps,Sentinels,Sacy,"gekko, skye, sova",16,3,,,,,,,,50,15,4
Champions Tour 2024: Masters Madrid,Playoffs,Grand Final,Gen.G vs Sentinels,All Maps,Sentinels,Zellsis,"brimstone, kayo, killjoy, viper",12,3,1,,1,,,,,50,5,1
Champions Tour 2024: Masters Madrid,Playoffs,Grand Final,Gen.G vs Sentinels,All Maps,Sentinels,johnqt,"cypher, killjoy, viper",18,1,,,1,,,,,51,3,3
Champions Tour 2024: Masters Madrid,Playoffs,Grand Final,Gen.G vs Sentinels,All Maps,Sentinels,zekken,"jett, raze",18,5,4,,,1,,,,63,1,4
Champions Tour 2024: Masters Madrid,Playoffs,Grand Final,Gen.G vs Sentinels,Breeze,Gen.G,Lakia,sova,2,1,,,,1,,,,50,1,0
Champions Tour 2024: Masters Madrid,Playoffs,Grand Final,Gen.G vs Sentinels,Breeze,Gen.G,Munchkin,viper,1,2,,1,,,,,,70,1,0
Champions Tour 2024: Masters Madrid,Playoffs,Grand Final,Gen.G vs Sentinels,Breeze,Gen.G,t3xture,jett,4,1,,,1,,,,,51,2,0
Champions Tour 2024: Masters Madrid,Playoffs,Grand Final,Gen.G vs Sentinels,Breeze,Gen.G,Meteor,yoru,2,1,,,,,,,,41,2,0
Champions Tour 2024: Masters Madrid,Playoffs,Grand Final,Gen.G vs Sentinels,Breeze,Gen.G,Karon,astra,,3,,,,,1,,,68,3,1
Champions Tour 2024: Masters Madrid,Playoffs,Grand Final,Gen.G vs Sentinels,Breeze,Sentinels,TenZ,kayo,2,1,1,,,1,,,,60,2,1
Champions Tour 2024: Masters Madrid,Playoffs,Grand Final,Gen.G vs Sentinels,Breeze,Sentinels,Sacy,sova,2,,,,,,,,,42,1,0
Champions Tour 2024: Masters Madrid,Playoffs,Grand Final,Gen.G vs Sentinels,Breeze,Sentinels,Zellsis,viper,1,,,,,,,,,46,1,0
Champions Tour 2024: Masters Madrid,Playoffs,Grand Final,Gen.G vs Sentinels,Breeze,Sentinels,johnqt,cypher,3,,,,,,,,,47,0,1
Champions Tour 2024: Masters Madrid,Playoffs,Grand Final,Gen.G vs Sentinels,Breeze,Sentinels,zekken,jett,3,,2,,,,,,,52,0,1
Champions Tour 2024: Masters Madrid,Playoffs,Grand Final,Gen.G vs Sentinels,Bind,Gen.G,Lakia,skye,3,,1,,,,,,,41,1,1
Champions Tour 2024: Masters Madrid,Playoffs,Grand Final,Gen.G vs Sentinels,Bind,Gen.G,Munchkin,viper,4,1,,,,,,,,47,6,0
Champions Tour 2024: Masters Madrid,Playoffs,Grand Final,Gen.G vs Sentinels,Bind,Gen.G,t3xture,raze,1,,,,,,,,,32,1,1
Champions Tour 2024: Masters Madrid,Playoffs,Grand Final,Gen.G vs Sentinels,Bind,Gen.G,Meteor,cypher,5,1,,,,,,,,63,0,0
Champions Tour 2024: Masters Madrid,Playoffs,Grand Final,Gen.G vs Sentinels,Bind,Gen.G,Karon,brimstone,4,,,,,,,,,50,1,0
Champions Tour 2024: Masters Madrid,Playoffs,Grand Final,Gen.G vs Sentinels,Bind,Sentinels,TenZ,gekko,4,,,,,,,,,41,4,0
Champions Tour 2024: Masters Madrid,Playoffs,Grand Final,Gen.G vs Sentinels,Bind,Sentinels,Sacy,skye,3,3,,,,,,,,57,2,1
Champions Tour 2024: Masters Madrid,Playoffs,Grand Final,Gen.G vs Sentinels,Bind,Sentinels,Zellsis,brimstone,4,1,,,1,,,,,51,1,0
Champions Tour 2024: Masters Madrid,Playoffs,Grand Final,Gen.G vs Sentinels,Bind,Sentinels,johnqt,viper,3,,,,,,,,,40,0,0
Champions Tour 2024: Masters Madrid,Playoffs,Grand Final,Gen.G vs Sentinels,Bind,Sentinels,zekken,raze,3,2,,,,,,,,55,1,1
Champions Tour 2024: Masters Madrid,Playoffs,Grand Final,Gen.G vs Sentinels,Ascent,Gen.G,Lakia,sova,3,,,,2,,,,,66,3,1
Champions Tour 2024: Masters Madrid,Playoffs,Grand Final,Gen.G vs Sentinels,Ascent,Gen.G,Munchkin,kayo,7,,,,,,,,,56,3,1
Champions Tour 2024: Masters Madrid,Playoffs,Grand Final,Gen.G vs Sentinels,Ascent,Gen.G,t3xture,jett,2,2,,,,,,,,59,0,0
Champions Tour 2024: Masters Madrid,Playoffs,Grand Final,Gen.G vs Sentinels,Ascent,Gen.G,Meteor,killjoy,2,,,,,,,,,45,1,0
Champions Tour 2024: Masters Madrid,Playoffs,Grand Final,Gen.G vs Sentinels,Ascent,Gen.G,Karon,omen,2,,,,,,,,,37,2,0
Champions Tour 2024: Masters Madrid,Playoffs,Grand Final,Gen.G vs Sentinels,Ascent,Sentinels,TenZ,omen,5,1,,,,1,,,,53,1,1
Champions Tour 2024: Masters Madrid,Playoffs,Grand Final,Gen.G vs Sentinels,Ascent,Sentinels,Sacy,sova,2,,,,,,,,,58,0,1
Champions Tour 2024: Masters Madrid,Playoffs,Grand Final,Gen.G vs Sentinels,Ascent,Sentinels,Zellsis,kayo,2,,,,,,,,,35,2,0
Champions Tour 2024: Masters Madrid,Playoffs,Grand Final,Gen.G vs Sentinels,Ascent,Sentinels,johnqt,killjoy,3,,,,,,,,,47,1,1
Champions Tour 2024: Masters Madrid,Playoffs,Grand Final,Gen.G vs Sentinels,Ascent,Sentinels,zekken,jett,4,2,,,,,,,,68,0,0
Champions Tour 2024: Masters Madrid,Playoffs,Grand Final,Gen.G vs Sentinels,Split,Gen.G,Lakia,skye,1,,,,,1,,,,26,1,1
Champions Tour 2024: Masters Madrid,Playoffs,Grand Final,Gen.G vs Sentinels,Split,Gen.G,Munchkin,viper,1,1,,,,1,,,,30,2,1
Champions Tour 2024: Masters Madrid,Playoffs,Grand Final,Gen.G vs Sentinels,Split,Gen.G,t3xture,raze,5,2,,,,,,,,63,0,0
Champions Tour 2024: Masters Madrid,Playoffs,Grand Final,Gen.G vs Sentinels,Split,Gen.G,Meteor,jett,3,1,1,,1,,,,,59,0,1
Champions Tour 2024: Masters Madrid,Playoffs,Grand Final,Gen.G vs Sentinels,Split,Gen.G,Karon,omen,5,1,,,,,,,,55,1,1
Champions Tour 2024: Masters Madrid,Playoffs,Grand Final,Gen.G vs Sentinels,Split,Sentinels,TenZ,omen,2,2,,,,1,,,,51,0,0
Champions Tour 2024: Masters Madrid,Playoffs,Grand Final,Gen.G vs Sentinels,Split,Sentinels,Sacy,skye,3,,,,,,,,,46,6,1
Champions Tour 2024: Masters Madrid,Playoffs,Grand Final,Gen.G vs Sentinels,Split,Sentinels,Zellsis,viper,3,,,,,,,,,48,1,0
Champions Tour 2024: Masters Madrid,Playoffs,Grand Final,Gen.G vs Sentinels,Split,Sentinels,johnqt,cypher,6,,,,1,,,,,64,1,0
Champions Tour 2024: Masters Madrid,Playoffs,Grand Final,Gen.G vs Sentinels,Split,Sentinels,zekken,raze,6,1,2,,,1,,,,92,0,0
Champions Tour 2024: Masters Madrid,Playoffs,Grand Final,Gen.G vs Sentinels,Icebox,Gen.G,Lakia,gekko,1,1,1,,1,,,,,60,6,1
Champions Tour 2024: Masters Madrid,Playoffs,Grand Final,Gen.G vs Sentinels,Icebox,Gen.G,Munchkin,kayo,3,1,,,1,,,,,42,2,0
Champions Tour 2024: Masters Madrid,Playoffs,Grand Final,Gen.G vs Sentinels,Icebox,Gen.G,t3xture,jett,4,1,,,,,,,,56,0,0
Champions Tour 2024: Masters Madrid,Playoffs,Grand Final,Gen.G vs Sentinels,Icebox,Gen.G,Meteor,killjoy,,,,,,,,,,40,0,0
Champions Tour 2024: Masters Madrid,Playoffs,Grand Final,Gen.G vs Sentinels,Icebox,Gen.G,Karon,viper,1,,,,,,,,,52,1,0
Champions Tour 2024: Masters Madrid,Playoffs,Grand Final,Gen.G vs Sentinels,Icebox,Sentinels,TenZ,kayo,5,,,,,,,,,66,0,0
Champions Tour 2024: Masters Madrid,Playoffs,Grand Final,Gen.G vs Sentinels,Icebox,Sentinels,Sacy,gekko,6,,,,,,,,,48,6,1
Champions Tour 2024: Masters Madrid,Playoffs,Grand Final,Gen.G vs Sentinels,Icebox,Sentinels,Zellsis,killjoy,2,2,1,,,,,,,72,0,1
Champions Tour 2024: Masters Madrid,Playoffs,Grand Final,Gen.G vs Sentinels,Icebox,Sentinels,johnqt,viper,3,1,,,,,,,,55,1,1
Champions Tour 2024: Masters Madrid,Playoffs,Grand Final,Gen.G vs Sentinels,Icebox,Sentinels,zekken,jett,2,,,,,,,,,50,0,2
Champions Tour 2024: Americas Kickoff,Group Stage,Opening (A),NRG Esports vs FURIA,All Maps,NRG Esports,crashies,sova,7,,,,,,,,,57,4,0
Champions Tour 2024: Americas Kickoff,Group Stage,Opening (A),NRG Esports vs FURIA,All Maps,NRG Esports,Victor,"cypher, killjoy",5,3,1,,1,,,,,57,3,0
Champions Tour 2024: Americas Kickoff,Group Stage,Opening (A),NRG Esports vs FURIA,All Maps,NRG Esports,Marved,"omen, viper",6,,,,,1,,,,42,1,1
Champions Tour 2024: Americas Kickoff,Group Stage,Opening (A),NRG Esports vs FURIA,All Maps,NRG Esports,Ethan,kayo,5,3,,,1,,,,,67,8,2
Champions Tour 2024: Americas Kickoff,Group Stage,Opening (A),NRG Esports vs FURIA,All Maps,NRG Esports,Demon1,jett,9,2,,,1,,,,,65,0,1
Champions Tour 2024: Americas Kickoff,Group Stage,Opening (A),NRG Esports vs FURIA,All Maps,FURIA,mwzera,jett,7,3,,,,1,,,,59,2,3
Champions Tour 2024: Americas Kickoff,Group Stage,Opening (A),NRG Esports vs FURIA,All Maps,FURIA,kon4n,sova,6,1,,,,,,,,50,3,0
Champions Tour 2024: Americas Kickoff,Group Stage,Opening (A),NRG Esports vs FURIA,All Maps,FURIA,Khalil,"cypher, killjoy",8,1,,,1,,,,,48,3,0
Champions Tour 2024: Americas Kickoff,Group Stage,Opening (A),NRG Esports vs FURIA,All Maps,FURIA,liazzi,"omen, viper",7,1,,,,1,,,,45,1,2
Champions Tour 2024: Americas Kickoff,Group Stage,Opening (A),NRG Esports vs FURIA,All Maps,FURIA,havoc,kayo,4,1,,,,,,,,27,1,0
Champions Tour 2024: Americas Kickoff,Group Stage,Opening (A),NRG Esports vs FURIA,Breeze,NRG Esports,crashies,sova,3,,,,,,,,,71,2,0
Champions Tour 2024: Americas Kickoff,Group Stage,Opening (A),NRG Esports vs FURIA,Breeze,NRG Esports,Victor,cypher,3,2,,,1,,,,,61,1,0
Champions Tour 2024: Americas Kickoff,Group Stage,Opening (A),NRG Esports vs FURIA,Breeze,NRG Esports,Marved,viper,5,,,,,1,,,,55,1,1
Champions Tour 2024: Americas Kickoff,Group Stage,Opening (A),NRG Esports vs FURIA,Breeze,NRG Esports,Ethan,kayo,2,1,,,1,,,,,57,4,1
Champions Tour 2024: Americas Kickoff,Group Stage,Opening (A),NRG Esports vs FURIA,Breeze,NRG Esports,Demon1,jett,5,1,,,,,,,,68,0,0
Champions Tour 2024: Americas Kickoff,Group Stage,Opening (A),NRG Esports vs FURIA,Breeze,FURIA,mwzera,jett,5,2,,,,1,,,,75,2,2
Champions Tour 2024: Americas Kickoff,Group Stage,Opening (A),NRG Esports vs FURIA,Breeze,FURIA,kon4n,sova,3,1,,,,,,,,40,1,0
Champions Tour 2024: Americas Kickoff,Group Stage,Opening (A),NRG Esports vs FURIA,Breeze,FURIA,Khalil,cypher,6,,,,,,,,,51,1,0
Champions Tour 2024: Americas Kickoff,Group Stage,Opening (A),NRG Esports vs FURIA,Breeze,FURIA,liazzi,viper,6,1,,,,1,,,,55,1,1
Champions Tour 2024: Americas Kickoff,Group Stage,Opening (A),NRG Esports vs FURIA,Breeze,FURIA,havoc,kayo,1,,,,,,,,,13,1,0
Champions Tour 2024: Americas Kickoff,Group Stage,Opening (A),NRG Esports vs FURIA,Ascent,NRG Esports,crashies,sova,4,,,,,,,,,43,2,0
Champions Tour 2024: Americas Kickoff,Group Stage,Opening (A),NRG Esports vs FURIA,Ascent,NRG Esports,Victor,killjoy,2,1,1,,,,,,,53,2,0
Champions Tour 2024: Americas Kickoff,Group Stage,Opening (A),NRG Esports vs FURIA,Ascent,NRG Esports,Marved,omen,1,,,,,,,,,29,0,0
Champions Tour 2024: Americas Kickoff,Group Stage,Opening (A),NRG Esports vs FURIA,Ascent,NRG Esports,Ethan,kayo,3,2,,,,,,,,77,4,1
Champions Tour 2024: Americas Kickoff,Group Stage,Opening (A),NRG Esports vs FURIA,Ascent,NRG Esports,Demon1,jett,4,1,,,1,,,,,62,0,1
Champions Tour 2024: Americas Kickoff,Group Stage,Opening (A),NRG Esports vs FURIA,Ascent,FURIA,mwzera,jett,2,1,,,,,,,,42,0,1
Champions Tour 2024: Americas Kickoff,Group Stage,Opening (A),NRG Esports vs FURIA,Ascent,FURIA,kon4n,sova,3,,,,,,,,,59,2,0
Champions Tour 2024: Americas Kickoff,Group Stage,Opening (A),NRG Esports vs FURIA,Ascent,FURIA,Khalil,killjoy,2,1,,,1,,,,,45,2,0
Champions Tour 2024: Americas Kickoff,Group Stage,Opening (A),NRG Esports vs FURIA,Ascent,FURIA,liazzi,omen,1,,,,,,,,,34,0,1
Champions Tour 2024: Americas Kickoff,Group Stage,Opening (A),NRG Esports vs FURIA,Ascent,FURIA,havoc,kayo,3,1,,,,,,,,41,0,0
Champions Tour 2024: Americas Kickoff,Group Stage,Opening (A),Cloud9 vs MIBR,All Maps,Cloud9,wippie,"killjoy, viper",8,1,,,,,1,,,62,1,2
Champions Tour 2024: Americas Kickoff,Group Stage,Opening (A),Cloud9 vs MIBR,All Maps,Cloud9,vanity,"gekko, skye, viper",6,3,1,,2,2,,,,50,15,2
Champions Tour 2024: Americas Kickoff,Group Stage,Opening (A),Cloud9 vs MIBR,All Maps,Cloud9,Xeppaa,"fade, raze, skye",9,2,1,,1,,,,,50,3,1
Champions Tour 2024: Americas Kickoff,Group Stage,Opening (A),Cloud9 vs MIBR,All Maps,Cloud9,jakee,"astra, brimstone, omen",4,4,,,,,,,,48,4,2
Champions Tour 2024: Americas Kickoff,Group Stage,Opening (A),Cloud9 vs MIBR,All Maps,Cloud9,OXY,"raze, yoru",12,2,1,2,,,,,,60,1,1
Champions Tour 2024: Americas Kickoff,Group Stage,Opening (A),Cloud9 vs MIBR,All Maps,MIBR,frz,"killjoy, viper",9,,1,,,1,,,,42,2,1
Champions Tour 2024: Americas Kickoff,Group Stage,Opening (A),Cloud9 vs MIBR,All Maps,MIBR,RgLMeister,"astra, brimstone, omen",12,2,,,1,1,,,,53,4,4
Champions Tour 2024: Americas Kickoff,Group Stage,Opening (A),Cloud9 vs MIBR,All Maps,MIBR,artzin,"jett, raze",6,4,,,,2,,,,51,5,1
Champions Tour 2024: Americas Kickoff,Group Stage,Opening (A),Cloud9 vs MIBR,All Maps,MIBR,mazin,"skye, viper",10,1,,,2,,,,,46,9,3
Champions Tour 2024: Americas Kickoff,Group Stage,Opening (A),Cloud9 vs MIBR,All Maps,MIBR,jzz,"raze, skye",7,4,,,,,,,,51,3,1
Champions Tour 2024: Americas Kickoff,Group Stage,Opening (A),Cloud9 vs MIBR,Bind,Cloud9,wippie,viper,6,1,,,,,1,,,72,0,0
Champions Tour 2024: Americas Kickoff,Group Stage,Opening (A),Cloud9 vs MIBR,Bind,Cloud9,vanity,skye,,,,,,,,,,34,6,0
Champions Tour 2024: Americas Kickoff,Group Stage,Opening (A),Cloud9 vs MIBR,Bind,Cloud9,Xeppaa,raze,3,,1,,,,,,,47,1,0
Champions Tour 2024: Americas Kickoff,Group Stage,Opening (A),Cloud9 vs MIBR,Bind,Cloud9,jakee,brimstone,3,3,,,,,,,,66,1,1
Champions Tour 2024: Americas Kickoff,Group Stage,Opening (A),Cloud9 vs MIBR,Bind,Cloud9,OXY,yoru,5,1,,,,,,,,56,1,0
Champions Tour 2024: Americas Kickoff,Group Stage,Opening (A),Cloud9 vs MIBR,Bind,MIBR,frz,viper,4,,,,,1,,,,43,0,0
Champions Tour 2024: Americas Kickoff,Group Stage,Opening (A),Cloud9 vs MIBR,Bind,MIBR,RgLMeister,brimstone,4,1,,,1,1,,,,61,1,1
Champions Tour 2024: Americas Kickoff,Group Stage,Opening (A),Cloud9 vs MIBR,Bind,MIBR,artzin,jett,1,2,,,,2,,,,50,2,1
Champions Tour 2024: Americas Kickoff,Group Stage,Opening (A),Cloud9 vs MIBR,Bind,MIBR,mazin,skye,1,1,,,,,,,,38,4,0
Champions Tour 2024: Americas Kickoff,Group Stage,Opening (A),Cloud9 vs MIBR,Bind,MIBR,jzz,raze,1,1,,,,,,,,42,1,0
Champions Tour 2024: Americas Kickoff,Group Stage,Opening (A),Cloud9 vs MIBR,Split,Cloud9,wippie,killjoy,2,,,,,,,,,55,0,2
Champions Tour 2024: Americas Kickoff,Group Stage,Opening (A),Cloud9 vs MIBR,Split,Cloud9,vanity,viper,2,1,1,,1,1,,,,45,1,1
Champions Tour 2024: Americas Kickoff,Group Stage,Opening (A),Cloud9 vs MIBR,Split,Cloud9,Xeppaa,skye,3,1,,,,,,,,57,2,0
Champions Tour 2024: Americas Kickoff,Group Stage,Opening (A),Cloud9 vs MIBR,Split,Cloud9,jakee,astra,,1,,,,,,,,46,2,0
Champions Tour 2024: Americas Kickoff,Group Stage,Opening (A),Cloud9 vs MIBR,Split,Cloud9,OXY,raze,5,,,1,,,,,,59,0,0
Champions Tour 2024: Americas Kickoff,Group Stage,Opening (A),Cloud9 vs MIBR,Split,MIBR,frz,viper,1,,1,,,,,,,39,2,0
Champions Tour 2024: Americas Kickoff,Group Stage,Opening (A),Cloud9 vs MIBR,Split,MIBR,RgLMeister,astra,5,,,,,,,,,41,1,0
Champions Tour 2024: Americas Kickoff,Group Stage,Opening (A),Cloud9 vs MIBR,Split,MIBR,artzin,jett,2,,,,,,,,,48,2,0
Champions Tour 2024: Americas Kickoff,Group Stage,Opening (A),Cloud9 vs MIBR,Split,MIBR,mazin,skye,4,,,,1,,,,,45,4,2
Champions Tour 2024: Americas Kickoff,Group Stage,Opening (A),Cloud9 vs MIBR,Split,MIBR,jzz,raze,4,1,,,,,,,,59,0,1
Champions Tour 2024: Americas Kickoff,Group Stage,Opening (A),Cloud9 vs MIBR,Lotus,Cloud9,wippie,killjoy,,,,,,,,,,58,1,0
Champions Tour 2024: Americas Kickoff,Group Stage,Opening (A),Cloud9 vs MIBR,Lotus,Cloud9,vanity,gekko,4,2,,,1,1,,,,72,8,1
Champions Tour 2024: Americas Kickoff,Group Stage,Opening (A),Cloud9 vs MIBR,Lotus,Cloud9,Xeppaa,fade,3,1,,,1,,,,,47,0,1
Champions Tour 2024: Americas Kickoff,Group Stage,Opening (A),Cloud9 vs MIBR,Lotus,Cloud9,jakee,omen,1,,,,,,,,,33,1,1
Champions Tour 2024: Americas Kickoff,Group Stage,Opening (A),Cloud9 vs MIBR,Lotus,Cloud9,OXY,raze,2,1,1,1,,,,,,66,0,1
Champions Tour 2024: Americas Kickoff,Group Stage,Opening (A),Cloud9 vs MIBR,Lotus,MIBR,frz,killjoy,4,,,,,,,,,44,0,1
Champions Tour 2024: Americas Kickoff,Group Stage,Opening (A),Cloud9 vs MIBR,Lotus,MIBR,RgLMeister,omen,3,1,,,,,,,,58,2,3
Champions Tour 2024: Americas Kickoff,Group Stage,Opening (A),Cloud9 vs MIBR,Lotus,MIBR,artzin,raze,3,2,,,,,,,,56,1,0
Champions Tour 2024: Americas Kickoff,Group Stage,Opening (A),Cloud9 vs MIBR,Lotus,MIBR,mazin,viper,5,,,,1,,,,,54,1,1
Champions Tour 2024: Americas Kickoff,Group Stage,Opening (A),Cloud9 vs MIBR,Lotus,MIBR,jzz,skye,2,2,,,,,,,,53,2,0
Champions Tour 2024: Americas Kickoff,Group Stage,Opening (B),LOUD vs Sentinels,All Maps,LOUD,saadhak,"kayo, skye",6,1,1,1,,,,,,48,5,1
Champions Tour 2024: Americas Kickoff,Group Stage,Opening (B),LOUD vs Sentinels,All Maps,LOUD,Quick,"phoenix, raze",7,2,1,,,,,,,58,1,1
Champions Tour 2024: Americas Kickoff,Group Stage,Opening (B),LOUD vs Sentinels,All Maps,LOUD,tuyz,omen,4,,,,1,,,,,32,1,3
Champions Tour 2024: Americas Kickoff,Group Stage,Opening (B),LOUD vs Sentinels,All Maps,LOUD,cauanzin,breach,8,1,,1,,,,,,54,8,3
Champions Tour 2024: Americas Kickoff,Group Stage,Opening (B),LOUD vs Sentinels,All Maps,LOUD,Less,viper,8,1,,,,,,1,,52,1,1
Champions Tour 2024: Americas Kickoff,Group Stage,Opening (B),LOUD vs Sentinels,All Maps,Sentinels,TenZ,omen,2,1,1,,,,,,,48,0,0
Champions Tour 2024: Americas Kickoff,Group Stage,Opening (B),LOUD vs Sentinels,All Maps,Sentinels,Sacy,"skye, sova",4,4,,,,,,,,56,5,1
Champions Tour 2024: Americas Kickoff,Group Stage,Opening (B),LOUD vs Sentinels,All Maps,Sentinels,Zellsis,"kayo, viper",2,1,,,1,,,,,40,6,4
Champions Tour 2024: Americas Kickoff,Group Stage,Opening (B),LOUD vs Sentinels,All Maps,Sentinels,johnqt,"cypher, killjoy",7,1,,,1,,,,,51,1,0
Champions Tour 2024: Americas Kickoff,Group Stage,Opening (B),LOUD vs Sentinels,All Maps,Sentinels,zekken,"jett, raze",5,3,,,,,,,,59,2,2
Champions Tour 2024: Americas Kickoff,Group Stage,Opening (B),LOUD vs Sentinels,Split,LOUD,saadhak,skye,5,1,1,,,,,,,48,2,0
Champions Tour 2024: Americas Kickoff,Group Stage,Opening (B),LOUD vs Sentinels,Split,LOUD,Quick,raze,6,1,,,,,,,,65,0,1
Champions Tour 2024: Americas Kickoff,Group Stage,Opening (B),LOUD vs Sentinels,Split,LOUD,tuyz,omen,3,,,,1,,,,,43,1,1
Champions Tour 2024: Americas Kickoff,Group Stage,Opening (B),LOUD vs Sentinels,Split,LOUD,cauanzin,breach,4,,,1,,,,,,55,5,1
Champions Tour 2024: Americas Kickoff,Group Stage,Opening (B),LOUD vs Sentinels,Split,LOUD,Less,viper,4,1,,,,,,,,37,0,1
Champions Tour 2024: Americas Kickoff,Group Stage,Opening (B),LOUD vs Sentinels,Split,Sentinels,TenZ,omen,2,1,1,,,,,,,62,0,0
Champions Tour 2024: Americas Kickoff,Group Stage,Opening (B),LOUD vs Sentinels,Split,Sentinels,Sacy,skye,1,1,,,,,,,,24,3,0
Champions Tour 2024: Americas Kickoff,Group Stage,Opening (B),LOUD vs Sentinels,Split,Sentinels,Zellsis,viper,2,1,,,1,,,,,45,4,2
Champions Tour 2024: Americas Kickoff,Group Stage,Opening (B),LOUD vs Sentinels,Split,Sentinels,johnqt,cypher,4,,,,1,,,,,46,0,0
Champions Tour 2024: Americas Kickoff,Group Stage,Opening (B),LOUD vs Sentinels,Split,Sentinels,zekken,raze,5,1,,,,,,,,68,0,2
Champions Tour 2024: Americas Kickoff,Group Stage,Opening (B),LOUD vs Sentinels,Ascent,LOUD,saadhak,kayo,1,,,1,,,,,,48,3,1
Champions Tour 2024: Americas Kickoff,Group Stage,Opening (B),LOUD vs Sentinels,Ascent,LOUD,Quick,phoenix,1,1,1,,,,,,,51,1,0
Champions Tour 2024: Americas Kickoff,Group Stage,Opening (B),LOUD vs Sentinels,Ascent,LOUD,tuyz,omen,1,,,,,,,,,21,0,2
Champions Tour 2024: Americas Kickoff,Group Stage,Opening (B),LOUD vs Sentinels,Ascent,LOUD,cauanzin,breach,4,1,,,,,,,,52,3,2
Champions Tour 2024: Americas Kickoff,Group Stage,Opening (B),LOUD vs Sentinels,Ascent,LOUD,Less,viper,4,,,,,,,1,,66,1,0
Champions Tour 2024: Americas Kickoff,Group Stage,Opening (B),LOUD vs Sentinels,Ascent,Sentinels,TenZ,omen,,,,,,,,,,34,0,0
Champions Tour 2024: Americas Kickoff,Group Stage,Opening (B),LOUD vs Sentinels,Ascent,Sentinels,Sacy,sova,3,3,,,,,,,,88,2,1
Champions Tour 2024: Americas Kickoff,Group Stage,Opening (B),LOUD vs Sentinels,Ascent,Sentinels,Zellsis,kayo,,,,,,,,,,34,2,2
Champions Tour 2024: Americas Kickoff,Group Stage,Opening (B),LOUD vs Sentinels,Ascent,Sentinels,johnqt,killjoy,3,1,,,,,,,,56,1,0
Champions Tour 2024: Americas Kickoff,Group Stage,Opening (B),LOUD vs Sentinels,Ascent,Sentinels,zekken,jett,,2,,,,,,,,49,2,0
Champions Tour 2024: Americas Kickoff,Group Stage,Opening (B),Leviatán vs 100 Thieves,All Maps,Leviatán,C0M,"skye, sova",7,3,1,,1,1,,,,57,2,4
Champions Tour 2024: Americas Kickoff,Group Stage,Opening (B),Leviatán vs 100 Thieves,All Maps,Leviatán,tex,"cypher, gekko, killjoy",6,,,,,,,,,42,7,0
Champions Tour 2024: Americas Kickoff,Group Stage,Opening (B),Leviatán vs 100 Thieves,All Maps,Leviatán,Mazino,"harbor, omen",10,2,,,,1,,,,54,10,1
Champions Tour 2024: Americas Kickoff,Group Stage,Opening (B),Leviatán vs 100 Thieves,All Maps,Leviatán,aspas,"raze, reyna",12,3,3,1,1,,,,,73,1,1
Champions Tour 2024: Americas Kickoff,Group Stage,Opening (B),Leviatán vs 100 Thieves,All Maps,Leviatán,kiNgg,"breach, viper",5,2,1,,1,,,,,41,2,0
Champions Tour 2024: Americas Kickoff,Group Stage,Opening (B),Leviatán vs 100 Thieves,All Maps,100 Thieves,Asuna,"gekko, raze",8,2,,,1,,,,,42,9,2
Champions Tour 2024: Americas Kickoff,Group Stage,Opening (B),Leviatán vs 100 Thieves,All Maps,100 Thieves,Boostio,"gekko, killjoy",9,4,1,,,,,,,66,6,1
Champions Tour 2024: Americas Kickoff,Group Stage,Opening (B),Leviatán vs 100 Thieves,All Maps,100 Thieves,eeiu,"fade, sova",12,,,,,,,,,46,1,1
Champions Tour 2024: Americas Kickoff,Group Stage,Opening (B),Leviatán vs 100 Thieves,All Maps,100 Thieves,bang,viper,7,,1,,3,,,,,46,1,1
Champions Tour 2024: Americas Kickoff,Group Stage,Opening (B),Leviatán vs 100 Thieves,All Maps,100 Thieves,Cryocells,"astra, brimstone, jett",5,2,2,,2,,,,,65,2,2
Champions Tour 2024: Americas Kickoff,Group Stage,Opening (B),Leviatán vs 100 Thieves,Bind,Leviatán,C0M,skye,3,,1,,,,,,,45,0,0
Champions Tour 2024: Americas Kickoff,Group Stage,Opening (B),Leviatán vs 100 Thieves,Bind,Leviatán,tex,gekko,2,,,,,,,,,46,7,0
Champions Tour 2024: Americas Kickoff,Group Stage,Opening (B),Leviatán vs 100 Thieves,Bind,Leviatán,Mazino,harbor,3,2,,,,,,,,72,1,0
Champions Tour 2024: Americas Kickoff,Group Stage,Opening (B),Leviatán vs 100 Thieves,Bind,Leviatán,aspas,raze,6,1,1,1,1,,,,,83,0,1
Champions Tour 2024: Americas Kickoff,Group Stage,Opening (B),Leviatán vs 100 Thieves,Bind,Leviatán,kiNgg,viper,1,,1,,,,,,,33,0,0
Champions Tour 2024: Americas Kickoff,Group Stage,Opening (B),Leviatán vs 100 Thieves,Bind,100 Thieves,Asuna,raze,1,1,,,,,,,,34,0,0
Champions Tour 2024: Americas Kickoff,Group Stage,Opening (B),Leviatán vs 100 Thieves,Bind,100 Thieves,Boostio,gekko,3,1,1,,,,,,,67,3,0
Champions Tour 2024: Americas Kickoff,Group Stage,Opening (B),Leviatán vs 100 Thieves,Bind,100 Thieves,eeiu,fade,2,,,,,,,,,45,1,0
Champions Tour 2024: Americas Kickoff,Group Stage,Opening (B),Leviatán vs 100 Thieves,Bind,100 Thieves,bang,viper,1,,,,1,,,,,32,0,0
Champions Tour 2024: Americas Kickoff,Group Stage,Opening (B),Leviatán vs 100 Thieves,Bind,100 Thieves,Cryocells,brimstone,1,,,,1,,,,,53,1,1
Champions Tour 2024: Americas Kickoff,Group Stage,Opening (B),Leviatán vs 100 Thieves,Split,Leviatán,C0M,sova,1,,,,1,,,,,46,0,0
Champions Tour 2024: Americas Kickoff,Group Stage,Opening (B),Leviatán vs 100 Thieves,Split,Leviatán,tex,cypher,,,,,,,,,,35,0,0
Champions Tour 2024: Americas Kickoff,Group Stage,Opening (B),Leviatán vs 100 Thieves,Split,Leviatán,Mazino,omen,2,,,,,1,,,,47,3,0
Champions Tour 2024: Americas Kickoff,Group Stage,Opening (B),Leviatán vs 100 Thieves,Split,Leviatán,aspas,raze,2,1,,,,,,,,58,1,0
Champions Tour 2024: Americas Kickoff,Group Stage,Opening (B),Leviatán vs 100 Thieves,Split,Leviatán,kiNgg,breach,1,2,,,,,,,,51,1,0
Champions Tour 2024: Americas Kickoff,Group Stage,Opening (B),Leviatán vs 100 Thieves,Split,100 Thieves,Asuna,raze,4,1,,,,,,,,67,0,1
Champions Tour 2024: Americas Kickoff,Group Stage,Opening (B),Leviatán vs 100 Thieves,Split,100 Thieves,Boostio,gekko,2,,,,,,,,,68,3,1
Champions Tour 2024: Americas Kickoff,Group Stage,Opening (B),Leviatán vs 100 Thieves,Split,100 Thieves,eeiu,fade,7,,,,,,,,,61,0,1
Champions Tour 2024: Americas Kickoff,Group Stage,Opening (B),Leviatán vs 100 Thieves,Split,100 Thieves,bang,viper,3,,,,1,,,,,61,0,0
Champions Tour 2024: Americas Kickoff,Group Stage,Opening (B),Leviatán vs 100 Thieves,Split,100 Thieves,Cryocells,astra,3,1,,,,,,,,75,1,0
Champions Tour 2024: Americas Kickoff,Group Stage,Opening (B),Leviatán vs 100 Thieves,Icebox,Leviatán,C0M,sova,3,3,,,,1,,,,80,2,4
Champions Tour 2024: Americas Kickoff,Group Stage,Opening (B),Leviatán vs 100 Thieves,Icebox,Leviatán,tex,killjoy,4,,,,,,,,,46,0,0
Champions Tour 2024: Americas Kickoff,Group Stage,Opening (B),Leviatán vs 100 Thieves,Icebox,Leviatán,Mazino,harbor,5,,,,,,,,,44,6,1
Champions Tour 2024: Americas Kickoff,Group Stage,Opening (B),Leviatán vs 100 Thieves,Icebox,Leviatán,aspas,reyna,4,1,2,,,,,,,79,0,0
Champions Tour 2024: Americas Kickoff,Group Stage,Opening (B),Leviatán vs 100 Thieves,Icebox,Leviatán,kiNgg,viper,3,,,,1,,,,,40,1,0
Champions Tour 2024: Americas Kickoff,Group Stage,Opening (B),Leviatán vs 100 Thieves,Icebox,100 Thieves,Asuna,gekko,3,,,,1,,,,,24,9,1
Champions Tour 2024: Americas Kickoff,Group Stage,Opening (B),Leviatán vs 100 Thieves,Icebox,100 Thieves,Boostio,killjoy,4,3,,,,,,,,63,0,0
Champions Tour 2024: Americas Kickoff,Group Stage,Opening (B),Leviatán vs 100 Thieves,Icebox,100 Thieves,eeiu,sova,3,,,,,,,,,33,0,0
Champions Tour 2024: Americas Kickoff,Group Stage,Opening (B),Leviatán vs 100 Thieves,Icebox,100 Thieves,bang,viper,3,,1,,1,,,,,46,1,1
Champions Tour 2024: Americas Kickoff,Group Stage,Opening (B),Leviatán vs 100 Thieves,Icebox,100 Thieves,Cryocells,jett,1,1,2,,1,,,,,67,0,1
Champions Tour 2024: Americas Kickoff,Group Stage,Opening (C),KRÜ Esports vs G2 Esports,All Maps,KRÜ Esports,Melser,"omen, viper",5,1,,,,1,,,,38,10,0
Champions Tour 2024: Americas Kickoff,Group Stage,Opening (C),KRÜ Esports vs G2 Esports,All Maps,KRÜ Esports,keznit,"chamber, jett",11,6,,1,,,,,,69,1,1
Champions Tour 2024: Americas Kickoff,Group Stage,Opening (C),KRÜ Esports vs G2 Esports,All Maps,KRÜ Esports,Klaus,"fade, sova",13,1,,,1,,,,,59,10,2
Champions Tour 2024: Americas Kickoff,Group Stage,Opening (C),KRÜ Esports vs G2 Esports,All Maps,KRÜ Esports,Shyy,"killjoy, viper",5,1,,1,4,,,,,67,4,1
Champions Tour 2024: Americas Kickoff,Group Stage,Opening (C),KRÜ Esports vs G2 Esports,All Maps,KRÜ Esports,mta,kayo,11,,1,,,,,,,40,1,1
Champions Tour 2024: Americas Kickoff,Group Stage,Opening (C),KRÜ Esports vs G2 Esports,All Maps,G2 Esports,valyn,"brimstone, omen",7,2,2,,,,,,,64,13,2
Champions Tour 2024: Americas Kickoff,Group Stage,Opening (C),KRÜ Esports vs G2 Esports,All Maps,G2 Esports,JonahP,"kayo, sova",10,3,1,1,3,1,,,,58,2,2
Champions Tour 2024: Americas Kickoff,Group Stage,Opening (C),KRÜ Esports vs G2 Esports,All Maps,G2 Esports,neT,"cypher, killjoy",6,1,,,,,,,,41,3,0
Champions Tour 2024: Americas Kickoff,Group Stage,Opening (C),KRÜ Esports vs G2 Esports,All Maps,G2 Esports,leaf,"jett, raze",7,5,1,,,,,,,49,3,1
Champions Tour 2024: Americas Kickoff,Group Stage,Opening (C),KRÜ Esports vs G2 Esports,All Maps,G2 Esports,trent,viper,5,2,1,,1,,,,,51,5,2
Champions Tour 2024: Americas Kickoff,Group Stage,Opening (C),KRÜ Esports vs G2 Esports,Icebox,KRÜ Esports,Melser,viper,2,1,,,,1,,,,49,6,0
Champions Tour 2024: Americas Kickoff,Group Stage,Opening (C),KRÜ Esports vs G2 Esports,Icebox,KRÜ Esports,keznit,jett,2,2,,1,,,,,,64,0,0
Champions Tour 2024: Americas Kickoff,Group Stage,Opening (C),KRÜ Esports vs G2 Esports,Icebox,KRÜ Esports,Klaus,sova,4,,,,,,,,,64,2,1
Champions Tour 2024: Americas Kickoff,Group Stage,Opening (C),KRÜ Esports vs G2 Esports,Icebox,KRÜ Esports,Shyy,killjoy,,1,,1,2,,,,,95,1,0
Champions Tour 2024: Americas Kickoff,Group Stage,Opening (C),KRÜ Esports vs G2 Esports,Icebox,KRÜ Esports,mta,kayo,5,,,,,,,,,44,0,0
Champions Tour 2024: Americas Kickoff,Group Stage,Opening (C),KRÜ Esports vs G2 Esports,Icebox,G2 Esports,valyn,brimstone,3,2,1,,,,,,,82,4,1
Champions Tour 2024: Americas Kickoff,Group Stage,Opening (C),KRÜ Esports vs G2 Esports,Icebox,G2 Esports,JonahP,sova,,,1,,1,,,,,37,0,0
Champions Tour 2024: Americas Kickoff,Group Stage,Opening (C),KRÜ Esports vs G2 Esports,Icebox,G2 Esports,neT,killjoy,1,,,,,,,,,31,0,0
Champions Tour 2024: Americas Kickoff,Group Stage,Opening (C),KRÜ Esports vs G2 Esports,Icebox,G2 Esports,leaf,jett,1,,1,,,,,,,48,1,0
Champions Tour 2024: Americas Kickoff,Group Stage,Opening (C),KRÜ Esports vs G2 Esports,Icebox,G2 Esports,trent,viper,3,,,,,,,,,44,2,1
Champions Tour 2024: Americas Kickoff,Group Stage,Opening (C),KRÜ Esports vs G2 Esports,Sunset,KRÜ Esports,Melser,omen,2,,,,,,,,,37,2,0
Champions Tour 2024: Americas Kickoff,Group Stage,Opening (C),KRÜ Esports vs G2 Esports,Sunset,KRÜ Esports,keznit,chamber,4,,,,,,,,,47,0,1
Champions Tour 2024: Americas Kickoff,Group Stage,Opening (C),KRÜ Esports vs G2 Esports,Sunset,KRÜ Esports,Klaus,fade,5,,,,1,,,,,58,6,0
Champions Tour 2024: Americas Kickoff,Group Stage,Opening (C),KRÜ Esports vs G2 Esports,Sunset,KRÜ Esports,Shyy,viper,1,,,,,,,,,28,1,0
Champions Tour 2024: Americas Kickoff,Group Stage,Opening (C),KRÜ Esports vs G2 Esports,Sunset,KRÜ Esports,mta,kayo,2,,1,,,,,,,39,0,1
Champions Tour 2024: Americas Kickoff,Group Stage,Opening (C),KRÜ Esports vs G2 Esports,Sunset,G2 Esports,valyn,omen,3,,1,,,,,,,73,5,0
Champions Tour 2024: Americas Kickoff,Group Stage,Opening (C),KRÜ Esports vs G2 Esports,Sunset,G2 Esports,JonahP,sova,5,1,,1,,,,,,81,0,2
Champions Tour 2024: Americas Kickoff,Group Stage,Opening (C),KRÜ Esports vs G2 Esports,Sunset,G2 Esports,neT,cypher,2,,,,,,,,,45,1,0
Champions Tour 2024: Americas Kickoff,Group Stage,Opening (C),KRÜ Esports vs G2 Esports,Sunset,G2 Esports,leaf,raze,3,3,,,,,,,,54,2,1
Champions Tour 2024: Americas Kickoff,Group Stage,Opening (C),KRÜ Esports vs G2 Esports,Sunset,G2 Esports,trent,viper,2,,1,,,,,,,46,1,0
Champions Tour 2024: Americas Kickoff,Group Stage,Opening (C),KRÜ Esports vs G2 Esports,Ascent,KRÜ Esports,Melser,omen,1,,,,,,,,,27,2,0
Champions Tour 2024: Americas Kickoff,Group Stage,Opening (C),KRÜ Esports vs G2 Esports,Ascent,KRÜ Esports,keznit,jett,5,4,,,,,,,,96,1,0
Champions Tour 2024: Americas Kickoff,Group Stage,Opening (C),KRÜ Esports vs G2 Esports,Ascent,KRÜ Esports,Klaus,sova,4,1,,,,,,,,55,2,1
Champions Tour 2024: Americas Kickoff,Group Stage,Opening (C),KRÜ Esports vs G2 Esports,Ascent,KRÜ Esports,Shyy,killjoy,4,,,,2,,,,,78,2,1
Champions Tour 2024: Americas Kickoff,Group Stage,Opening (C),KRÜ Esports vs G2 Esports,Ascent,KRÜ Esports,mta,kayo,4,,,,,,,,,38,1,0
Champions Tour 2024: Americas Kickoff,Group Stage,Opening (C),KRÜ Esports vs G2 Esports,Ascent,G2 Esports,valyn,omen,1,,,,,,,,,38,4,1
Champions Tour 2024: Americas Kickoff,Group Stage,Opening (C),KRÜ Esports vs G2 Esports,Ascent,G2 Esports,JonahP,kayo,5,2,,,2,1,,,,57,2,0
Champions Tour 2024: Americas Kickoff,Group Stage,Opening (C),KRÜ Esports vs G2 Esports,Ascent,G2 Esports,neT,cypher,3,1,,,,,,,,47,2,0
Champions Tour 2024: Americas Kickoff,Group Stage,Opening (C),KRÜ Esports vs G2 Esports,Ascent,G2 Esports,leaf,jett,3,2,,,,,,,,45,0,0
Champions Tour 2024: Americas Kickoff,Group Stage,Opening (C),KRÜ Esports vs G2 Esports,Ascent,G2 Esports,trent,viper,,2,,,1,,,,,64,2,1
Champions Tour 2024: Americas Kickoff,Group Stage,Elimination (A),FURIA vs MIBR,All Maps,FURIA,mwzera,jett,8,,1,,,,,,,64,1,0
Champions Tour 2024: Americas Kickoff,Group Stage,Elimination (A),FURIA vs MIBR,All Maps,FURIA,kon4n,"skye, sova",4,1,,,1,,,,,49,7,0
Champions Tour 2024: Americas Kickoff,Group Stage,Elimination (A),FURIA vs MIBR,All Maps,FURIA,Khalil,"cypher, viper",6,2,,,,,,,,43,2,1
Champions Tour 2024: Americas Kickoff,Group Stage,Elimination (A),FURIA vs MIBR,All Maps,FURIA,liazzi,"astra, viper",2,1,,,,,,,,41,4,1
Champions Tour 2024: Americas Kickoff,Group Stage,Elimination (A),FURIA vs MIBR,All Maps,FURIA,havoc,"kayo, raze",7,4,,,,,,,,55,3,0
Champions Tour 2024: Americas Kickoff,Group Stage,Elimination (A),FURIA vs MIBR,All Maps,MIBR,frz,"cypher, viper",6,4,,,2,,,,,66,2,1
Champions Tour 2024: Americas Kickoff,Group Stage,Elimination (A),FURIA vs MIBR,All Maps,MIBR,RgLMeister,"astra, viper",7,,,,1,1,,,,46,9,4
Champions Tour 2024: Americas Kickoff,Group Stage,Elimination (A),FURIA vs MIBR,All Maps,MIBR,artzin,jett,3,2,1,,1,,,,,56,0,1
Champions Tour 2024: Americas Kickoff,Group Stage,Elimination (A),FURIA vs MIBR,All Maps,MIBR,mazin,"kayo, skye",4,,,,,,,,,34,3,0
Champions Tour 2024: Americas Kickoff,Group Stage,Elimination (A),FURIA vs MIBR,All Maps,MIBR,jzz,"raze, sova",8,1,,,,,,,,51,0,1
Champions Tour 2024: Americas Kickoff,Group Stage,Elimination (A),FURIA vs MIBR,Split,FURIA,mwzera,jett,5,,1,,,,,,,69,0,0
Champions Tour 2024: Americas Kickoff,Group Stage,Elimination (A),FURIA vs MIBR,Split,FURIA,kon4n,skye,2,,,,1,,,,,47,5,0
Champions Tour 2024: Americas Kickoff,Group Stage,Elimination (A),FURIA vs MIBR,Split,FURIA,Khalil,viper,2,1,,,,,,,,42,0,0
Champions Tour 2024: Americas Kickoff,Group Stage,Elimination (A),FURIA vs MIBR,Split,FURIA,liazzi,astra,1,,,,,,,,,30,1,0
Champions Tour 2024: Americas Kickoff,Group Stage,Elimination (A),FURIA vs MIBR,Split,FURIA,havoc,raze,2,2,,,,,,,,50,2,0
Champions Tour 2024: Americas Kickoff,Group Stage,Elimination (A),FURIA vs MIBR,Split,MIBR,frz,viper,4,3,,,2,,,,,79,2,1
Champions Tour 2024: Americas Kickoff,Group Stage,Elimination (A),FURIA vs MIBR,Split,MIBR,RgLMeister,astra,1,,,,1,,,,,42,4,0
Champions Tour 2024: Americas Kickoff,Group Stage,Elimination (A),FURIA vs MIBR,Split,MIBR,artzin,jett,2,,,,,,,,,43,0,0
Champions Tour 2024: Americas Kickoff,Group Stage,Elimination (A),FURIA vs MIBR,Split,MIBR,mazin,skye,3,,,,,,,,,37,2,0
Champions Tour 2024: Americas Kickoff,Group Stage,Elimination (A),FURIA vs MIBR,Split,MIBR,jzz,raze,4,1,,,,,,,,54,0,0
Champions Tour 2024: Americas Kickoff,Group Stage,Elimination (A),FURIA vs MIBR,Breeze,FURIA,mwzera,jett,3,,,,,,,,,58,1,0
Champions Tour 2024: Americas Kickoff,Group Stage,Elimination (A),FURIA vs MIBR,Breeze,FURIA,kon4n,sova,2,1,,,,,,,,50,2,0
Champions Tour 2024: Americas Kickoff,Group Stage,Elimination (A),FURIA vs MIBR,Breeze,FURIA,Khalil,cypher,4,1,,,,,,,,44,2,1
Champions Tour 2024: Americas Kickoff,Group Stage,Elimination (A),FURIA vs MIBR,Breeze,FURIA,liazzi,viper,1,1,,,,,,,,51,3,1
Champions Tour 2024: Americas Kickoff,Group Stage,Elimination (A),FURIA vs MIBR,Breeze,FURIA,havoc,kayo,5,2,,,,,,,,60,1,0
Champions Tour 2024: Americas Kickoff,Group Stage,Elimination (A),FURIA vs MIBR,Breeze,MIBR,frz,cypher,2,1,,,,,,,,52,0,0
Champions Tour 2024: Americas Kickoff,Group Stage,Elimination (A),FURIA vs MIBR,Breeze,MIBR,RgLMeister,viper,6,,,,,1,,,,49,5,4
Champions Tour 2024: Americas Kickoff,Group Stage,Elimination (A),FURIA vs MIBR,Breeze,MIBR,artzin,jett,1,2,1,,1,,,,,69,0,1
Champions Tour 2024: Americas Kickoff,Group Stage,Elimination (A),FURIA vs MIBR,Breeze,MIBR,mazin,kayo,1,,,,,,,,,31,1,0
Champions Tour 2024: Americas Kickoff,Group Stage,Elimination (A),FURIA vs MIBR,Breeze,MIBR,jzz,sova,4,,,,,,,,,48,0,1
Champions Tour 2024: Americas Kickoff,Group Stage,Elimination (B),Sentinels vs 100 Thieves,All Maps,Sentinels,TenZ,"omen, yoru",9,2,1,,1,,,,,58,4,1
Champions Tour 2024: Americas Kickoff,Group Stage,Elimination (B),Sentinels vs 100 Thieves,All Maps,Sentinels,Sacy,"fade, skye",10,1,,,,,,,,55,14,4
Champions Tour 2024: Americas Kickoff,Group Stage,Elimination (B),Sentinels vs 100 Thieves,All Maps,Sentinels,Zellsis,"brimstone, killjoy, viper",8,1,,,,,,,,59,3,2
Champions Tour 2024: Americas Kickoff,Group Stage,Elimination (B),Sentinels vs 100 Thieves,All Maps,Sentinels,johnqt,"cypher, viper",3,6,1,,,,,,,58,4,1
Champions Tour 2024: Americas Kickoff,Group Stage,Elimination (B),Sentinels vs 100 Thieves,All Maps,Sentinels,zekken,raze,9,5,,,,,,,,64,0,1
Champions Tour 2024: Americas Kickoff,Group Stage,Elimination (B),Sentinels vs 100 Thieves,All Maps,100 Thieves,Asuna,raze,6,2,,,1,,,,,49,5,1
Champions Tour 2024: Americas Kickoff,Group Stage,Elimination (B),Sentinels vs 100 Thieves,All Maps,100 Thieves,Boostio,"gekko, omen",4,1,,,,,1,,,47,14,1
Champions Tour 2024: Americas Kickoff,Group Stage,Elimination (B),Sentinels vs 100 Thieves,All Maps,100 Thieves,eeiu,fade,4,1,1,,,,1,,,40,1,3
Champions Tour 2024: Americas Kickoff,Group Stage,Elimination (B),Sentinels vs 100 Thieves,All Maps,100 Thieves,bang,viper,5,3,,,,1,,,,53,0,2
Champions Tour 2024: Americas Kickoff,Group Stage,Elimination (B),Sentinels vs 100 Thieves,All Maps,100 Thieves,Cryocells,"astra, brimstone, chamber",5,2,1,,1,,1,,,52,1,1
Champions Tour 2024: Americas Kickoff,Group Stage,Elimination (B),Sentinels vs 100 Thieves,Lotus,Sentinels,TenZ,omen,3,,,,1,,,,,53,2,1
Champions Tour 2024: Americas Kickoff,Group Stage,Elimination (B),Sentinels vs 100 Thieves,Lotus,Sentinels,Sacy,fade,2,,,,,,,,,59,8,2
Champions Tour 2024: Americas Kickoff,Group Stage,Elimination (B),Sentinels vs 100 Thieves,Lotus,Sentinels,Zellsis,killjoy,3,,,,,,,,,70,0,0
Champions Tour 2024: Americas Kickoff,Group Stage,Elimination (B),Sentinels vs 100 Thieves,Lotus,Sentinels,johnqt,viper,1,2,1,,,,,,,56,1,0
Champions Tour 2024: Americas Kickoff,Group Stage,Elimination (B),Sentinels vs 100 Thieves,Lotus,Sentinels,zekken,raze,4,2,,,,,,,,70,0,0
Champions Tour 2024: Americas Kickoff,Group Stage,Elimination (B),Sentinels vs 100 Thieves,Lotus,100 Thieves,Asuna,raze,1,,,,,,,,,47,4,1
Champions Tour 2024: Americas Kickoff,Group Stage,Elimination (B),Sentinels vs 100 Thieves,Lotus,100 Thieves,Boostio,omen,1,,,,,,,,,37,1,0
Champions Tour 2024: Americas Kickoff,Group Stage,Elimination (B),Sentinels vs 100 Thieves,Lotus,100 Thieves,eeiu,fade,1,,,,,,,,,26,0,1
Champions Tour 2024: Americas Kickoff,Group Stage,Elimination (B),Sentinels vs 100 Thieves,Lotus,100 Thieves,bang,viper,2,,,,,1,,,,57,0,0
Champions Tour 2024: Americas Kickoff,Group Stage,Elimination (B),Sentinels vs 100 Thieves,Lotus,100 Thieves,Cryocells,chamber,3,,,,,,,,,60,0,0
Champions Tour 2024: Americas Kickoff,Group Stage,Elimination (B),Sentinels vs 100 Thieves,Bind,Sentinels,TenZ,yoru,2,1,1,,,,,,,67,0,0
Champions Tour 2024: Americas Kickoff,Group Stage,Elimination (B),Sentinels vs 100 Thieves,Bind,Sentinels,Sacy,skye,3,,,,,,,,,41,1,1
Champions Tour 2024: Americas Kickoff,Group Stage,Elimination (B),Sentinels vs 100 Thieves,Bind,Sentinels,Zellsis,brimstone,1,1,,,,,,,,46,2,1
Champions Tour 2024: Americas Kickoff,Group Stage,Elimination (B),Sentinels vs 100 Thieves,Bind,Sentinels,johnqt,viper,,2,,,,,,,,55,2,1
Champions Tour 2024: Americas Kickoff,Group Stage,Elimination (B),Sentinels vs 100 Thieves,Bind,Sentinels,zekken,raze,,2,,,,,,,,46,0,0
Champions Tour 2024: Americas Kickoff,Group Stage,Elimination (B),Sentinels vs 100 Thieves,Bind,100 Thieves,Asuna,raze,5,1,,,1,,,,,60,1,0
Champions Tour 2024: Americas Kickoff,Group Stage,Elimination (B),Sentinels vs 100 Thieves,Bind,100 Thieves,Boostio,gekko,2,1,,,,,1,,,55,8,0
Champions Tour 2024: Americas Kickoff,Group Stage,Elimination (B),Sentinels vs 100 Thieves,Bind,100 Thieves,eeiu,fade,3,,,,,,,,,50,0,1
Champions Tour 2024: Americas Kickoff,Group Stage,Elimination (B),Sentinels vs 100 Thieves,Bind,100 Thieves,bang,viper,1,1,,,,,,,,54,0,1
Champions Tour 2024: Americas Kickoff,Group Stage,Elimination (B),Sentinels vs 100 Thieves,Bind,100 Thieves,Cryocells,brimstone,2,,,,,,,,,52,1,1
Champions Tour 2024: Americas Kickoff,Group Stage,Elimination (B),Sentinels vs 100 Thieves,Split,Sentinels,TenZ,omen,4,1,,,,,,,,54,2,0
Champions Tour 2024: Americas Kickoff,Group Stage,Elimination (B),Sentinels vs 100 Thieves,Split,Sentinels,Sacy,skye,5,1,,,,,,,,65,5,1
Champions Tour 2024: Americas Kickoff,Group Stage,Elimination (B),Sentinels vs 100 Thieves,Split,Sentinels,Zellsis,viper,4,,,,,,,,,62,1,1
Champions Tour 2024: Americas Kickoff,Group Stage,Elimination (B),Sentinels vs 100 Thieves,Split,Sentinels,johnqt,cypher,2,2,,,,,,,,64,1,0
Champions Tour 2024: Americas Kickoff,Group Stage,Elimination (B),Sentinels vs 100 Thieves,Split,Sentinels,zekken,raze,5,1,,,,,,,,77,0,1
Champions Tour 2024: Americas Kickoff,Group Stage,Elimination (B),Sentinels vs 100 Thieves,Split,100 Thieves,Asuna,raze,,1,,,,,,,,39,0,0
Champions Tour 2024: Americas Kickoff,Group Stage,Elimination (B),Sentinels vs 100 Thieves,Split,100 Thieves,Boostio,gekko,1,,,,,,,,,49,5,1
Champions Tour 2024: Americas Kickoff,Group Stage,Elimination (B),Sentinels vs 100 Thieves,Split,100 Thieves,eeiu,fade,,1,1,,,,1,,,45,1,1
Champions Tour 2024: Americas Kickoff,Group Stage,Elimination (B),Sentinels vs 100 Thieves,Split,100 Thieves,bang,viper,2,2,,,,,,,,47,0,1
Champions Tour 2024: Americas Kickoff,Group Stage,Elimination (B),Sentinels vs 100 Thieves,Split,100 Thieves,Cryocells,astra,,2,1,,1,,1,,,43,0,0
Champions Tour 2024: Americas Kickoff,Group Stage,Winner's (A),NRG Esports vs Cloud9,All Maps,NRG Esports,crashies,"sova, viper",3,1,,,,1,,,,46,2,3
Champions Tour 2024: Americas Kickoff,Group Stage,Winner's (A),NRG Esports vs Cloud9,All Maps,NRG Esports,Victor,"cypher, killjoy",5,3,1,,1,,,,,62,2,1
Champions Tour 2024: Americas Kickoff,Group Stage,Winner's (A),NRG Esports vs Cloud9,All Maps,NRG Esports,Marved,omen,3,3,,,,,,,,44,3,1
Champions Tour 2024: Americas Kickoff,Group Stage,Winner's (A),NRG Esports vs Cloud9,All Maps,NRG Esports,Ethan,"kayo, skye",6,1,,,1,,,,,47,6,1
Champions Tour 2024: Americas Kickoff,Group Stage,Winner's (A),NRG Esports vs Cloud9,All Maps,NRG Esports,Demon1,jett,6,4,1,,,,,,,74,1,0
Champions Tour 2024: Americas Kickoff,Group Stage,Winner's (A),NRG Esports vs Cloud9,All Maps,Cloud9,wippie,"killjoy, viper",6,2,,,1,,,,,46,2,1
Champions Tour 2024: Americas Kickoff,Group Stage,Winner's (A),NRG Esports vs Cloud9,All Maps,Cloud9,vanity,"skye, sova",4,2,,,1,,,,,61,10,3
Champions Tour 2024: Americas Kickoff,Group Stage,Winner's (A),NRG Esports vs Cloud9,All Maps,Cloud9,Xeppaa,"kayo, raze",5,2,,,,,,,,48,1,0
Champions Tour 2024: Americas Kickoff,Group Stage,Winner's (A),NRG Esports vs Cloud9,All Maps,Cloud9,jakee,omen,4,1,,,,,,,,42,1,0
Champions Tour 2024: Americas Kickoff,Group Stage,Winner's (A),NRG Esports vs Cloud9,All Maps,Cloud9,OXY,"jett, yoru",10,,,,1,,,,,41,1,0
Champions Tour 2024: Americas Kickoff,Group Stage,Winner's (A),NRG Esports vs Cloud9,Sunset,NRG Esports,crashies,viper,2,,,,,1,,,,45,1,2
Champions Tour 2024: Americas Kickoff,Group Stage,Winner's (A),NRG Esports vs Cloud9,Sunset,NRG Esports,Victor,cypher,2,2,,,,,,,,60,0,0
Champions Tour 2024: Americas Kickoff,Group Stage,Winner's (A),NRG Esports vs Cloud9,Sunset,NRG Esports,Marved,omen,1,1,,,,,,,,46,1,1
Champions Tour 2024: Americas Kickoff,Group Stage,Winner's (A),NRG Esports vs Cloud9,Sunset,NRG Esports,Ethan,skye,3,1,,,1,,,,,58,4,0
Champions Tour 2024: Americas Kickoff,Group Stage,Winner's (A),NRG Esports vs Cloud9,Sunset,NRG Esports,Demon1,jett,2,3,1,,,,,,,102,1,0
Champions Tour 2024: Americas Kickoff,Group Stage,Winner's (A),NRG Esports vs Cloud9,Sunset,Cloud9,wippie,viper,2,2,,,1,,,,,53,2,1
Champions Tour 2024: Americas Kickoff,Group Stage,Winner's (A),NRG Esports vs Cloud9,Sunset,Cloud9,vanity,skye,1,,,,,,,,,47,5,1
Champions Tour 2024: Americas Kickoff,Group Stage,Winner's (A),NRG Esports vs Cloud9,Sunset,Cloud9,Xeppaa,raze,2,1,,,,,,,,50,0,0
Champions Tour 2024: Americas Kickoff,Group Stage,Winner's (A),NRG Esports vs Cloud9,Sunset,Cloud9,jakee,omen,2,,,,,,,,,42,0,0
Champions Tour 2024: Americas Kickoff,Group Stage,Winner's (A),NRG Esports vs Cloud9,Sunset,Cloud9,OXY,yoru,4,,,,1,,,,,32,0,0
Champions Tour 2024: Americas Kickoff,Group Stage,Winner's (A),NRG Esports vs Cloud9,Ascent,NRG Esports,crashies,sova,1,1,,,,,,,,47,1,1
Champions Tour 2024: Americas Kickoff,Group Stage,Winner's (A),NRG Esports vs Cloud9,Ascent,NRG Esports,Victor,killjoy,3,1,1,,1,,,,,63,2,1
Champions Tour 2024: Americas Kickoff,Group Stage,Winner's (A),NRG Esports vs Cloud9,Ascent,NRG Esports,Marved,omen,2,2,,,,,,,,42,2,0
Champions Tour 2024: Americas Kickoff,Group Stage,Winner's (A),NRG Esports vs Cloud9,Ascent,NRG Esports,Ethan,kayo,3,,,,,,,,,36,2,1
Champions Tour 2024: Americas Kickoff,Group Stage,Winner's (A),NRG Esports vs Cloud9,Ascent,NRG Esports,Demon1,jett,4,1,,,,,,,,45,0,0
Champions Tour 2024: Americas Kickoff,Group Stage,Winner's (A),NRG Esports vs Cloud9,Ascent,Cloud9,wippie,killjoy,4,,,,,,,,,39,0,0
Champions Tour 2024: Americas Kickoff,Group Stage,Winner's (A),NRG Esports vs Cloud9,Ascent,Cloud9,vanity,sova,3,2,,,1,,,,,75,5,2
Champions Tour 2024: Americas Kickoff,Group Stage,Winner's (A),NRG Esports vs Cloud9,Ascent,Cloud9,Xeppaa,kayo,3,1,,,,,,,,45,1,0
Champions Tour 2024: Americas Kickoff,Group Stage,Winner's (A),NRG Esports vs Cloud9,Ascent,Cloud9,jakee,omen,2,1,,,,,,,,41,1,0
Champions Tour 2024: Americas Kickoff,Group Stage,Winner's (A),NRG Esports vs Cloud9,Ascent,Cloud9,OXY,jett,6,,,,,,,,,50,1,0
Champions Tour 2024: Americas Kickoff,Group Stage,Winner's (B),LOUD vs Leviatán,All Maps,LOUD,saadhak,"kayo, skye",9,,,,,,,,,46,5,2
Champions Tour 2024: Americas Kickoff,Group Stage,Winner's (B),LOUD vs Leviatán,All Maps,LOUD,Quick,"phoenix, raze",9,4,,,,,,,,48,3,1
Champions Tour 2024: Americas Kickoff,Group Stage,Winner's (B),LOUD vs Leviatán,All Maps,LOUD,tuyz,"brimstone, omen",7,4,,,1,,,,,58,2,2
Champions Tour 2024: Americas Kickoff,Group Stage,Winner's (B),LOUD vs Leviatán,All Maps,LOUD,cauanzin,breach,8,2,,,,,,,,46,16,1
Champions Tour 2024: Americas Kickoff,Group Stage,Winner's (B),LOUD vs Leviatán,All Maps,LOUD,Less,viper,12,3,1,,2,,,,,75,3,2
Champions Tour 2024: Americas Kickoff,Group Stage,Winner's (B),LOUD vs Leviatán,All Maps,Leviatán,C0M,"skye, sova",9,2,,,,,,,,53,10,1
Champions Tour 2024: Americas Kickoff,Group Stage,Winner's (B),LOUD vs Leviatán,All Maps,Leviatán,tex,"gekko, killjoy, raze",7,1,,,,,,,,43,7,0
Champions Tour 2024: Americas Kickoff,Group Stage,Winner's (B),LOUD vs Leviatán,All Maps,Leviatán,Mazino,"astra, harbor, omen",4,2,,,1,1,,,,44,6,2
Champions Tour 2024: Americas Kickoff,Group Stage,Winner's (B),LOUD vs Leviatán,All Maps,Leviatán,aspas,"jett, raze",7,2,,,3,1,,,,49,2,1
Champions Tour 2024: Americas Kickoff,Group Stage,Winner's (B),LOUD vs Leviatán,All Maps,Leviatán,kiNgg,"kayo, viper",6,6,2,,,1,,,,64,2,1
Champions Tour 2024: Americas Kickoff,Group Stage,Winner's (B),LOUD vs Leviatán,Bind,LOUD,saadhak,kayo,4,,,,,,,,,58,4,1
Champions Tour 2024: Americas Kickoff,Group Stage,Winner's (B),LOUD vs Leviatán,Bind,LOUD,Quick,phoenix,3,1,,,,,,,,39,0,0
Champions Tour 2024: Americas Kickoff,Group Stage,Winner's (B),LOUD vs Leviatán,Bind,LOUD,tuyz,brimstone,3,,,,,,,,,51,0,1
Champions Tour 2024: Americas Kickoff,Group Stage,Winner's (B),LOUD vs Leviatán,Bind,LOUD,cauanzin,breach,2,1,,,,,,,,49,5,0
Champions Tour 2024: Americas Kickoff,Group Stage,Winner's (B),LOUD vs Leviatán,Bind,LOUD,Less,viper,3,,,,,,,,,53,1,1
Champions Tour 2024: Americas Kickoff,Group Stage,Winner's (B),LOUD vs Leviatán,Bind,Leviatán,C0M,skye,3,1,,,,,,,,43,2,1
Champions Tour 2024: Americas Kickoff,Group Stage,Winner's (B),LOUD vs Leviatán,Bind,Leviatán,tex,gekko,3,1,,,,,,,,55,6,0
Champions Tour 2024: Americas Kickoff,Group Stage,Winner's (B),LOUD vs Leviatán,Bind,Leviatán,Mazino,harbor,2,1,,,1,1,,,,58,3,1
Champions Tour 2024: Americas Kickoff,Group Stage,Winner's (B),LOUD vs Leviatán,Bind,Leviatán,aspas,raze,2,,,,,,,,,47,0,0
Champions Tour 2024: Americas Kickoff,Group Stage,Winner's (B),LOUD vs Leviatán,Bind,Leviatán,kiNgg,viper,1,3,1,,,1,,,,78,1,0
Champions Tour 2024: Americas Kickoff,Group Stage,Winner's (B),LOUD vs Leviatán,Split,LOUD,saadhak,skye,2,,,,,,,,,40,1,1
Champions Tour 2024: Americas Kickoff,Group Stage,Winner's (B),LOUD vs Leviatán,Split,LOUD,Quick,raze,3,1,,,,,,,,42,1,1
Champions Tour 2024: Americas Kickoff,Group Stage,Winner's (B),LOUD vs Leviatán,Split,LOUD,tuyz,omen,2,2,,,1,,,,,58,1,0
Champions Tour 2024: Americas Kickoff,Group Stage,Winner's (B),LOUD vs Leviatán,Split,LOUD,cauanzin,breach,4,1,,,,,,,,54,5,1
Champions Tour 2024: Americas Kickoff,Group Stage,Winner's (B),LOUD vs Leviatán,Split,LOUD,Less,viper,6,1,1,,1,,,,,84,1,0
Champions Tour 2024: Americas Kickoff,Group Stage,Winner's (B),LOUD vs Leviatán,Split,Leviatán,C0M,skye,4,,,,,,,,,40,5,0
Champions Tour 2024: Americas Kickoff,Group Stage,Winner's (B),LOUD vs Leviatán,Split,Leviatán,tex,raze,3,,,,,,,,,39,0,0
Champions Tour 2024: Americas Kickoff,Group Stage,Winner's (B),LOUD vs Leviatán,Split,Leviatán,Mazino,astra,,1,,,,,,,,30,3,0
Champions Tour 2024: Americas Kickoff,Group Stage,Winner's (B),LOUD vs Leviatán,Split,Leviatán,aspas,jett,2,,,,3,1,,,,43,1,1
Champions Tour 2024: Americas Kickoff,Group Stage,Winner's (B),LOUD vs Leviatán,Split,Leviatán,kiNgg,viper,2,1,1,,,,,,,67,0,1
Champions Tour 2024: Americas Kickoff,Group Stage,Winner's (B),LOUD vs Leviatán,Ascent,LOUD,saadhak,kayo,3,,,,,,,,,41,0,0
Champions Tour 2024: Americas Kickoff,Group Stage,Winner's (B),LOUD vs Leviatán,Ascent,LOUD,Quick,phoenix,3,2,,,,,,,,62,2,0
Champions Tour 2024: Americas Kickoff,Group Stage,Winner's (B),LOUD vs Leviatán,Ascent,LOUD,tuyz,omen,2,2,,,,,,,,64,1,1
Champions Tour 2024: Americas Kickoff,Group Stage,Winner's (B),LOUD vs Leviatán,Ascent,LOUD,cauanzin,breach,2,,,,,,,,,35,6,0
Champions Tour 2024: Americas Kickoff,Group Stage,Winner's (B),LOUD vs Leviatán,Ascent,LOUD,Less,viper,3,2,,,1,,,,,88,1,1
Champions Tour 2024: Americas Kickoff,Group Stage,Winner's (B),LOUD vs Leviatán,Ascent,Leviatán,C0M,sova,2,1,,,,,,,,77,3,0
Champions Tour 2024: Americas Kickoff,Group Stage,Winner's (B),LOUD vs Leviatán,Ascent,Leviatán,tex,killjoy,1,,,,,,,,,36,1,0
Champions Tour 2024: Americas Kickoff,Group Stage,Winner's (B),LOUD vs Leviatán,Ascent,Leviatán,Mazino,omen,2,,,,,,,,,44,0,1
Champions Tour 2024: Americas Kickoff,Group Stage,Winner's (B),LOUD vs Leviatán,Ascent,Leviatán,aspas,jett,3,2,,,,,,,,57,1,0
Champions Tour 2024: Americas Kickoff,Group Stage,Winner's (B),LOUD vs Leviatán,Ascent,Leviatán,kiNgg,kayo,3,2,,,,,,,,47,1,0
Champions Tour 2024: Americas Kickoff,Group Stage,Winner's (C),G2 Esports vs Evil Geniuses,All Maps,G2 Esports,valyn,"brimstone, omen",5,2,,,,,,,,44,7,3
Champions Tour 2024: Americas Kickoff,Group Stage,Winner's (C),G2 Esports vs Evil Geniuses,All Maps,G2 Esports,JonahP,sova,3,4,,1,1,,,,,53,7,2
Champions Tour 2024: Americas Kickoff,Group Stage,Winner's (C),G2 Esports vs Evil Geniuses,All Maps,G2 Esports,neT,"cypher, killjoy",5,1,,,,1,,,,37,2,0
Champions Tour 2024: Americas Kickoff,Group Stage,Winner's (C),G2 Esports vs Evil Geniuses,All Maps,G2 Esports,leaf,"jett, raze",8,5,,,,,,,,61,0,0
Champions Tour 2024: Americas Kickoff,Group Stage,Winner's (C),G2 Esports vs Evil Geniuses,All Maps,G2 Esports,trent,viper,5,2,,,,,,,,53,3,2
Champions Tour 2024: Americas Kickoff,Group Stage,Winner's (C),G2 Esports vs Evil Geniuses,All Maps,Evil Geniuses,supamen,"omen, viper",5,5,,,,2,,,,61,5,2
Champions Tour 2024: Americas Kickoff,Group Stage,Winner's (C),G2 Esports vs Evil Geniuses,All Maps,Evil Geniuses,Derrek,"fade, gekko",10,3,,,1,1,,,,48,4,1
Champions Tour 2024: Americas Kickoff,Group Stage,Winner's (C),G2 Esports vs Evil Geniuses,All Maps,Evil Geniuses,jawgemo,"deadlock, raze",7,1,1,,,,,,,44,0,1
Champions Tour 2024: Americas Kickoff,Group Stage,Winner's (C),G2 Esports vs Evil Geniuses,All Maps,Evil Geniuses,NaturE,"breach, kayo",5,1,,,1,1,,,,37,10,1
Champions Tour 2024: Americas Kickoff,Group Stage,Winner's (C),G2 Esports vs Evil Geniuses,All Maps,Evil Geniuses,Apoth,"cypher, killjoy",5,4,1,,,,,,,56,0,1
Champions Tour 2024: Americas Kickoff,Group Stage,Winner's (C),G2 Esports vs Evil Geniuses,Sunset,G2 Esports,valyn,omen,2,1,,,,,,,,30,5,1
Champions Tour 2024: Americas Kickoff,Group Stage,Winner's (C),G2 Esports vs Evil Geniuses,Sunset,G2 Esports,JonahP,sova,2,3,,,1,,,,,51,5,1
Champions Tour 2024: Americas Kickoff,Group Stage,Winner's (C),G2 Esports vs Evil Geniuses,Sunset,G2 Esports,neT,cypher,4,1,,,,1,,,,45,0,0
Champions Tour 2024: Americas Kickoff,Group Stage,Winner's (C),G2 Esports vs Evil Geniuses,Sunset,G2 Esports,leaf,raze,3,4,,,,,,,,56,0,0
Champions Tour 2024: Americas Kickoff,Group Stage,Winner's (C),G2 Esports vs Evil Geniuses,Sunset,G2 Esports,trent,viper,2,2,,,,,,,,45,1,1
Champions Tour 2024: Americas Kickoff,Group Stage,Winner's (C),G2 Esports vs Evil Geniuses,Sunset,Evil Geniuses,supamen,omen,2,2,,,,,,,,40,2,1
Champions Tour 2024: Americas Kickoff,Group Stage,Winner's (C),G2 Esports vs Evil Geniuses,Sunset,Evil Geniuses,Derrek,fade,4,2,,,1,1,,,,46,0,0
Champions Tour 2024: Americas Kickoff,Group Stage,Winner's (C),G2 Esports vs Evil Geniuses,Sunset,Evil Geniuses,jawgemo,raze,5,1,,,,,,,,53,0,1
Champions Tour 2024: Americas Kickoff,Group Stage,Winner's (C),G2 Esports vs Evil Geniuses,Sunset,Evil Geniuses,NaturE,breach,4,1,,,1,1,,,,41,7,1
Champions Tour 2024: Americas Kickoff,Group Stage,Winner's (C),G2 Esports vs Evil Geniuses,Sunset,Evil Geniuses,Apoth,cypher,2,2,,,,,,,,47,0,0
Champions Tour 2024: Americas Kickoff,Group Stage,Winner's (C),G2 Esports vs Evil Geniuses,Icebox,G2 Esports,valyn,brimstone,3,1,,,,,,,,57,2,2
Champions Tour 2024: Americas Kickoff,Group Stage,Winner's (C),G2 Esports vs Evil Geniuses,Icebox,G2 Esports,JonahP,sova,1,1,,1,,,,,,54,2,1
Champions Tour 2024: Americas Kickoff,Group Stage,Winner's (C),G2 Esports vs Evil Geniuses,Icebox,G2 Esports,neT,killjoy,1,,,,,,,,,29,2,0
Champions Tour 2024: Americas Kickoff,Group Stage,Winner's (C),G2 Esports vs Evil Geniuses,Icebox,G2 Esports,leaf,jett,5,1,,,,,,,,66,0,0
Champions Tour 2024: Americas Kickoff,Group Stage,Winner's (C),G2 Esports vs Evil Geniuses,Icebox,G2 Esports,trent,viper,3,,,,,,,,,60,2,1
Champions Tour 2024: Americas Kickoff,Group Stage,Winner's (C),G2 Esports vs Evil Geniuses,Icebox,Evil Geniuses,supamen,viper,3,3,,,,2,,,,82,3,1
Champions Tour 2024: Americas Kickoff,Group Stage,Winner's (C),G2 Esports vs Evil Geniuses,Icebox,Evil Geniuses,Derrek,gekko,6,1,,,,,,,,50,4,1
Champions Tour 2024: Americas Kickoff,Group Stage,Winner's (C),G2 Esports vs Evil Geniuses,Icebox,Evil Geniuses,jawgemo,deadlock,2,,1,,,,,,,34,0,0
Champions Tour 2024: Americas Kickoff,Group Stage,Winner's (C),G2 Esports vs Evil Geniuses,Icebox,Evil Geniuses,NaturE,kayo,1,,,,,,,,,32,3,0
Champions Tour 2024: Americas Kickoff,Group Stage,Winner's (C),G2 Esports vs Evil Geniuses,Icebox,Evil Geniuses,Apoth,killjoy,3,2,1,,,,,,,64,0,1
Champions Tour 2024: Americas Kickoff,Group Stage,Decider (A),Cloud9 vs MIBR,All Maps,Cloud9,wippie,"killjoy, viper",4,,,,,,,,,46,2,1
Champions Tour 2024: Americas Kickoff,Group Stage,Decider (A),Cloud9 vs MIBR,All Maps,Cloud9,vanity,"skye, sova",10,2,,,,,,,,48,6,1
Champions Tour 2024: Americas Kickoff,Group Stage,Decider (A),Cloud9 vs MIBR,All Maps,Cloud9,Xeppaa,"kayo, raze",5,1,1,,1,,,,,53,4,0
Champions Tour 2024: Americas Kickoff,Group Stage,Decider (A),Cloud9 vs MIBR,All Maps,Cloud9,jakee,"brimstone, omen",10,,,,2,,,,,50,4,3
Champions Tour 2024: Americas Kickoff,Group Stage,Decider (A),Cloud9 vs MIBR,All Maps,Cloud9,OXY,"jett, yoru",6,1,1,,,,,,,46,1,1
Champions Tour 2024: Americas Kickoff,Group Stage,Decider (A),Cloud9 vs MIBR,All Maps,MIBR,frz,"cypher, viper",7,2,,,1,2,,1,,54,0,2
Champions Tour 2024: Americas Kickoff,Group Stage,Decider (A),Cloud9 vs MIBR,All Maps,MIBR,RgLMeister,"brimstone, omen",3,6,,,,1,,,,63,12,1
Champions Tour 2024: Americas Kickoff,Group Stage,Decider (A),Cloud9 vs MIBR,All Maps,MIBR,artzin,"jett, raze",6,1,1,,1,,,,,39,2,0
Champions Tour 2024: Americas Kickoff,Group Stage,Decider (A),Cloud9 vs MIBR,All Maps,MIBR,mazin,"kayo, viper",6,3,,,,1,,,,50,2,1
Champions Tour 2024: Americas Kickoff,Group Stage,Decider (A),Cloud9 vs MIBR,All Maps,MIBR,jzz,skye,5,2,,,,,,,,49,4,2
Champions Tour 2024: Americas Kickoff,Group Stage,Decider (A),Cloud9 vs MIBR,Bind,Cloud9,wippie,viper,3,,,,,,,,,43,0,0
Champions Tour 2024: Americas Kickoff,Group Stage,Decider (A),Cloud9 vs MIBR,Bind,Cloud9,vanity,skye,5,2,,,,,,,,50,3,1
Champions Tour 2024: Americas Kickoff,Group Stage,Decider (A),Cloud9 vs MIBR,Bind,Cloud9,Xeppaa,raze,2,1,,,1,,,,,48,2,0
Champions Tour 2024: Americas Kickoff,Group Stage,Decider (A),Cloud9 vs MIBR,Bind,Cloud9,jakee,brimstone,4,,,,,,,,,39,4,1
Champions Tour 2024: Americas Kickoff,Group Stage,Decider (A),Cloud9 vs MIBR,Bind,Cloud9,OXY,yoru,3,1,1,,,,,,,55,1,1
Champions Tour 2024: Americas Kickoff,Group Stage,Decider (A),Cloud9 vs MIBR,Bind,MIBR,frz,viper,2,1,,,1,1,,1,,42,0,2
Champions Tour 2024: Americas Kickoff,Group Stage,Decider (A),Cloud9 vs MIBR,Bind,MIBR,RgLMeister,brimstone,3,2,,,,,,,,64,8,0
Champions Tour 2024: Americas Kickoff,Group Stage,Decider (A),Cloud9 vs MIBR,Bind,MIBR,artzin,raze,3,,,,1,,,,,31,2,0
Champions Tour 2024: Americas Kickoff,Group Stage,Decider (A),Cloud9 vs MIBR,Bind,MIBR,mazin,kayo,4,2,,,,,,,,50,1,0
Champions Tour 2024: Americas Kickoff,Group Stage,Decider (A),Cloud9 vs MIBR,Bind,MIBR,jzz,skye,2,,,,,,,,,38,0,1
Champions Tour 2024: Americas Kickoff,Group Stage,Decider (A),Cloud9 vs MIBR,Ascent,Cloud9,wippie,killjoy,1,,,,,,,,,49,2,1
Champions Tour 2024: Americas Kickoff,Group Stage,Decider (A),Cloud9 vs MIBR,Ascent,Cloud9,vanity,sova,5,,,,,,,,,46,3,0
Champions Tour 2024: Americas Kickoff,Group Stage,Decider (A),Cloud9 vs MIBR,Ascent,Cloud9,Xeppaa,kayo,3,,1,,,,,,,57,2,0
Champions Tour 2024: Americas Kickoff,Group Stage,Decider (A),Cloud9 vs MIBR,Ascent,Cloud9,jakee,omen,6,,,,2,,,,,60,0,2
Champions Tour 2024: Americas Kickoff,Group Stage,Decider (A),Cloud9 vs MIBR,Ascent,Cloud9,OXY,jett,3,,,,,,,,,36,0,0
Champions Tour 2024: Americas Kickoff,Group Stage,Decider (A),Cloud9 vs MIBR,Ascent,MIBR,frz,cypher,5,1,,,,1,,,,65,0,0
Champions Tour 2024: Americas Kickoff,Group Stage,Decider (A),Cloud9 vs MIBR,Ascent,MIBR,RgLMeister,omen,,4,,,,1,,,,62,4,1
Champions Tour 2024: Americas Kickoff,Group Stage,Decider (A),Cloud9 vs MIBR,Ascent,MIBR,artzin,jett,3,1,1,,,,,,,47,0,0
Champions Tour 2024: Americas Kickoff,Group Stage,Decider (A),Cloud9 vs MIBR,Ascent,MIBR,mazin,viper,2,1,,,,1,,,,50,1,1
Champions Tour 2024: Americas Kickoff,Group Stage,Decider (A),Cloud9 vs MIBR,Ascent,MIBR,jzz,skye,3,2,,,,,,,,60,4,1
Champions Tour 2024: Americas Kickoff,Group Stage,Decider (B),Leviatán vs Sentinels,All Maps,Leviatán,C0M,"skye, sova",6,1,,,,,,,,39,4,2
Champions Tour 2024: Americas Kickoff,Group Stage,Decider (B),Leviatán vs Sentinels,All Maps,Leviatán,tex,"cypher, gekko, raze",9,,,,,,,,,45,6,0
Champions Tour 2024: Americas Kickoff,Group Stage,Decider (B),Leviatán vs Sentinels,All Maps,Leviatán,Mazino,"astra, harbor, kayo",5,2,,,2,,,,,43,10,2
Champions Tour 2024: Americas Kickoff,Group Stage,Decider (B),Leviatán vs Sentinels,All Maps,Leviatán,aspas,"jett, raze",5,4,3,,2,,,,,65,2,1
Champions Tour 2024: Americas Kickoff,Group Stage,Decider (B),Leviatán vs Sentinels,All Maps,Leviatán,kiNgg,viper,4,4,1,,2,,,,,65,4,1
Champions Tour 2024: Americas Kickoff,Group Stage,Decider (B),Leviatán vs Sentinels,All Maps,Sentinels,TenZ,"kayo, omen, yoru",7,,,,1,,,,,41,2,1
Champions Tour 2024: Americas Kickoff,Group Stage,Decider (B),Leviatán vs Sentinels,All Maps,Sentinels,Sacy,"skye, sova",8,3,,,2,,1,,,53,8,3
Champions Tour 2024: Americas Kickoff,Group Stage,Decider (B),Leviatán vs Sentinels,All Maps,Sentinels,Zellsis,"brimstone, viper",7,,1,,1,1,,,,53,7,3
Champions Tour 2024: Americas Kickoff,Group Stage,Decider (B),Leviatán vs Sentinels,All Maps,Sentinels,johnqt,"cypher, viper",6,,1,,1,1,,,,53,1,1
Champions Tour 2024: Americas Kickoff,Group Stage,Decider (B),Leviatán vs Sentinels,All Maps,Sentinels,zekken,"jett, raze",11,4,1,,,,,,,83,1,2
Champions Tour 2024: Americas Kickoff,Group Stage,Decider (B),Leviatán vs Sentinels,Split,Leviatán,C0M,skye,1,,,,,,,,,35,2,0
Champions Tour 2024: Americas Kickoff,Group Stage,Decider (B),Leviatán vs Sentinels,Split,Leviatán,tex,raze,1,,,,,,,,,37,2,0
Champions Tour 2024: Americas Kickoff,Group Stage,Decider (B),Leviatán vs Sentinels,Split,Leviatán,Mazino,astra,,,,,,,,,,27,3,0
Champions Tour 2024: Americas Kickoff,Group Stage,Decider (B),Leviatán vs Sentinels,Split,Leviatán,aspas,jett,,,2,,1,,,,,66,2,0
Champions Tour 2024: Americas Kickoff,Group Stage,Decider (B),Leviatán vs Sentinels,Split,Leviatán,kiNgg,viper,2,2,,,,,,,,82,1,0
Champions Tour 2024: Americas Kickoff,Group Stage,Decider (B),Leviatán vs Sentinels,Split,Sentinels,TenZ,omen,2,,,,1,,,,,36,1,0
Champions Tour 2024: Americas Kickoff,Group Stage,Decider (B),Leviatán vs Sentinels,Split,Sentinels,Sacy,skye,1,1,,,,,1,,,40,0,1
Champions Tour 2024: Americas Kickoff,Group Stage,Decider (B),Leviatán vs Sentinels,Split,Sentinels,Zellsis,viper,4,,1,,1,,,,,79,1,3
Champions Tour 2024: Americas Kickoff,Group Stage,Decider (B),Leviatán vs Sentinels,Split,Sentinels,johnqt,cypher,2,,1,,,1,,,,61,1,0
Champions Tour 2024: Americas Kickoff,Group Stage,Decider (B),Leviatán vs Sentinels,Split,Sentinels,zekken,raze,4,2,,,,,,,,125,1,2
Champions Tour 2024: Americas Kickoff,Group Stage,Decider (B),Leviatán vs Sentinels,Breeze,Leviatán,C0M,sova,1,,,,,,,,,38,2,1
Champions Tour 2024: Americas Kickoff,Group Stage,Decider (B),Leviatán vs Sentinels,Breeze,Leviatán,tex,cypher,3,,,,,,,,,59,0,0
Champions Tour 2024: Americas Kickoff,Group Stage,Decider (B),Leviatán vs Sentinels,Breeze,Leviatán,Mazino,kayo,3,1,,,1,,,,,68,6,1
Champions Tour 2024: Americas Kickoff,Group Stage,Decider (B),Leviatán vs Sentinels,Breeze,Leviatán,aspas,jett,2,3,,,,,,,,60,0,0
Champions Tour 2024: Americas Kickoff,Group Stage,Decider (B),Leviatán vs Sentinels,Breeze,Leviatán,kiNgg,viper,1,1,1,,2,,,,,67,2,1
Champions Tour 2024: Americas Kickoff,Group Stage,Decider (B),Leviatán vs Sentinels,Breeze,Sentinels,TenZ,kayo,2,,,,,,,,,38,1,0
Champions Tour 2024: Americas Kickoff,Group Stage,Decider (B),Leviatán vs Sentinels,Breeze,Sentinels,Sacy,sova,2,1,,,,,,,,54,4,1
Champions Tour 2024: Americas Kickoff,Group Stage,Decider (B),Leviatán vs Sentinels,Breeze,Sentinels,Zellsis,viper,2,,,,,1,,,,35,1,0
Champions Tour 2024: Americas Kickoff,Group Stage,Decider (B),Leviatán vs Sentinels,Breeze,Sentinels,johnqt,cypher,2,,,,,,,,,51,0,0
Champions Tour 2024: Americas Kickoff,Group Stage,Decider (B),Leviatán vs Sentinels,Breeze,Sentinels,zekken,jett,2,1,1,,,,,,,54,0,0
Champions Tour 2024: Americas Kickoff,Group Stage,Decider (B),Leviatán vs Sentinels,Bind,Leviatán,C0M,skye,4,1,,,,,,,,43,0,1
Champions Tour 2024: Americas Kickoff,Group Stage,Decider (B),Leviatán vs Sentinels,Bind,Leviatán,tex,gekko,5,,,,,,,,,38,4,0
Champions Tour 2024: Americas Kickoff,Group Stage,Decider (B),Leviatán vs Sentinels,Bind,Leviatán,Mazino,harbor,2,1,,,1,,,,,33,1,1
Champions Tour 2024: Americas Kickoff,Group Stage,Decider (B),Leviatán vs Sentinels,Bind,Leviatán,aspas,raze,3,1,1,,1,,,,,68,0,1
Champions Tour 2024: Americas Kickoff,Group Stage,Decider (B),Leviatán vs Sentinels,Bind,Leviatán,kiNgg,viper,1,1,,,,,,,,45,1,0
Champions Tour 2024: Americas Kickoff,Group Stage,Decider (B),Leviatán vs Sentinels,Bind,Sentinels,TenZ,yoru,3,,,,,,,,,49,0,1
Champions Tour 2024: Americas Kickoff,Group Stage,Decider (B),Leviatán vs Sentinels,Bind,Sentinels,Sacy,skye,5,1,,,2,,,,,66,4,1
Champions Tour 2024: Americas Kickoff,Group Stage,Decider (B),Leviatán vs Sentinels,Bind,Sentinels,Zellsis,brimstone,1,,,,,,,,,45,5,0
Champions Tour 2024: Americas Kickoff,Group Stage,Decider (B),Leviatán vs Sentinels,Bind,Sentinels,johnqt,viper,2,,,,1,,,,,46,0,1
Champions Tour 2024: Americas Kickoff,Group Stage,Decider (B),Leviatán vs Sentinels,Bind,Sentinels,zekken,raze,5,1,,,,,,,,71,0,0
Champions Tour 2024: Americas Kickoff,Group Stage,Decider (C),G2 Esports vs KRÜ Esports,All Maps,G2 Esports,valyn,omen,4,,,,,,,,,44,6,0
Champions Tour 2024: Americas Kickoff,Group Stage,Decider (C),G2 Esports vs KRÜ Esports,All Maps,G2 Esports,JonahP,"breach, sova",5,2,,,,1,,,,40,5,1
Champions Tour 2024: Americas Kickoff,Group Stage,Decider (C),G2 Esports vs KRÜ Esports,All Maps,G2 Esports,neT,cypher,7,2,1,,,1,,,,61,0,0
Champions Tour 2024: Americas Kickoff,Group Stage,Decider (C),G2 Esports vs KRÜ Esports,All Maps,G2 Esports,leaf,raze,4,4,,,1,,,,,78,1,1
Champions Tour 2024: Americas Kickoff,Group Stage,Decider (C),G2 Esports vs KRÜ Esports,All Maps,G2 Esports,trent,viper,7,1,,,,1,,,,75,1,1
Champions Tour 2024: Americas Kickoff,Group Stage,Decider (C),G2 Esports vs KRÜ Esports,All Maps,KRÜ Esports,Melser,"astra, omen",4,1,,,,,,,,30,2,0
Champions Tour 2024: Americas Kickoff,Group Stage,Decider (C),G2 Esports vs KRÜ Esports,All Maps,KRÜ Esports,keznit,"chamber, jett",9,1,,,,,,,,64,1,0
Champions Tour 2024: Americas Kickoff,Group Stage,Decider (C),G2 Esports vs KRÜ Esports,All Maps,KRÜ Esports,Klaus,"fade, skye",,1,,,,,1,,,40,8,0
Champions Tour 2024: Americas Kickoff,Group Stage,Decider (C),G2 Esports vs KRÜ Esports,All Maps,KRÜ Esports,Shyy,viper,7,2,,,2,1,,,,57,2,0
Champions Tour 2024: Americas Kickoff,Group Stage,Decider (C),G2 Esports vs KRÜ Esports,All Maps,KRÜ Esports,mta,kayo,4,3,,,,,,,,47,1,0
Champions Tour 2024: Americas Kickoff,Group Stage,Decider (C),G2 Esports vs KRÜ Esports,Split,G2 Esports,valyn,omen,2,,,,,,,,,43,4,0
Champions Tour 2024: Americas Kickoff,Group Stage,Decider (C),G2 Esports vs KRÜ Esports,Split,G2 Esports,JonahP,breach,2,,,,,,,,,23,0,0
Champions Tour 2024: Americas Kickoff,Group Stage,Decider (C),G2 Esports vs KRÜ Esports,Split,G2 Esports,neT,cypher,3,1,1,,,1,,,,65,0,0
Champions Tour 2024: Americas Kickoff,Group Stage,Decider (C),G2 Esports vs KRÜ Esports,Split,G2 Esports,leaf,raze,3,3,,,1,,,,,90,0,1
Champions Tour 2024: Americas Kickoff,Group Stage,Decider (C),G2 Esports vs KRÜ Esports,Split,G2 Esports,trent,viper,4,,,,,,,,,71,1,0
Champions Tour 2024: Americas Kickoff,Group Stage,Decider (C),G2 Esports vs KRÜ Esports,Split,KRÜ Esports,Melser,astra,2,,,,,,,,,36,0,0
Champions Tour 2024: Americas Kickoff,Group Stage,Decider (C),G2 Esports vs KRÜ Esports,Split,KRÜ Esports,keznit,jett,3,,,,,,,,,49,1,0
Champions Tour 2024: Americas Kickoff,Group Stage,Decider (C),G2 Esports vs KRÜ Esports,Split,KRÜ Esports,Klaus,skye,,,,,,,,,,36,4,0
Champions Tour 2024: Americas Kickoff,Group Stage,Decider (C),G2 Esports vs KRÜ Esports,Split,KRÜ Esports,Shyy,viper,4,2,,,,1,,,,63,0,0
Champions Tour 2024: Americas Kickoff,Group Stage,Decider (C),G2 Esports vs KRÜ Esports,Split,KRÜ Esports,mta,kayo,2,2,,,,,,,,49,1,0
Champions Tour 2024: Americas Kickoff,Group Stage,Decider (C),G2 Esports vs KRÜ Esports,Sunset,G2 Esports,valyn,omen,2,,,,,,,,,45,2,0
Champions Tour 2024: Americas Kickoff,Group Stage,Decider (C),G2 Esports vs KRÜ Esports,Sunset,G2 Esports,JonahP,sova,3,2,,,,1,,,,56,5,1
Champions Tour 2024: Americas Kickoff,Group Stage,Decider (C),G2 Esports vs KRÜ Esports,Sunset,G2 Esports,neT,cypher,4,1,,,,,,,,57,0,0
Champions Tour 2024: Americas Kickoff,Group Stage,Decider (C),G2 Esports vs KRÜ Esports,Sunset,G2 Esports,leaf,raze,1,1,,,,,,,,66,1,0
Champions Tour 2024: Americas Kickoff,Group Stage,Decider (C),G2 Esports vs KRÜ Esports,Sunset,G2 Esports,trent,viper,3,1,,,,1,,,,79,0,1
Champions Tour 2024: Americas Kickoff,Group Stage,Decider (C),G2 Esports vs KRÜ Esports,Sunset,KRÜ Esports,Melser,omen,2,1,,,,,,,,23,2,0
Champions Tour 2024: Americas Kickoff,Group Stage,Decider (C),G2 Esports vs KRÜ Esports,Sunset,KRÜ Esports,keznit,chamber,6,1,,,,,,,,78,0,0
Champions Tour 2024: Americas Kickoff,Group Stage,Decider (C),G2 Esports vs KRÜ Esports,Sunset,KRÜ Esports,Klaus,fade,,1,,,,,1,,,43,4,0
Champions Tour 2024: Americas Kickoff,Group Stage,Decider (C),G2 Esports vs KRÜ Esports,Sunset,KRÜ Esports,Shyy,viper,3,,,,2,,,,,50,2,0
Champions Tour 2024: Americas Kickoff,Group Stage,Decider (C),G2 Esports vs KRÜ Esports,Sunset,KRÜ Esports,mta,kayo,2,1,,,,,,,,45,0,0
Champions Tour 2024: Americas Kickoff,Play-Ins,Play-ins,MIBR vs Sentinels,All Maps,MIBR,frz,"cypher, viper",7,1,,,,1,,,,52,2,0
Champions Tour 2024: Americas Kickoff,Play-Ins,Play-ins,MIBR vs Sentinels,All Maps,MIBR,RgLMeister,"astra, omen",1,2,,,,,,,,38,3,0
Champions Tour 2024: Americas Kickoff,Play-Ins,Play-ins,MIBR vs Sentinels,All Maps,MIBR,artzin,jett,9,2,,,1,,,,,63,0,2
Champions Tour 2024: Americas Kickoff,Play-Ins,Play-ins,MIBR vs Sentinels,All Maps,MIBR,mazin,"skye, viper",6,,,,,,,,,40,5,0
Champions Tour 2024: Americas Kickoff,Play-Ins,Play-ins,MIBR vs Sentinels,All Maps,MIBR,jzz,"raze, skye",4,1,,,,,,,,37,4,1
Champions Tour 2024: Americas Kickoff,Play-Ins,Play-ins,MIBR vs Sentinels,All Maps,Sentinels,TenZ,omen,5,4,,,,,,,,57,1,0
Champions Tour 2024: Americas Kickoff,Play-Ins,Play-ins,MIBR vs Sentinels,All Maps,Sentinels,Sacy,"skye, sova",4,1,,,1,,,,,59,3,3
Champions Tour 2024: Americas Kickoff,Play-Ins,Play-ins,MIBR vs Sentinels,All Maps,Sentinels,Zellsis,"kayo, viper",4,2,,,,1,,,,50,4,2
Champions Tour 2024: Americas Kickoff,Play-Ins,Play-ins,MIBR vs Sentinels,All Maps,Sentinels,johnqt,"cypher, killjoy",5,2,,,1,1,,,,50,3,0
Champions Tour 2024: Americas Kickoff,Play-Ins,Play-ins,MIBR vs Sentinels,All Maps,Sentinels,zekken,"jett, raze",8,5,,,,,,,,85,0,2
Champions Tour 2024: Americas Kickoff,Play-Ins,Play-ins,MIBR vs Sentinels,Split,MIBR,frz,viper,5,1,,,,,,,,60,1,0
Champions Tour 2024: Americas Kickoff,Play-Ins,Play-ins,MIBR vs Sentinels,Split,MIBR,RgLMeister,astra,1,1,,,,,,,,45,2,0
Champions Tour 2024: Americas Kickoff,Play-Ins,Play-ins,MIBR vs Sentinels,Split,MIBR,artzin,jett,4,1,,,1,,,,,51,0,2
Champions Tour 2024: Americas Kickoff,Play-Ins,Play-ins,MIBR vs Sentinels,Split,MIBR,mazin,skye,3,,,,,,,,,36,3,0
Champions Tour 2024: Americas Kickoff,Play-Ins,Play-ins,MIBR vs Sentinels,Split,MIBR,jzz,raze,1,1,,,,,,,,45,0,1
Champions Tour 2024: Americas Kickoff,Play-Ins,Play-ins,MIBR vs Sentinels,Split,Sentinels,TenZ,omen,2,2,,,,,,,,57,1,0
Champions Tour 2024: Americas Kickoff,Play-Ins,Play-ins,MIBR vs Sentinels,Split,Sentinels,Sacy,skye,2,,,,1,,,,,36,1,2
Champions Tour 2024: Americas Kickoff,Play-Ins,Play-ins,MIBR vs Sentinels,Split,Sentinels,Zellsis,viper,3,,,,,,,,,55,1,0
Champions Tour 2024: Americas Kickoff,Play-Ins,Play-ins,MIBR vs Sentinels,Split,Sentinels,johnqt,cypher,4,1,,,,1,,,,59,2,0
Champions Tour 2024: Americas Kickoff,Play-Ins,Play-ins,MIBR vs Sentinels,Split,Sentinels,zekken,raze,3,3,,,,,,,,80,0,2
Champions Tour 2024: Americas Kickoff,Play-Ins,Play-ins,MIBR vs Sentinels,Ascent,MIBR,frz,cypher,2,,,,,1,,,,44,1,0
Champions Tour 2024: Americas Kickoff,Play-Ins,Play-ins,MIBR vs Sentinels,Ascent,MIBR,RgLMeister,omen,,1,,,,,,,,31,1,0
Champions Tour 2024: Americas Kickoff,Play-Ins,Play-ins,MIBR vs Sentinels,Ascent,MIBR,artzin,jett,5,1,,,,,,,,75,0,0
Champions Tour 2024: Americas Kickoff,Play-Ins,Play-ins,MIBR vs Sentinels,Ascent,MIBR,mazin,viper,3,,,,,,,,,44,2,0
Champions Tour 2024: Americas Kickoff,Play-Ins,Play-ins,MIBR vs Sentinels,Ascent,MIBR,jzz,skye,3,,,,,,,,,29,4,0
Champions Tour 2024: Americas Kickoff,Play-Ins,Play-ins,MIBR vs Sentinels,Ascent,Sentinels,TenZ,omen,3,2,,,,,,,,57,0,0
Champions Tour 2024: Americas Kickoff,Play-Ins,Play-ins,MIBR vs Sentinels,Ascent,Sentinels,Sacy,sova,2,1,,,,,,,,81,2,1
Champions Tour 2024: Americas Kickoff,Play-Ins,Play-ins,MIBR vs Sentinels,Ascent,Sentinels,Zellsis,kayo,1,2,,,,1,,,,45,3,2
Champions Tour 2024: Americas Kickoff,Play-Ins,Play-ins,MIBR vs Sentinels,Ascent,Sentinels,johnqt,killjoy,1,1,,,1,,,,,40,1,0
Champions Tour 2024: Americas Kickoff,Play-Ins,Play-ins,MIBR vs Sentinels,Ascent,Sentinels,zekken,jett,5,2,,,,,,,,89,0,0
Champions Tour 2024: Americas Kickoff,Play-Ins,Play-ins,G2 Esports vs MIBR,All Maps,G2 Esports,valyn,"harbor, omen",3,5,,,,3,,,,34,7,2
Champions Tour 2024: Americas Kickoff,Play-Ins,Play-ins,G2 Esports vs MIBR,All Maps,G2 Esports,JonahP,"breach, sova",7,2,,,,,,,,44,4,3
Champions Tour 2024: Americas Kickoff,Play-Ins,Play-ins,G2 Esports vs MIBR,All Maps,G2 Esports,neT,cypher,14,1,,,,,,,,52,3,2
Champions Tour 2024: Americas Kickoff,Play-Ins,Play-ins,G2 Esports vs MIBR,All Maps,G2 Esports,leaf,"raze, yoru",9,4,1,,,,,,,53,4,4
Champions Tour 2024: Americas Kickoff,Play-Ins,Play-ins,G2 Esports vs MIBR,All Maps,G2 Esports,trent,viper,6,2,1,,2,,,,,58,7,3
Champions Tour 2024: Americas Kickoff,Play-Ins,Play-ins,G2 Esports vs MIBR,All Maps,MIBR,frz,"cypher, viper",9,4,,,1,1,,,,52,3,3
Champions Tour 2024: Americas Kickoff,Play-Ins,Play-ins,G2 Esports vs MIBR,All Maps,MIBR,RgLMeister,"astra, omen, viper",9,3,,,,1,,,,53,14,1
Champions Tour 2024: Americas Kickoff,Play-Ins,Play-ins,G2 Esports vs MIBR,All Maps,MIBR,artzin,"jett, raze",9,1,2,,1,,,,,54,1,2
Champions Tour 2024: Americas Kickoff,Play-Ins,Play-ins,G2 Esports vs MIBR,All Maps,MIBR,mazin,"kayo, skye, viper",9,,,,2,,,,,40,9,2
Champions Tour 2024: Americas Kickoff,Play-Ins,Play-ins,G2 Esports vs MIBR,All Maps,MIBR,jzz,"raze, skye, sova",11,6,2,,,,1,,,70,7,1
Champions Tour 2024: Americas Kickoff,Play-Ins,Play-ins,G2 Esports vs MIBR,Sunset,G2 Esports,valyn,omen,,2,,,,1,,,,41,2,0
Champions Tour 2024: Americas Kickoff,Play-Ins,Play-ins,G2 Esports vs MIBR,Sunset,G2 Esports,JonahP,sova,1,1,,,,,,,,52,0,0
Champions Tour 2024: Americas Kickoff,Play-Ins,Play-ins,G2 Esports vs MIBR,Sunset,G2 Esports,neT,cypher,5,,,,,,,,,49,2,0
Champions Tour 2024: Americas Kickoff,Play-Ins,Play-ins,G2 Esports vs MIBR,Sunset,G2 Esports,leaf,raze,1,3,,,,,,,,53,1,3
Champions Tour 2024: Americas Kickoff,Play-Ins,Play-ins,G2 Esports vs MIBR,Sunset,G2 Esports,trent,viper,2,1,,,1,,,,,75,2,2
Champions Tour 2024: Americas Kickoff,Play-Ins,Play-ins,G2 Esports vs MIBR,Sunset,MIBR,frz,cypher,5,,,,,,,,,72,1,2
Champions Tour 2024: Americas Kickoff,Play-Ins,Play-ins,G2 Esports vs MIBR,Sunset,MIBR,RgLMeister,omen,1,,,,,,,,,35,5,0
Champions Tour 2024: Americas Kickoff,Play-Ins,Play-ins,G2 Esports vs MIBR,Sunset,MIBR,artzin,raze,3,,,,,,,,,52,1,0
Champions Tour 2024: Americas Kickoff,Play-Ins,Play-ins,G2 Esports vs MIBR,Sunset,MIBR,mazin,viper,4,,,,,,,,,51,1,1
Champions Tour 2024: Americas Kickoff,Play-Ins,Play-ins,G2 Esports vs MIBR,Sunset,MIBR,jzz,skye,4,3,,,,,1,,,70,3,1
Champions Tour 2024: Americas Kickoff,Play-Ins,Play-ins,G2 Esports vs MIBR,Split,G2 Esports,valyn,omen,3,2,,,,,,,,32,4,0
Champions Tour 2024: Americas Kickoff,Play-Ins,Play-ins,G2 Esports vs MIBR,Split,G2 Esports,JonahP,breach,3,,,,,,,,,33,2,2
Champions Tour 2024: Americas Kickoff,Play-Ins,Play-ins,G2 Esports vs MIBR,Split,G2 Esports,neT,cypher,1,1,,,,,,,,38,1,1
Champions Tour 2024: Americas Kickoff,Play-Ins,Play-ins,G2 Esports vs MIBR,Split,G2 Esports,leaf,raze,7,1,,,,,,,,63,2,1
Champions Tour 2024: Americas Kickoff,Play-Ins,Play-ins,G2 Esports vs MIBR,Split,G2 Esports,trent,viper,3,1,,,1,,,,,60,2,1
Champions Tour 2024: Americas Kickoff,Play-Ins,Play-ins,G2 Esports vs MIBR,Split,MIBR,frz,viper,3,2,,,1,,,,,47,2,1
Champions Tour 2024: Americas Kickoff,Play-Ins,Play-ins,G2 Esports vs MIBR,Split,MIBR,RgLMeister,astra,6,1,,,,1,,,,51,4,0
Champions Tour 2024: Americas Kickoff,Play-Ins,Play-ins,G2 Esports vs MIBR,Split,MIBR,artzin,jett,2,,,,1,,,,,35,0,1
Champions Tour 2024: Americas Kickoff,Play-Ins,Play-ins,G2 Esports vs MIBR,Split,MIBR,mazin,skye,3,,,,1,,,,,30,6,0
Champions Tour 2024: Americas Kickoff,Play-Ins,Play-ins,G2 Esports vs MIBR,Split,MIBR,jzz,raze,6,1,1,,,,,,,68,1,0
Champions Tour 2024: Americas Kickoff,Play-Ins,Play-ins,G2 Esports vs MIBR,Breeze,G2 Esports,valyn,harbor,,1,,,,2,,,,28,1,2
Champions Tour 2024: Americas Kickoff,Play-Ins,Play-ins,G2 Esports vs MIBR,Breeze,G2 Esports,JonahP,sova,3,1,,,,,,,,47,2,1
Champions Tour 2024: Americas Kickoff,Play-Ins,Play-ins,G2 Esports vs MIBR,Breeze,G2 Esports,neT,cypher,8,,,,,,,,,68,0,1
Champions Tour 2024: Americas Kickoff,Play-Ins,Play-ins,G2 Esports vs MIBR,Breeze,G2 Esports,leaf,yoru,1,,1,,,,,,,44,1,0
Champions Tour 2024: Americas Kickoff,Play-Ins,Play-ins,G2 Esports vs MIBR,Breeze,G2 Esports,trent,viper,1,,1,,,,,,,39,3,0
Champions Tour 2024: Americas Kickoff,Play-Ins,Play-ins,G2 Esports vs MIBR,Breeze,MIBR,frz,cypher,1,2,,,,1,,,,36,0,0
Champions Tour 2024: Americas Kickoff,Play-Ins,Play-ins,G2 Esports vs MIBR,Breeze,MIBR,RgLMeister,viper,2,2,,,,,,,,72,5,1
Champions Tour 2024: Americas Kickoff,Play-Ins,Play-ins,G2 Esports vs MIBR,Breeze,MIBR,artzin,jett,4,1,2,,,,,,,76,0,1
Champions Tour 2024: Americas Kickoff,Play-Ins,Play-ins,G2 Esports vs MIBR,Breeze,MIBR,mazin,kayo,2,,,,1,,,,,40,2,1
Champions Tour 2024: Americas Kickoff,Play-Ins,Play-ins,G2 Esports vs MIBR,Breeze,MIBR,jzz,sova,1,2,1,,,,,,,73,3,0
Champions Tour 2024: Americas Kickoff,Play-Ins,Play-ins,Sentinels vs G2 Esports,All Maps,Sentinels,TenZ,"kayo, omen",8,3,,,,,1,,,48,1,1
Champions Tour 2024: Americas Kickoff,Play-Ins,Play-ins,Sentinels vs G2 Esports,All Maps,Sentinels,Sacy,"gekko, skye, sova",8,2,,,,,,,,57,17,3
Champions Tour 2024: Americas Kickoff,Play-Ins,Play-ins,Sentinels vs G2 Esports,All Maps,Sentinels,Zellsis,"kayo, viper",10,2,2,,1,,2,,,65,1,5
Champions Tour 2024: Americas Kickoff,Play-Ins,Play-ins,Sentinels vs G2 Esports,All Maps,Sentinels,johnqt,cypher,5,2,,,,,,,,51,3,1
Champions Tour 2024: Americas Kickoff,Play-Ins,Play-ins,Sentinels vs G2 Esports,All Maps,Sentinels,zekken,"jett, raze",11,3,,,,1,,,,60,0,4
Champions Tour 2024: Americas Kickoff,Play-Ins,Play-ins,Sentinels vs G2 Esports,All Maps,G2 Esports,valyn,"harbor, omen",7,1,,,1,,,,,44,13,1
Champions Tour 2024: Americas Kickoff,Play-Ins,Play-ins,Sentinels vs G2 Esports,All Maps,G2 Esports,JonahP,"breach, sova",5,1,1,,,,,,,40,5,2
Champions Tour 2024: Americas Kickoff,Play-Ins,Play-ins,Sentinels vs G2 Esports,All Maps,G2 Esports,neT,cypher,10,6,1,,1,1,,,,60,2,2
Champions Tour 2024: Americas Kickoff,Play-Ins,Play-ins,Sentinels vs G2 Esports,All Maps,G2 Esports,leaf,"raze, yoru",13,4,1,,,1,,,,50,0,1
Champions Tour 2024: Americas Kickoff,Play-Ins,Play-ins,Sentinels vs G2 Esports,All Maps,G2 Esports,trent,viper,3,2,1,,3,,1,,,55,6,4
Champions Tour 2024: Americas Kickoff,Play-Ins,Play-ins,Sentinels vs G2 Esports,Sunset,Sentinels,TenZ,omen,6,,,,,,,,,46,0,0
Champions Tour 2024: Americas Kickoff,Play-Ins,Play-ins,Sentinels vs G2 Esports,Sunset,Sentinels,Sacy,gekko,4,,,,,,,,,76,7,2
Champions Tour 2024: Americas Kickoff,Play-Ins,Play-ins,Sentinels vs G2 Esports,Sunset,Sentinels,Zellsis,kayo,3,,1,,,,1,,,82,1,3
Champions Tour 2024: Americas Kickoff,Play-Ins,Play-ins,Sentinels vs G2 Esports,Sunset,Sentinels,johnqt,cypher,1,,,,,,,,,42,1,0
Champions Tour 2024: Americas Kickoff,Play-Ins,Play-ins,Sentinels vs G2 Esports,Sunset,Sentinels,zekken,raze,2,2,,,,1,,,,62,0,2
Champions Tour 2024: Americas Kickoff,Play-Ins,Play-ins,Sentinels vs G2 Esports,Sunset,G2 Esports,valyn,omen,1,,,,,,,,,37,5,0
Champions Tour 2024: Americas Kickoff,Play-Ins,Play-ins,Sentinels vs G2 Esports,Sunset,G2 Esports,JonahP,sova,,1,1,,,,,,,51,0,1
Champions Tour 2024: Americas Kickoff,Play-Ins,Play-ins,Sentinels vs G2 Esports,Sunset,G2 Esports,neT,cypher,1,2,,,1,,,,,39,1,0
Champions Tour 2024: Americas Kickoff,Play-Ins,Play-ins,Sentinels vs G2 Esports,Sunset,G2 Esports,leaf,raze,5,2,,,,1,,,,54,0,1
Champions Tour 2024: Americas Kickoff,Play-Ins,Play-ins,Sentinels vs G2 Esports,Sunset,G2 Esports,trent,viper,1,1,,,1,,,,,46,1,3
Champions Tour 2024: Americas Kickoff,Play-Ins,Play-ins,Sentinels vs G2 Esports,Breeze,Sentinels,TenZ,kayo,1,3,,,,,1,,,53,1,1
Champions Tour 2024: Americas Kickoff,Play-Ins,Play-ins,Sentinels vs G2 Esports,Breeze,Sentinels,Sacy,sova,2,,,,,,,,,34,6,0
Champions Tour 2024: Americas Kickoff,Play-Ins,Play-ins,Sentinels vs G2 Esports,Breeze,Sentinels,Zellsis,viper,2,1,1,,1,,1,,,51,0,1
Champions Tour 2024: Americas Kickoff,Play-Ins,Play-ins,Sentinels vs G2 Esports,Breeze,Sentinels,johnqt,cypher,1,2,,,,,,,,55,2,1
Champions Tour 2024: Americas Kickoff,Play-Ins,Play-ins,Sentinels vs G2 Esports,Breeze,Sentinels,zekken,jett,4,1,,,,,,,,51,0,0
Champions Tour 2024: Americas Kickoff,Play-Ins,Play-ins,Sentinels vs G2 Esports,Breeze,G2 Esports,valyn,harbor,2,,,,,,,,,47,5,0
Champions Tour 2024: Americas Kickoff,Play-Ins,Play-ins,Sentinels vs G2 Esports,Breeze,G2 Esports,JonahP,sova,3,,,,,,,,,44,1,1
Champions Tour 2024: Americas Kickoff,Play-Ins,Play-ins,Sentinels vs G2 Esports,Breeze,G2 Esports,neT,cypher,4,4,,,,1,,,,85,0,2
Champions Tour 2024: Americas Kickoff,Play-Ins,Play-ins,Sentinels vs G2 Esports,Breeze,G2 Esports,leaf,yoru,6,1,,,,,,,,58,0,0
Champions Tour 2024: Americas Kickoff,Play-Ins,Play-ins,Sentinels vs G2 Esports,Breeze,G2 Esports,trent,viper,2,1,1,,1,,1,,,75,4,0
Champions Tour 2024: Americas Kickoff,Play-Ins,Play-ins,Sentinels vs G2 Esports,Split,Sentinels,TenZ,omen,1,,,,,,,,,44,0,0
Champions Tour 2024: Americas Kickoff,Play-Ins,Play-ins,Sentinels vs G2 Esports,Split,Sentinels,Sacy,skye,2,2,,,,,,,,61,4,1
Champions Tour 2024: Americas Kickoff,Play-Ins,Play-ins,Sentinels vs G2 Esports,Split,Sentinels,Zellsis,viper,5,1,,,,,,,,63,0,1
Champions Tour 2024: Americas Kickoff,Play-Ins,Play-ins,Sentinels vs G2 Esports,Split,Sentinels,johnqt,cypher,3,,,,,,,,,56,0,0
Champions Tour 2024: Americas Kickoff,Play-Ins,Play-ins,Sentinels vs G2 Esports,Split,Sentinels,zekken,raze,5,,,,,,,,,68,0,2
Champions Tour 2024: Americas Kickoff,Play-Ins,Play-ins,Sentinels vs G2 Esports,Split,G2 Esports,valyn,omen,4,1,,,1,,,,,47,3,1
Champions Tour 2024: Americas Kickoff,Play-Ins,Play-ins,Sentinels vs G2 Esports,Split,G2 Esports,JonahP,breach,2,,,,,,,,,24,4,0
Champions Tour 2024: Americas Kickoff,Play-Ins,Play-ins,Sentinels vs G2 Esports,Split,G2 Esports,neT,cypher,5,,1,,,,,,,57,1,0
Champions Tour 2024: Americas Kickoff,Play-Ins,Play-ins,Sentinels vs G2 Esports,Split,G2 Esports,leaf,raze,2,1,1,,,,,,,39,0,0
Champions Tour 2024: Americas Kickoff,Play-Ins,Play-ins,Sentinels vs G2 Esports,Split,G2 Esports,trent,viper,,,,,1,,,,,44,1,1
Champions Tour 2024: Americas Kickoff,Playoffs,Semifinals,Evil Geniuses vs LOUD,All Maps,Evil Geniuses,supamen,"omen, viper",5,2,,,2,,,,,49,3,1
Champions Tour 2024: Americas Kickoff,Playoffs,Semifinals,Evil Geniuses vs LOUD,All Maps,Evil Geniuses,Derrek,"fade, gekko, sova",9,1,1,,1,,1,,,59,11,0
Champions Tour 2024: Americas Kickoff,Playoffs,Semifinals,Evil Geniuses vs LOUD,All Maps,Evil Geniuses,jawgemo,"deadlock, jett, raze",8,3,1,,,,,,,57,2,0
Champions Tour 2024: Americas Kickoff,Playoffs,Semifinals,Evil Geniuses vs LOUD,All Maps,Evil Geniuses,NaturE,"breach, kayo",3,,,,,,,,,35,6,0
Champions Tour 2024: Americas Kickoff,Playoffs,Semifinals,Evil Geniuses vs LOUD,All Maps,Evil Geniuses,Apoth,"cypher, killjoy",5,5,1,,1,,,,,62,0,1
Champions Tour 2024: Americas Kickoff,Playoffs,Semifinals,Evil Geniuses vs LOUD,All Maps,LOUD,saadhak,"kayo, killjoy, sova",4,3,,,,,,,,52,4,4
Champions Tour 2024: Americas Kickoff,Playoffs,Semifinals,Evil Geniuses vs LOUD,All Maps,LOUD,Quick,"jett, phoenix",3,2,,,,,,,,43,1,3
Champions Tour 2024: Americas Kickoff,Playoffs,Semifinals,Evil Geniuses vs LOUD,All Maps,LOUD,tuyz,"harbor, omen",11,2,,,1,2,,,,65,7,1
Champions Tour 2024: Americas Kickoff,Playoffs,Semifinals,Evil Geniuses vs LOUD,All Maps,LOUD,cauanzin,"breach, sova",5,2,2,,,,,,,47,3,1
Champions Tour 2024: Americas Kickoff,Playoffs,Semifinals,Evil Geniuses vs LOUD,All Maps,LOUD,Less,viper,9,1,1,,,1,,,,62,3,2
Champions Tour 2024: Americas Kickoff,Playoffs,Semifinals,Evil Geniuses vs LOUD,Ascent,Evil Geniuses,supamen,omen,3,2,,,1,,,,,81,3,0
Champions Tour 2024: Americas Kickoff,Playoffs,Semifinals,Evil Geniuses vs LOUD,Ascent,Evil Geniuses,Derrek,sova,3,,,,1,,,,,59,1,0
Champions Tour 2024: Americas Kickoff,Playoffs,Semifinals,Evil Geniuses vs LOUD,Ascent,Evil Geniuses,jawgemo,jett,4,1,1,,,,,,,88,0,0
Champions Tour 2024: Americas Kickoff,Playoffs,Semifinals,Evil Geniuses vs LOUD,Ascent,Evil Geniuses,NaturE,kayo,1,,,,,,,,,38,1,0
Champions Tour 2024: Americas Kickoff,Playoffs,Semifinals,Evil Geniuses vs LOUD,Ascent,Evil Geniuses,Apoth,cypher,3,1,,,1,,,,,57,0,1
Champions Tour 2024: Americas Kickoff,Playoffs,Semifinals,Evil Geniuses vs LOUD,Ascent,LOUD,saadhak,kayo,,1,,,,,,,,48,0,0
Champions Tour 2024: Americas Kickoff,Playoffs,Semifinals,Evil Geniuses vs LOUD,Ascent,LOUD,Quick,phoenix,1,,,,,,,,,26,0,0
Champions Tour 2024: Americas Kickoff,Playoffs,Semifinals,Evil Geniuses vs LOUD,Ascent,LOUD,tuyz,omen,4,1,,,1,1,,,,64,2,1
Champions Tour 2024: Americas Kickoff,Playoffs,Semifinals,Evil Geniuses vs LOUD,Ascent,LOUD,cauanzin,breach,1,1,,,,,,,,43,2,0
Champions Tour 2024: Americas Kickoff,Playoffs,Semifinals,Evil Geniuses vs LOUD,Ascent,LOUD,Less,viper,2,,,,,,,,,47,0,0
Champions Tour 2024: Americas Kickoff,Playoffs,Semifinals,Evil Geniuses vs LOUD,Icebox,Evil Geniuses,supamen,viper,2,,,,1,,,,,44,0,1
Champions Tour 2024: Americas Kickoff,Playoffs,Semifinals,Evil Geniuses vs LOUD,Icebox,Evil Geniuses,Derrek,gekko,2,,,,,,,,,40,6,0
Champions Tour 2024: Americas Kickoff,Playoffs,Semifinals,Evil Geniuses vs LOUD,Icebox,Evil Geniuses,jawgemo,deadlock,4,1,,,,,,,,51,0,0
Champions Tour 2024: Americas Kickoff,Playoffs,Semifinals,Evil Geniuses vs LOUD,Icebox,Evil Geniuses,NaturE,kayo,,,,,,,,,,31,2,0
Champions Tour 2024: Americas Kickoff,Playoffs,Semifinals,Evil Geniuses vs LOUD,Icebox,Evil Geniuses,Apoth,killjoy,2,3,,,,,,,,66,0,0
Champions Tour 2024: Americas Kickoff,Playoffs,Semifinals,Evil Geniuses vs LOUD,Icebox,LOUD,saadhak,killjoy,1,1,,,,,,,,45,3,2
Champions Tour 2024: Americas Kickoff,Playoffs,Semifinals,Evil Geniuses vs LOUD,Icebox,LOUD,Quick,jett,1,,,,,,,,,46,0,1
Champions Tour 2024: Americas Kickoff,Playoffs,Semifinals,Evil Geniuses vs LOUD,Icebox,LOUD,tuyz,harbor,4,1,,,,1,,,,65,5,0
Champions Tour 2024: Americas Kickoff,Playoffs,Semifinals,Evil Geniuses vs LOUD,Icebox,LOUD,cauanzin,sova,4,,1,,,,,,,54,0,1
Champions Tour 2024: Americas Kickoff,Playoffs,Semifinals,Evil Geniuses vs LOUD,Icebox,LOUD,Less,viper,4,,,,,1,,,,66,1,1
Champions Tour 2024: Americas Kickoff,Playoffs,Semifinals,Evil Geniuses vs LOUD,Sunset,Evil Geniuses,supamen,omen,,,,,,,,,,23,0,0
Champions Tour 2024: Americas Kickoff,Playoffs,Semifinals,Evil Geniuses vs LOUD,Sunset,Evil Geniuses,Derrek,fade,4,1,1,,,,1,,,79,4,0
Champions Tour 2024: Americas Kickoff,Playoffs,Semifinals,Evil Geniuses vs LOUD,Sunset,Evil Geniuses,jawgemo,raze,,1,,,,,,,,31,2,0
Champions Tour 2024: Americas Kickoff,Playoffs,Semifinals,Evil Geniuses vs LOUD,Sunset,Evil Geniuses,NaturE,breach,2,,,,,,,,,36,3,0
Champions Tour 2024: Americas Kickoff,Playoffs,Semifinals,Evil Geniuses vs LOUD,Sunset,Evil Geniuses,Apoth,cypher,,1,1,,,,,,,63,0,0
Champions Tour 2024: Americas Kickoff,Playoffs,Semifinals,Evil Geniuses vs LOUD,Sunset,LOUD,saadhak,sova,3,1,,,,,,,,62,1,2
Champions Tour 2024: Americas Kickoff,Playoffs,Semifinals,Evil Geniuses vs LOUD,Sunset,LOUD,Quick,phoenix,1,2,,,,,,,,58,1,2
Champions Tour 2024: Americas Kickoff,Playoffs,Semifinals,Evil Geniuses vs LOUD,Sunset,LOUD,tuyz,omen,3,,,,,,,,,65,0,0
Champions Tour 2024: Americas Kickoff,Playoffs,Semifinals,Evil Geniuses vs LOUD,Sunset,LOUD,cauanzin,breach,,1,1,,,,,,,45,1,0
Champions Tour 2024: Americas Kickoff,Playoffs,Semifinals,Evil Geniuses vs LOUD,Sunset,LOUD,Less,viper,3,1,1,,,,,,,72,2,1
Champions Tour 2024: Americas Kickoff,Playoffs,Semifinals,NRG Esports vs Sentinels,All Maps,NRG Esports,crashies,"breach, sova, viper",7,3,,,,1,,,,39,6,3
Champions Tour 2024: Americas Kickoff,Playoffs,Semifinals,NRG Esports vs Sentinels,All Maps,NRG Esports,Victor,"cypher, killjoy, raze",8,3,,,,1,,,,47,2,1
Champions Tour 2024: Americas Kickoff,Playoffs,Semifinals,NRG Esports vs Sentinels,All Maps,NRG Esports,Marved,"omen, viper",12,,,1,,,,,,47,1,1
Champions Tour 2024: Americas Kickoff,Playoffs,Semifinals,NRG Esports vs Sentinels,All Maps,NRG Esports,Ethan,"kayo, skye",9,2,1,,,1,,,,49,14,3
Champions Tour 2024: Americas Kickoff,Playoffs,Semifinals,NRG Esports vs Sentinels,All Maps,NRG Esports,Demon1,"jett, omen",12,1,,,,,,,,47,3,0
Champions Tour 2024: Americas Kickoff,Playoffs,Semifinals,NRG Esports vs Sentinels,All Maps,Sentinels,TenZ,omen,11,1,1,,,,,,,56,3,0
Champions Tour 2024: Americas Kickoff,Playoffs,Semifinals,NRG Esports vs Sentinels,All Maps,Sentinels,Sacy,"gekko, skye, sova",4,4,,,1,1,,,,53,12,2
Champions Tour 2024: Americas Kickoff,Playoffs,Semifinals,NRG Esports vs Sentinels,All Maps,Sentinels,Zellsis,"kayo, viper",10,2,,,,,,,,54,4,2
Champions Tour 2024: Americas Kickoff,Playoffs,Semifinals,NRG Esports vs Sentinels,All Maps,Sentinels,johnqt,cypher,11,1,1,,2,,,,,49,1,3
Champions Tour 2024: Americas Kickoff,Playoffs,Semifinals,NRG Esports vs Sentinels,All Maps,Sentinels,zekken,"jett, raze",10,2,1,,,,,,,55,0,5
Champions Tour 2024: Americas Kickoff,Playoffs,Semifinals,NRG Esports vs Sentinels,Sunset,NRG Esports,crashies,viper,4,2,,,,1,,,,38,0,2
Champions Tour 2024: Americas Kickoff,Playoffs,Semifinals,NRG Esports vs Sentinels,Sunset,NRG Esports,Victor,cypher,2,2,,,,,,,,33,1,0
Champions Tour 2024: Americas Kickoff,Playoffs,Semifinals,NRG Esports vs Sentinels,Sunset,NRG Esports,Marved,omen,7,,,,,,,,,43,1,1
Champions Tour 2024: Americas Kickoff,Playoffs,Semifinals,NRG Esports vs Sentinels,Sunset,NRG Esports,Ethan,skye,2,,,,,1,,,,27,7,1
Champions Tour 2024: Americas Kickoff,Playoffs,Semifinals,NRG Esports vs Sentinels,Sunset,NRG Esports,Demon1,jett,5,,,,,,,,,45,0,0
Champions Tour 2024: Americas Kickoff,Playoffs,Semifinals,NRG Esports vs Sentinels,Sunset,Sentinels,TenZ,omen,7,,1,,,,,,,64,0,0
Champions Tour 2024: Americas Kickoff,Playoffs,Semifinals,NRG Esports vs Sentinels,Sunset,Sentinels,Sacy,gekko,2,1,,,,,,,,44,9,0
Champions Tour 2024: Americas Kickoff,Playoffs,Semifinals,NRG Esports vs Sentinels,Sunset,Sentinels,Zellsis,kayo,2,,,,,,,,,39,1,1
Champions Tour 2024: Americas Kickoff,Playoffs,Semifinals,NRG Esports vs Sentinels,Sunset,Sentinels,johnqt,cypher,6,,,,,,,,,39,0,0
Champions Tour 2024: Americas Kickoff,Playoffs,Semifinals,NRG Esports vs Sentinels,Sunset,Sentinels,zekken,raze,6,2,1,,,,,,,62,0,3
Champions Tour 2024: Americas Kickoff,Playoffs,Semifinals,NRG Esports vs Sentinels,Ascent,NRG Esports,crashies,sova,3,,,,,,,,,45,2,1
Champions Tour 2024: Americas Kickoff,Playoffs,Semifinals,NRG Esports vs Sentinels,Ascent,NRG Esports,Victor,killjoy,4,,,,,1,,,,58,0,0
Champions Tour 2024: Americas Kickoff,Playoffs,Semifinals,NRG Esports vs Sentinels,Ascent,NRG Esports,Marved,omen,2,,,,,,,,,29,0,0
Champions Tour 2024: Americas Kickoff,Playoffs,Semifinals,NRG Esports vs Sentinels,Ascent,NRG Esports,Ethan,kayo,5,2,1,,,,,,,75,6,2
Champions Tour 2024: Americas Kickoff,Playoffs,Semifinals,NRG Esports vs Sentinels,Ascent,NRG Esports,Demon1,jett,4,1,,,,,,,,54,1,0
Champions Tour 2024: Americas Kickoff,Playoffs,Semifinals,NRG Esports vs Sentinels,Ascent,Sentinels,TenZ,omen,2,,,,,,,,,59,2,0
Champions Tour 2024: Americas Kickoff,Playoffs,Semifinals,NRG Esports vs Sentinels,Ascent,Sentinels,Sacy,sova,1,1,,,1,,,,,54,2,1
Champions Tour 2024: Americas Kickoff,Playoffs,Semifinals,NRG Esports vs Sentinels,Ascent,Sentinels,Zellsis,kayo,5,1,,,,,,,,53,3,0
Champions Tour 2024: Americas Kickoff,Playoffs,Semifinals,NRG Esports vs Sentinels,Ascent,Sentinels,johnqt,cypher,1,,,,,,,,,26,0,0
Champions Tour 2024: Americas Kickoff,Playoffs,Semifinals,NRG Esports vs Sentinels,Ascent,Sentinels,zekken,jett,2,,,,,,,,,57,0,0
Champions Tour 2024: Americas Kickoff,Playoffs,Semifinals,NRG Esports vs Sentinels,Split,NRG Esports,crashies,breach,,1,,,,,,,,33,4,0
Champions Tour 2024: Americas Kickoff,Playoffs,Semifinals,NRG Esports vs Sentinels,Split,NRG Esports,Victor,raze,2,1,,,,,,,,51,1,1
Champions Tour 2024: Americas Kickoff,Playoffs,Semifinals,NRG Esports vs Sentinels,Split,NRG Esports,Marved,viper,3,,,1,,,,,,68,0,0
Champions Tour 2024: Americas Kickoff,Playoffs,Semifinals,NRG Esports vs Sentinels,Split,NRG Esports,Ethan,skye,2,,,,,,,,,44,1,0
Champions Tour 2024: Americas Kickoff,Playoffs,Semifinals,NRG Esports vs Sentinels,Split,NRG Esports,Demon1,omen,3,,,,,,,,,42,2,0
Champions Tour 2024: Americas Kickoff,Playoffs,Semifinals,NRG Esports vs Sentinels,Split,Sentinels,TenZ,omen,2,1,,,,,,,,46,1,0
Champions Tour 2024: Americas Kickoff,Playoffs,Semifinals,NRG Esports vs Sentinels,Split,Sentinels,Sacy,skye,1,2,,,,1,,,,60,1,1
Champions Tour 2024: Americas Kickoff,Playoffs,Semifinals,NRG Esports vs Sentinels,Split,Sentinels,Zellsis,viper,3,1,,,,,,,,71,0,1
Champions Tour 2024: Americas Kickoff,Playoffs,Semifinals,NRG Esports vs Sentinels,Split,Sentinels,johnqt,cypher,4,1,1,,2,,,,,81,1,3
Champions Tour 2024: Americas Kickoff,Playoffs,Semifinals,NRG Esports vs Sentinels,Split,Sentinels,zekken,raze,2,,,,,,,,,47,0,2
Champions Tour 2024: Americas Kickoff,Playoffs,Grand Final,LOUD vs Sentinels,All Maps,LOUD,saadhak,"kayo, killjoy, skye, sova",8,2,,,1,,,,,47,12,2
Champions Tour 2024: Americas Kickoff,Playoffs,Grand Final,LOUD vs Sentinels,All Maps,LOUD,Quick,"jett, phoenix, raze",13,5,1,,,1,,,,54,2,1
Champions Tour 2024: Americas Kickoff,Playoffs,Grand Final,LOUD vs Sentinels,All Maps,LOUD,tuyz,"brimstone, harbor, omen",15,3,,,3,2,,1,,53,6,4
Champions Tour 2024: Americas Kickoff,Playoffs,Grand Final,LOUD vs Sentinels,All Maps,LOUD,cauanzin,"breach, sova",14,2,,,,,,,,47,18,2
Champions Tour 2024: Americas Kickoff,Playoffs,Grand Final,LOUD vs Sentinels,All Maps,LOUD,Less,viper,8,5,,,1,,,,,59,2,3
Champions Tour 2024: Americas Kickoff,Playoffs,Grand Final,LOUD vs Sentinels,All Maps,Sentinels,TenZ,"kayo, omen, yoru",18,7,,,,,,,,60,5,0
Champions Tour 2024: Americas Kickoff,Playoffs,Grand Final,LOUD vs Sentinels,All Maps,Sentinels,Sacy,"fade, gekko, skye",14,3,,,1,1,1,,,57,27,4
Champions Tour 2024: Americas Kickoff,Playoffs,Grand Final,LOUD vs Sentinels,All Maps,Sentinels,Zellsis,"brimstone, kayo, killjoy, viper",10,5,,,2,,,,,47,3,4
Champions Tour 2024: Americas Kickoff,Playoffs,Grand Final,LOUD vs Sentinels,All Maps,Sentinels,johnqt,"cypher, viper",14,2,,,5,1,,,,57,7,3
Champions Tour 2024: Americas Kickoff,Playoffs,Grand Final,LOUD vs Sentinels,All Maps,Sentinels,zekken,"jett, raze",18,5,,,,1,,,,63,3,2
Champions Tour 2024: Americas Kickoff,Playoffs,Grand Final,LOUD vs Sentinels,Sunset,LOUD,saadhak,sova,2,,,,,,,,,42,0,1
Champions Tour 2024: Americas Kickoff,Playoffs,Grand Final,LOUD vs Sentinels,Sunset,LOUD,Quick,phoenix,6,,,,,1,,,,55,0,1
Champions Tour 2024: Americas Kickoff,Playoffs,Grand Final,LOUD vs Sentinels,Sunset,LOUD,tuyz,omen,4,,,,1,1,,1,,59,0,0
Champions Tour 2024: Americas Kickoff,Playoffs,Grand Final,LOUD vs Sentinels,Sunset,LOUD,cauanzin,breach,2,,,,,,,,,45,9,1
Champions Tour 2024: Americas Kickoff,Playoffs,Grand Final,LOUD vs Sentinels,Sunset,LOUD,Less,viper,1,1,,,1,,,,,56,0,1
Champions Tour 2024: Americas Kickoff,Playoffs,Grand Final,LOUD vs Sentinels,Sunset,Sentinels,TenZ,omen,6,2,,,,,,,,83,1,0
Champions Tour 2024: Americas Kickoff,Playoffs,Grand Final,LOUD vs Sentinels,Sunset,Sentinels,Sacy,gekko,5,1,,,,,1,,,78,10,0
Champions Tour 2024: Americas Kickoff,Playoffs,Grand Final,LOUD vs Sentinels,Sunset,Sentinels,Zellsis,kayo,2,1,,,,,,,,42,0,1
Champions Tour 2024: Americas Kickoff,Playoffs,Grand Final,LOUD vs Sentinels,Sunset,Sentinels,johnqt,cypher,3,,,,,,,,,48,0,2
Champions Tour 2024: Americas Kickoff,Playoffs,Grand Final,LOUD vs Sentinels,Sunset,Sentinels,zekken,raze,5,1,,,,,,,,54,1,1
Champions Tour 2024: Americas Kickoff,Playoffs,Grand Final,LOUD vs Sentinels,Split,LOUD,saadhak,skye,,,,,,,,,,22,1,0
Champions Tour 2024: Americas Kickoff,Playoffs,Grand Final,LOUD vs Sentinels,Split,LOUD,Quick,raze,1,,,,,,,,,40,0,0
Champions Tour 2024: Americas Kickoff,Playoffs,Grand Final,LOUD vs Sentinels,Split,LOUD,tuyz,omen,1,,,,,,,,,39,0,0
Champions Tour 2024: Americas Kickoff,Playoffs,Grand Final,LOUD vs Sentinels,Split,LOUD,cauanzin,breach,3,,,,,,,,,34,3,0
Champions Tour 2024: Americas Kickoff,Playoffs,Grand Final,LOUD vs Sentinels,Split,LOUD,Less,viper,1,1,,,,,,,,80,2,0
Champions Tour 2024: Americas Kickoff,Playoffs,Grand Final,LOUD vs Sentinels,Split,Sentinels,TenZ,omen,5,1,,,,,,,,73,1,0
Champions Tour 2024: Americas Kickoff,Playoffs,Grand Final,LOUD vs Sentinels,Split,Sentinels,Sacy,skye,3,,,,,,,,,69,3,2
Champions Tour 2024: Americas Kickoff,Playoffs,Grand Final,LOUD vs Sentinels,Split,Sentinels,Zellsis,viper,2,1,,,1,,,,,57,0,1
Champions Tour 2024: Americas Kickoff,Playoffs,Grand Final,LOUD vs Sentinels,Split,Sentinels,johnqt,cypher,1,,,,,,,,,52,0,0
Champions Tour 2024: Americas Kickoff,Playoffs,Grand Final,LOUD vs Sentinels,Split,Sentinels,zekken,raze,4,1,,,,,,,,84,0,0
Champions Tour 2024: Americas Kickoff,Playoffs,Grand Final,LOUD vs Sentinels,Icebox,LOUD,saadhak,killjoy,3,1,,,,,,,,60,7,0
Champions Tour 2024: Americas Kickoff,Playoffs,Grand Final,LOUD vs Sentinels,Icebox,LOUD,Quick,jett,1,1,,,,,,,,39,0,0
Champions Tour 2024: Americas Kickoff,Playoffs,Grand Final,LOUD vs Sentinels,Icebox,LOUD,tuyz,harbor,2,2,,,,1,,,,57,3,1
Champions Tour 2024: Americas Kickoff,Playoffs,Grand Final,LOUD vs Sentinels,Icebox,LOUD,cauanzin,sova,3,1,,,,,,,,64,1,0
Champions Tour 2024: Americas Kickoff,Playoffs,Grand Final,LOUD vs Sentinels,Icebox,LOUD,Less,viper,1,2,,,,,,,,62,0,2
Champions Tour 2024: Americas Kickoff,Playoffs,Grand Final,LOUD vs Sentinels,Icebox,Sentinels,TenZ,kayo,1,3,,,,,,,,49,1,0
Champions Tour 2024: Americas Kickoff,Playoffs,Grand Final,LOUD vs Sentinels,Icebox,Sentinels,Sacy,gekko,1,,,,,,,,,25,7,2
Champions Tour 2024: Americas Kickoff,Playoffs,Grand Final,LOUD vs Sentinels,Icebox,Sentinels,Zellsis,killjoy,4,1,,,,,,,,42,0,0
Champions Tour 2024: Americas Kickoff,Playoffs,Grand Final,LOUD vs Sentinels,Icebox,Sentinels,johnqt,viper,4,1,,,1,,,,,60,2,1
Champions Tour 2024: Americas Kickoff,Playoffs,Grand Final,LOUD vs Sentinels,Icebox,Sentinels,zekken,jett,3,,,,,,,,,44,0,0
Champions Tour 2024: Americas Kickoff,Playoffs,Grand Final,LOUD vs Sentinels,Bind,LOUD,saadhak,kayo,,1,,,,,,,,66,2,0
Champions Tour 2024: Americas Kickoff,Playoffs,Grand Final,LOUD vs Sentinels,Bind,LOUD,Quick,phoenix,2,3,1,,,,,,,69,2,0
Champions Tour 2024: Americas Kickoff,Playoffs,Grand Final,LOUD vs Sentinels,Bind,LOUD,tuyz,brimstone,5,1,,,2,,,,,58,3,2
Champions Tour 2024: Americas Kickoff,Playoffs,Grand Final,LOUD vs Sentinels,Bind,LOUD,cauanzin,breach,3,1,,,,,,,,46,3,1
Champions Tour 2024: Americas Kickoff,Playoffs,Grand Final,LOUD vs Sentinels,Bind,LOUD,Less,viper,3,,,,,,,,,21,0,0
Champions Tour 2024: Americas Kickoff,Playoffs,Grand Final,LOUD vs Sentinels,Bind,Sentinels,TenZ,yoru,4,,,,,,,,,46,1,0
Champions Tour 2024: Americas Kickoff,Playoffs,Grand Final,LOUD vs Sentinels,Bind,Sentinels,Sacy,skye,1,1,,,,,,,,46,3,0
Champions Tour 2024: Americas Kickoff,Playoffs,Grand Final,LOUD vs Sentinels,Bind,Sentinels,Zellsis,brimstone,1,2,,,,,,,,60,2,1
Champions Tour 2024: Americas Kickoff,Playoffs,Grand Final,LOUD vs Sentinels,Bind,Sentinels,johnqt,viper,3,1,,,1,,,,,59,2,0
Champions Tour 2024: Americas Kickoff,Playoffs,Grand Final,LOUD vs Sentinels,Bind,Sentinels,zekken,raze,2,1,,,,,,,,59,0,0
Champions Tour 2024: Americas Kickoff,Playoffs,Grand Final,LOUD vs Sentinels,Lotus,LOUD,saadhak,skye,3,,,,1,,,,,47,2,1
Champions Tour 2024: Americas Kickoff,Playoffs,Grand Final,LOUD vs Sentinels,Lotus,LOUD,Quick,phoenix,3,1,,,,,,,,66,0,0
Champions Tour 2024: Americas Kickoff,Playoffs,Grand Final,LOUD vs Sentinels,Lotus,LOUD,tuyz,omen,3,,,,,,,,,53,0,1
Champions Tour 2024: Americas Kickoff,Playoffs,Grand Final,LOUD vs Sentinels,Lotus,LOUD,cauanzin,breach,3,,,,,,,,,46,2,0
Champions Tour 2024: Americas Kickoff,Playoffs,Grand Final,LOUD vs Sentinels,Lotus,LOUD,Less,viper,2,1,,,,,,,,74,0,0
Champions Tour 2024: Americas Kickoff,Playoffs,Grand Final,LOUD vs Sentinels,Lotus,Sentinels,TenZ,omen,2,1,,,,,,,,47,1,0
Champions Tour 2024: Americas Kickoff,Playoffs,Grand Final,LOUD vs Sentinels,Lotus,Sentinels,Sacy,fade,4,1,,,1,1,,,,68,4,0
Champions Tour 2024: Americas Kickoff,Playoffs,Grand Final,LOUD vs Sentinels,Lotus,Sentinels,Zellsis,killjoy,1,,,,1,,,,,35,1,1
Champions Tour 2024: Americas Kickoff,Playoffs,Grand Final,LOUD vs Sentinels,Lotus,Sentinels,johnqt,viper,3,,,,3,1,,,,64,3,0
Champions Tour 2024: Americas Kickoff,Playoffs,Grand Final,LOUD vs Sentinels,Lotus,Sentinels,zekken,raze,4,2,,,,1,,,,72,2,1
Champions Tour 2024: EMEA Kickoff,Group Stage,Opening (A),FUT Esports vs Team Heretics,All Maps,FUT Esports,cNed,"neon, yoru",14,1,,,,,,,,65,1,1
Champions Tour 2024: EMEA Kickoff,Group Stage,Opening (A),FUT Esports vs Team Heretics,All Maps,FUT Esports,qRaxs,"gekko, kayo",5,2,,,,1,,,,46,5,1
Champions Tour 2024: EMEA Kickoff,Group Stage,Opening (A),FUT Esports vs Team Heretics,All Maps,FUT Esports,AtaKaptan,"breach, omen",7,,,1,2,,,,,58,1,1
Champions Tour 2024: EMEA Kickoff,Group Stage,Opening (A),FUT Esports vs Team Heretics,All Maps,FUT Esports,MrFaliN,"astra, gekko",6,3,,,,,,,,52,10,1
Champions Tour 2024: EMEA Kickoff,Group Stage,Opening (A),FUT Esports vs Team Heretics,All Maps,FUT Esports,yetujey,"killjoy, viper",2,1,,,,,,1,,56,4,2
Champions Tour 2024: EMEA Kickoff,Group Stage,Opening (A),FUT Esports vs Team Heretics,All Maps,Team Heretics,paTiTek,"kayo, viper",1,1,,,2,,,,,33,9,2
Champions Tour 2024: EMEA Kickoff,Group Stage,Opening (A),FUT Esports vs Team Heretics,All Maps,Team Heretics,Boo,"astra, omen",14,2,2,,,,,,,83,3,2
Champions Tour 2024: EMEA Kickoff,Group Stage,Opening (A),FUT Esports vs Team Heretics,All Maps,Team Heretics,RieNs,"gekko, sova",3,,,,,,,,,36,6,1
Champions Tour 2024: EMEA Kickoff,Group Stage,Opening (A),FUT Esports vs Team Heretics,All Maps,Team Heretics,MiniBoo,"neon, yoru",6,2,2,,1,,1,,,69,0,2
Champions Tour 2024: EMEA Kickoff,Group Stage,Opening (A),FUT Esports vs Team Heretics,All Maps,Team Heretics,benjyfishy,"killjoy, viper",3,3,,,1,1,,,,48,2,2
Champions Tour 2024: EMEA Kickoff,Group Stage,Opening (A),FUT Esports vs Team Heretics,Lotus,FUT Esports,cNed,yoru,8,,,,,,,,,62,0,1
Champions Tour 2024: EMEA Kickoff,Group Stage,Opening (A),FUT Esports vs Team Heretics,Lotus,FUT Esports,qRaxs,gekko,4,2,,,,1,,,,57,5,0
Champions Tour 2024: EMEA Kickoff,Group Stage,Opening (A),FUT Esports vs Team Heretics,Lotus,FUT Esports,AtaKaptan,breach,2,,,1,2,,,,,48,1,1
Champions Tour 2024: EMEA Kickoff,Group Stage,Opening (A),FUT Esports vs Team Heretics,Lotus,FUT Esports,MrFaliN,astra,4,1,,,,,,,,40,2,0
Champions Tour 2024: EMEA Kickoff,Group Stage,Opening (A),FUT Esports vs Team Heretics,Lotus,FUT Esports,yetujey,killjoy,1,,,,,,,1,,43,2,2
Champions Tour 2024: EMEA Kickoff,Group Stage,Opening (A),FUT Esports vs Team Heretics,Lotus,Team Heretics,paTiTek,viper,,,,,1,,,,,27,4,2
Champions Tour 2024: EMEA Kickoff,Group Stage,Opening (A),FUT Esports vs Team Heretics,Lotus,Team Heretics,Boo,omen,6,2,1,,,,,,,81,2,0
Champions Tour 2024: EMEA Kickoff,Group Stage,Opening (A),FUT Esports vs Team Heretics,Lotus,Team Heretics,RieNs,gekko,2,,,,,,,,,45,5,0
Champions Tour 2024: EMEA Kickoff,Group Stage,Opening (A),FUT Esports vs Team Heretics,Lotus,Team Heretics,MiniBoo,neon,2,2,1,,,,1,,,65,0,0
Champions Tour 2024: EMEA Kickoff,Group Stage,Opening (A),FUT Esports vs Team Heretics,Lotus,Team Heretics,benjyfishy,killjoy,,2,,,1,1,,,,49,1,1
Champions Tour 2024: EMEA Kickoff,Group Stage,Opening (A),FUT Esports vs Team Heretics,Bind,FUT Esports,cNed,neon,6,1,,,,,,,,68,1,0
Champions Tour 2024: EMEA Kickoff,Group Stage,Opening (A),FUT Esports vs Team Heretics,Bind,FUT Esports,qRaxs,kayo,1,,,,,,,,,35,0,1
Champions Tour 2024: EMEA Kickoff,Group Stage,Opening (A),FUT Esports vs Team Heretics,Bind,FUT Esports,AtaKaptan,omen,5,,,,,,,,,68,0,0
Champions Tour 2024: EMEA Kickoff,Group Stage,Opening (A),FUT Esports vs Team Heretics,Bind,FUT Esports,MrFaliN,gekko,2,2,,,,,,,,63,8,1
Champions Tour 2024: EMEA Kickoff,Group Stage,Opening (A),FUT Esports vs Team Heretics,Bind,FUT Esports,yetujey,viper,1,1,,,,,,,,68,2,0
Champions Tour 2024: EMEA Kickoff,Group Stage,Opening (A),FUT Esports vs Team Heretics,Bind,Team Heretics,paTiTek,kayo,1,1,,,1,,,,,38,5,0
Champions Tour 2024: EMEA Kickoff,Group Stage,Opening (A),FUT Esports vs Team Heretics,Bind,Team Heretics,Boo,astra,8,,1,,,,,,,85,1,2
Champions Tour 2024: EMEA Kickoff,Group Stage,Opening (A),FUT Esports vs Team Heretics,Bind,Team Heretics,RieNs,sova,1,,,,,,,,,26,1,1
Champions Tour 2024: EMEA Kickoff,Group Stage,Opening (A),FUT Esports vs Team Heretics,Bind,Team Heretics,MiniBoo,yoru,4,,1,,1,,,,,73,0,2
Champions Tour 2024: EMEA Kickoff,Group Stage,Opening (A),FUT Esports vs Team Heretics,Bind,Team Heretics,benjyfishy,viper,3,1,,,,,,,,47,1,1
Champions Tour 2024: EMEA Kickoff,Group Stage,Opening (A),GIANTX vs Karmine Corp,All Maps,GIANTX,Fit1nho,raze,7,1,1,,,,,,,42,1,0
Champions Tour 2024: EMEA Kickoff,Group Stage,Opening (A),GIANTX vs Karmine Corp,All Maps,GIANTX,Redgar,omen,5,4,,,1,1,,,,49,4,2
Champions Tour 2024: EMEA Kickoff,Group Stage,Opening (A),GIANTX vs Karmine Corp,All Maps,GIANTX,hoody,"breach, skye, viper",4,,2,,,1,,,,44,7,2
Champions Tour 2024: EMEA Kickoff,Group Stage,Opening (A),GIANTX vs Karmine Corp,All Maps,GIANTX,nukkye,"cypher, killjoy, sage",6,,1,,,,,,,46,3,2
Champions Tour 2024: EMEA Kickoff,Group Stage,Opening (A),GIANTX vs Karmine Corp,All Maps,GIANTX,Cloud,"breach, fade, skye",5,7,2,,,,,,,60,11,0
Champions Tour 2024: EMEA Kickoff,Group Stage,Opening (A),GIANTX vs Karmine Corp,All Maps,Karmine Corp,MAGNUM,"cypher, fade, killjoy",11,2,1,,2,,,,,64,10,2
Champions Tour 2024: EMEA Kickoff,Group Stage,Opening (A),GIANTX vs Karmine Corp,All Maps,Karmine Corp,sh1n,"astra, omen",5,,,,1,,,,,33,2,2
Champions Tour 2024: EMEA Kickoff,Group Stage,Opening (A),GIANTX vs Karmine Corp,All Maps,Karmine Corp,marteen,"raze, yoru",9,2,1,,,,,,,47,1,4
Champions Tour 2024: EMEA Kickoff,Group Stage,Opening (A),GIANTX vs Karmine Corp,All Maps,Karmine Corp,tomaszy,"omen, viper",10,2,,,,,,,,56,1,1
Champions Tour 2024: EMEA Kickoff,Group Stage,Opening (A),GIANTX vs Karmine Corp,All Maps,Karmine Corp,N4RRATE,"fade, gekko, raze",11,3,1,,,,1,,,73,7,3
Champions Tour 2024: EMEA Kickoff,Group Stage,Opening (A),GIANTX vs Karmine Corp,Split,GIANTX,Fit1nho,raze,5,1,1,,,,,,,60,0,0
Champions Tour 2024: EMEA Kickoff,Group Stage,Opening (A),GIANTX vs Karmine Corp,Split,GIANTX,Redgar,omen,2,1,,,1,1,,,,48,2,1
Champions Tour 2024: EMEA Kickoff,Group Stage,Opening (A),GIANTX vs Karmine Corp,Split,GIANTX,hoody,skye,2,,,,,,,,,42,1,1
Champions Tour 2024: EMEA Kickoff,Group Stage,Opening (A),GIANTX vs Karmine Corp,Split,GIANTX,nukkye,cypher,1,,1,,,,,,,40,0,1
Champions Tour 2024: EMEA Kickoff,Group Stage,Opening (A),GIANTX vs Karmine Corp,Split,GIANTX,Cloud,breach,1,4,,,,,,,,53,7,0
Champions Tour 2024: EMEA Kickoff,Group Stage,Opening (A),GIANTX vs Karmine Corp,Split,Karmine Corp,MAGNUM,fade,4,1,,,1,,,,,49,8,2
Champions Tour 2024: EMEA Kickoff,Group Stage,Opening (A),GIANTX vs Karmine Corp,Split,Karmine Corp,sh1n,astra,2,,,,1,,,,,29,0,0
Champions Tour 2024: EMEA Kickoff,Group Stage,Opening (A),GIANTX vs Karmine Corp,Split,Karmine Corp,marteen,yoru,4,,1,,,,,,,51,1,1
Champions Tour 2024: EMEA Kickoff,Group Stage,Opening (A),GIANTX vs Karmine Corp,Split,Karmine Corp,tomaszy,omen,3,,,,,,,,,46,0,0
Champions Tour 2024: EMEA Kickoff,Group Stage,Opening (A),GIANTX vs Karmine Corp,Split,Karmine Corp,N4RRATE,raze,3,2,1,,,,,,,68,0,1
Champions Tour 2024: EMEA Kickoff,Group Stage,Opening (A),GIANTX vs Karmine Corp,Sunset,GIANTX,Fit1nho,raze,1,,,,,,,,,23,0,0
Champions Tour 2024: EMEA Kickoff,Group Stage,Opening (A),GIANTX vs Karmine Corp,Sunset,GIANTX,Redgar,omen,3,3,,,,,,,,67,1,1
Champions Tour 2024: EMEA Kickoff,Group Stage,Opening (A),GIANTX vs Karmine Corp,Sunset,GIANTX,hoody,breach,1,,2,,,1,,,,63,6,1
Champions Tour 2024: EMEA Kickoff,Group Stage,Opening (A),GIANTX vs Karmine Corp,Sunset,GIANTX,nukkye,sage,3,,,,,,,,,50,2,1
Champions Tour 2024: EMEA Kickoff,Group Stage,Opening (A),GIANTX vs Karmine Corp,Sunset,GIANTX,Cloud,fade,3,2,1,,,,,,,54,0,0
Champions Tour 2024: EMEA Kickoff,Group Stage,Opening (A),GIANTX vs Karmine Corp,Sunset,Karmine Corp,MAGNUM,cypher,5,1,,,1,,,,,62,1,0
Champions Tour 2024: EMEA Kickoff,Group Stage,Opening (A),GIANTX vs Karmine Corp,Sunset,Karmine Corp,sh1n,omen,3,,,,,,,,,36,0,0
Champions Tour 2024: EMEA Kickoff,Group Stage,Opening (A),GIANTX vs Karmine Corp,Sunset,Karmine Corp,marteen,raze,2,,,,,,,,,38,0,2
Champions Tour 2024: EMEA Kickoff,Group Stage,Opening (A),GIANTX vs Karmine Corp,Sunset,Karmine Corp,tomaszy,viper,3,2,,,,,,,,61,1,1
Champions Tour 2024: EMEA Kickoff,Group Stage,Opening (A),GIANTX vs Karmine Corp,Sunset,Karmine Corp,N4RRATE,gekko,3,,,,,,,,,67,6,0
Champions Tour 2024: EMEA Kickoff,Group Stage,Opening (A),GIANTX vs Karmine Corp,Lotus,GIANTX,Fit1nho,raze,1,,,,,,,,,42,1,0
Champions Tour 2024: EMEA Kickoff,Group Stage,Opening (A),GIANTX vs Karmine Corp,Lotus,GIANTX,Redgar,omen,,,,,,,,,,32,1,0
Champions Tour 2024: EMEA Kickoff,Group Stage,Opening (A),GIANTX vs Karmine Corp,Lotus,GIANTX,hoody,viper,1,,,,,,,,,26,0,0
Champions Tour 2024: EMEA Kickoff,Group Stage,Opening (A),GIANTX vs Karmine Corp,Lotus,GIANTX,nukkye,killjoy,2,,,,,,,,,49,1,0
Champions Tour 2024: EMEA Kickoff,Group Stage,Opening (A),GIANTX vs Karmine Corp,Lotus,GIANTX,Cloud,skye,1,1,1,,,,,,,73,4,0
Champions Tour 2024: EMEA Kickoff,Group Stage,Opening (A),GIANTX vs Karmine Corp,Lotus,Karmine Corp,MAGNUM,killjoy,2,,1,,,,,,,82,1,0
Champions Tour 2024: EMEA Kickoff,Group Stage,Opening (A),GIANTX vs Karmine Corp,Lotus,Karmine Corp,sh1n,omen,,,,,,,,,,34,2,2
Champions Tour 2024: EMEA Kickoff,Group Stage,Opening (A),GIANTX vs Karmine Corp,Lotus,Karmine Corp,marteen,raze,3,2,,,,,,,,51,0,1
Champions Tour 2024: EMEA Kickoff,Group Stage,Opening (A),GIANTX vs Karmine Corp,Lotus,Karmine Corp,tomaszy,viper,4,,,,,,,,,60,0,0
Champions Tour 2024: EMEA Kickoff,Group Stage,Opening (A),GIANTX vs Karmine Corp,Lotus,Karmine Corp,N4RRATE,fade,5,1,,,,,1,,,83,1,2
Champions Tour 2024: EMEA Kickoff,Group Stage,Opening (B),Natus Vincere vs BBL Esports,All Maps,Natus Vincere,Zyppan,"kayo, raze, sova",13,2,2,,,,,,,69,8,2
Champions Tour 2024: EMEA Kickoff,Group Stage,Opening (B),Natus Vincere vs BBL Esports,All Maps,Natus Vincere,ardiis,"jett, kayo, yoru",9,7,1,,1,,,,,68,3,0
Champions Tour 2024: EMEA Kickoff,Group Stage,Opening (B),Natus Vincere vs BBL Esports,All Maps,Natus Vincere,ANGE1,"gekko, omen, sova",7,1,,,,,,,,44,6,2
Champions Tour 2024: EMEA Kickoff,Group Stage,Opening (B),Natus Vincere vs BBL Esports,All Maps,Natus Vincere,Shao,"brimstone, omen, viper",10,,,,,,,,,63,2,0
Champions Tour 2024: EMEA Kickoff,Group Stage,Opening (B),Natus Vincere vs BBL Esports,All Maps,Natus Vincere,SUYGETSU,"cypher, viper",8,3,,,3,,,,,63,2,3
Champions Tour 2024: EMEA Kickoff,Group Stage,Opening (B),Natus Vincere vs BBL Esports,All Maps,BBL Esports,pAura,"breach, kayo",5,2,,,,1,,,,45,6,2
Champions Tour 2024: EMEA Kickoff,Group Stage,Opening (B),Natus Vincere vs BBL Esports,All Maps,BBL Esports,Brave,"brimstone, omen, viper",7,1,,,3,,,,,46,5,1
Champions Tour 2024: EMEA Kickoff,Group Stage,Opening (B),Natus Vincere vs BBL Esports,All Maps,BBL Esports,reazy,"skye, sova",5,1,,,3,,,,,58,9,3
Champions Tour 2024: EMEA Kickoff,Group Stage,Opening (B),Natus Vincere vs BBL Esports,All Maps,BBL Esports,QutionerX,"jett, raze",8,3,1,,1,,,,,47,1,1
Champions Tour 2024: EMEA Kickoff,Group Stage,Opening (B),Natus Vincere vs BBL Esports,All Maps,BBL Esports,Elite,"cypher, killjoy, viper",7,3,,,,,,,,47,0,0
Champions Tour 2024: EMEA Kickoff,Group Stage,Opening (B),Natus Vincere vs BBL Esports,Bind,Natus Vincere,Zyppan,raze,3,1,,,,,,,,56,3,1
Champions Tour 2024: EMEA Kickoff,Group Stage,Opening (B),Natus Vincere vs BBL Esports,Bind,Natus Vincere,ardiis,kayo,2,1,1,,,,,,,53,3,0
Champions Tour 2024: EMEA Kickoff,Group Stage,Opening (B),Natus Vincere vs BBL Esports,Bind,Natus Vincere,ANGE1,gekko,4,,,,,,,,,44,3,1
Champions Tour 2024: EMEA Kickoff,Group Stage,Opening (B),Natus Vincere vs BBL Esports,Bind,Natus Vincere,Shao,brimstone,4,,,,,,,,,85,0,0
Champions Tour 2024: EMEA Kickoff,Group Stage,Opening (B),Natus Vincere vs BBL Esports,Bind,Natus Vincere,SUYGETSU,viper,4,,,,2,,,,,61,1,0
Champions Tour 2024: EMEA Kickoff,Group Stage,Opening (B),Natus Vincere vs BBL Esports,Bind,BBL Esports,pAura,breach,4,1,,,,1,,,,65,2,2
Champions Tour 2024: EMEA Kickoff,Group Stage,Opening (B),Natus Vincere vs BBL Esports,Bind,BBL Esports,Brave,brimstone,4,1,,,3,,,,,55,2,1
Champions Tour 2024: EMEA Kickoff,Group Stage,Opening (B),Natus Vincere vs BBL Esports,Bind,BBL Esports,reazy,skye,2,,,,2,,,,,46,2,2
Champions Tour 2024: EMEA Kickoff,Group Stage,Opening (B),Natus Vincere vs BBL Esports,Bind,BBL Esports,QutionerX,raze,4,1,,,,,,,,49,1,1
Champions Tour 2024: EMEA Kickoff,Group Stage,Opening (B),Natus Vincere vs BBL Esports,Bind,BBL Esports,Elite,viper,2,1,,,,,,,,49,0,0
Champions Tour 2024: EMEA Kickoff,Group Stage,Opening (B),Natus Vincere vs BBL Esports,Ascent,Natus Vincere,Zyppan,kayo,3,1,1,,,,,,,66,1,0
Champions Tour 2024: EMEA Kickoff,Group Stage,Opening (B),Natus Vincere vs BBL Esports,Ascent,Natus Vincere,ardiis,jett,2,2,,,,,,,,51,0,0
Champions Tour 2024: EMEA Kickoff,Group Stage,Opening (B),Natus Vincere vs BBL Esports,Ascent,Natus Vincere,ANGE1,sova,2,1,,,,,,,,54,2,0
Champions Tour 2024: EMEA Kickoff,Group Stage,Opening (B),Natus Vincere vs BBL Esports,Ascent,Natus Vincere,Shao,omen,4,,,,,,,,,56,2,0
Champions Tour 2024: EMEA Kickoff,Group Stage,Opening (B),Natus Vincere vs BBL Esports,Ascent,Natus Vincere,SUYGETSU,cypher,3,2,,,1,,,,,69,1,1
Champions Tour 2024: EMEA Kickoff,Group Stage,Opening (B),Natus Vincere vs BBL Esports,Ascent,BBL Esports,pAura,kayo,,,,,,,,,,14,1,0
Champions Tour 2024: EMEA Kickoff,Group Stage,Opening (B),Natus Vincere vs BBL Esports,Ascent,BBL Esports,Brave,omen,3,,,,,,,,,56,2,0
Champions Tour 2024: EMEA Kickoff,Group Stage,Opening (B),Natus Vincere vs BBL Esports,Ascent,BBL Esports,reazy,sova,3,1,,,,,,,,72,4,0
Champions Tour 2024: EMEA Kickoff,Group Stage,Opening (B),Natus Vincere vs BBL Esports,Ascent,BBL Esports,QutionerX,jett,2,1,1,,1,,,,,48,0,0
Champions Tour 2024: EMEA Kickoff,Group Stage,Opening (B),Natus Vincere vs BBL Esports,Ascent,BBL Esports,Elite,killjoy,2,,,,,,,,,44,0,0
Champions Tour 2024: EMEA Kickoff,Group Stage,Opening (B),Natus Vincere vs BBL Esports,Breeze,Natus Vincere,Zyppan,sova,7,,1,,,,,,,85,4,1
Champions Tour 2024: EMEA Kickoff,Group Stage,Opening (B),Natus Vincere vs BBL Esports,Breeze,Natus Vincere,ardiis,yoru,5,4,,,1,,,,,100,0,0
Champions Tour 2024: EMEA Kickoff,Group Stage,Opening (B),Natus Vincere vs BBL Esports,Breeze,Natus Vincere,ANGE1,omen,1,,,,,,,,,33,1,1
Champions Tour 2024: EMEA Kickoff,Group Stage,Opening (B),Natus Vincere vs BBL Esports,Breeze,Natus Vincere,Shao,viper,2,,,,,,,,,47,0,0
Champions Tour 2024: EMEA Kickoff,Group Stage,Opening (B),Natus Vincere vs BBL Esports,Breeze,Natus Vincere,SUYGETSU,cypher,1,1,,,,,,,,59,0,2
Champions Tour 2024: EMEA Kickoff,Group Stage,Opening (B),Natus Vincere vs BBL Esports,Breeze,BBL Esports,pAura,kayo,1,1,,,,,,,,56,3,0
Champions Tour 2024: EMEA Kickoff,Group Stage,Opening (B),Natus Vincere vs BBL Esports,Breeze,BBL Esports,Brave,viper,,,,,,,,,,26,1,0
Champions Tour 2024: EMEA Kickoff,Group Stage,Opening (B),Natus Vincere vs BBL Esports,Breeze,BBL Esports,reazy,sova,,,,,1,,,,,55,3,1
Champions Tour 2024: EMEA Kickoff,Group Stage,Opening (B),Natus Vincere vs BBL Esports,Breeze,BBL Esports,QutionerX,jett,2,1,,,,,,,,45,0,0
Champions Tour 2024: EMEA Kickoff,Group Stage,Opening (B),Natus Vincere vs BBL Esports,Breeze,BBL Esports,Elite,cypher,3,2,,,,,,,,49,0,0
Champions Tour 2024: EMEA Kickoff,Group Stage,Opening (B),Team Liquid vs KOI,All Maps,Team Liquid,Enzo,"gekko, sova",3,1,,,,,,,,43,5,0
Champions Tour 2024: EMEA Kickoff,Group Stage,Opening (B),Team Liquid vs KOI,All Maps,Team Liquid,nAts,viper,6,3,1,,,,,,,79,3,3
Champions Tour 2024: EMEA Kickoff,Group Stage,Opening (B),Team Liquid vs KOI,All Maps,Team Liquid,Mistic,"brimstone, sage",3,,,,,,,1,,34,8,1
Champions Tour 2024: EMEA Kickoff,Group Stage,Opening (B),Team Liquid vs KOI,All Maps,Team Liquid,Jamppi,"killjoy, skye",9,,,,,,,,,48,2,0
Champions Tour 2024: EMEA Kickoff,Group Stage,Opening (B),Team Liquid vs KOI,All Maps,Team Liquid,Keiko,"jett, raze",7,1,4,,,,1,,,89,1,2
Champions Tour 2024: EMEA Kickoff,Group Stage,Opening (B),Team Liquid vs KOI,All Maps,KOI,ShadoW,"fade, sova",3,2,2,,1,2,,,,47,7,1
Champions Tour 2024: EMEA Kickoff,Group Stage,Opening (B),Team Liquid vs KOI,All Maps,KOI,starxo,"harbor, skye",4,1,,,,,,,,38,5,2
Champions Tour 2024: EMEA Kickoff,Group Stage,Opening (B),Team Liquid vs KOI,All Maps,KOI,sheydos,"killjoy, viper",2,2,,,1,,,,,51,2,1
Champions Tour 2024: EMEA Kickoff,Group Stage,Opening (B),Team Liquid vs KOI,All Maps,KOI,grubinho,"brimstone, viper",4,4,,,1,,,,,49,5,0
Champions Tour 2024: EMEA Kickoff,Group Stage,Opening (B),Team Liquid vs KOI,All Maps,KOI,kamo,"raze, yoru",8,2,,,,,,,,54,1,0
Champions Tour 2024: EMEA Kickoff,Group Stage,Opening (B),Team Liquid vs KOI,Icebox,Team Liquid,Enzo,sova,1,,,,,,,,,45,0,0
Champions Tour 2024: EMEA Kickoff,Group Stage,Opening (B),Team Liquid vs KOI,Icebox,Team Liquid,nAts,viper,3,,,,,,,,,55,1,1
Champions Tour 2024: EMEA Kickoff,Group Stage,Opening (B),Team Liquid vs KOI,Icebox,Team Liquid,Mistic,sage,1,,,,,,,,,29,8,1
Champions Tour 2024: EMEA Kickoff,Group Stage,Opening (B),Team Liquid vs KOI,Icebox,Team Liquid,Jamppi,killjoy,4,,,,,,,,,46,0,0
Champions Tour 2024: EMEA Kickoff,Group Stage,Opening (B),Team Liquid vs KOI,Icebox,Team Liquid,Keiko,jett,4,1,4,,,,1,,,120,1,2
Champions Tour 2024: EMEA Kickoff,Group Stage,Opening (B),Team Liquid vs KOI,Icebox,KOI,ShadoW,sova,1,1,1,,,1,,,,59,5,0
Champions Tour 2024: EMEA Kickoff,Group Stage,Opening (B),Team Liquid vs KOI,Icebox,KOI,starxo,harbor,3,,,,,,,,,42,3,2
Champions Tour 2024: EMEA Kickoff,Group Stage,Opening (B),Team Liquid vs KOI,Icebox,KOI,sheydos,killjoy,1,,,,1,,,,,37,1,0
Champions Tour 2024: EMEA Kickoff,Group Stage,Opening (B),Team Liquid vs KOI,Icebox,KOI,grubinho,viper,2,2,,,1,,,,,49,1,0
Champions Tour 2024: EMEA Kickoff,Group Stage,Opening (B),Team Liquid vs KOI,Icebox,KOI,kamo,yoru,4,2,,,,,,,,61,1,0
Champions Tour 2024: EMEA Kickoff,Group Stage,Opening (B),Team Liquid vs KOI,Bind,Team Liquid,Enzo,gekko,2,1,,,,,,,,41,5,0
Champions Tour 2024: EMEA Kickoff,Group Stage,Opening (B),Team Liquid vs KOI,Bind,Team Liquid,nAts,viper,3,3,1,,,,,,,102,2,2
Champions Tour 2024: EMEA Kickoff,Group Stage,Opening (B),Team Liquid vs KOI,Bind,Team Liquid,Mistic,brimstone,2,,,,,,,1,,39,0,0
Champions Tour 2024: EMEA Kickoff,Group Stage,Opening (B),Team Liquid vs KOI,Bind,Team Liquid,Jamppi,skye,5,,,,,,,,,49,2,0
Champions Tour 2024: EMEA Kickoff,Group Stage,Opening (B),Team Liquid vs KOI,Bind,Team Liquid,Keiko,raze,3,,,,,,,,,57,0,0
Champions Tour 2024: EMEA Kickoff,Group Stage,Opening (B),Team Liquid vs KOI,Bind,KOI,ShadoW,fade,2,1,1,,1,1,,,,35,2,1
Champions Tour 2024: EMEA Kickoff,Group Stage,Opening (B),Team Liquid vs KOI,Bind,KOI,starxo,skye,1,1,,,,,,,,34,2,0
Champions Tour 2024: EMEA Kickoff,Group Stage,Opening (B),Team Liquid vs KOI,Bind,KOI,sheydos,viper,1,2,,,,,,,,64,1,1
Champions Tour 2024: EMEA Kickoff,Group Stage,Opening (B),Team Liquid vs KOI,Bind,KOI,grubinho,brimstone,2,2,,,,,,,,49,4,0
Champions Tour 2024: EMEA Kickoff,Group Stage,Opening (B),Team Liquid vs KOI,Bind,KOI,kamo,raze,4,,,,,,,,,46,0,0
Champions Tour 2024: EMEA Kickoff,Group Stage,Opening (C),Team Vitality vs Gentle Mates,All Maps,Team Vitality,Sayf,"omen, viper",4,1,,,,,,,,51,1,2
Champions Tour 2024: EMEA Kickoff,Group Stage,Opening (C),Team Vitality vs Gentle Mates,All Maps,Team Vitality,Destrian,"cypher, killjoy",1,1,1,,,,,,,47,2,1
Champions Tour 2024: EMEA Kickoff,Group Stage,Opening (C),Team Vitality vs Gentle Mates,All Maps,Team Vitality,ceNder,"omen, viper",4,4,1,,1,,,,,56,1,2
Champions Tour 2024: EMEA Kickoff,Group Stage,Opening (C),Team Vitality vs Gentle Mates,All Maps,Team Vitality,Kicks,skye,9,2,,,,,,,,66,11,3
Champions Tour 2024: EMEA Kickoff,Group Stage,Opening (C),Team Vitality vs Gentle Mates,All Maps,Team Vitality,runneR,raze,7,3,,1,,1,,,,67,2,1
Champions Tour 2024: EMEA Kickoff,Group Stage,Opening (C),Team Vitality vs Gentle Mates,All Maps,Gentle Mates,beyAz,breach,2,,,,,,,,,31,6,0
Champions Tour 2024: EMEA Kickoff,Group Stage,Opening (C),Team Vitality vs Gentle Mates,All Maps,Gentle Mates,TakaS,"raze, yoru",3,4,,,,,,,,52,2,2
Champions Tour 2024: EMEA Kickoff,Group Stage,Opening (C),Team Vitality vs Gentle Mates,All Maps,Gentle Mates,logaN,"cypher, killjoy",4,1,1,,,,,,,51,2,0
Champions Tour 2024: EMEA Kickoff,Group Stage,Opening (C),Team Vitality vs Gentle Mates,All Maps,Gentle Mates,nataNk,"phoenix, raze",6,3,,,,,,,,50,3,0
Champions Tour 2024: EMEA Kickoff,Group Stage,Opening (C),Team Vitality vs Gentle Mates,All Maps,Gentle Mates,Wailers,omen,3,1,,,,,,,,42,7,1
Champions Tour 2024: EMEA Kickoff,Group Stage,Opening (C),Team Vitality vs Gentle Mates,Sunset,Team Vitality,Sayf,viper,3,1,,,,,,,,62,0,1
Champions Tour 2024: EMEA Kickoff,Group Stage,Opening (C),Team Vitality vs Gentle Mates,Sunset,Team Vitality,Destrian,cypher,1,1,1,,,,,,,54,1,0
Champions Tour 2024: EMEA Kickoff,Group Stage,Opening (C),Team Vitality vs Gentle Mates,Sunset,Team Vitality,ceNder,omen,1,2,,,,,,,,34,1,1
Champions Tour 2024: EMEA Kickoff,Group Stage,Opening (C),Team Vitality vs Gentle Mates,Sunset,Team Vitality,Kicks,skye,6,1,,,,,,,,68,7,1
Champions Tour 2024: EMEA Kickoff,Group Stage,Opening (C),Team Vitality vs Gentle Mates,Sunset,Team Vitality,runneR,raze,3,,,1,,1,,,,60,0,1
Champions Tour 2024: EMEA Kickoff,Group Stage,Opening (C),Team Vitality vs Gentle Mates,Sunset,Gentle Mates,beyAz,breach,1,,,,,,,,,34,1,0
Champions Tour 2024: EMEA Kickoff,Group Stage,Opening (C),Team Vitality vs Gentle Mates,Sunset,Gentle Mates,TakaS,yoru,2,2,,,,,,,,48,2,0
Champions Tour 2024: EMEA Kickoff,Group Stage,Opening (C),Team Vitality vs Gentle Mates,Sunset,Gentle Mates,logaN,cypher,1,,1,,,,,,,35,1,0
Champions Tour 2024: EMEA Kickoff,Group Stage,Opening (C),Team Vitality vs Gentle Mates,Sunset,Gentle Mates,nataNk,raze,5,2,,,,,,,,67,1,0
Champions Tour 2024: EMEA Kickoff,Group Stage,Opening (C),Team Vitality vs Gentle Mates,Sunset,Gentle Mates,Wailers,omen,1,,,,,,,,,44,5,1
Champions Tour 2024: EMEA Kickoff,Group Stage,Opening (C),Team Vitality vs Gentle Mates,Lotus,Team Vitality,Sayf,omen,1,,,,,,,,,39,1,1
Champions Tour 2024: EMEA Kickoff,Group Stage,Opening (C),Team Vitality vs Gentle Mates,Lotus,Team Vitality,Destrian,killjoy,,,,,,,,,,39,1,1
Champions Tour 2024: EMEA Kickoff,Group Stage,Opening (C),Team Vitality vs Gentle Mates,Lotus,Team Vitality,ceNder,viper,3,2,1,,1,,,,,77,0,1
Champions Tour 2024: EMEA Kickoff,Group Stage,Opening (C),Team Vitality vs Gentle Mates,Lotus,Team Vitality,Kicks,skye,3,1,,,,,,,,64,4,2
Champions Tour 2024: EMEA Kickoff,Group Stage,Opening (C),Team Vitality vs Gentle Mates,Lotus,Team Vitality,runneR,raze,4,3,,,,,,,,73,2,0
Champions Tour 2024: EMEA Kickoff,Group Stage,Opening (C),Team Vitality vs Gentle Mates,Lotus,Gentle Mates,beyAz,breach,1,,,,,,,,,27,5,0
Champions Tour 2024: EMEA Kickoff,Group Stage,Opening (C),Team Vitality vs Gentle Mates,Lotus,Gentle Mates,TakaS,raze,1,2,,,,,,,,56,0,2
Champions Tour 2024: EMEA Kickoff,Group Stage,Opening (C),Team Vitality vs Gentle Mates,Lotus,Gentle Mates,logaN,killjoy,3,1,,,,,,,,66,1,0
Champions Tour 2024: EMEA Kickoff,Group Stage,Opening (C),Team Vitality vs Gentle Mates,Lotus,Gentle Mates,nataNk,phoenix,1,1,,,,,,,,33,2,0
Champions Tour 2024: EMEA Kickoff,Group Stage,Opening (C),Team Vitality vs Gentle Mates,Lotus,Gentle Mates,Wailers,omen,2,1,,,,,,,,40,2,0
Champions Tour 2024: EMEA Kickoff,Group Stage,Winner's (A),Team Heretics vs Karmine Corp,All Maps,Team Heretics,paTiTek,viper,4,,1,,,,,,,53,2,2
Champions Tour 2024: EMEA Kickoff,Group Stage,Winner's (A),Team Heretics vs Karmine Corp,All Maps,Team Heretics,Boo,omen,6,3,,,,,,,,74,2,0
Champions Tour 2024: EMEA Kickoff,Group Stage,Winner's (A),Team Heretics vs Karmine Corp,All Maps,Team Heretics,RieNs,"breach, gekko",3,2,1,,,1,,,,79,6,1
Champions Tour 2024: EMEA Kickoff,Group Stage,Winner's (A),Team Heretics vs Karmine Corp,All Maps,Team Heretics,MiniBoo,"neon, raze",7,3,,,,,,,,67,0,3
Champions Tour 2024: EMEA Kickoff,Group Stage,Winner's (A),Team Heretics vs Karmine Corp,All Maps,Team Heretics,benjyfishy,"cypher, killjoy",3,6,,,,,,,,91,0,3
Champions Tour 2024: EMEA Kickoff,Group Stage,Winner's (A),Team Heretics vs Karmine Corp,All Maps,Karmine Corp,MAGNUM,"fade, killjoy",1,,,,1,,,,,30,7,0
Champions Tour 2024: EMEA Kickoff,Group Stage,Winner's (A),Team Heretics vs Karmine Corp,All Maps,Karmine Corp,sh1n,"astra, omen",2,1,,,1,,,,,44,2,0
Champions Tour 2024: EMEA Kickoff,Group Stage,Winner's (A),Team Heretics vs Karmine Corp,All Maps,Karmine Corp,marteen,"raze, yoru",4,,,,1,,,,,38,0,1
Champions Tour 2024: EMEA Kickoff,Group Stage,Winner's (A),Team Heretics vs Karmine Corp,All Maps,Karmine Corp,tomaszy,"omen, viper",3,,,,1,,,,,47,2,0
Champions Tour 2024: EMEA Kickoff,Group Stage,Winner's (A),Team Heretics vs Karmine Corp,All Maps,Karmine Corp,N4RRATE,"fade, raze",5,2,,,,,,,,57,5,0
Champions Tour 2024: EMEA Kickoff,Group Stage,Winner's (A),Team Heretics vs Karmine Corp,Split,Team Heretics,paTiTek,viper,3,,1,,,,,,,52,2,0
Champions Tour 2024: EMEA Kickoff,Group Stage,Winner's (A),Team Heretics vs Karmine Corp,Split,Team Heretics,Boo,omen,2,1,,,,,,,,35,1,0
Champions Tour 2024: EMEA Kickoff,Group Stage,Winner's (A),Team Heretics vs Karmine Corp,Split,Team Heretics,RieNs,breach,1,2,,,,,,,,63,2,1
Champions Tour 2024: EMEA Kickoff,Group Stage,Winner's (A),Team Heretics vs Karmine Corp,Split,Team Heretics,MiniBoo,raze,4,3,,,,,,,,89,0,2
Champions Tour 2024: EMEA Kickoff,Group Stage,Winner's (A),Team Heretics vs Karmine Corp,Split,Team Heretics,benjyfishy,cypher,2,3,,,,,,,,56,0,1
Champions Tour 2024: EMEA Kickoff,Group Stage,Winner's (A),Team Heretics vs Karmine Corp,Split,Karmine Corp,MAGNUM,fade,1,,,,1,,,,,48,6,0
Champions Tour 2024: EMEA Kickoff,Group Stage,Winner's (A),Team Heretics vs Karmine Corp,Split,Karmine Corp,sh1n,astra,,1,,,,,,,,35,0,0
Champions Tour 2024: EMEA Kickoff,Group Stage,Winner's (A),Team Heretics vs Karmine Corp,Split,Karmine Corp,marteen,yoru,2,,,,1,,,,,39,0,1
Champions Tour 2024: EMEA Kickoff,Group Stage,Winner's (A),Team Heretics vs Karmine Corp,Split,Karmine Corp,tomaszy,omen,,,,,1,,,,,47,1,0
Champions Tour 2024: EMEA Kickoff,Group Stage,Winner's (A),Team Heretics vs Karmine Corp,Split,Karmine Corp,N4RRATE,raze,2,1,,,,,,,,68,0,0
Champions Tour 2024: EMEA Kickoff,Group Stage,Winner's (A),Team Heretics vs Karmine Corp,Lotus,Team Heretics,paTiTek,viper,1,,,,,,,,,53,0,2
Champions Tour 2024: EMEA Kickoff,Group Stage,Winner's (A),Team Heretics vs Karmine Corp,Lotus,Team Heretics,Boo,omen,4,2,,,,,,,,112,1,0
Champions Tour 2024: EMEA Kickoff,Group Stage,Winner's (A),Team Heretics vs Karmine Corp,Lotus,Team Heretics,RieNs,gekko,2,,1,,,1,,,,94,4,0
Champions Tour 2024: EMEA Kickoff,Group Stage,Winner's (A),Team Heretics vs Karmine Corp,Lotus,Team Heretics,MiniBoo,neon,3,,,,,,,,,44,0,1
Champions Tour 2024: EMEA Kickoff,Group Stage,Winner's (A),Team Heretics vs Karmine Corp,Lotus,Team Heretics,benjyfishy,killjoy,1,3,,,,,,,,125,0,2
Champions Tour 2024: EMEA Kickoff,Group Stage,Winner's (A),Team Heretics vs Karmine Corp,Lotus,Karmine Corp,MAGNUM,killjoy,,,,,,,,,,11,1,0
Champions Tour 2024: EMEA Kickoff,Group Stage,Winner's (A),Team Heretics vs Karmine Corp,Lotus,Karmine Corp,sh1n,omen,2,,,,1,,,,,52,2,0
Champions Tour 2024: EMEA Kickoff,Group Stage,Winner's (A),Team Heretics vs Karmine Corp,Lotus,Karmine Corp,marteen,raze,2,,,,,,,,,36,0,0
Champions Tour 2024: EMEA Kickoff,Group Stage,Winner's (A),Team Heretics vs Karmine Corp,Lotus,Karmine Corp,tomaszy,viper,3,,,,,,,,,46,1,0
Champions Tour 2024: EMEA Kickoff,Group Stage,Winner's (A),Team Heretics vs Karmine Corp,Lotus,Karmine Corp,N4RRATE,fade,3,1,,,,,,,,45,5,0
Champions Tour 2024: EMEA Kickoff,Group Stage,Elimination (A),FUT Esports vs GIANTX,All Maps,FUT Esports,cNed,"chamber, raze",11,1,,,,,,,,53,0,1
Champions Tour 2024: EMEA Kickoff,Group Stage,Elimination (A),FUT Esports vs GIANTX,All Maps,FUT Esports,qRaxs,"fade, raze",11,1,,,,,,,,48,5,3
Champions Tour 2024: EMEA Kickoff,Group Stage,Elimination (A),FUT Esports vs GIANTX,All Maps,FUT Esports,AtaKaptan,"omen, viper",11,3,,,1,,,,,55,1,2
Champions Tour 2024: EMEA Kickoff,Group Stage,Elimination (A),FUT Esports vs GIANTX,All Maps,FUT Esports,MrFaliN,"omen, skye, sova",5,4,,,,,,,,45,15,2
Champions Tour 2024: EMEA Kickoff,Group Stage,Elimination (A),FUT Esports vs GIANTX,All Maps,FUT Esports,yetujey,"cypher, phoenix, viper",9,2,,,,1,,,,72,1,4
Champions Tour 2024: EMEA Kickoff,Group Stage,Elimination (A),FUT Esports vs GIANTX,All Maps,GIANTX,Fit1nho,raze,7,2,1,,,,,,,51,0,0
Champions Tour 2024: EMEA Kickoff,Group Stage,Elimination (A),FUT Esports vs GIANTX,All Maps,GIANTX,Redgar,omen,5,,,,1,,,,,29,3,0
Champions Tour 2024: EMEA Kickoff,Group Stage,Elimination (A),FUT Esports vs GIANTX,All Maps,GIANTX,hoody,"breach, skye, viper",6,2,,,1,,,,,48,3,2
Champions Tour 2024: EMEA Kickoff,Group Stage,Elimination (A),FUT Esports vs GIANTX,All Maps,GIANTX,nukkye,"cypher, killjoy, sage",8,3,,,,1,,,,66,3,2
Champions Tour 2024: EMEA Kickoff,Group Stage,Elimination (A),FUT Esports vs GIANTX,All Maps,GIANTX,Cloud,"breach, fade, sova",9,2,,,1,,1,,,65,15,3
Champions Tour 2024: EMEA Kickoff,Group Stage,Elimination (A),FUT Esports vs GIANTX,Split,FUT Esports,cNed,chamber,4,,,,,,,,,46,0,1
Champions Tour 2024: EMEA Kickoff,Group Stage,Elimination (A),FUT Esports vs GIANTX,Split,FUT Esports,qRaxs,raze,2,,,,,,,,,41,1,1
Champions Tour 2024: EMEA Kickoff,Group Stage,Elimination (A),FUT Esports vs GIANTX,Split,FUT Esports,AtaKaptan,omen,1,2,,,,,,,,49,0,0
Champions Tour 2024: EMEA Kickoff,Group Stage,Elimination (A),FUT Esports vs GIANTX,Split,FUT Esports,MrFaliN,skye,1,2,,,,,,,,61,5,2
Champions Tour 2024: EMEA Kickoff,Group Stage,Elimination (A),FUT Esports vs GIANTX,Split,FUT Esports,yetujey,viper,5,,,,,,,,,94,0,0
Champions Tour 2024: EMEA Kickoff,Group Stage,Elimination (A),FUT Esports vs GIANTX,Split,GIANTX,Fit1nho,raze,2,,,,,,,,,39,0,0
Champions Tour 2024: EMEA Kickoff,Group Stage,Elimination (A),FUT Esports vs GIANTX,Split,GIANTX,Redgar,omen,1,,,,,,,,,30,0,0
Champions Tour 2024: EMEA Kickoff,Group Stage,Elimination (A),FUT Esports vs GIANTX,Split,GIANTX,hoody,skye,2,,,,,,,,,30,0,0
Champions Tour 2024: EMEA Kickoff,Group Stage,Elimination (A),FUT Esports vs GIANTX,Split,GIANTX,nukkye,cypher,3,1,,,,,,,,48,0,0
Champions Tour 2024: EMEA Kickoff,Group Stage,Elimination (A),FUT Esports vs GIANTX,Split,GIANTX,Cloud,breach,5,,,,,,,,,80,8,1
Champions Tour 2024: EMEA Kickoff,Group Stage,Elimination (A),FUT Esports vs GIANTX,Icebox,FUT Esports,cNed,chamber,3,,,,,,,,,55,0,0
Champions Tour 2024: EMEA Kickoff,Group Stage,Elimination (A),FUT Esports vs GIANTX,Icebox,FUT Esports,qRaxs,fade,3,,,,,,,,,38,3,1
Champions Tour 2024: EMEA Kickoff,Group Stage,Elimination (A),FUT Esports vs GIANTX,Icebox,FUT Esports,AtaKaptan,viper,5,,,,1,,,,,44,1,1
Champions Tour 2024: EMEA Kickoff,Group Stage,Elimination (A),FUT Esports vs GIANTX,Icebox,FUT Esports,MrFaliN,sova,3,2,,,,,,,,47,2,0
Champions Tour 2024: EMEA Kickoff,Group Stage,Elimination (A),FUT Esports vs GIANTX,Icebox,FUT Esports,yetujey,phoenix,2,1,,,,1,,,,62,0,2
Champions Tour 2024: EMEA Kickoff,Group Stage,Elimination (A),FUT Esports vs GIANTX,Icebox,GIANTX,Fit1nho,raze,2,2,1,,,,,,,83,0,0
Champions Tour 2024: EMEA Kickoff,Group Stage,Elimination (A),FUT Esports vs GIANTX,Icebox,GIANTX,Redgar,omen,2,,,,,,,,,20,2,0
Champions Tour 2024: EMEA Kickoff,Group Stage,Elimination (A),FUT Esports vs GIANTX,Icebox,GIANTX,hoody,viper,3,1,,,1,,,,,72,0,1
Champions Tour 2024: EMEA Kickoff,Group Stage,Elimination (A),FUT Esports vs GIANTX,Icebox,GIANTX,nukkye,killjoy,3,2,,,,1,,,,97,2,1
Champions Tour 2024: EMEA Kickoff,Group Stage,Elimination (A),FUT Esports vs GIANTX,Icebox,GIANTX,Cloud,sova,3,2,,,1,,1,,,65,6,1
Champions Tour 2024: EMEA Kickoff,Group Stage,Elimination (A),FUT Esports vs GIANTX,Sunset,FUT Esports,cNed,raze,4,1,,,,,,,,58,0,0
Champions Tour 2024: EMEA Kickoff,Group Stage,Elimination (A),FUT Esports vs GIANTX,Sunset,FUT Esports,qRaxs,fade,6,1,,,,,,,,64,1,1
Champions Tour 2024: EMEA Kickoff,Group Stage,Elimination (A),FUT Esports vs GIANTX,Sunset,FUT Esports,AtaKaptan,viper,5,1,,,,,,,,72,0,1
Champions Tour 2024: EMEA Kickoff,Group Stage,Elimination (A),FUT Esports vs GIANTX,Sunset,FUT Esports,MrFaliN,omen,1,,,,,,,,,26,8,0
Champions Tour 2024: EMEA Kickoff,Group Stage,Elimination (A),FUT Esports vs GIANTX,Sunset,FUT Esports,yetujey,cypher,2,1,,,,,,,,61,1,2
Champions Tour 2024: EMEA Kickoff,Group Stage,Elimination (A),FUT Esports vs GIANTX,Sunset,GIANTX,Fit1nho,raze,3,,,,,,,,,32,0,0
Champions Tour 2024: EMEA Kickoff,Group Stage,Elimination (A),FUT Esports vs GIANTX,Sunset,GIANTX,Redgar,omen,2,,,,1,,,,,38,1,0
Champions Tour 2024: EMEA Kickoff,Group Stage,Elimination (A),FUT Esports vs GIANTX,Sunset,GIANTX,hoody,breach,1,1,,,,,,,,42,3,1
Champions Tour 2024: EMEA Kickoff,Group Stage,Elimination (A),FUT Esports vs GIANTX,Sunset,GIANTX,nukkye,sage,2,,,,,,,,,53,1,1
Champions Tour 2024: EMEA Kickoff,Group Stage,Elimination (A),FUT Esports vs GIANTX,Sunset,GIANTX,Cloud,fade,1,,,,,,,,,50,1,1
Champions Tour 2024: EMEA Kickoff,Group Stage,Winner's (B),Natus Vincere vs Team Liquid,All Maps,Natus Vincere,Zyppan,"raze, sova",4,4,2,,,,,,,68,6,0
Champions Tour 2024: EMEA Kickoff,Group Stage,Winner's (B),Natus Vincere vs Team Liquid,All Maps,Natus Vincere,ardiis,"breach, yoru",6,3,1,,1,1,1,,,57,3,2
Champions Tour 2024: EMEA Kickoff,Group Stage,Winner's (B),Natus Vincere vs Team Liquid,All Maps,Natus Vincere,ANGE1,"fade, omen",6,1,,,,,,,,47,4,0
Champions Tour 2024: EMEA Kickoff,Group Stage,Winner's (B),Natus Vincere vs Team Liquid,All Maps,Natus Vincere,Shao,"omen, viper",5,2,1,,,,,,,65,3,0
Champions Tour 2024: EMEA Kickoff,Group Stage,Winner's (B),Natus Vincere vs Team Liquid,All Maps,Natus Vincere,SUYGETSU,"cypher, viper",2,1,,,1,,,,,43,0,1
Champions Tour 2024: EMEA Kickoff,Group Stage,Winner's (B),Natus Vincere vs Team Liquid,All Maps,Team Liquid,Enzo,"skye, sova",2,,,,,,,,,33,5,1
Champions Tour 2024: EMEA Kickoff,Group Stage,Winner's (B),Natus Vincere vs Team Liquid,All Maps,Team Liquid,nAts,cypher,5,2,,,,,,,,57,1,0
Champions Tour 2024: EMEA Kickoff,Group Stage,Winner's (B),Natus Vincere vs Team Liquid,All Maps,Team Liquid,Mistic,"omen, viper",6,2,,,1,,,,,54,3,0
Champions Tour 2024: EMEA Kickoff,Group Stage,Winner's (B),Natus Vincere vs Team Liquid,All Maps,Team Liquid,Jamppi,"kayo, viper",7,,,,2,,,,,60,2,1
Champions Tour 2024: EMEA Kickoff,Group Stage,Winner's (B),Natus Vincere vs Team Liquid,All Maps,Team Liquid,Keiko,"raze, yoru",4,3,,,,,,,,61,0,0
Champions Tour 2024: EMEA Kickoff,Group Stage,Winner's (B),Natus Vincere vs Team Liquid,Split,Natus Vincere,Zyppan,raze,3,2,,,,,,,,58,2,0
Champions Tour 2024: EMEA Kickoff,Group Stage,Winner's (B),Natus Vincere vs Team Liquid,Split,Natus Vincere,ardiis,breach,3,,1,,1,,,,,48,1,1
Champions Tour 2024: EMEA Kickoff,Group Stage,Winner's (B),Natus Vincere vs Team Liquid,Split,Natus Vincere,ANGE1,fade,3,,,,,,,,,45,3,0
Champions Tour 2024: EMEA Kickoff,Group Stage,Winner's (B),Natus Vincere vs Team Liquid,Split,Natus Vincere,Shao,omen,3,1,1,,,,,,,85,2,0
Champions Tour 2024: EMEA Kickoff,Group Stage,Winner's (B),Natus Vincere vs Team Liquid,Split,Natus Vincere,SUYGETSU,viper,1,1,,,1,,,,,50,0,1
Champions Tour 2024: EMEA Kickoff,Group Stage,Winner's (B),Natus Vincere vs Team Liquid,Split,Team Liquid,Enzo,skye,1,,,,,,,,,27,4,0
Champions Tour 2024: EMEA Kickoff,Group Stage,Winner's (B),Natus Vincere vs Team Liquid,Split,Team Liquid,nAts,cypher,2,1,,,,,,,,38,1,0
Champions Tour 2024: EMEA Kickoff,Group Stage,Winner's (B),Natus Vincere vs Team Liquid,Split,Team Liquid,Mistic,omen,3,1,,,1,,,,,54,3,0
Champions Tour 2024: EMEA Kickoff,Group Stage,Winner's (B),Natus Vincere vs Team Liquid,Split,Team Liquid,Jamppi,viper,3,,,,,,,,,60,1,0
Champions Tour 2024: EMEA Kickoff,Group Stage,Winner's (B),Natus Vincere vs Team Liquid,Split,Team Liquid,Keiko,raze,3,3,,,,,,,,89,0,0
Champions Tour 2024: EMEA Kickoff,Group Stage,Winner's (B),Natus Vincere vs Team Liquid,Breeze,Natus Vincere,Zyppan,sova,1,2,2,,,,,,,78,4,0
Champions Tour 2024: EMEA Kickoff,Group Stage,Winner's (B),Natus Vincere vs Team Liquid,Breeze,Natus Vincere,ardiis,yoru,3,3,,,,1,1,,,66,2,1
Champions Tour 2024: EMEA Kickoff,Group Stage,Winner's (B),Natus Vincere vs Team Liquid,Breeze,Natus Vincere,ANGE1,omen,3,1,,,,,,,,49,1,0
Champions Tour 2024: EMEA Kickoff,Group Stage,Winner's (B),Natus Vincere vs Team Liquid,Breeze,Natus Vincere,Shao,viper,2,1,,,,,,,,44,1,0
Champions Tour 2024: EMEA Kickoff,Group Stage,Winner's (B),Natus Vincere vs Team Liquid,Breeze,Natus Vincere,SUYGETSU,cypher,1,,,,,,,,,36,0,0
Champions Tour 2024: EMEA Kickoff,Group Stage,Winner's (B),Natus Vincere vs Team Liquid,Breeze,Team Liquid,Enzo,sova,1,,,,,,,,,38,1,1
Champions Tour 2024: EMEA Kickoff,Group Stage,Winner's (B),Natus Vincere vs Team Liquid,Breeze,Team Liquid,nAts,cypher,3,1,,,,,,,,76,0,0
Champions Tour 2024: EMEA Kickoff,Group Stage,Winner's (B),Natus Vincere vs Team Liquid,Breeze,Team Liquid,Mistic,viper,3,1,,,,,,,,54,0,0
Champions Tour 2024: EMEA Kickoff,Group Stage,Winner's (B),Natus Vincere vs Team Liquid,Breeze,Team Liquid,Jamppi,kayo,4,,,,2,,,,,59,1,1
Champions Tour 2024: EMEA Kickoff,Group Stage,Winner's (B),Natus Vincere vs Team Liquid,Breeze,Team Liquid,Keiko,yoru,1,,,,,,,,,32,0,0
Champions Tour 2024: EMEA Kickoff,Group Stage,Elimination (B),BBL Esports vs KOI,All Maps,BBL Esports,pAura,breach,5,1,,,,,,,,34,6,0
Champions Tour 2024: EMEA Kickoff,Group Stage,Elimination (B),BBL Esports vs KOI,All Maps,BBL Esports,Brave,"brimstone, omen",3,,,,,1,,,,33,0,1
Champions Tour 2024: EMEA Kickoff,Group Stage,Elimination (B),BBL Esports vs KOI,All Maps,BBL Esports,reazy,skye,6,2,,,1,,,,,58,6,0
Champions Tour 2024: EMEA Kickoff,Group Stage,Elimination (B),BBL Esports vs KOI,All Maps,BBL Esports,QutionerX,raze,6,,,,,,,,,47,2,1
Champions Tour 2024: EMEA Kickoff,Group Stage,Elimination (B),BBL Esports vs KOI,All Maps,BBL Esports,Elite,viper,10,1,1,,,,,,,63,1,0
Champions Tour 2024: EMEA Kickoff,Group Stage,Elimination (B),BBL Esports vs KOI,All Maps,KOI,ShadoW,"breach, fade",8,1,1,,1,,,,,60,4,1
Champions Tour 2024: EMEA Kickoff,Group Stage,Elimination (B),BBL Esports vs KOI,All Maps,KOI,starxo,"fade, skye",8,1,1,,1,1,,,,60,3,2
Champions Tour 2024: EMEA Kickoff,Group Stage,Elimination (B),BBL Esports vs KOI,All Maps,KOI,sheydos,viper,5,1,,,2,,,,,60,2,2
Champions Tour 2024: EMEA Kickoff,Group Stage,Elimination (B),BBL Esports vs KOI,All Maps,KOI,grubinho,"brimstone, omen",3,2,,,,,,,,37,4,2
Champions Tour 2024: EMEA Kickoff,Group Stage,Elimination (B),BBL Esports vs KOI,All Maps,KOI,kamo,raze,10,1,1,,,,,,,69,2,1
Champions Tour 2024: EMEA Kickoff,Group Stage,Elimination (B),BBL Esports vs KOI,Bind,BBL Esports,pAura,breach,2,,,,,,,,,31,2,0
Champions Tour 2024: EMEA Kickoff,Group Stage,Elimination (B),BBL Esports vs KOI,Bind,BBL Esports,Brave,brimstone,2,,,,,,,,,37,0,0
Champions Tour 2024: EMEA Kickoff,Group Stage,Elimination (B),BBL Esports vs KOI,Bind,BBL Esports,reazy,skye,2,1,,,,,,,,58,3,0
Champions Tour 2024: EMEA Kickoff,Group Stage,Elimination (B),BBL Esports vs KOI,Bind,BBL Esports,QutionerX,raze,2,,,,,,,,,39,1,0
Champions Tour 2024: EMEA Kickoff,Group Stage,Elimination (B),BBL Esports vs KOI,Bind,BBL Esports,Elite,viper,2,1,1,,,,,,,67,0,0
Champions Tour 2024: EMEA Kickoff,Group Stage,Elimination (B),BBL Esports vs KOI,Bind,KOI,ShadoW,fade,3,,1,,1,,,,,65,1,0
Champions Tour 2024: EMEA Kickoff,Group Stage,Elimination (B),BBL Esports vs KOI,Bind,KOI,starxo,skye,4,,1,,1,,,,,59,2,1
Champions Tour 2024: EMEA Kickoff,Group Stage,Elimination (B),BBL Esports vs KOI,Bind,KOI,sheydos,viper,3,1,,,1,,,,,63,1,0
Champions Tour 2024: EMEA Kickoff,Group Stage,Elimination (B),BBL Esports vs KOI,Bind,KOI,grubinho,brimstone,1,1,,,,,,,,40,3,2
Champions Tour 2024: EMEA Kickoff,Group Stage,Elimination (B),BBL Esports vs KOI,Bind,KOI,kamo,raze,4,,,,,,,,,61,1,0
Champions Tour 2024: EMEA Kickoff,Group Stage,Elimination (B),BBL Esports vs KOI,Split,BBL Esports,pAura,breach,3,1,,,,,,,,37,4,0
Champions Tour 2024: EMEA Kickoff,Group Stage,Elimination (B),BBL Esports vs KOI,Split,BBL Esports,Brave,omen,1,,,,,1,,,,29,0,1
Champions Tour 2024: EMEA Kickoff,Group Stage,Elimination (B),BBL Esports vs KOI,Split,BBL Esports,reazy,skye,4,1,,,1,,,,,58,3,0
Champions Tour 2024: EMEA Kickoff,Group Stage,Elimination (B),BBL Esports vs KOI,Split,BBL Esports,QutionerX,raze,4,,,,,,,,,55,1,1
Champions Tour 2024: EMEA Kickoff,Group Stage,Elimination (B),BBL Esports vs KOI,Split,BBL Esports,Elite,viper,8,,,,,,,,,59,1,0
Champions Tour 2024: EMEA Kickoff,Group Stage,Elimination (B),BBL Esports vs KOI,Split,KOI,ShadoW,breach,5,1,,,,,,,,54,3,1
Champions Tour 2024: EMEA Kickoff,Group Stage,Elimination (B),BBL Esports vs KOI,Split,KOI,starxo,fade,4,1,,,,1,,,,60,1,1
Champions Tour 2024: EMEA Kickoff,Group Stage,Elimination (B),BBL Esports vs KOI,Split,KOI,sheydos,viper,2,,,,1,,,,,56,1,2
Champions Tour 2024: EMEA Kickoff,Group Stage,Elimination (B),BBL Esports vs KOI,Split,KOI,grubinho,omen,2,1,,,,,,,,33,1,0
Champions Tour 2024: EMEA Kickoff,Group Stage,Elimination (B),BBL Esports vs KOI,Split,KOI,kamo,raze,6,1,1,,,,,,,76,1,1
Champions Tour 2024: EMEA Kickoff,Group Stage,Winner's (C),Team Vitality vs FNATIC,All Maps,Team Vitality,Sayf,"kayo, omen",10,2,,,,2,,,,48,5,0
Champions Tour 2024: EMEA Kickoff,Group Stage,Winner's (C),Team Vitality vs FNATIC,All Maps,Team Vitality,Destrian,"killjoy, omen",2,,,,1,,,,,32,4,1
Champions Tour 2024: EMEA Kickoff,Group Stage,Winner's (C),Team Vitality vs FNATIC,All Maps,Team Vitality,ceNder,"cypher, viper",4,2,,,,,,,,38,1,1
Champions Tour 2024: EMEA Kickoff,Group Stage,Winner's (C),Team Vitality vs FNATIC,All Maps,Team Vitality,Kicks,"skye, sova",2,2,2,,1,,,,,43,10,1
Champions Tour 2024: EMEA Kickoff,Group Stage,Winner's (C),Team Vitality vs FNATIC,All Maps,Team Vitality,runneR,"jett, raze",5,,,,,,,,,48,1,0
Champions Tour 2024: EMEA Kickoff,Group Stage,Winner's (C),Team Vitality vs FNATIC,All Maps,FNATIC,Boaster,omen,8,2,,,,,,,,67,2,0
Champions Tour 2024: EMEA Kickoff,Group Stage,Winner's (C),Team Vitality vs FNATIC,All Maps,FNATIC,Chronicle,"kayo, viper",7,2,1,,1,2,1,,,68,4,3
Champions Tour 2024: EMEA Kickoff,Group Stage,Winner's (C),Team Vitality vs FNATIC,All Maps,FNATIC,Leo,"fade, sova",6,,,,,,,,,61,9,1
Champions Tour 2024: EMEA Kickoff,Group Stage,Winner's (C),Team Vitality vs FNATIC,All Maps,FNATIC,Derke,"jett, raze",6,,1,,,,,,,45,0,1
Champions Tour 2024: EMEA Kickoff,Group Stage,Winner's (C),Team Vitality vs FNATIC,All Maps,FNATIC,Alfajer,killjoy,7,4,1,,,,,,,64,1,2
Champions Tour 2024: EMEA Kickoff,Group Stage,Winner's (C),Team Vitality vs FNATIC,Lotus,Team Vitality,Sayf,omen,6,2,,,,,,,,51,0,0
Champions Tour 2024: EMEA Kickoff,Group Stage,Winner's (C),Team Vitality vs FNATIC,Lotus,Team Vitality,Destrian,killjoy,2,,,,1,,,,,43,2,1
Champions Tour 2024: EMEA Kickoff,Group Stage,Winner's (C),Team Vitality vs FNATIC,Lotus,Team Vitality,ceNder,viper,3,2,,,,,,,,46,1,1
Champions Tour 2024: EMEA Kickoff,Group Stage,Winner's (C),Team Vitality vs FNATIC,Lotus,Team Vitality,Kicks,skye,1,1,1,,1,,,,,29,7,1
Champions Tour 2024: EMEA Kickoff,Group Stage,Winner's (C),Team Vitality vs FNATIC,Lotus,Team Vitality,runneR,raze,3,,,,,,,,,49,1,0
Champions Tour 2024: EMEA Kickoff,Group Stage,Winner's (C),Team Vitality vs FNATIC,Lotus,FNATIC,Boaster,omen,4,2,,,,,,,,59,1,0
Champions Tour 2024: EMEA Kickoff,Group Stage,Winner's (C),Team Vitality vs FNATIC,Lotus,FNATIC,Chronicle,viper,3,2,,,1,,1,,,71,2,1
Champions Tour 2024: EMEA Kickoff,Group Stage,Winner's (C),Team Vitality vs FNATIC,Lotus,FNATIC,Leo,fade,5,,,,,,,,,55,8,0
Champions Tour 2024: EMEA Kickoff,Group Stage,Winner's (C),Team Vitality vs FNATIC,Lotus,FNATIC,Derke,raze,3,,,,,,,,,25,0,1
Champions Tour 2024: EMEA Kickoff,Group Stage,Winner's (C),Team Vitality vs FNATIC,Lotus,FNATIC,Alfajer,killjoy,3,2,,,,,,,,46,0,0
Champions Tour 2024: EMEA Kickoff,Group Stage,Winner's (C),Team Vitality vs FNATIC,Ascent,Team Vitality,Sayf,kayo,4,,,,,2,,,,44,5,0
Champions Tour 2024: EMEA Kickoff,Group Stage,Winner's (C),Team Vitality vs FNATIC,Ascent,Team Vitality,Destrian,omen,,,,,,,,,,20,2,0
Champions Tour 2024: EMEA Kickoff,Group Stage,Winner's (C),Team Vitality vs FNATIC,Ascent,Team Vitality,ceNder,cypher,1,,,,,,,,,29,0,0
Champions Tour 2024: EMEA Kickoff,Group Stage,Winner's (C),Team Vitality vs FNATIC,Ascent,Team Vitality,Kicks,sova,1,1,1,,,,,,,57,3,0
Champions Tour 2024: EMEA Kickoff,Group Stage,Winner's (C),Team Vitality vs FNATIC,Ascent,Team Vitality,runneR,jett,2,,,,,,,,,46,0,0
Champions Tour 2024: EMEA Kickoff,Group Stage,Winner's (C),Team Vitality vs FNATIC,Ascent,FNATIC,Boaster,omen,4,,,,,,,,,74,1,0
Champions Tour 2024: EMEA Kickoff,Group Stage,Winner's (C),Team Vitality vs FNATIC,Ascent,FNATIC,Chronicle,kayo,4,,1,,,2,,,,65,2,2
Champions Tour 2024: EMEA Kickoff,Group Stage,Winner's (C),Team Vitality vs FNATIC,Ascent,FNATIC,Leo,sova,1,,,,,,,,,66,1,1
Champions Tour 2024: EMEA Kickoff,Group Stage,Winner's (C),Team Vitality vs FNATIC,Ascent,FNATIC,Derke,jett,3,,1,,,,,,,65,0,0
Champions Tour 2024: EMEA Kickoff,Group Stage,Winner's (C),Team Vitality vs FNATIC,Ascent,FNATIC,Alfajer,killjoy,4,2,1,,,,,,,82,1,2
Champions Tour 2024: EMEA Kickoff,Group Stage,Decider (C),Team Vitality vs Gentle Mates,All Maps,Team Vitality,Sayf,"cypher, omen, viper",8,1,3,,,1,,,,43,2,0
Champions Tour 2024: EMEA Kickoff,Group Stage,Decider (C),Team Vitality vs Gentle Mates,All Maps,Team Vitality,Destrian,"astra, cypher, killjoy",6,1,1,,,,,,,53,1,0
Champions Tour 2024: EMEA Kickoff,Group Stage,Decider (C),Team Vitality vs Gentle Mates,All Maps,Team Vitality,ceNder,"omen, viper",4,,,,1,,,,,36,4,1
Champions Tour 2024: EMEA Kickoff,Group Stage,Decider (C),Team Vitality vs Gentle Mates,All Maps,Team Vitality,Kicks,skye,8,5,1,,,3,,,,48,16,0
Champions Tour 2024: EMEA Kickoff,Group Stage,Decider (C),Team Vitality vs Gentle Mates,All Maps,Team Vitality,runneR,"jett, raze",9,1,1,,,,1,,,54,1,2
Champions Tour 2024: EMEA Kickoff,Group Stage,Decider (C),Team Vitality vs Gentle Mates,All Maps,Gentle Mates,beyAz,"breach, sova",5,1,,,,1,,,,38,6,2
Champions Tour 2024: EMEA Kickoff,Group Stage,Decider (C),Team Vitality vs Gentle Mates,All Maps,Gentle Mates,TakaS,"raze, yoru",15,4,1,,,1,,,,68,0,1
Champions Tour 2024: EMEA Kickoff,Group Stage,Decider (C),Team Vitality vs Gentle Mates,All Maps,Gentle Mates,logaN,"cypher, killjoy",5,1,1,,,,,,,51,4,0
Champions Tour 2024: EMEA Kickoff,Group Stage,Decider (C),Team Vitality vs Gentle Mates,All Maps,Gentle Mates,nataNk,"phoenix, raze",4,4,1,,1,1,,,,53,4,2
Champions Tour 2024: EMEA Kickoff,Group Stage,Decider (C),Team Vitality vs Gentle Mates,All Maps,Gentle Mates,Wailers,"omen, viper",5,2,,,2,,,,,51,8,0
Champions Tour 2024: EMEA Kickoff,Group Stage,Decider (C),Team Vitality vs Gentle Mates,Breeze,Team Vitality,Sayf,cypher,1,,,,,,,,,30,1,0
Champions Tour 2024: EMEA Kickoff,Group Stage,Decider (C),Team Vitality vs Gentle Mates,Breeze,Team Vitality,Destrian,astra,4,,,,,,,,,78,0,0
Champions Tour 2024: EMEA Kickoff,Group Stage,Decider (C),Team Vitality vs Gentle Mates,Breeze,Team Vitality,ceNder,viper,,,,,,,,,,34,1,0
Champions Tour 2024: EMEA Kickoff,Group Stage,Decider (C),Team Vitality vs Gentle Mates,Breeze,Team Vitality,Kicks,skye,4,1,,,,,,,,51,1,0
Champions Tour 2024: EMEA Kickoff,Group Stage,Decider (C),Team Vitality vs Gentle Mates,Breeze,Team Vitality,runneR,jett,2,,1,,,,,,,59,0,0
Champions Tour 2024: EMEA Kickoff,Group Stage,Decider (C),Team Vitality vs Gentle Mates,Breeze,Gentle Mates,beyAz,sova,2,,,,,1,,,,34,2,0
Champions Tour 2024: EMEA Kickoff,Group Stage,Decider (C),Team Vitality vs Gentle Mates,Breeze,Gentle Mates,TakaS,yoru,4,3,1,,,,,,,83,0,0
Champions Tour 2024: EMEA Kickoff,Group Stage,Decider (C),Team Vitality vs Gentle Mates,Breeze,Gentle Mates,logaN,cypher,2,1,,,,,,,,50,2,0
Champions Tour 2024: EMEA Kickoff,Group Stage,Decider (C),Team Vitality vs Gentle Mates,Breeze,Gentle Mates,nataNk,phoenix,3,2,,,,1,,,,65,0,1
Champions Tour 2024: EMEA Kickoff,Group Stage,Decider (C),Team Vitality vs Gentle Mates,Breeze,Gentle Mates,Wailers,viper,2,,,,2,,,,,45,6,0
Champions Tour 2024: EMEA Kickoff,Group Stage,Decider (C),Team Vitality vs Gentle Mates,Lotus,Team Vitality,Sayf,omen,7,,1,,,,,,,38,1,0
Champions Tour 2024: EMEA Kickoff,Group Stage,Decider (C),Team Vitality vs Gentle Mates,Lotus,Team Vitality,Destrian,killjoy,2,1,1,,,,,,,43,1,0
Champions Tour 2024: EMEA Kickoff,Group Stage,Decider (C),Team Vitality vs Gentle Mates,Lotus,Team Vitality,ceNder,viper,2,,,,,,,,,36,1,1
Champions Tour 2024: EMEA Kickoff,Group Stage,Decider (C),Team Vitality vs Gentle Mates,Lotus,Team Vitality,Kicks,skye,4,2,1,,,1,,,,51,8,0
Champions Tour 2024: EMEA Kickoff,Group Stage,Decider (C),Team Vitality vs Gentle Mates,Lotus,Team Vitality,runneR,raze,6,,,,,,,,,61,0,2
Champions Tour 2024: EMEA Kickoff,Group Stage,Decider (C),Team Vitality vs Gentle Mates,Lotus,Gentle Mates,beyAz,breach,1,1,,,,,,,,36,4,1
Champions Tour 2024: EMEA Kickoff,Group Stage,Decider (C),Team Vitality vs Gentle Mates,Lotus,Gentle Mates,TakaS,raze,7,1,,,,1,,,,58,0,1
Champions Tour 2024: EMEA Kickoff,Group Stage,Decider (C),Team Vitality vs Gentle Mates,Lotus,Gentle Mates,logaN,killjoy,2,,,,,,,,,43,2,0
Champions Tour 2024: EMEA Kickoff,Group Stage,Decider (C),Team Vitality vs Gentle Mates,Lotus,Gentle Mates,nataNk,phoenix,1,2,1,,1,,,,,58,3,1
Champions Tour 2024: EMEA Kickoff,Group Stage,Decider (C),Team Vitality vs Gentle Mates,Lotus,Gentle Mates,Wailers,omen,2,1,,,,,,,,42,1,0
Champions Tour 2024: EMEA Kickoff,Group Stage,Decider (C),Team Vitality vs Gentle Mates,Sunset,Team Vitality,Sayf,viper,,1,2,,,1,,,,62,0,0
Champions Tour 2024: EMEA Kickoff,Group Stage,Decider (C),Team Vitality vs Gentle Mates,Sunset,Team Vitality,Destrian,cypher,,,,,,,,,,39,0,0
Champions Tour 2024: EMEA Kickoff,Group Stage,Decider (C),Team Vitality vs Gentle Mates,Sunset,Team Vitality,ceNder,omen,2,,,,1,,,,,38,2,0
Champions Tour 2024: EMEA Kickoff,Group Stage,Decider (C),Team Vitality vs Gentle Mates,Sunset,Team Vitality,Kicks,skye,,2,,,,2,,,,42,7,0
Champions Tour 2024: EMEA Kickoff,Group Stage,Decider (C),Team Vitality vs Gentle Mates,Sunset,Team Vitality,runneR,raze,1,1,,,,,1,,,43,1,0
Champions Tour 2024: EMEA Kickoff,Group Stage,Decider (C),Team Vitality vs Gentle Mates,Sunset,Gentle Mates,beyAz,breach,2,,,,,,,,,43,0,1
Champions Tour 2024: EMEA Kickoff,Group Stage,Decider (C),Team Vitality vs Gentle Mates,Sunset,Gentle Mates,TakaS,yoru,4,,,,,,,,,62,0,0
Champions Tour 2024: EMEA Kickoff,Group Stage,Decider (C),Team Vitality vs Gentle Mates,Sunset,Gentle Mates,logaN,cypher,1,,1,,,,,,,61,0,0
Champions Tour 2024: EMEA Kickoff,Group Stage,Decider (C),Team Vitality vs Gentle Mates,Sunset,Gentle Mates,nataNk,raze,,,,,,,,,,37,1,0
Champions Tour 2024: EMEA Kickoff,Group Stage,Decider (C),Team Vitality vs Gentle Mates,Sunset,Gentle Mates,Wailers,omen,1,1,,,,,,,,65,1,0
Champions Tour 2024: EMEA Kickoff,Group Stage,Decider (A),Karmine Corp vs FUT Esports,All Maps,Karmine Corp,MAGNUM,"cypher, killjoy, skye",9,1,2,,1,,1,,,47,2,3
Champions Tour 2024: EMEA Kickoff,Group Stage,Decider (A),Karmine Corp vs FUT Esports,All Maps,Karmine Corp,sh1n,omen,6,,,,1,,,,,34,9,1
Champions Tour 2024: EMEA Kickoff,Group Stage,Decider (A),Karmine Corp vs FUT Esports,All Maps,Karmine Corp,marteen,"raze, yoru",14,4,,,,1,,,,57,2,4
Champions Tour 2024: EMEA Kickoff,Group Stage,Decider (A),Karmine Corp vs FUT Esports,All Maps,Karmine Corp,tomaszy,viper,11,3,,,1,,,,,48,3,2
Champions Tour 2024: EMEA Kickoff,Group Stage,Decider (A),Karmine Corp vs FUT Esports,All Maps,Karmine Corp,N4RRATE,"fade, gekko, raze",9,5,,1,,,,,,53,13,6
Champions Tour 2024: EMEA Kickoff,Group Stage,Decider (A),Karmine Corp vs FUT Esports,All Maps,FUT Esports,cNed,raze,9,2,1,,,,1,,,46,1,1
Champions Tour 2024: EMEA Kickoff,Group Stage,Decider (A),Karmine Corp vs FUT Esports,All Maps,FUT Esports,qRaxs,"fade, gekko, kayo",8,4,1,,,,2,,,57,10,2
Champions Tour 2024: EMEA Kickoff,Group Stage,Decider (A),Karmine Corp vs FUT Esports,All Maps,FUT Esports,AtaKaptan,"breach, omen, viper",13,2,1,,1,,,,,55,5,4
Champions Tour 2024: EMEA Kickoff,Group Stage,Decider (A),Karmine Corp vs FUT Esports,All Maps,FUT Esports,MrFaliN,"gekko, omen",10,2,,,,2,,,,51,13,4
Champions Tour 2024: EMEA Kickoff,Group Stage,Decider (A),Karmine Corp vs FUT Esports,All Maps,FUT Esports,yetujey,"cypher, viper",6,3,1,,2,,1,,,53,6,2
Champions Tour 2024: EMEA Kickoff,Group Stage,Decider (A),Karmine Corp vs FUT Esports,Lotus,Karmine Corp,MAGNUM,killjoy,3,,2,,1,,1,,,42,0,1
Champions Tour 2024: EMEA Kickoff,Group Stage,Decider (A),Karmine Corp vs FUT Esports,Lotus,Karmine Corp,sh1n,omen,3,,,,1,,,,,24,8,0
Champions Tour 2024: EMEA Kickoff,Group Stage,Decider (A),Karmine Corp vs FUT Esports,Lotus,Karmine Corp,marteen,raze,7,1,,,,,,,,39,1,0
Champions Tour 2024: EMEA Kickoff,Group Stage,Decider (A),Karmine Corp vs FUT Esports,Lotus,Karmine Corp,tomaszy,viper,6,3,,,,,,,,53,3,0
Champions Tour 2024: EMEA Kickoff,Group Stage,Decider (A),Karmine Corp vs FUT Esports,Lotus,Karmine Corp,N4RRATE,fade,4,4,,1,,,,,,53,6,3
Champions Tour 2024: EMEA Kickoff,Group Stage,Decider (A),Karmine Corp vs FUT Esports,Lotus,FUT Esports,cNed,raze,3,1,,,,,,,,28,1,0
Champions Tour 2024: EMEA Kickoff,Group Stage,Decider (A),Karmine Corp vs FUT Esports,Lotus,FUT Esports,qRaxs,gekko,2,2,,,,,1,,,36,7,1
Champions Tour 2024: EMEA Kickoff,Group Stage,Decider (A),Karmine Corp vs FUT Esports,Lotus,FUT Esports,AtaKaptan,breach,6,1,1,,1,,,,,45,3,3
Champions Tour 2024: EMEA Kickoff,Group Stage,Decider (A),Karmine Corp vs FUT Esports,Lotus,FUT Esports,MrFaliN,omen,2,2,,,,1,,,,42,2,1
Champions Tour 2024: EMEA Kickoff,Group Stage,Decider (A),Karmine Corp vs FUT Esports,Lotus,FUT Esports,yetujey,cypher,3,1,1,,2,,,,,45,1,1
Champions Tour 2024: EMEA Kickoff,Group Stage,Decider (A),Karmine Corp vs FUT Esports,Bind,Karmine Corp,MAGNUM,skye,2,,,,,,,,,36,2,1
Champions Tour 2024: EMEA Kickoff,Group Stage,Decider (A),Karmine Corp vs FUT Esports,Bind,Karmine Corp,sh1n,omen,,,,,,,,,,26,1,0
Champions Tour 2024: EMEA Kickoff,Group Stage,Decider (A),Karmine Corp vs FUT Esports,Bind,Karmine Corp,marteen,yoru,2,1,,,,,,,,60,0,1
Champions Tour 2024: EMEA Kickoff,Group Stage,Decider (A),Karmine Corp vs FUT Esports,Bind,Karmine Corp,tomaszy,viper,1,,,,,,,,,44,0,0
Champions Tour 2024: EMEA Kickoff,Group Stage,Decider (A),Karmine Corp vs FUT Esports,Bind,Karmine Corp,N4RRATE,raze,3,1,,,,,,,,56,2,1
Champions Tour 2024: EMEA Kickoff,Group Stage,Decider (A),Karmine Corp vs FUT Esports,Bind,FUT Esports,cNed,raze,1,,,,,,,,,38,0,0
Champions Tour 2024: EMEA Kickoff,Group Stage,Decider (A),Karmine Corp vs FUT Esports,Bind,FUT Esports,qRaxs,kayo,4,2,,,,,1,,,85,1,1
Champions Tour 2024: EMEA Kickoff,Group Stage,Decider (A),Karmine Corp vs FUT Esports,Bind,FUT Esports,AtaKaptan,omen,5,1,,,,,,,,67,1,1
Champions Tour 2024: EMEA Kickoff,Group Stage,Decider (A),Karmine Corp vs FUT Esports,Bind,FUT Esports,MrFaliN,gekko,4,,,,,,,,,64,5,1
Champions Tour 2024: EMEA Kickoff,Group Stage,Decider (A),Karmine Corp vs FUT Esports,Bind,FUT Esports,yetujey,viper,,2,,,,,1,,,65,4,1
Champions Tour 2024: EMEA Kickoff,Group Stage,Decider (A),Karmine Corp vs FUT Esports,Sunset,Karmine Corp,MAGNUM,cypher,4,1,,,,,,,,63,0,1
Champions Tour 2024: EMEA Kickoff,Group Stage,Decider (A),Karmine Corp vs FUT Esports,Sunset,Karmine Corp,sh1n,omen,3,,,,,,,,,51,0,1
Champions Tour 2024: EMEA Kickoff,Group Stage,Decider (A),Karmine Corp vs FUT Esports,Sunset,Karmine Corp,marteen,raze,5,2,,,,1,,,,72,1,3
Champions Tour 2024: EMEA Kickoff,Group Stage,Decider (A),Karmine Corp vs FUT Esports,Sunset,Karmine Corp,tomaszy,viper,4,,,,1,,,,,48,0,2
Champions Tour 2024: EMEA Kickoff,Group Stage,Decider (A),Karmine Corp vs FUT Esports,Sunset,Karmine Corp,N4RRATE,gekko,2,,,,,,,,,51,5,2
Champions Tour 2024: EMEA Kickoff,Group Stage,Decider (A),Karmine Corp vs FUT Esports,Sunset,FUT Esports,cNed,raze,5,1,1,,,,1,,,73,0,1
Champions Tour 2024: EMEA Kickoff,Group Stage,Decider (A),Karmine Corp vs FUT Esports,Sunset,FUT Esports,qRaxs,fade,2,,1,,,,,,,50,2,0
Champions Tour 2024: EMEA Kickoff,Group Stage,Decider (A),Karmine Corp vs FUT Esports,Sunset,FUT Esports,AtaKaptan,viper,2,,,,,,,,,53,1,0
Champions Tour 2024: EMEA Kickoff,Group Stage,Decider (A),Karmine Corp vs FUT Esports,Sunset,FUT Esports,MrFaliN,omen,4,,,,,1,,,,46,6,2
Champions Tour 2024: EMEA Kickoff,Group Stage,Decider (A),Karmine Corp vs FUT Esports,Sunset,FUT Esports,yetujey,cypher,3,,,,,,,,,50,1,0
Champions Tour 2024: EMEA Kickoff,Group Stage,Decider (B),Team Liquid vs KOI,All Maps,Team Liquid,Enzo,"fade, skye, sova",5,3,,,,,,,,48,9,1
Champions Tour 2024: EMEA Kickoff,Group Stage,Decider (B),Team Liquid vs KOI,All Maps,Team Liquid,nAts,"cypher, viper",7,2,,,1,1,,,,44,2,1
Champions Tour 2024: EMEA Kickoff,Group Stage,Decider (B),Team Liquid vs KOI,All Maps,Team Liquid,Mistic,"omen, sage",8,6,1,,,,,1,,58,10,1
Champions Tour 2024: EMEA Kickoff,Group Stage,Decider (B),Team Liquid vs KOI,All Maps,Team Liquid,Jamppi,"breach, killjoy, viper",8,2,1,,,,1,,,55,1,1
Champions Tour 2024: EMEA Kickoff,Group Stage,Decider (B),Team Liquid vs KOI,All Maps,Team Liquid,Keiko,"jett, raze",12,1,,1,,,,,,43,1,1
Champions Tour 2024: EMEA Kickoff,Group Stage,Decider (B),Team Liquid vs KOI,All Maps,KOI,ShadoW,"breach, sova",12,2,,,,,,,,43,8,1
Champions Tour 2024: EMEA Kickoff,Group Stage,Decider (B),Team Liquid vs KOI,All Maps,KOI,starxo,"fade, harbor",9,4,2,,2,,,,,56,9,1
Champions Tour 2024: EMEA Kickoff,Group Stage,Decider (B),Team Liquid vs KOI,All Maps,KOI,sheydos,"cypher, killjoy, viper",7,2,,,1,2,,,,48,0,2
Champions Tour 2024: EMEA Kickoff,Group Stage,Decider (B),Team Liquid vs KOI,All Maps,KOI,grubinho,"omen, viper",7,3,,,2,,,,,50,4,1
Champions Tour 2024: EMEA Kickoff,Group Stage,Decider (B),Team Liquid vs KOI,All Maps,KOI,kamo,"raze, yoru",10,,2,1,2,,1,,,51,1,3
Champions Tour 2024: EMEA Kickoff,Group Stage,Decider (B),Team Liquid vs KOI,Sunset,Team Liquid,Enzo,fade,2,,,,,,,,,38,6,0
Champions Tour 2024: EMEA Kickoff,Group Stage,Decider (B),Team Liquid vs KOI,Sunset,Team Liquid,nAts,cypher,1,,,,,1,,,,37,0,0
Champions Tour 2024: EMEA Kickoff,Group Stage,Decider (B),Team Liquid vs KOI,Sunset,Team Liquid,Mistic,omen,2,3,,,,,,,,64,1,0
Champions Tour 2024: EMEA Kickoff,Group Stage,Decider (B),Team Liquid vs KOI,Sunset,Team Liquid,Jamppi,breach,3,,,,,,,,,43,0,1
Champions Tour 2024: EMEA Kickoff,Group Stage,Decider (B),Team Liquid vs KOI,Sunset,Team Liquid,Keiko,raze,3,1,,,,,,,,43,0,0
Champions Tour 2024: EMEA Kickoff,Group Stage,Decider (B),Team Liquid vs KOI,Sunset,KOI,ShadoW,breach,4,,,,,,,,,43,5,1
Champions Tour 2024: EMEA Kickoff,Group Stage,Decider (B),Team Liquid vs KOI,Sunset,KOI,starxo,fade,4,1,1,,1,,,,,73,1,0
Champions Tour 2024: EMEA Kickoff,Group Stage,Decider (B),Team Liquid vs KOI,Sunset,KOI,sheydos,cypher,2,1,,,,,,,,47,0,1
Champions Tour 2024: EMEA Kickoff,Group Stage,Decider (B),Team Liquid vs KOI,Sunset,KOI,grubinho,omen,,1,,,,,,,,32,1,0
Champions Tour 2024: EMEA Kickoff,Group Stage,Decider (B),Team Liquid vs KOI,Sunset,KOI,kamo,raze,3,,,1,,,,,,41,0,1
Champions Tour 2024: EMEA Kickoff,Group Stage,Decider (B),Team Liquid vs KOI,Icebox,Team Liquid,Enzo,sova,2,2,,,,,,,,55,1,1
Champions Tour 2024: EMEA Kickoff,Group Stage,Decider (B),Team Liquid vs KOI,Icebox,Team Liquid,nAts,viper,3,2,,,,,,,,45,0,0
Champions Tour 2024: EMEA Kickoff,Group Stage,Decider (B),Team Liquid vs KOI,Icebox,Team Liquid,Mistic,sage,5,,1,,,,,1,,61,8,1
Champions Tour 2024: EMEA Kickoff,Group Stage,Decider (B),Team Liquid vs KOI,Icebox,Team Liquid,Jamppi,killjoy,2,2,,,,,,,,55,0,0
Champions Tour 2024: EMEA Kickoff,Group Stage,Decider (B),Team Liquid vs KOI,Icebox,Team Liquid,Keiko,jett,3,,,1,,,,,,42,0,0
Champions Tour 2024: EMEA Kickoff,Group Stage,Decider (B),Team Liquid vs KOI,Icebox,KOI,ShadoW,sova,4,2,,,,,,,,53,3,0
Champions Tour 2024: EMEA Kickoff,Group Stage,Decider (B),Team Liquid vs KOI,Icebox,KOI,starxo,harbor,4,2,,,1,,,,,49,3,1
Champions Tour 2024: EMEA Kickoff,Group Stage,Decider (B),Team Liquid vs KOI,Icebox,KOI,sheydos,killjoy,2,,,,,1,,,,48,0,0
Champions Tour 2024: EMEA Kickoff,Group Stage,Decider (B),Team Liquid vs KOI,Icebox,KOI,grubinho,viper,2,2,,,1,,,,,56,1,1
Champions Tour 2024: EMEA Kickoff,Group Stage,Decider (B),Team Liquid vs KOI,Icebox,KOI,kamo,yoru,1,,1,,1,,,,,50,0,1
Champions Tour 2024: EMEA Kickoff,Group Stage,Decider (B),Team Liquid vs KOI,Split,Team Liquid,Enzo,skye,1,1,,,,,,,,52,2,0
Champions Tour 2024: EMEA Kickoff,Group Stage,Decider (B),Team Liquid vs KOI,Split,Team Liquid,nAts,cypher,3,,,,1,,,,,50,2,1
Champions Tour 2024: EMEA Kickoff,Group Stage,Decider (B),Team Liquid vs KOI,Split,Team Liquid,Mistic,omen,1,3,,,,,,,,49,1,0
Champions Tour 2024: EMEA Kickoff,Group Stage,Decider (B),Team Liquid vs KOI,Split,Team Liquid,Jamppi,viper,3,,1,,,,1,,,67,1,0
Champions Tour 2024: EMEA Kickoff,Group Stage,Decider (B),Team Liquid vs KOI,Split,Team Liquid,Keiko,raze,6,,,,,,,,,45,1,1
Champions Tour 2024: EMEA Kickoff,Group Stage,Decider (B),Team Liquid vs KOI,Split,KOI,ShadoW,breach,4,,,,,,,,,32,0,0
Champions Tour 2024: EMEA Kickoff,Group Stage,Decider (B),Team Liquid vs KOI,Split,KOI,starxo,fade,1,1,1,,,,,,,46,5,0
Champions Tour 2024: EMEA Kickoff,Group Stage,Decider (B),Team Liquid vs KOI,Split,KOI,sheydos,viper,3,1,,,1,1,,,,48,0,1
Champions Tour 2024: EMEA Kickoff,Group Stage,Decider (B),Team Liquid vs KOI,Split,KOI,grubinho,omen,5,,,,1,,,,,63,2,0
Champions Tour 2024: EMEA Kickoff,Group Stage,Decider (B),Team Liquid vs KOI,Split,KOI,kamo,raze,6,,1,,1,,1,,,61,1,1
Champions Tour 2024: EMEA Kickoff,Play-In Stage,Play-ins,Karmine Corp vs Team Vitality,All Maps,Karmine Corp,MAGNUM,"cypher, skye",4,3,,,,,,,,51,2,2
Champions Tour 2024: EMEA Kickoff,Play-In Stage,Play-ins,Karmine Corp vs Team Vitality,All Maps,Karmine Corp,sh1n,"harbor, omen",4,1,,,1,1,,,,39,6,0
Champions Tour 2024: EMEA Kickoff,Play-In Stage,Play-ins,Karmine Corp vs Team Vitality,All Maps,Karmine Corp,marteen,raze,11,4,,,,,,,,56,4,1
Champions Tour 2024: EMEA Kickoff,Play-In Stage,Play-ins,Karmine Corp vs Team Vitality,All Maps,Karmine Corp,tomaszy,viper,3,1,,,1,,,,,43,4,1
Champions Tour 2024: EMEA Kickoff,Play-In Stage,Play-ins,Karmine Corp vs Team Vitality,All Maps,Karmine Corp,N4RRATE,"gekko, reyna",8,4,,,2,,,,,58,4,6
Champions Tour 2024: EMEA Kickoff,Play-In Stage,Play-ins,Karmine Corp vs Team Vitality,All Maps,Team Vitality,Sayf,"kayo, viper",10,3,1,,,,,,,66,5,0
Champions Tour 2024: EMEA Kickoff,Play-In Stage,Play-ins,Karmine Corp vs Team Vitality,All Maps,Team Vitality,Destrian,"cypher, omen",2,2,,,1,,,,,31,4,0
Champions Tour 2024: EMEA Kickoff,Play-In Stage,Play-ins,Karmine Corp vs Team Vitality,All Maps,Team Vitality,ceNder,"killjoy, omen",4,1,,,2,,,,,39,2,1
Champions Tour 2024: EMEA Kickoff,Play-In Stage,Play-ins,Karmine Corp vs Team Vitality,All Maps,Team Vitality,Kicks,"skye, sova",5,2,1,,1,,,,,50,11,3
Champions Tour 2024: EMEA Kickoff,Play-In Stage,Play-ins,Karmine Corp vs Team Vitality,All Maps,Team Vitality,runneR,"jett, raze",6,4,,,2,,,,,53,0,2
Champions Tour 2024: EMEA Kickoff,Play-In Stage,Play-ins,Karmine Corp vs Team Vitality,Sunset,Karmine Corp,MAGNUM,cypher,,2,,,,,,,,47,0,0
Champions Tour 2024: EMEA Kickoff,Play-In Stage,Play-ins,Karmine Corp vs Team Vitality,Sunset,Karmine Corp,sh1n,omen,2,,,,,,,,,41,0,0
Champions Tour 2024: EMEA Kickoff,Play-In Stage,Play-ins,Karmine Corp vs Team Vitality,Sunset,Karmine Corp,marteen,raze,4,4,,,,,,,,64,2,1
Champions Tour 2024: EMEA Kickoff,Play-In Stage,Play-ins,Karmine Corp vs Team Vitality,Sunset,Karmine Corp,tomaszy,viper,2,,,,1,,,,,44,2,0
Champions Tour 2024: EMEA Kickoff,Play-In Stage,Play-ins,Karmine Corp vs Team Vitality,Sunset,Karmine Corp,N4RRATE,gekko,6,1,,,1,,,,,62,4,5
Champions Tour 2024: EMEA Kickoff,Play-In Stage,Play-ins,Karmine Corp vs Team Vitality,Sunset,Team Vitality,Sayf,viper,5,1,1,,,,,,,66,1,0
Champions Tour 2024: EMEA Kickoff,Play-In Stage,Play-ins,Karmine Corp vs Team Vitality,Sunset,Team Vitality,Destrian,cypher,1,,,,,,,,,19,0,0
Champions Tour 2024: EMEA Kickoff,Play-In Stage,Play-ins,Karmine Corp vs Team Vitality,Sunset,Team Vitality,ceNder,omen,2,1,,,2,,,,,40,2,1
Champions Tour 2024: EMEA Kickoff,Play-In Stage,Play-ins,Karmine Corp vs Team Vitality,Sunset,Team Vitality,Kicks,skye,2,1,,,1,,,,,53,7,2
Champions Tour 2024: EMEA Kickoff,Play-In Stage,Play-ins,Karmine Corp vs Team Vitality,Sunset,Team Vitality,runneR,raze,1,1,,,1,,,,,43,0,0
Champions Tour 2024: EMEA Kickoff,Play-In Stage,Play-ins,Karmine Corp vs Team Vitality,Ascent,Karmine Corp,MAGNUM,skye,4,1,,,,,,,,54,2,2
Champions Tour 2024: EMEA Kickoff,Play-In Stage,Play-ins,Karmine Corp vs Team Vitality,Ascent,Karmine Corp,sh1n,harbor,2,1,,,1,1,,,,36,6,0
Champions Tour 2024: EMEA Kickoff,Play-In Stage,Play-ins,Karmine Corp vs Team Vitality,Ascent,Karmine Corp,marteen,raze,7,,,,,,,,,47,2,0
Champions Tour 2024: EMEA Kickoff,Play-In Stage,Play-ins,Karmine Corp vs Team Vitality,Ascent,Karmine Corp,tomaszy,viper,1,1,,,,,,,,41,2,1
Champions Tour 2024: EMEA Kickoff,Play-In Stage,Play-ins,Karmine Corp vs Team Vitality,Ascent,Karmine Corp,N4RRATE,reyna,2,3,,,1,,,,,53,0,1
Champions Tour 2024: EMEA Kickoff,Play-In Stage,Play-ins,Karmine Corp vs Team Vitality,Ascent,Team Vitality,Sayf,kayo,5,2,,,,,,,,65,4,0
Champions Tour 2024: EMEA Kickoff,Play-In Stage,Play-ins,Karmine Corp vs Team Vitality,Ascent,Team Vitality,Destrian,omen,1,2,,,1,,,,,42,4,0
Champions Tour 2024: EMEA Kickoff,Play-In Stage,Play-ins,Karmine Corp vs Team Vitality,Ascent,Team Vitality,ceNder,killjoy,2,,,,,,,,,38,0,0
Champions Tour 2024: EMEA Kickoff,Play-In Stage,Play-ins,Karmine Corp vs Team Vitality,Ascent,Team Vitality,Kicks,sova,3,1,1,,,,,,,47,4,1
Champions Tour 2024: EMEA Kickoff,Play-In Stage,Play-ins,Karmine Corp vs Team Vitality,Ascent,Team Vitality,runneR,jett,5,3,,,1,,,,,63,0,2
Champions Tour 2024: EMEA Kickoff,Play-In Stage,Play-ins,KOI vs Team Vitality,All Maps,KOI,ShadoW,"breach, sova",6,2,,,,,,,,57,2,4
Champions Tour 2024: EMEA Kickoff,Play-In Stage,Play-ins,KOI vs Team Vitality,All Maps,KOI,starxo,"fade, kayo",1,1,,,,,,,,32,2,0
Champions Tour 2024: EMEA Kickoff,Play-In Stage,Play-ins,KOI vs Team Vitality,All Maps,KOI,sheydos,cypher,4,,,,,,,,,37,0,0
Champions Tour 2024: EMEA Kickoff,Play-In Stage,Play-ins,KOI vs Team Vitality,All Maps,KOI,grubinho,"omen, viper",4,2,,,,,,,,50,4,2
Champions Tour 2024: EMEA Kickoff,Play-In Stage,Play-ins,KOI vs Team Vitality,All Maps,KOI,kamo,"raze, yoru",5,1,,,,,,,,45,2,0
Champions Tour 2024: EMEA Kickoff,Play-In Stage,Play-ins,KOI vs Team Vitality,All Maps,Team Vitality,Sayf,"cypher, viper",8,4,,,2,,,,,58,1,1
Champions Tour 2024: EMEA Kickoff,Play-In Stage,Play-ins,KOI vs Team Vitality,All Maps,Team Vitality,Destrian,"astra, cypher",6,1,,,1,,,,,53,0,0
Champions Tour 2024: EMEA Kickoff,Play-In Stage,Play-ins,KOI vs Team Vitality,All Maps,Team Vitality,ceNder,"omen, viper",5,2,,,,,1,,,51,4,0
Champions Tour 2024: EMEA Kickoff,Play-In Stage,Play-ins,KOI vs Team Vitality,All Maps,Team Vitality,Kicks,skye,6,,,,1,,,,,43,14,1
Champions Tour 2024: EMEA Kickoff,Play-In Stage,Play-ins,KOI vs Team Vitality,All Maps,Team Vitality,runneR,"jett, raze",6,2,,,,,,,,63,3,2
Champions Tour 2024: EMEA Kickoff,Play-In Stage,Play-ins,KOI vs Team Vitality,Sunset,KOI,ShadoW,breach,1,1,,,,,,,,35,2,2
Champions Tour 2024: EMEA Kickoff,Play-In Stage,Play-ins,KOI vs Team Vitality,Sunset,KOI,starxo,fade,1,1,,,,,,,,42,1,0
Champions Tour 2024: EMEA Kickoff,Play-In Stage,Play-ins,KOI vs Team Vitality,Sunset,KOI,sheydos,cypher,2,,,,,,,,,30,0,0
Champions Tour 2024: EMEA Kickoff,Play-In Stage,Play-ins,KOI vs Team Vitality,Sunset,KOI,grubinho,omen,2,1,,,,,,,,54,4,0
Champions Tour 2024: EMEA Kickoff,Play-In Stage,Play-ins,KOI vs Team Vitality,Sunset,KOI,kamo,raze,3,1,,,,,,,,57,1,0
Champions Tour 2024: EMEA Kickoff,Play-In Stage,Play-ins,KOI vs Team Vitality,Sunset,Team Vitality,Sayf,viper,4,3,,,1,,,,,63,0,0
Champions Tour 2024: EMEA Kickoff,Play-In Stage,Play-ins,KOI vs Team Vitality,Sunset,Team Vitality,Destrian,cypher,2,,,,,,,,,35,0,0
Champions Tour 2024: EMEA Kickoff,Play-In Stage,Play-ins,KOI vs Team Vitality,Sunset,Team Vitality,ceNder,omen,2,1,,,,,,,,46,1,0
Champions Tour 2024: EMEA Kickoff,Play-In Stage,Play-ins,KOI vs Team Vitality,Sunset,Team Vitality,Kicks,skye,4,,,,1,,,,,42,8,0
Champions Tour 2024: EMEA Kickoff,Play-In Stage,Play-ins,KOI vs Team Vitality,Sunset,Team Vitality,runneR,raze,5,1,,,,,,,,70,3,2
Champions Tour 2024: EMEA Kickoff,Play-In Stage,Play-ins,KOI vs Team Vitality,Breeze,KOI,ShadoW,sova,5,1,,,,,,,,79,0,2
Champions Tour 2024: EMEA Kickoff,Play-In Stage,Play-ins,KOI vs Team Vitality,Breeze,KOI,starxo,kayo,,,,,,,,,,21,1,0
Champions Tour 2024: EMEA Kickoff,Play-In Stage,Play-ins,KOI vs Team Vitality,Breeze,KOI,sheydos,cypher,2,,,,,,,,,44,0,0
Champions Tour 2024: EMEA Kickoff,Play-In Stage,Play-ins,KOI vs Team Vitality,Breeze,KOI,grubinho,viper,2,1,,,,,,,,46,0,2
Champions Tour 2024: EMEA Kickoff,Play-In Stage,Play-ins,KOI vs Team Vitality,Breeze,KOI,kamo,yoru,2,,,,,,,,,33,1,0
Champions Tour 2024: EMEA Kickoff,Play-In Stage,Play-ins,KOI vs Team Vitality,Breeze,Team Vitality,Sayf,cypher,4,1,,,1,,,,,53,1,1
Champions Tour 2024: EMEA Kickoff,Play-In Stage,Play-ins,KOI vs Team Vitality,Breeze,Team Vitality,Destrian,astra,4,1,,,1,,,,,70,0,0
Champions Tour 2024: EMEA Kickoff,Play-In Stage,Play-ins,KOI vs Team Vitality,Breeze,Team Vitality,ceNder,viper,3,1,,,,,1,,,55,3,0
Champions Tour 2024: EMEA Kickoff,Play-In Stage,Play-ins,KOI vs Team Vitality,Breeze,Team Vitality,Kicks,skye,2,,,,,,,,,44,6,1
Champions Tour 2024: EMEA Kickoff,Play-In Stage,Play-ins,KOI vs Team Vitality,Breeze,Team Vitality,runneR,jett,1,1,,,,,,,,55,0,0
Champions Tour 2024: EMEA Kickoff,Play-In Stage,Play-ins,Karmine Corp vs KOI,All Maps,Karmine Corp,MAGNUM,"cypher, skye",3,1,,,1,,,,,51,4,0
Champions Tour 2024: EMEA Kickoff,Play-In Stage,Play-ins,Karmine Corp vs KOI,All Maps,Karmine Corp,sh1n,omen,9,2,,,,,,,,52,2,1
Champions Tour 2024: EMEA Kickoff,Play-In Stage,Play-ins,Karmine Corp vs KOI,All Maps,Karmine Corp,marteen,"raze, yoru",10,2,1,,1,,,,,86,0,3
Champions Tour 2024: EMEA Kickoff,Play-In Stage,Play-ins,Karmine Corp vs KOI,All Maps,Karmine Corp,tomaszy,viper,3,,1,,1,,,,,42,3,2
Champions Tour 2024: EMEA Kickoff,Play-In Stage,Play-ins,Karmine Corp vs KOI,All Maps,Karmine Corp,N4RRATE,"gekko, raze",12,1,1,,,1,,,,69,6,3
Champions Tour 2024: EMEA Kickoff,Play-In Stage,Play-ins,Karmine Corp vs KOI,All Maps,KOI,ShadoW,"breach, fade",1,1,,,,,,,,32,7,0
Champions Tour 2024: EMEA Kickoff,Play-In Stage,Play-ins,Karmine Corp vs KOI,All Maps,KOI,starxo,"fade, skye",4,1,,,2,,,,,52,4,0
Champions Tour 2024: EMEA Kickoff,Play-In Stage,Play-ins,Karmine Corp vs KOI,All Maps,KOI,sheydos,"cypher, viper",1,1,1,,1,,,,,41,1,0
Champions Tour 2024: EMEA Kickoff,Play-In Stage,Play-ins,Karmine Corp vs KOI,All Maps,KOI,grubinho,"brimstone, omen",6,2,,,1,1,,,,72,4,0
Champions Tour 2024: EMEA Kickoff,Play-In Stage,Play-ins,Karmine Corp vs KOI,All Maps,KOI,kamo,raze,3,1,,,,,,,,36,1,1
Champions Tour 2024: EMEA Kickoff,Play-In Stage,Play-ins,Karmine Corp vs KOI,Sunset,Karmine Corp,MAGNUM,cypher,2,1,,,1,,,,,65,0,0
Champions Tour 2024: EMEA Kickoff,Play-In Stage,Play-ins,Karmine Corp vs KOI,Sunset,Karmine Corp,sh1n,omen,5,1,,,,,,,,54,0,0
Champions Tour 2024: EMEA Kickoff,Play-In Stage,Play-ins,Karmine Corp vs KOI,Sunset,Karmine Corp,marteen,raze,6,,,,,,,,,70,0,2
Champions Tour 2024: EMEA Kickoff,Play-In Stage,Play-ins,Karmine Corp vs KOI,Sunset,Karmine Corp,tomaszy,viper,2,,,,1,,,,,44,0,2
Champions Tour 2024: EMEA Kickoff,Play-In Stage,Play-ins,Karmine Corp vs KOI,Sunset,Karmine Corp,N4RRATE,gekko,6,1,1,,,1,,,,82,5,3
Champions Tour 2024: EMEA Kickoff,Play-In Stage,Play-ins,Karmine Corp vs KOI,Sunset,KOI,ShadoW,breach,1,,,,,,,,,31,5,0
Champions Tour 2024: EMEA Kickoff,Play-In Stage,Play-ins,Karmine Corp vs KOI,Sunset,KOI,starxo,fade,,1,,,2,,,,,52,4,0
Champions Tour 2024: EMEA Kickoff,Play-In Stage,Play-ins,Karmine Corp vs KOI,Sunset,KOI,sheydos,cypher,1,,,,,,,,,32,0,0
Champions Tour 2024: EMEA Kickoff,Play-In Stage,Play-ins,Karmine Corp vs KOI,Sunset,KOI,grubinho,omen,2,2,,,,,,,,66,1,0
Champions Tour 2024: EMEA Kickoff,Play-In Stage,Play-ins,Karmine Corp vs KOI,Sunset,KOI,kamo,raze,2,1,,,,,,,,42,1,0
Champions Tour 2024: EMEA Kickoff,Play-In Stage,Play-ins,Karmine Corp vs KOI,Bind,Karmine Corp,MAGNUM,skye,1,,,,,,,,,37,4,0
Champions Tour 2024: EMEA Kickoff,Play-In Stage,Play-ins,Karmine Corp vs KOI,Bind,Karmine Corp,sh1n,omen,4,1,,,,,,,,50,2,1
Champions Tour 2024: EMEA Kickoff,Play-In Stage,Play-ins,Karmine Corp vs KOI,Bind,Karmine Corp,marteen,yoru,4,2,1,,1,,,,,101,0,1
Champions Tour 2024: EMEA Kickoff,Play-In Stage,Play-ins,Karmine Corp vs KOI,Bind,Karmine Corp,tomaszy,viper,1,,1,,,,,,,39,3,0
Champions Tour 2024: EMEA Kickoff,Play-In Stage,Play-ins,Karmine Corp vs KOI,Bind,Karmine Corp,N4RRATE,raze,6,,,,,,,,,56,1,0
Champions Tour 2024: EMEA Kickoff,Play-In Stage,Play-ins,Karmine Corp vs KOI,Bind,KOI,ShadoW,fade,,1,,,,,,,,33,2,0
Champions Tour 2024: EMEA Kickoff,Play-In Stage,Play-ins,Karmine Corp vs KOI,Bind,KOI,starxo,skye,4,,,,,,,,,52,0,0
Champions Tour 2024: EMEA Kickoff,Play-In Stage,Play-ins,Karmine Corp vs KOI,Bind,KOI,sheydos,viper,,1,1,,1,,,,,49,1,0
Champions Tour 2024: EMEA Kickoff,Play-In Stage,Play-ins,Karmine Corp vs KOI,Bind,KOI,grubinho,brimstone,4,,,,1,1,,,,78,3,0
Champions Tour 2024: EMEA Kickoff,Play-In Stage,Play-ins,Karmine Corp vs KOI,Bind,KOI,kamo,raze,1,,,,,,,,,30,0,1
Champions Tour 2024: EMEA Kickoff,Playoffs,Semifinals,Team Heretics vs Natus Vincere,All Maps,Team Heretics,paTiTek,kayo,5,1,1,,1,,,,,45,6,0
Champions Tour 2024: EMEA Kickoff,Playoffs,Semifinals,Team Heretics vs Natus Vincere,All Maps,Team Heretics,Boo,"omen, viper",3,1,,,,,,,,38,6,1
Champions Tour 2024: EMEA Kickoff,Playoffs,Semifinals,Team Heretics vs Natus Vincere,All Maps,Team Heretics,RieNs,sova,8,2,1,,,,,,,66,4,0
Champions Tour 2024: EMEA Kickoff,Playoffs,Semifinals,Team Heretics vs Natus Vincere,All Maps,Team Heretics,MiniBoo,"neon, yoru",4,8,1,,2,,,,,65,0,1
Champions Tour 2024: EMEA Kickoff,Playoffs,Semifinals,Team Heretics vs Natus Vincere,All Maps,Team Heretics,benjyfishy,cypher,7,2,,,1,,,,,55,4,1
Champions Tour 2024: EMEA Kickoff,Playoffs,Semifinals,Team Heretics vs Natus Vincere,All Maps,Natus Vincere,Zyppan,"breach, sova",7,,,,,,,,,41,2,0
Champions Tour 2024: EMEA Kickoff,Playoffs,Semifinals,Team Heretics vs Natus Vincere,All Maps,Natus Vincere,ardiis,"chamber, yoru",3,3,,,,,,,,51,1,2
Champions Tour 2024: EMEA Kickoff,Playoffs,Semifinals,Team Heretics vs Natus Vincere,All Maps,Natus Vincere,ANGE1,"fade, omen",3,3,,,,,,,,38,1,1
Champions Tour 2024: EMEA Kickoff,Playoffs,Semifinals,Team Heretics vs Natus Vincere,All Maps,Natus Vincere,Shao,"omen, viper",2,2,1,,1,,,,,39,3,0
Champions Tour 2024: EMEA Kickoff,Playoffs,Semifinals,Team Heretics vs Natus Vincere,All Maps,Natus Vincere,SUYGETSU,"cypher, viper",9,,,,,1,,,,51,2,2
Champions Tour 2024: EMEA Kickoff,Playoffs,Semifinals,Team Heretics vs Natus Vincere,Sunset,Team Heretics,paTiTek,kayo,4,1,1,,1,,,,,45,1,0
Champions Tour 2024: EMEA Kickoff,Playoffs,Semifinals,Team Heretics vs Natus Vincere,Sunset,Team Heretics,Boo,omen,2,1,,,,,,,,28,4,0
Champions Tour 2024: EMEA Kickoff,Playoffs,Semifinals,Team Heretics vs Natus Vincere,Sunset,Team Heretics,RieNs,sova,5,,1,,,,,,,52,3,0
Champions Tour 2024: EMEA Kickoff,Playoffs,Semifinals,Team Heretics vs Natus Vincere,Sunset,Team Heretics,MiniBoo,neon,,6,,,1,,,,,42,0,0
Champions Tour 2024: EMEA Kickoff,Playoffs,Semifinals,Team Heretics vs Natus Vincere,Sunset,Team Heretics,benjyfishy,cypher,5,1,,,1,,,,,50,1,1
Champions Tour 2024: EMEA Kickoff,Playoffs,Semifinals,Team Heretics vs Natus Vincere,Sunset,Natus Vincere,Zyppan,breach,7,,,,,,,,,55,1,0
Champions Tour 2024: EMEA Kickoff,Playoffs,Semifinals,Team Heretics vs Natus Vincere,Sunset,Natus Vincere,ardiis,chamber,2,3,,,,,,,,45,1,2
Champions Tour 2024: EMEA Kickoff,Playoffs,Semifinals,Team Heretics vs Natus Vincere,Sunset,Natus Vincere,ANGE1,fade,2,2,,,,,,,,44,1,1
Champions Tour 2024: EMEA Kickoff,Playoffs,Semifinals,Team Heretics vs Natus Vincere,Sunset,Natus Vincere,Shao,omen,1,2,1,,,,,,,37,2,0
Champions Tour 2024: EMEA Kickoff,Playoffs,Semifinals,Team Heretics vs Natus Vincere,Sunset,Natus Vincere,SUYGETSU,viper,4,,,,,,,,,38,0,1
Champions Tour 2024: EMEA Kickoff,Playoffs,Semifinals,Team Heretics vs Natus Vincere,Breeze,Team Heretics,paTiTek,kayo,1,,,,,,,,,44,5,0
Champions Tour 2024: EMEA Kickoff,Playoffs,Semifinals,Team Heretics vs Natus Vincere,Breeze,Team Heretics,Boo,viper,1,,,,,,,,,48,2,1
Champions Tour 2024: EMEA Kickoff,Playoffs,Semifinals,Team Heretics vs Natus Vincere,Breeze,Team Heretics,RieNs,sova,3,2,,,,,,,,80,1,0
Champions Tour 2024: EMEA Kickoff,Playoffs,Semifinals,Team Heretics vs Natus Vincere,Breeze,Team Heretics,MiniBoo,yoru,4,2,1,,1,,,,,88,0,1
Champions Tour 2024: EMEA Kickoff,Playoffs,Semifinals,Team Heretics vs Natus Vincere,Breeze,Team Heretics,benjyfishy,cypher,2,1,,,,,,,,59,3,0
Champions Tour 2024: EMEA Kickoff,Playoffs,Semifinals,Team Heretics vs Natus Vincere,Breeze,Natus Vincere,Zyppan,sova,,,,,,,,,,27,1,0
Champions Tour 2024: EMEA Kickoff,Playoffs,Semifinals,Team Heretics vs Natus Vincere,Breeze,Natus Vincere,ardiis,yoru,1,,,,,,,,,57,0,0
Champions Tour 2024: EMEA Kickoff,Playoffs,Semifinals,Team Heretics vs Natus Vincere,Breeze,Natus Vincere,ANGE1,omen,1,1,,,,,,,,31,0,0
Champions Tour 2024: EMEA Kickoff,Playoffs,Semifinals,Team Heretics vs Natus Vincere,Breeze,Natus Vincere,Shao,viper,1,,,,1,,,,,40,1,0
Champions Tour 2024: EMEA Kickoff,Playoffs,Semifinals,Team Heretics vs Natus Vincere,Breeze,Natus Vincere,SUYGETSU,cypher,5,,,,,1,,,,63,2,1
Champions Tour 2024: EMEA Kickoff,Playoffs,Semifinals,FNATIC vs Karmine Corp,All Maps,FNATIC,Boaster,omen,4,1,,,,,,,,53,1,1
Champions Tour 2024: EMEA Kickoff,Playoffs,Semifinals,FNATIC vs Karmine Corp,All Maps,FNATIC,Chronicle,"breach, viper",7,3,,,,1,,,,57,5,0
Champions Tour 2024: EMEA Kickoff,Playoffs,Semifinals,FNATIC vs Karmine Corp,All Maps,FNATIC,Leo,"fade, skye",6,1,,,,,,,,45,8,3
Champions Tour 2024: EMEA Kickoff,Playoffs,Semifinals,FNATIC vs Karmine Corp,All Maps,FNATIC,Derke,raze,5,1,,,,,,,,47,1,0
Champions Tour 2024: EMEA Kickoff,Playoffs,Semifinals,FNATIC vs Karmine Corp,All Maps,FNATIC,Alfajer,"cypher, killjoy",4,1,,,1,,,,,51,1,1
Champions Tour 2024: EMEA Kickoff,Playoffs,Semifinals,FNATIC vs Karmine Corp,All Maps,Karmine Corp,MAGNUM,"fade, killjoy",3,1,,,1,,,,,35,2,2
Champions Tour 2024: EMEA Kickoff,Playoffs,Semifinals,FNATIC vs Karmine Corp,All Maps,Karmine Corp,sh1n,"astra, omen",6,1,,,1,,,,,51,8,1
Champions Tour 2024: EMEA Kickoff,Playoffs,Semifinals,FNATIC vs Karmine Corp,All Maps,Karmine Corp,marteen,"raze, yoru",5,3,1,1,1,,,,,64,0,1
Champions Tour 2024: EMEA Kickoff,Playoffs,Semifinals,FNATIC vs Karmine Corp,All Maps,Karmine Corp,tomaszy,"omen, viper",6,,3,,1,1,,,,60,1,3
Champions Tour 2024: EMEA Kickoff,Playoffs,Semifinals,FNATIC vs Karmine Corp,All Maps,Karmine Corp,N4RRATE,"fade, raze",6,2,,,,,,,,61,4,3
Champions Tour 2024: EMEA Kickoff,Playoffs,Semifinals,FNATIC vs Karmine Corp,Lotus,FNATIC,Boaster,omen,1,,,,,,,,,41,0,1
Champions Tour 2024: EMEA Kickoff,Playoffs,Semifinals,FNATIC vs Karmine Corp,Lotus,FNATIC,Chronicle,viper,5,1,,,,,,,,65,1,0
Champions Tour 2024: EMEA Kickoff,Playoffs,Semifinals,FNATIC vs Karmine Corp,Lotus,FNATIC,Leo,fade,3,,,,,,,,,49,6,3
Champions Tour 2024: EMEA Kickoff,Playoffs,Semifinals,FNATIC vs Karmine Corp,Lotus,FNATIC,Derke,raze,2,1,,,,,,,,37,1,0
Champions Tour 2024: EMEA Kickoff,Playoffs,Semifinals,FNATIC vs Karmine Corp,Lotus,FNATIC,Alfajer,killjoy,2,1,,,,,,,,55,1,0
Champions Tour 2024: EMEA Kickoff,Playoffs,Semifinals,FNATIC vs Karmine Corp,Lotus,Karmine Corp,MAGNUM,killjoy,1,,,,,,,,,33,0,0
Champions Tour 2024: EMEA Kickoff,Playoffs,Semifinals,FNATIC vs Karmine Corp,Lotus,Karmine Corp,sh1n,omen,4,,,,,,,,,51,4,0
Champions Tour 2024: EMEA Kickoff,Playoffs,Semifinals,FNATIC vs Karmine Corp,Lotus,Karmine Corp,marteen,raze,2,2,1,,,,,,,51,0,1
Champions Tour 2024: EMEA Kickoff,Playoffs,Semifinals,FNATIC vs Karmine Corp,Lotus,Karmine Corp,tomaszy,viper,5,,2,,1,1,,,,84,0,3
Champions Tour 2024: EMEA Kickoff,Playoffs,Semifinals,FNATIC vs Karmine Corp,Lotus,Karmine Corp,N4RRATE,fade,3,1,,,,,,,,56,4,2
Champions Tour 2024: EMEA Kickoff,Playoffs,Semifinals,FNATIC vs Karmine Corp,Split,FNATIC,Boaster,omen,3,1,,,,,,,,64,1,0
Champions Tour 2024: EMEA Kickoff,Playoffs,Semifinals,FNATIC vs Karmine Corp,Split,FNATIC,Chronicle,breach,2,2,,,,1,,,,48,4,0
Champions Tour 2024: EMEA Kickoff,Playoffs,Semifinals,FNATIC vs Karmine Corp,Split,FNATIC,Leo,skye,3,1,,,,,,,,41,2,0
Champions Tour 2024: EMEA Kickoff,Playoffs,Semifinals,FNATIC vs Karmine Corp,Split,FNATIC,Derke,raze,3,,,,,,,,,57,0,0
Champions Tour 2024: EMEA Kickoff,Playoffs,Semifinals,FNATIC vs Karmine Corp,Split,FNATIC,Alfajer,cypher,2,,,,1,,,,,47,0,1
Champions Tour 2024: EMEA Kickoff,Playoffs,Semifinals,FNATIC vs Karmine Corp,Split,Karmine Corp,MAGNUM,fade,2,1,,,1,,,,,36,2,2
Champions Tour 2024: EMEA Kickoff,Playoffs,Semifinals,FNATIC vs Karmine Corp,Split,Karmine Corp,sh1n,astra,2,1,,,1,,,,,51,4,1
Champions Tour 2024: EMEA Kickoff,Playoffs,Semifinals,FNATIC vs Karmine Corp,Split,Karmine Corp,marteen,yoru,3,1,,1,1,,,,,76,0,0
Champions Tour 2024: EMEA Kickoff,Playoffs,Semifinals,FNATIC vs Karmine Corp,Split,Karmine Corp,tomaszy,omen,1,,1,,,,,,,36,1,0
Champions Tour 2024: EMEA Kickoff,Playoffs,Semifinals,FNATIC vs Karmine Corp,Split,Karmine Corp,N4RRATE,raze,3,1,,,,,,,,66,0,1
Champions Tour 2024: EMEA Kickoff,Playoffs,Grand Final,Team Heretics vs Karmine Corp,All Maps,Team Heretics,paTiTek,"kayo, viper",7,3,,,1,,,,,49,9,4
Champions Tour 2024: EMEA Kickoff,Playoffs,Grand Final,Team Heretics vs Karmine Corp,All Maps,Team Heretics,Boo,"omen, viper",11,2,,,,1,,,,41,9,0
Champions Tour 2024: EMEA Kickoff,Playoffs,Grand Final,Team Heretics vs Karmine Corp,All Maps,Team Heretics,RieNs,"breach, gekko, sova",8,1,1,,3,,,,,57,6,0
Champions Tour 2024: EMEA Kickoff,Playoffs,Grand Final,Team Heretics vs Karmine Corp,All Maps,Team Heretics,MiniBoo,"neon, raze",8,6,,,,1,1,,,56,3,2
Champions Tour 2024: EMEA Kickoff,Playoffs,Grand Final,Team Heretics vs Karmine Corp,All Maps,Team Heretics,benjyfishy,"cypher, killjoy",13,2,,,1,1,1,,,56,1,2
Champions Tour 2024: EMEA Kickoff,Playoffs,Grand Final,Team Heretics vs Karmine Corp,All Maps,Karmine Corp,MAGNUM,"cypher, fade, killjoy",9,4,,,1,,,,,48,3,1
Champions Tour 2024: EMEA Kickoff,Playoffs,Grand Final,Team Heretics vs Karmine Corp,All Maps,Karmine Corp,sh1n,"astra, omen, sage",10,3,,1,,2,1,,,60,8,4
Champions Tour 2024: EMEA Kickoff,Playoffs,Grand Final,Team Heretics vs Karmine Corp,All Maps,Karmine Corp,marteen,"jett, raze, yoru",12,7,1,,,,,,,64,1,2
Champions Tour 2024: EMEA Kickoff,Playoffs,Grand Final,Team Heretics vs Karmine Corp,All Maps,Karmine Corp,tomaszy,"omen, viper",7,2,,,2,,,,,46,7,1
Champions Tour 2024: EMEA Kickoff,Playoffs,Grand Final,Team Heretics vs Karmine Corp,All Maps,Karmine Corp,N4RRATE,"fade, gekko, raze",9,7,2,,1,,,,,67,13,3
Champions Tour 2024: EMEA Kickoff,Playoffs,Grand Final,Team Heretics vs Karmine Corp,Sunset,Team Heretics,paTiTek,kayo,,1,,,1,,,,,44,2,3
Champions Tour 2024: EMEA Kickoff,Playoffs,Grand Final,Team Heretics vs Karmine Corp,Sunset,Team Heretics,Boo,omen,5,1,,,,,,,,59,4,0
Champions Tour 2024: EMEA Kickoff,Playoffs,Grand Final,Team Heretics vs Karmine Corp,Sunset,Team Heretics,RieNs,sova,3,,1,,2,,,,,81,0,0
Champions Tour 2024: EMEA Kickoff,Playoffs,Grand Final,Team Heretics vs Karmine Corp,Sunset,Team Heretics,MiniBoo,neon,3,2,,,,,,,,63,0,1
Champions Tour 2024: EMEA Kickoff,Playoffs,Grand Final,Team Heretics vs Karmine Corp,Sunset,Team Heretics,benjyfishy,cypher,5,,,,,,,,,79,0,0
Champions Tour 2024: EMEA Kickoff,Playoffs,Grand Final,Team Heretics vs Karmine Corp,Sunset,Karmine Corp,MAGNUM,cypher,2,1,,,,,,,,42,0,0
Champions Tour 2024: EMEA Kickoff,Playoffs,Grand Final,Team Heretics vs Karmine Corp,Sunset,Karmine Corp,sh1n,omen,3,1,,,,1,,,,46,1,1
Champions Tour 2024: EMEA Kickoff,Playoffs,Grand Final,Team Heretics vs Karmine Corp,Sunset,Karmine Corp,marteen,raze,2,,,,,,,,,40,0,0
Champions Tour 2024: EMEA Kickoff,Playoffs,Grand Final,Team Heretics vs Karmine Corp,Sunset,Karmine Corp,tomaszy,viper,2,,,,,,,,,57,2,0
Champions Tour 2024: EMEA Kickoff,Playoffs,Grand Final,Team Heretics vs Karmine Corp,Sunset,Karmine Corp,N4RRATE,gekko,1,1,1,,1,,,,,48,4,1
Champions Tour 2024: EMEA Kickoff,Playoffs,Grand Final,Team Heretics vs Karmine Corp,Lotus,Team Heretics,paTiTek,viper,3,,,,,,,,,53,0,0
Champions Tour 2024: EMEA Kickoff,Playoffs,Grand Final,Team Heretics vs Karmine Corp,Lotus,Team Heretics,Boo,omen,1,,,,,,,,,17,2,0
Champions Tour 2024: EMEA Kickoff,Playoffs,Grand Final,Team Heretics vs Karmine Corp,Lotus,Team Heretics,RieNs,gekko,3,,,,,,,,,64,4,0
Champions Tour 2024: EMEA Kickoff,Playoffs,Grand Final,Team Heretics vs Karmine Corp,Lotus,Team Heretics,MiniBoo,neon,2,1,,,,,1,,,60,1,0
Champions Tour 2024: EMEA Kickoff,Playoffs,Grand Final,Team Heretics vs Karmine Corp,Lotus,Team Heretics,benjyfishy,killjoy,2,1,,,,1,1,,,47,0,1
Champions Tour 2024: EMEA Kickoff,Playoffs,Grand Final,Team Heretics vs Karmine Corp,Lotus,Karmine Corp,MAGNUM,killjoy,3,,,,1,,,,,59,0,0
Champions Tour 2024: EMEA Kickoff,Playoffs,Grand Final,Team Heretics vs Karmine Corp,Lotus,Karmine Corp,sh1n,omen,,,,,,,,,,42,4,0
Champions Tour 2024: EMEA Kickoff,Playoffs,Grand Final,Team Heretics vs Karmine Corp,Lotus,Karmine Corp,marteen,raze,3,4,,,,,,,,66,1,1
Champions Tour 2024: EMEA Kickoff,Playoffs,Grand Final,Team Heretics vs Karmine Corp,Lotus,Karmine Corp,tomaszy,viper,2,1,,,1,,,,,46,2,0
Champions Tour 2024: EMEA Kickoff,Playoffs,Grand Final,Team Heretics vs Karmine Corp,Lotus,Karmine Corp,N4RRATE,fade,2,5,,,,,,,,78,5,1
Champions Tour 2024: EMEA Kickoff,Playoffs,Grand Final,Team Heretics vs Karmine Corp,Icebox,Team Heretics,paTiTek,kayo,3,1,,,,,,,,39,5,0
Champions Tour 2024: EMEA Kickoff,Playoffs,Grand Final,Team Heretics vs Karmine Corp,Icebox,Team Heretics,Boo,viper,3,,,,,1,,,,35,1,0
Champions Tour 2024: EMEA Kickoff,Playoffs,Grand Final,Team Heretics vs Karmine Corp,Icebox,Team Heretics,RieNs,sova,1,1,,,1,,,,,43,0,0
Champions Tour 2024: EMEA Kickoff,Playoffs,Grand Final,Team Heretics vs Karmine Corp,Icebox,Team Heretics,MiniBoo,raze,,2,,,,1,,,,51,1,1
Champions Tour 2024: EMEA Kickoff,Playoffs,Grand Final,Team Heretics vs Karmine Corp,Icebox,Team Heretics,benjyfishy,killjoy,4,1,,,1,,,,,68,1,1
Champions Tour 2024: EMEA Kickoff,Playoffs,Grand Final,Team Heretics vs Karmine Corp,Icebox,Karmine Corp,MAGNUM,killjoy,2,2,,,,,,,,50,0,0
Champions Tour 2024: EMEA Kickoff,Playoffs,Grand Final,Team Heretics vs Karmine Corp,Icebox,Karmine Corp,sh1n,sage,3,1,,,,,,,,64,1,3
Champions Tour 2024: EMEA Kickoff,Playoffs,Grand Final,Team Heretics vs Karmine Corp,Icebox,Karmine Corp,marteen,jett,4,1,1,,,,,,,75,0,0
Champions Tour 2024: EMEA Kickoff,Playoffs,Grand Final,Team Heretics vs Karmine Corp,Icebox,Karmine Corp,tomaszy,viper,2,,,,,,,,,41,2,0
Champions Tour 2024: EMEA Kickoff,Playoffs,Grand Final,Team Heretics vs Karmine Corp,Icebox,Karmine Corp,N4RRATE,gekko,2,,1,,,,,,,88,4,1
Champions Tour 2024: EMEA Kickoff,Playoffs,Grand Final,Team Heretics vs Karmine Corp,Split,Team Heretics,paTiTek,viper,1,1,,,,,,,,60,2,1
Champions Tour 2024: EMEA Kickoff,Playoffs,Grand Final,Team Heretics vs Karmine Corp,Split,Team Heretics,Boo,omen,2,1,,,,,,,,53,2,0
Champions Tour 2024: EMEA Kickoff,Playoffs,Grand Final,Team Heretics vs Karmine Corp,Split,Team Heretics,RieNs,breach,1,,,,,,,,,40,2,0
Champions Tour 2024: EMEA Kickoff,Playoffs,Grand Final,Team Heretics vs Karmine Corp,Split,Team Heretics,MiniBoo,raze,3,1,,,,,,,,50,1,0
Champions Tour 2024: EMEA Kickoff,Playoffs,Grand Final,Team Heretics vs Karmine Corp,Split,Team Heretics,benjyfishy,cypher,2,,,,,,,,,31,0,0
Champions Tour 2024: EMEA Kickoff,Playoffs,Grand Final,Team Heretics vs Karmine Corp,Split,Karmine Corp,MAGNUM,fade,2,1,,,,,,,,40,3,1
Champions Tour 2024: EMEA Kickoff,Playoffs,Grand Final,Team Heretics vs Karmine Corp,Split,Karmine Corp,sh1n,astra,4,1,,1,,1,1,,,87,2,0
Champions Tour 2024: EMEA Kickoff,Playoffs,Grand Final,Team Heretics vs Karmine Corp,Split,Karmine Corp,marteen,yoru,3,2,,,,,,,,73,0,1
Champions Tour 2024: EMEA Kickoff,Playoffs,Grand Final,Team Heretics vs Karmine Corp,Split,Karmine Corp,tomaszy,omen,1,1,,,1,,,,,41,1,1
Champions Tour 2024: EMEA Kickoff,Playoffs,Grand Final,Team Heretics vs Karmine Corp,Split,Karmine Corp,N4RRATE,raze,4,1,,,,,,,,52,0,0
Champions Tour 2024: Pacific Kickoff,Group Stage,Opening (A),T1 vs BLEED,All Maps,T1,Rossy,viper,8,1,,,,,,,,54,5,2
Champions Tour 2024: Pacific Kickoff,Group Stage,Opening (A),T1 vs BLEED,All Maps,T1,Sayaplayer,"jett, raze",9,1,1,,1,,,,,47,0,2
Champions Tour 2024: Pacific Kickoff,Group Stage,Opening (A),T1 vs BLEED,All Maps,T1,xccurate,"chamber, harbor",10,3,,,,,,,,44,2,1
Champions Tour 2024: Pacific Kickoff,Group Stage,Opening (A),T1 vs BLEED,All Maps,T1,iZu,"omen, yoru",7,2,,1,1,,,,,58,2,2
Champions Tour 2024: Pacific Kickoff,Group Stage,Opening (A),T1 vs BLEED,All Maps,T1,Carpe,"fade, sova",9,1,2,,2,,,,,56,15,3
Champions Tour 2024: Pacific Kickoff,Group Stage,Opening (A),T1 vs BLEED,All Maps,BLEED,yay,"neon, skye",5,3,,,1,,,,,46,4,2
Champions Tour 2024: Pacific Kickoff,Group Stage,Opening (A),T1 vs BLEED,All Maps,BLEED,crazyguy,"breach, sova",5,3,,,,,,,,47,2,2
Champions Tour 2024: Pacific Kickoff,Group Stage,Opening (A),T1 vs BLEED,All Maps,BLEED,Egoist,"killjoy, skye",7,,,,1,,,,,42,9,1
Champions Tour 2024: Pacific Kickoff,Group Stage,Opening (A),T1 vs BLEED,All Maps,BLEED,sScary,"omen, viper",11,1,,,,3,1,,,47,1,3
Champions Tour 2024: Pacific Kickoff,Group Stage,Opening (A),T1 vs BLEED,All Maps,BLEED,Deryeon,"harbor, raze",6,1,,,1,,,,,41,4,0
Champions Tour 2024: Pacific Kickoff,Group Stage,Opening (A),T1 vs BLEED,Breeze,T1,Rossy,viper,5,,,,,,,,,35,3,2
Champions Tour 2024: Pacific Kickoff,Group Stage,Opening (A),T1 vs BLEED,Breeze,T1,Sayaplayer,jett,8,1,1,,1,,,,,61,0,2
Champions Tour 2024: Pacific Kickoff,Group Stage,Opening (A),T1 vs BLEED,Breeze,T1,xccurate,harbor,7,2,,,,,,,,50,2,0
Champions Tour 2024: Pacific Kickoff,Group Stage,Opening (A),T1 vs BLEED,Breeze,T1,iZu,yoru,3,1,,1,1,,,,,42,0,1
Champions Tour 2024: Pacific Kickoff,Group Stage,Opening (A),T1 vs BLEED,Breeze,T1,Carpe,sova,5,,1,,,,,,,41,9,1
Champions Tour 2024: Pacific Kickoff,Group Stage,Opening (A),T1 vs BLEED,Breeze,BLEED,yay,neon,3,3,,,1,,,,,41,0,2
Champions Tour 2024: Pacific Kickoff,Group Stage,Opening (A),T1 vs BLEED,Breeze,BLEED,crazyguy,sova,3,1,,,,,,,,31,1,1
Champions Tour 2024: Pacific Kickoff,Group Stage,Opening (A),T1 vs BLEED,Breeze,BLEED,Egoist,skye,2,,,,,,,,,25,7,1
Champions Tour 2024: Pacific Kickoff,Group Stage,Opening (A),T1 vs BLEED,Breeze,BLEED,sScary,viper,8,,,,,2,1,,,46,1,2
Champions Tour 2024: Pacific Kickoff,Group Stage,Opening (A),T1 vs BLEED,Breeze,BLEED,Deryeon,harbor,6,1,,,1,,,,,44,4,0
Champions Tour 2024: Pacific Kickoff,Group Stage,Opening (A),T1 vs BLEED,Lotus,T1,Rossy,viper,3,1,,,,,,,,73,2,0
Champions Tour 2024: Pacific Kickoff,Group Stage,Opening (A),T1 vs BLEED,Lotus,T1,Sayaplayer,raze,1,,,,,,,,,33,0,0
Champions Tour 2024: Pacific Kickoff,Group Stage,Opening (A),T1 vs BLEED,Lotus,T1,xccurate,chamber,3,1,,,,,,,,38,0,1
Champions Tour 2024: Pacific Kickoff,Group Stage,Opening (A),T1 vs BLEED,Lotus,T1,iZu,omen,4,1,,,,,,,,73,2,1
Champions Tour 2024: Pacific Kickoff,Group Stage,Opening (A),T1 vs BLEED,Lotus,T1,Carpe,fade,4,1,1,,2,,,,,71,6,2
Champions Tour 2024: Pacific Kickoff,Group Stage,Opening (A),T1 vs BLEED,Lotus,BLEED,yay,skye,2,,,,,,,,,51,4,0
Champions Tour 2024: Pacific Kickoff,Group Stage,Opening (A),T1 vs BLEED,Lotus,BLEED,crazyguy,breach,2,2,,,,,,,,63,1,1
Champions Tour 2024: Pacific Kickoff,Group Stage,Opening (A),T1 vs BLEED,Lotus,BLEED,Egoist,killjoy,5,,,,1,,,,,58,2,0
Champions Tour 2024: Pacific Kickoff,Group Stage,Opening (A),T1 vs BLEED,Lotus,BLEED,sScary,omen,3,1,,,,1,,,,47,0,1
Champions Tour 2024: Pacific Kickoff,Group Stage,Opening (A),T1 vs BLEED,Lotus,BLEED,Deryeon,raze,,,,,,,,,,37,0,0
Champions Tour 2024: Pacific Kickoff,Group Stage,Opening (C),Gen.G vs Rex Regum Qeon,All Maps,Gen.G,Lakia,"gekko, skye",7,,1,,1,1,,,,44,14,4
Champions Tour 2024: Pacific Kickoff,Group Stage,Opening (C),Gen.G vs Rex Regum Qeon,All Maps,Gen.G,Munchkin,"kayo, viper",5,3,,,1,,,,,53,1,4
Champions Tour 2024: Pacific Kickoff,Group Stage,Opening (C),Gen.G vs Rex Regum Qeon,All Maps,Gen.G,t3xture,"jett, raze",14,3,4,,1,,1,,,82,3,3
Champions Tour 2024: Pacific Kickoff,Group Stage,Opening (C),Gen.G vs Rex Regum Qeon,All Maps,Gen.G,Meteor,"cypher, jett, killjoy",11,6,1,,1,,,,,57,0,1
Champions Tour 2024: Pacific Kickoff,Group Stage,Opening (C),Gen.G vs Rex Regum Qeon,All Maps,Gen.G,Karon,"astra, omen, viper",7,2,,,1,1,,,,38,2,0
Champions Tour 2024: Pacific Kickoff,Group Stage,Opening (C),Gen.G vs Rex Regum Qeon,All Maps,Rex Regum Qeon,xffero,"astra, harbor, viper",11,1,1,,,1,,,,51,12,0
Champions Tour 2024: Pacific Kickoff,Group Stage,Opening (C),Gen.G vs Rex Regum Qeon,All Maps,Rex Regum Qeon,fl1pzjder,"gekko, omen, viper",5,4,1,,,1,,,,43,5,3
Champions Tour 2024: Pacific Kickoff,Group Stage,Opening (C),Gen.G vs Rex Regum Qeon,All Maps,Rex Regum Qeon,Lmemore,"cypher, killjoy",8,4,,,1,,,,,49,1,1
Champions Tour 2024: Pacific Kickoff,Group Stage,Opening (C),Gen.G vs Rex Regum Qeon,All Maps,Rex Regum Qeon,Jemkin,"jett, raze",6,8,,,1,1,,,,51,1,1
Champions Tour 2024: Pacific Kickoff,Group Stage,Opening (C),Gen.G vs Rex Regum Qeon,All Maps,Rex Regum Qeon,Estrella,"fade, skye, sova",10,2,,,,,,,,52,5,2
Champions Tour 2024: Pacific Kickoff,Group Stage,Opening (C),Gen.G vs Rex Regum Qeon,Icebox,Gen.G,Lakia,gekko,,,,,,,,,,28,6,2
Champions Tour 2024: Pacific Kickoff,Group Stage,Opening (C),Gen.G vs Rex Regum Qeon,Icebox,Gen.G,Munchkin,kayo,,1,,,,,,,,51,0,2
Champions Tour 2024: Pacific Kickoff,Group Stage,Opening (C),Gen.G vs Rex Regum Qeon,Icebox,Gen.G,t3xture,jett,5,2,2,,1,,,,,97,1,1
Champions Tour 2024: Pacific Kickoff,Group Stage,Opening (C),Gen.G vs Rex Regum Qeon,Icebox,Gen.G,Meteor,killjoy,6,1,,,1,,,,,67,0,1
Champions Tour 2024: Pacific Kickoff,Group Stage,Opening (C),Gen.G vs Rex Regum Qeon,Icebox,Gen.G,Karon,viper,1,1,,,,1,,,,40,1,0
Champions Tour 2024: Pacific Kickoff,Group Stage,Opening (C),Gen.G vs Rex Regum Qeon,Icebox,Rex Regum Qeon,xffero,viper,7,,,,,,,,,68,2,0
Champions Tour 2024: Pacific Kickoff,Group Stage,Opening (C),Gen.G vs Rex Regum Qeon,Icebox,Rex Regum Qeon,fl1pzjder,gekko,3,1,,,,1,,,,40,5,2
Champions Tour 2024: Pacific Kickoff,Group Stage,Opening (C),Gen.G vs Rex Regum Qeon,Icebox,Rex Regum Qeon,Lmemore,killjoy,2,2,,,,,,,,51,0,0
Champions Tour 2024: Pacific Kickoff,Group Stage,Opening (C),Gen.G vs Rex Regum Qeon,Icebox,Rex Regum Qeon,Jemkin,jett,4,3,,,1,,,,,55,1,0
Champions Tour 2024: Pacific Kickoff,Group Stage,Opening (C),Gen.G vs Rex Regum Qeon,Icebox,Rex Regum Qeon,Estrella,sova,2,,,,,,,,,26,3,0
Champions Tour 2024: Pacific Kickoff,Group Stage,Opening (C),Gen.G vs Rex Regum Qeon,Split,Gen.G,Lakia,skye,2,,1,,,,,,,48,4,0
Champions Tour 2024: Pacific Kickoff,Group Stage,Opening (C),Gen.G vs Rex Regum Qeon,Split,Gen.G,Munchkin,viper,2,1,,,,,,,,56,1,0
Champions Tour 2024: Pacific Kickoff,Group Stage,Opening (C),Gen.G vs Rex Regum Qeon,Split,Gen.G,t3xture,raze,5,,,,,,,,,54,1,0
Champions Tour 2024: Pacific Kickoff,Group Stage,Opening (C),Gen.G vs Rex Regum Qeon,Split,Gen.G,Meteor,jett,2,3,1,,,,,,,50,0,0
Champions Tour 2024: Pacific Kickoff,Group Stage,Opening (C),Gen.G vs Rex Regum Qeon,Split,Gen.G,Karon,astra,5,1,,,,,,,,51,0,0
Champions Tour 2024: Pacific Kickoff,Group Stage,Opening (C),Gen.G vs Rex Regum Qeon,Split,Rex Regum Qeon,xffero,astra,2,,1,,,,,,,44,3,0
Champions Tour 2024: Pacific Kickoff,Group Stage,Opening (C),Gen.G vs Rex Regum Qeon,Split,Rex Regum Qeon,fl1pzjder,viper,1,1,1,,,,,,,52,0,1
Champions Tour 2024: Pacific Kickoff,Group Stage,Opening (C),Gen.G vs Rex Regum Qeon,Split,Rex Regum Qeon,Lmemore,cypher,5,1,,,1,,,,,55,0,1
Champions Tour 2024: Pacific Kickoff,Group Stage,Opening (C),Gen.G vs Rex Regum Qeon,Split,Rex Regum Qeon,Jemkin,raze,1,2,,,,1,,,,42,0,1
Champions Tour 2024: Pacific Kickoff,Group Stage,Opening (C),Gen.G vs Rex Regum Qeon,Split,Rex Regum Qeon,Estrella,skye,4,1,,,,,,,,62,0,1
Champions Tour 2024: Pacific Kickoff,Group Stage,Opening (C),Gen.G vs Rex Regum Qeon,Sunset,Gen.G,Lakia,skye,5,,,,1,1,,,,56,4,2
Champions Tour 2024: Pacific Kickoff,Group Stage,Opening (C),Gen.G vs Rex Regum Qeon,Sunset,Gen.G,Munchkin,viper,3,1,,,1,,,,,52,0,2
Champions Tour 2024: Pacific Kickoff,Group Stage,Opening (C),Gen.G vs Rex Regum Qeon,Sunset,Gen.G,t3xture,raze,4,1,2,,,,1,,,94,1,2
Champions Tour 2024: Pacific Kickoff,Group Stage,Opening (C),Gen.G vs Rex Regum Qeon,Sunset,Gen.G,Meteor,cypher,3,2,,,,,,,,53,0,0
Champions Tour 2024: Pacific Kickoff,Group Stage,Opening (C),Gen.G vs Rex Regum Qeon,Sunset,Gen.G,Karon,omen,1,,,,1,,,,,22,1,0
Champions Tour 2024: Pacific Kickoff,Group Stage,Opening (C),Gen.G vs Rex Regum Qeon,Sunset,Rex Regum Qeon,xffero,harbor,2,1,,,,1,,,,41,7,0
Champions Tour 2024: Pacific Kickoff,Group Stage,Opening (C),Gen.G vs Rex Regum Qeon,Sunset,Rex Regum Qeon,fl1pzjder,omen,1,2,,,,,,,,38,0,0
Champions Tour 2024: Pacific Kickoff,Group Stage,Opening (C),Gen.G vs Rex Regum Qeon,Sunset,Rex Regum Qeon,Lmemore,cypher,1,1,,,,,,,,41,1,0
Champions Tour 2024: Pacific Kickoff,Group Stage,Opening (C),Gen.G vs Rex Regum Qeon,Sunset,Rex Regum Qeon,Jemkin,raze,1,3,,,,,,,,57,0,0
Champions Tour 2024: Pacific Kickoff,Group Stage,Opening (C),Gen.G vs Rex Regum Qeon,Sunset,Rex Regum Qeon,Estrella,fade,4,1,,,,,,,,68,2,1
Champions Tour 2024: Pacific Kickoff,Group Stage,Opening (A),ZETA DIVISION vs Global Esports,All Maps,ZETA DIVISION,Dep,"jett, raze",9,,2,,,,,,,57,1,1
Champions Tour 2024: Pacific Kickoff,Group Stage,Opening (A),ZETA DIVISION vs Global Esports,All Maps,ZETA DIVISION,Laz,"cypher, killjoy",6,1,,,,,,,,48,0,1
Champions Tour 2024: Pacific Kickoff,Group Stage,Opening (A),ZETA DIVISION vs Global Esports,All Maps,ZETA DIVISION,SugarZ3ro,"brimstone, harbor",4,1,1,,,,,,,55,6,1
Champions Tour 2024: Pacific Kickoff,Group Stage,Opening (A),ZETA DIVISION vs Global Esports,All Maps,ZETA DIVISION,hiroronn,"skye, sova",6,1,1,,,,,,,73,7,1
Champions Tour 2024: Pacific Kickoff,Group Stage,Opening (A),ZETA DIVISION vs Global Esports,All Maps,ZETA DIVISION,yuran,viper,5,3,1,,1,,,,,65,1,3
Champions Tour 2024: Pacific Kickoff,Group Stage,Opening (A),ZETA DIVISION vs Global Esports,All Maps,Global Esports,Russ,kayo,3,1,,,,,,,,34,7,0
Champions Tour 2024: Pacific Kickoff,Group Stage,Opening (A),ZETA DIVISION vs Global Esports,All Maps,Global Esports,blaZek1ng,"gekko, sova",3,,,,,,,,,45,7,0
Champions Tour 2024: Pacific Kickoff,Group Stage,Opening (A),ZETA DIVISION vs Global Esports,All Maps,Global Esports,Polvi,"jett, raze",3,2,1,,,,,,,61,1,0
Champions Tour 2024: Pacific Kickoff,Group Stage,Opening (A),ZETA DIVISION vs Global Esports,All Maps,Global Esports,Lightningfast,viper,5,1,,,1,,,,,47,3,1
Champions Tour 2024: Pacific Kickoff,Group Stage,Opening (A),ZETA DIVISION vs Global Esports,All Maps,Global Esports,Benkai,"cypher, killjoy",4,,,,2,1,,,,34,0,1
Champions Tour 2024: Pacific Kickoff,Group Stage,Opening (A),ZETA DIVISION vs Global Esports,Bind,ZETA DIVISION,Dep,raze,6,,1,,,,,,,64,0,1
Champions Tour 2024: Pacific Kickoff,Group Stage,Opening (A),ZETA DIVISION vs Global Esports,Bind,ZETA DIVISION,Laz,cypher,4,1,,,,,,,,41,0,0
Champions Tour 2024: Pacific Kickoff,Group Stage,Opening (A),ZETA DIVISION vs Global Esports,Bind,ZETA DIVISION,SugarZ3ro,brimstone,3,1,1,,,,,,,66,0,0
Champions Tour 2024: Pacific Kickoff,Group Stage,Opening (A),ZETA DIVISION vs Global Esports,Bind,ZETA DIVISION,hiroronn,skye,2,1,,,,,,,,55,7,0
Champions Tour 2024: Pacific Kickoff,Group Stage,Opening (A),ZETA DIVISION vs Global Esports,Bind,ZETA DIVISION,yuran,viper,2,3,,,1,,,,,51,0,3
Champions Tour 2024: Pacific Kickoff,Group Stage,Opening (A),ZETA DIVISION vs Global Esports,Bind,Global Esports,Russ,kayo,3,1,,,,,,,,41,1,0
Champions Tour 2024: Pacific Kickoff,Group Stage,Opening (A),ZETA DIVISION vs Global Esports,Bind,Global Esports,blaZek1ng,gekko,2,,,,,,,,,48,5,0
Champions Tour 2024: Pacific Kickoff,Group Stage,Opening (A),ZETA DIVISION vs Global Esports,Bind,Global Esports,Polvi,raze,2,1,,,,,,,,54,1,0
Champions Tour 2024: Pacific Kickoff,Group Stage,Opening (A),ZETA DIVISION vs Global Esports,Bind,Global Esports,Lightningfast,viper,2,,,,1,,,,,41,2,1
Champions Tour 2024: Pacific Kickoff,Group Stage,Opening (A),ZETA DIVISION vs Global Esports,Bind,Global Esports,Benkai,cypher,3,,,,2,,,,,45,0,0
Champions Tour 2024: Pacific Kickoff,Group Stage,Opening (A),ZETA DIVISION vs Global Esports,Icebox,ZETA DIVISION,Dep,jett,3,,1,,,,,,,50,1,0
Champions Tour 2024: Pacific Kickoff,Group Stage,Opening (A),ZETA DIVISION vs Global Esports,Icebox,ZETA DIVISION,Laz,killjoy,2,,,,,,,,,55,0,1
Champions Tour 2024: Pacific Kickoff,Group Stage,Opening (A),ZETA DIVISION vs Global Esports,Icebox,ZETA DIVISION,SugarZ3ro,harbor,1,,,,,,,,,43,6,1
Champions Tour 2024: Pacific Kickoff,Group Stage,Opening (A),ZETA DIVISION vs Global Esports,Icebox,ZETA DIVISION,hiroronn,sova,4,,1,,,,,,,91,0,1
Champions Tour 2024: Pacific Kickoff,Group Stage,Opening (A),ZETA DIVISION vs Global Esports,Icebox,ZETA DIVISION,yuran,viper,3,,1,,,,,,,78,1,0
Champions Tour 2024: Pacific Kickoff,Group Stage,Opening (A),ZETA DIVISION vs Global Esports,Icebox,Global Esports,Russ,kayo,,,,,,,,,,27,6,0
Champions Tour 2024: Pacific Kickoff,Group Stage,Opening (A),ZETA DIVISION vs Global Esports,Icebox,Global Esports,blaZek1ng,sova,1,,,,,,,,,41,2,0
Champions Tour 2024: Pacific Kickoff,Group Stage,Opening (A),ZETA DIVISION vs Global Esports,Icebox,Global Esports,Polvi,jett,1,1,1,,,,,,,68,0,0
Champions Tour 2024: Pacific Kickoff,Group Stage,Opening (A),ZETA DIVISION vs Global Esports,Icebox,Global Esports,Lightningfast,viper,3,1,,,,,,,,53,1,0
Champions Tour 2024: Pacific Kickoff,Group Stage,Opening (A),ZETA DIVISION vs Global Esports,Icebox,Global Esports,Benkai,killjoy,1,,,,,1,,,,22,0,1
Champions Tour 2024: Pacific Kickoff,Group Stage,Opening (B),Team Secret vs Talon Esports,All Maps,Team Secret,BORKUM,"omen, viper",4,,,,,,,,,43,4,0
Champions Tour 2024: Pacific Kickoff,Group Stage,Opening (B),Team Secret vs Talon Esports,All Maps,Team Secret,JessieVash,sova,4,2,,,1,,1,,,46,6,1
Champions Tour 2024: Pacific Kickoff,Group Stage,Opening (B),Team Secret vs Talon Esports,All Maps,Team Secret,Jremy,jett,6,1,,,,,,,,62,0,1
Champions Tour 2024: Pacific Kickoff,Group Stage,Opening (B),Team Secret vs Talon Esports,All Maps,Team Secret,invy,kayo,4,,,,,,,,,32,5,0
Champions Tour 2024: Pacific Kickoff,Group Stage,Opening (B),Team Secret vs Talon Esports,All Maps,Team Secret,NDG,"cypher, killjoy",,,,,,,,,,29,1,0
Champions Tour 2024: Pacific Kickoff,Group Stage,Opening (B),Team Secret vs Talon Esports,All Maps,Talon Esports,Crws,"harbor, omen",5,,,,1,,,,,39,3,1
Champions Tour 2024: Pacific Kickoff,Group Stage,Opening (B),Team Secret vs Talon Esports,All Maps,Talon Esports,Governor,"jett, neon",4,7,2,,,,,,,90,0,5
Champions Tour 2024: Pacific Kickoff,Group Stage,Opening (B),Team Secret vs Talon Esports,All Maps,Talon Esports,ban,"kayo, yoru",6,3,,,1,,,,,51,0,1
Champions Tour 2024: Pacific Kickoff,Group Stage,Opening (B),Team Secret vs Talon Esports,All Maps,Talon Esports,lenne,sova,4,1,1,,,,,,,77,2,1
Champions Tour 2024: Pacific Kickoff,Group Stage,Opening (B),Team Secret vs Talon Esports,All Maps,Talon Esports,JitBoyS,"killjoy, viper",4,1,,,,,,,,63,4,2
Champions Tour 2024: Pacific Kickoff,Group Stage,Opening (B),Team Secret vs Talon Esports,Breeze,Team Secret,BORKUM,viper,3,,,,,,,,,55,1,0
Champions Tour 2024: Pacific Kickoff,Group Stage,Opening (B),Team Secret vs Talon Esports,Breeze,Team Secret,JessieVash,sova,3,1,,,,,,,,50,4,1
Champions Tour 2024: Pacific Kickoff,Group Stage,Opening (B),Team Secret vs Talon Esports,Breeze,Team Secret,Jremy,jett,4,1,,,,,,,,62,0,1
Champions Tour 2024: Pacific Kickoff,Group Stage,Opening (B),Team Secret vs Talon Esports,Breeze,Team Secret,invy,kayo,3,,,,,,,,,34,1,0
Champions Tour 2024: Pacific Kickoff,Group Stage,Opening (B),Team Secret vs Talon Esports,Breeze,Team Secret,NDG,cypher,,,,,,,,,,30,1,0
Champions Tour 2024: Pacific Kickoff,Group Stage,Opening (B),Team Secret vs Talon Esports,Breeze,Talon Esports,Crws,harbor,4,,,,1,,,,,44,2,1
Champions Tour 2024: Pacific Kickoff,Group Stage,Opening (B),Team Secret vs Talon Esports,Breeze,Talon Esports,Governor,neon,1,2,2,,,,,,,71,0,2
Champions Tour 2024: Pacific Kickoff,Group Stage,Opening (B),Team Secret vs Talon Esports,Breeze,Talon Esports,ban,yoru,3,3,,,1,,,,,62,0,1
Champions Tour 2024: Pacific Kickoff,Group Stage,Opening (B),Team Secret vs Talon Esports,Breeze,Talon Esports,lenne,sova,2,,,,,,,,,47,1,0
Champions Tour 2024: Pacific Kickoff,Group Stage,Opening (B),Team Secret vs Talon Esports,Breeze,Talon Esports,JitBoyS,viper,2,,,,,,,,,54,3,0
Champions Tour 2024: Pacific Kickoff,Group Stage,Opening (B),Team Secret vs Talon Esports,Ascent,Team Secret,BORKUM,omen,1,,,,,,,,,31,3,0
Champions Tour 2024: Pacific Kickoff,Group Stage,Opening (B),Team Secret vs Talon Esports,Ascent,Team Secret,JessieVash,sova,1,1,,,1,,1,,,42,2,0
Champions Tour 2024: Pacific Kickoff,Group Stage,Opening (B),Team Secret vs Talon Esports,Ascent,Team Secret,Jremy,jett,2,,,,,,,,,61,0,0
Champions Tour 2024: Pacific Kickoff,Group Stage,Opening (B),Team Secret vs Talon Esports,Ascent,Team Secret,invy,kayo,1,,,,,,,,,30,4,0
Champions Tour 2024: Pacific Kickoff,Group Stage,Opening (B),Team Secret vs Talon Esports,Ascent,Team Secret,NDG,killjoy,,,,,,,,,,27,0,0
Champions Tour 2024: Pacific Kickoff,Group Stage,Opening (B),Team Secret vs Talon Esports,Ascent,Talon Esports,Crws,omen,1,,,,,,,,,33,1,0
Champions Tour 2024: Pacific Kickoff,Group Stage,Opening (B),Team Secret vs Talon Esports,Ascent,Talon Esports,Governor,jett,3,5,,,,,,,,108,0,3
Champions Tour 2024: Pacific Kickoff,Group Stage,Opening (B),Team Secret vs Talon Esports,Ascent,Talon Esports,ban,kayo,3,,,,,,,,,40,0,0
Champions Tour 2024: Pacific Kickoff,Group Stage,Opening (B),Team Secret vs Talon Esports,Ascent,Talon Esports,lenne,sova,2,1,1,,,,,,,106,1,1
Champions Tour 2024: Pacific Kickoff,Group Stage,Opening (B),Team Secret vs Talon Esports,Ascent,Talon Esports,JitBoyS,killjoy,2,1,,,,,,,,71,1,2
Champions Tour 2024: Pacific Kickoff,Group Stage,Opening (B),DRX vs DetonatioN FocusMe,All Maps,DRX,stax,"fade, sova",4,1,1,,1,,,,,54,8,2
Champions Tour 2024: Pacific Kickoff,Group Stage,Opening (B),DRX vs DetonatioN FocusMe,All Maps,DRX,BuZz,"raze, yoru",5,3,,,,,,,,50,0,0
Champions Tour 2024: Pacific Kickoff,Group Stage,Opening (B),DRX vs DetonatioN FocusMe,All Maps,DRX,MaKo,"omen, viper",6,2,,,,,,,,61,6,1
Champions Tour 2024: Pacific Kickoff,Group Stage,Opening (B),DRX vs DetonatioN FocusMe,All Maps,DRX,Foxy9,"jett, viper",4,2,1,,,,,,,51,1,1
Champions Tour 2024: Pacific Kickoff,Group Stage,Opening (B),DRX vs DetonatioN FocusMe,All Maps,DRX,Flashback,"cypher, killjoy",9,1,1,,,,,,,55,1,2
Champions Tour 2024: Pacific Kickoff,Group Stage,Opening (B),DRX vs DetonatioN FocusMe,All Maps,DetonatioN FocusMe,Medusa,"cypher, killjoy",4,2,,,1,,,,,50,1,0
Champions Tour 2024: Pacific Kickoff,Group Stage,Opening (B),DRX vs DetonatioN FocusMe,All Maps,DetonatioN FocusMe,neth,"harbor, viper",7,,,,1,,,,,43,7,2
Champions Tour 2024: Pacific Kickoff,Group Stage,Opening (B),DRX vs DetonatioN FocusMe,All Maps,DetonatioN FocusMe,Meiy,"raze, yoru",7,,1,,1,,,,,56,2,1
Champions Tour 2024: Pacific Kickoff,Group Stage,Opening (B),DRX vs DetonatioN FocusMe,All Maps,DetonatioN FocusMe,Anthem,"skye, sova",5,,,,2,,,,,45,4,1
Champions Tour 2024: Pacific Kickoff,Group Stage,Opening (B),DRX vs DetonatioN FocusMe,All Maps,DetonatioN FocusMe,SSeeS,"omen, viper",4,1,,,,,1,,,45,0,1
Champions Tour 2024: Pacific Kickoff,Group Stage,Opening (B),DRX vs DetonatioN FocusMe,Lotus,DRX,stax,fade,4,1,,,,,,,,56,4,1
Champions Tour 2024: Pacific Kickoff,Group Stage,Opening (B),DRX vs DetonatioN FocusMe,Lotus,DRX,BuZz,raze,3,2,,,,,,,,53,0,0
Champions Tour 2024: Pacific Kickoff,Group Stage,Opening (B),DRX vs DetonatioN FocusMe,Lotus,DRX,MaKo,omen,3,,,,,,,,,61,4,0
Champions Tour 2024: Pacific Kickoff,Group Stage,Opening (B),DRX vs DetonatioN FocusMe,Lotus,DRX,Foxy9,viper,2,1,1,,,,,,,57,0,0
Champions Tour 2024: Pacific Kickoff,Group Stage,Opening (B),DRX vs DetonatioN FocusMe,Lotus,DRX,Flashback,killjoy,5,,,,,,,,,47,1,0
Champions Tour 2024: Pacific Kickoff,Group Stage,Opening (B),DRX vs DetonatioN FocusMe,Lotus,DetonatioN FocusMe,Medusa,killjoy,1,,,,,,,,,25,1,0
Champions Tour 2024: Pacific Kickoff,Group Stage,Opening (B),DRX vs DetonatioN FocusMe,Lotus,DetonatioN FocusMe,neth,viper,4,,,,1,,,,,54,2,2
Champions Tour 2024: Pacific Kickoff,Group Stage,Opening (B),DRX vs DetonatioN FocusMe,Lotus,DetonatioN FocusMe,Meiy,raze,4,,,,,,,,,62,1,0
Champions Tour 2024: Pacific Kickoff,Group Stage,Opening (B),DRX vs DetonatioN FocusMe,Lotus,DetonatioN FocusMe,Anthem,skye,4,,,,2,,,,,47,2,1
Champions Tour 2024: Pacific Kickoff,Group Stage,Opening (B),DRX vs DetonatioN FocusMe,Lotus,DetonatioN FocusMe,SSeeS,omen,3,1,,,,,1,,,52,0,0
Champions Tour 2024: Pacific Kickoff,Group Stage,Opening (B),DRX vs DetonatioN FocusMe,Breeze,DRX,stax,sova,,,1,,1,,,,,51,4,1
Champions Tour 2024: Pacific Kickoff,Group Stage,Opening (B),DRX vs DetonatioN FocusMe,Breeze,DRX,BuZz,yoru,2,1,,,,,,,,46,0,0
Champions Tour 2024: Pacific Kickoff,Group Stage,Opening (B),DRX vs DetonatioN FocusMe,Breeze,DRX,MaKo,viper,3,2,,,,,,,,61,2,1
Champions Tour 2024: Pacific Kickoff,Group Stage,Opening (B),DRX vs DetonatioN FocusMe,Breeze,DRX,Foxy9,jett,2,1,,,,,,,,44,1,1
Champions Tour 2024: Pacific Kickoff,Group Stage,Opening (B),DRX vs DetonatioN FocusMe,Breeze,DRX,Flashback,cypher,4,1,1,,,,,,,62,0,2
Champions Tour 2024: Pacific Kickoff,Group Stage,Opening (B),DRX vs DetonatioN FocusMe,Breeze,DetonatioN FocusMe,Medusa,cypher,3,2,,,1,,,,,74,0,0
Champions Tour 2024: Pacific Kickoff,Group Stage,Opening (B),DRX vs DetonatioN FocusMe,Breeze,DetonatioN FocusMe,neth,harbor,3,,,,,,,,,32,5,0
Champions Tour 2024: Pacific Kickoff,Group Stage,Opening (B),DRX vs DetonatioN FocusMe,Breeze,DetonatioN FocusMe,Meiy,yoru,3,,1,,1,,,,,50,1,1
Champions Tour 2024: Pacific Kickoff,Group Stage,Opening (B),DRX vs DetonatioN FocusMe,Breeze,DetonatioN FocusMe,Anthem,sova,1,,,,,,,,,43,2,0
Champions Tour 2024: Pacific Kickoff,Group Stage,Opening (B),DRX vs DetonatioN FocusMe,Breeze,DetonatioN FocusMe,SSeeS,viper,1,,,,,,,,,37,0,1
Champions Tour 2024: Pacific Kickoff,Group Stage,Winner's (C),Gen.G vs Paper Rex,All Maps,Gen.G,Lakia,"fade, skye",9,2,1,,2,,,,,43,10,2
Champions Tour 2024: Pacific Kickoff,Group Stage,Winner's (C),Gen.G vs Paper Rex,All Maps,Gen.G,Munchkin,viper,4,4,,,1,1,,,,42,4,0
Champions Tour 2024: Pacific Kickoff,Group Stage,Winner's (C),Gen.G vs Paper Rex,All Maps,Gen.G,t3xture,"jett, raze",7,7,1,1,,,1,,,68,1,0
Champions Tour 2024: Pacific Kickoff,Group Stage,Winner's (C),Gen.G vs Paper Rex,All Maps,Gen.G,Meteor,"cypher, killjoy",7,,2,,,,,,,52,2,1
Champions Tour 2024: Pacific Kickoff,Group Stage,Winner's (C),Gen.G vs Paper Rex,All Maps,Gen.G,Karon,"astra, omen",6,4,1,,1,1,,,,52,5,3
Champions Tour 2024: Pacific Kickoff,Group Stage,Winner's (C),Gen.G vs Paper Rex,All Maps,Paper Rex,Monyet,"omen, raze",11,2,,,1,,,,,52,5,2
Champions Tour 2024: Pacific Kickoff,Group Stage,Winner's (C),Gen.G vs Paper Rex,All Maps,Paper Rex,mindfreak,"omen, sova, viper",7,1,,,2,1,,,,42,1,1
Champions Tour 2024: Pacific Kickoff,Group Stage,Winner's (C),Gen.G vs Paper Rex,All Maps,Paper Rex,f0rsakeN,"cypher, harbor, kayo",7,2,2,,,,,,,54,5,0
Champions Tour 2024: Pacific Kickoff,Group Stage,Winner's (C),Gen.G vs Paper Rex,All Maps,Paper Rex,d4v41,"sage, skye, viper",9,5,,1,2,2,,,,74,3,3
Champions Tour 2024: Pacific Kickoff,Group Stage,Winner's (C),Gen.G vs Paper Rex,All Maps,Paper Rex,something,"gekko, jett, yoru",12,2,2,,,,,,,77,7,3
Champions Tour 2024: Pacific Kickoff,Group Stage,Winner's (C),Gen.G vs Paper Rex,Breeze,Gen.G,Lakia,skye,,1,,,,,,,,31,3,0
Champions Tour 2024: Pacific Kickoff,Group Stage,Winner's (C),Gen.G vs Paper Rex,Breeze,Gen.G,Munchkin,viper,1,3,,,1,1,,,,52,4,0
Champions Tour 2024: Pacific Kickoff,Group Stage,Winner's (C),Gen.G vs Paper Rex,Breeze,Gen.G,t3xture,jett,2,3,1,1,,,,,,89,0,0
Champions Tour 2024: Pacific Kickoff,Group Stage,Winner's (C),Gen.G vs Paper Rex,Breeze,Gen.G,Meteor,cypher,3,,1,,,,,,,52,1,0
Champions Tour 2024: Pacific Kickoff,Group Stage,Winner's (C),Gen.G vs Paper Rex,Breeze,Gen.G,Karon,astra,2,2,1,,1,,,,,46,2,2
Champions Tour 2024: Pacific Kickoff,Group Stage,Winner's (C),Gen.G vs Paper Rex,Breeze,Paper Rex,Monyet,omen,4,,,,1,,,,,39,2,1
Champions Tour 2024: Pacific Kickoff,Group Stage,Winner's (C),Gen.G vs Paper Rex,Breeze,Paper Rex,mindfreak,sova,3,,,,,,,,,54,1,0
Champions Tour 2024: Pacific Kickoff,Group Stage,Winner's (C),Gen.G vs Paper Rex,Breeze,Paper Rex,f0rsakeN,harbor,1,1,,,,,,,,50,4,0
Champions Tour 2024: Pacific Kickoff,Group Stage,Winner's (C),Gen.G vs Paper Rex,Breeze,Paper Rex,d4v41,viper,3,3,,,1,2,,,,83,0,1
Champions Tour 2024: Pacific Kickoff,Group Stage,Winner's (C),Gen.G vs Paper Rex,Breeze,Paper Rex,something,yoru,3,1,,,,,,,,64,1,1
Champions Tour 2024: Pacific Kickoff,Group Stage,Winner's (C),Gen.G vs Paper Rex,Lotus,Gen.G,Lakia,fade,4,,,,1,,,,,33,5,1
Champions Tour 2024: Pacific Kickoff,Group Stage,Winner's (C),Gen.G vs Paper Rex,Lotus,Gen.G,Munchkin,viper,,1,,,,,,,,50,0,0
Champions Tour 2024: Pacific Kickoff,Group Stage,Winner's (C),Gen.G vs Paper Rex,Lotus,Gen.G,t3xture,raze,4,2,,,,,,,,64,1,0
Champions Tour 2024: Pacific Kickoff,Group Stage,Winner's (C),Gen.G vs Paper Rex,Lotus,Gen.G,Meteor,killjoy,4,,1,,,,,,,79,1,0
Champions Tour 2024: Pacific Kickoff,Group Stage,Winner's (C),Gen.G vs Paper Rex,Lotus,Gen.G,Karon,omen,,2,,,,,,,,49,1,0
Champions Tour 2024: Pacific Kickoff,Group Stage,Winner's (C),Gen.G vs Paper Rex,Lotus,Paper Rex,Monyet,raze,5,,,,,,,,,65,3,1
Champions Tour 2024: Pacific Kickoff,Group Stage,Winner's (C),Gen.G vs Paper Rex,Lotus,Paper Rex,mindfreak,omen,1,1,,,2,1,,,,22,0,1
Champions Tour 2024: Pacific Kickoff,Group Stage,Winner's (C),Gen.G vs Paper Rex,Lotus,Paper Rex,f0rsakeN,cypher,4,,,,,,,,,43,0,0
Champions Tour 2024: Pacific Kickoff,Group Stage,Winner's (C),Gen.G vs Paper Rex,Lotus,Paper Rex,d4v41,skye,4,1,,,1,,,,,66,3,1
Champions Tour 2024: Pacific Kickoff,Group Stage,Winner's (C),Gen.G vs Paper Rex,Lotus,Paper Rex,something,jett,5,1,1,,,,,,,79,1,0
Champions Tour 2024: Pacific Kickoff,Group Stage,Winner's (C),Gen.G vs Paper Rex,Sunset,Gen.G,Lakia,skye,5,1,1,,1,,,,,66,2,1
Champions Tour 2024: Pacific Kickoff,Group Stage,Winner's (C),Gen.G vs Paper Rex,Sunset,Gen.G,Munchkin,viper,3,,,,,,,,,23,0,0
Champions Tour 2024: Pacific Kickoff,Group Stage,Winner's (C),Gen.G vs Paper Rex,Sunset,Gen.G,t3xture,raze,1,2,,,,,1,,,50,0,0
Champions Tour 2024: Pacific Kickoff,Group Stage,Winner's (C),Gen.G vs Paper Rex,Sunset,Gen.G,Meteor,cypher,,,,,,,,,,24,0,1
Champions Tour 2024: Pacific Kickoff,Group Stage,Winner's (C),Gen.G vs Paper Rex,Sunset,Gen.G,Karon,omen,4,,,,,1,,,,61,2,1
Champions Tour 2024: Pacific Kickoff,Group Stage,Winner's (C),Gen.G vs Paper Rex,Sunset,Paper Rex,Monyet,omen,2,2,,,,,,,,53,0,0
Champions Tour 2024: Pacific Kickoff,Group Stage,Winner's (C),Gen.G vs Paper Rex,Sunset,Paper Rex,mindfreak,viper,3,,,,,,,,,49,0,0
Champions Tour 2024: Pacific Kickoff,Group Stage,Winner's (C),Gen.G vs Paper Rex,Sunset,Paper Rex,f0rsakeN,kayo,2,1,2,,,,,,,70,1,0
Champions Tour 2024: Pacific Kickoff,Group Stage,Winner's (C),Gen.G vs Paper Rex,Sunset,Paper Rex,d4v41,sage,2,1,,1,,,,,,72,0,1
Champions Tour 2024: Pacific Kickoff,Group Stage,Winner's (C),Gen.G vs Paper Rex,Sunset,Paper Rex,something,gekko,4,,1,,,,,,,88,5,2
Champions Tour 2024: Pacific Kickoff,Group Stage,Elimination (A),BLEED vs Global Esports,All Maps,BLEED,yay,"jett, viper",5,3,,,,,,,,48,4,0
Champions Tour 2024: Pacific Kickoff,Group Stage,Elimination (A),BLEED vs Global Esports,All Maps,BLEED,crazyguy,"skye, sova",8,,,,,,,,,42,3,2
Champions Tour 2024: Pacific Kickoff,Group Stage,Elimination (A),BLEED vs Global Esports,All Maps,BLEED,Egoist,"cypher, killjoy",15,1,1,,1,2,,,,65,5,4
Champions Tour 2024: Pacific Kickoff,Group Stage,Elimination (A),BLEED vs Global Esports,All Maps,BLEED,sScary,"omen, viper",5,2,,,2,1,,,,54,7,1
Champions Tour 2024: Pacific Kickoff,Group Stage,Elimination (A),BLEED vs Global Esports,All Maps,BLEED,Deryeon,"harbor, raze",11,3,1,,,1,,,,61,6,1
Champions Tour 2024: Pacific Kickoff,Group Stage,Elimination (A),BLEED vs Global Esports,All Maps,Global Esports,Russ,"breach, gekko, kayo",7,2,,,1,1,,,,47,18,2
Champions Tour 2024: Pacific Kickoff,Group Stage,Elimination (A),BLEED vs Global Esports,All Maps,Global Esports,blaZek1ng,"fade, gekko, sova",10,7,,,,1,,,,59,5,2
Champions Tour 2024: Pacific Kickoff,Group Stage,Elimination (A),BLEED vs Global Esports,All Maps,Global Esports,Polvi,"jett, raze",8,3,,,,,,,,49,3,1
Champions Tour 2024: Pacific Kickoff,Group Stage,Elimination (A),BLEED vs Global Esports,All Maps,Global Esports,Lightningfast,"omen, viper",7,,,,,,,,,39,2,1
Champions Tour 2024: Pacific Kickoff,Group Stage,Elimination (A),BLEED vs Global Esports,All Maps,Global Esports,Benkai,"cypher, killjoy, viper",9,2,2,,,,,,,58,1,1
Champions Tour 2024: Pacific Kickoff,Group Stage,Elimination (A),BLEED vs Global Esports,Sunset,BLEED,yay,viper,2,1,,,,,,,,63,1,0
Champions Tour 2024: Pacific Kickoff,Group Stage,Elimination (A),BLEED vs Global Esports,Sunset,BLEED,crazyguy,sova,2,,,,,,,,,38,0,1
Champions Tour 2024: Pacific Kickoff,Group Stage,Elimination (A),BLEED vs Global Esports,Sunset,BLEED,Egoist,cypher,2,,1,,,,,,,47,4,1
Champions Tour 2024: Pacific Kickoff,Group Stage,Elimination (A),BLEED vs Global Esports,Sunset,BLEED,sScary,omen,2,1,,,,,,,,58,4,0
Champions Tour 2024: Pacific Kickoff,Group Stage,Elimination (A),BLEED vs Global Esports,Sunset,BLEED,Deryeon,raze,5,1,,,,,,,,59,0,0
Champions Tour 2024: Pacific Kickoff,Group Stage,Elimination (A),BLEED vs Global Esports,Sunset,Global Esports,Russ,gekko,1,1,,,,,,,,36,7,1
Champions Tour 2024: Pacific Kickoff,Group Stage,Elimination (A),BLEED vs Global Esports,Sunset,Global Esports,blaZek1ng,fade,6,3,,,,1,,,,72,1,2
Champions Tour 2024: Pacific Kickoff,Group Stage,Elimination (A),BLEED vs Global Esports,Sunset,Global Esports,Polvi,raze,3,1,,,,,,,,51,1,1
Champions Tour 2024: Pacific Kickoff,Group Stage,Elimination (A),BLEED vs Global Esports,Sunset,Global Esports,Lightningfast,omen,2,,,,,,,,,33,0,0
Champions Tour 2024: Pacific Kickoff,Group Stage,Elimination (A),BLEED vs Global Esports,Sunset,Global Esports,Benkai,viper,3,,,,,,,,,47,0,1
Champions Tour 2024: Pacific Kickoff,Group Stage,Elimination (A),BLEED vs Global Esports,Icebox,BLEED,yay,jett,3,1,,,,,,,,61,0,0
Champions Tour 2024: Pacific Kickoff,Group Stage,Elimination (A),BLEED vs Global Esports,Icebox,BLEED,crazyguy,sova,5,,,,,,,,,59,1,1
Champions Tour 2024: Pacific Kickoff,Group Stage,Elimination (A),BLEED vs Global Esports,Icebox,BLEED,Egoist,killjoy,4,1,,,,,,,,68,0,0
Champions Tour 2024: Pacific Kickoff,Group Stage,Elimination (A),BLEED vs Global Esports,Icebox,BLEED,sScary,viper,2,,,,2,1,,,,63,2,1
Champions Tour 2024: Pacific Kickoff,Group Stage,Elimination (A),BLEED vs Global Esports,Icebox,BLEED,Deryeon,harbor,2,,1,,,1,,,,63,6,1
Champions Tour 2024: Pacific Kickoff,Group Stage,Elimination (A),BLEED vs Global Esports,Icebox,Global Esports,Russ,kayo,4,1,,,,,,,,62,7,1
Champions Tour 2024: Pacific Kickoff,Group Stage,Elimination (A),BLEED vs Global Esports,Icebox,Global Esports,blaZek1ng,sova,1,2,,,,,,,,53,0,0
Champions Tour 2024: Pacific Kickoff,Group Stage,Elimination (A),BLEED vs Global Esports,Icebox,Global Esports,Polvi,jett,3,,,,,,,,,40,1,0
Champions Tour 2024: Pacific Kickoff,Group Stage,Elimination (A),BLEED vs Global Esports,Icebox,Global Esports,Lightningfast,viper,2,,,,,,,,,40,1,1
Champions Tour 2024: Pacific Kickoff,Group Stage,Elimination (A),BLEED vs Global Esports,Icebox,Global Esports,Benkai,killjoy,3,1,,,,,,,,50,1,0
Champions Tour 2024: Pacific Kickoff,Group Stage,Elimination (A),BLEED vs Global Esports,Split,BLEED,yay,viper,,1,,,,,,,,19,3,0
Champions Tour 2024: Pacific Kickoff,Group Stage,Elimination (A),BLEED vs Global Esports,Split,BLEED,crazyguy,skye,1,,,,,,,,,30,2,0
Champions Tour 2024: Pacific Kickoff,Group Stage,Elimination (A),BLEED vs Global Esports,Split,BLEED,Egoist,cypher,9,,,,1,2,,,,80,1,3
Champions Tour 2024: Pacific Kickoff,Group Stage,Elimination (A),BLEED vs Global Esports,Split,BLEED,sScary,omen,1,1,,,,,,,,40,1,0
Champions Tour 2024: Pacific Kickoff,Group Stage,Elimination (A),BLEED vs Global Esports,Split,BLEED,Deryeon,raze,4,2,,,,,,,,60,0,0
Champions Tour 2024: Pacific Kickoff,Group Stage,Elimination (A),BLEED vs Global Esports,Split,Global Esports,Russ,breach,2,,,,1,1,,,,43,4,0
Champions Tour 2024: Pacific Kickoff,Group Stage,Elimination (A),BLEED vs Global Esports,Split,Global Esports,blaZek1ng,gekko,3,2,,,,,,,,52,4,0
Champions Tour 2024: Pacific Kickoff,Group Stage,Elimination (A),BLEED vs Global Esports,Split,Global Esports,Polvi,raze,2,2,,,,,,,,57,1,0
Champions Tour 2024: Pacific Kickoff,Group Stage,Elimination (A),BLEED vs Global Esports,Split,Global Esports,Lightningfast,omen,3,,,,,,,,,45,1,0
Champions Tour 2024: Pacific Kickoff,Group Stage,Elimination (A),BLEED vs Global Esports,Split,Global Esports,Benkai,cypher,3,1,2,,,,,,,77,0,0
Champions Tour 2024: Pacific Kickoff,Group Stage,Winner's (A),T1 vs ZETA DIVISION,All Maps,T1,Rossy,viper,8,3,,,3,1,,,,51,2,4
Champions Tour 2024: Pacific Kickoff,Group Stage,Winner's (A),T1 vs ZETA DIVISION,All Maps,T1,Sayaplayer,"jett, raze",10,2,1,,1,,,,,62,1,2
Champions Tour 2024: Pacific Kickoff,Group Stage,Winner's (A),T1 vs ZETA DIVISION,All Maps,T1,xccurate,"chamber, cypher",10,4,2,,,,,,,63,0,0
Champions Tour 2024: Pacific Kickoff,Group Stage,Winner's (A),T1 vs ZETA DIVISION,All Maps,T1,iZu,omen,9,3,,,,1,,,,53,3,0
Champions Tour 2024: Pacific Kickoff,Group Stage,Winner's (A),T1 vs ZETA DIVISION,All Maps,T1,Carpe,"fade, sova",6,,1,,1,,,,,46,9,1
Champions Tour 2024: Pacific Kickoff,Group Stage,Winner's (A),T1 vs ZETA DIVISION,All Maps,ZETA DIVISION,Dep,"jett, raze",9,4,1,,1,,,,,56,0,2
Champions Tour 2024: Pacific Kickoff,Group Stage,Winner's (A),T1 vs ZETA DIVISION,All Maps,ZETA DIVISION,Laz,"cypher, killjoy",6,3,,,2,,,,,53,5,0
Champions Tour 2024: Pacific Kickoff,Group Stage,Winner's (A),T1 vs ZETA DIVISION,All Maps,ZETA DIVISION,SugarZ3ro,omen,11,2,,,,,,,,45,3,1
Champions Tour 2024: Pacific Kickoff,Group Stage,Winner's (A),T1 vs ZETA DIVISION,All Maps,ZETA DIVISION,hiroronn,"fade, kayo",6,3,,,,,1,,,43,13,0
Champions Tour 2024: Pacific Kickoff,Group Stage,Winner's (A),T1 vs ZETA DIVISION,All Maps,ZETA DIVISION,yuran,"breach, sova, viper",5,1,,,,,,,,41,0,0
Champions Tour 2024: Pacific Kickoff,Group Stage,Winner's (A),T1 vs ZETA DIVISION,Ascent,T1,Rossy,viper,3,1,,,,,,,,51,2,1
Champions Tour 2024: Pacific Kickoff,Group Stage,Winner's (A),T1 vs ZETA DIVISION,Ascent,T1,Sayaplayer,jett,6,,,,,,,,,56,0,0
Champions Tour 2024: Pacific Kickoff,Group Stage,Winner's (A),T1 vs ZETA DIVISION,Ascent,T1,xccurate,cypher,4,1,,,,,,,,47,0,0
Champions Tour 2024: Pacific Kickoff,Group Stage,Winner's (A),T1 vs ZETA DIVISION,Ascent,T1,iZu,omen,2,2,,,,,,,,50,0,0
Champions Tour 2024: Pacific Kickoff,Group Stage,Winner's (A),T1 vs ZETA DIVISION,Ascent,T1,Carpe,fade,1,,,,,,,,,29,4,0
Champions Tour 2024: Pacific Kickoff,Group Stage,Winner's (A),T1 vs ZETA DIVISION,Ascent,ZETA DIVISION,Dep,jett,2,2,1,,,,,,,51,0,1
Champions Tour 2024: Pacific Kickoff,Group Stage,Winner's (A),T1 vs ZETA DIVISION,Ascent,ZETA DIVISION,Laz,killjoy,3,2,,,2,,,,,70,3,0
Champions Tour 2024: Pacific Kickoff,Group Stage,Winner's (A),T1 vs ZETA DIVISION,Ascent,ZETA DIVISION,SugarZ3ro,omen,7,,,,,,,,,56,0,1
Champions Tour 2024: Pacific Kickoff,Group Stage,Winner's (A),T1 vs ZETA DIVISION,Ascent,ZETA DIVISION,hiroronn,kayo,4,,,,,,,,,46,5,0
Champions Tour 2024: Pacific Kickoff,Group Stage,Winner's (A),T1 vs ZETA DIVISION,Ascent,ZETA DIVISION,yuran,sova,3,1,,,,,,,,56,0,0
Champions Tour 2024: Pacific Kickoff,Group Stage,Winner's (A),T1 vs ZETA DIVISION,Lotus,T1,Rossy,viper,4,1,,,1,1,,,,66,0,1
Champions Tour 2024: Pacific Kickoff,Group Stage,Winner's (A),T1 vs ZETA DIVISION,Lotus,T1,Sayaplayer,raze,1,1,1,,,,,,,52,1,0
Champions Tour 2024: Pacific Kickoff,Group Stage,Winner's (A),T1 vs ZETA DIVISION,Lotus,T1,xccurate,chamber,5,3,,,,,,,,80,0,0
Champions Tour 2024: Pacific Kickoff,Group Stage,Winner's (A),T1 vs ZETA DIVISION,Lotus,T1,iZu,omen,3,1,,,,1,,,,64,1,0
Champions Tour 2024: Pacific Kickoff,Group Stage,Winner's (A),T1 vs ZETA DIVISION,Lotus,T1,Carpe,fade,2,,,,,,,,,51,2,1
Champions Tour 2024: Pacific Kickoff,Group Stage,Winner's (A),T1 vs ZETA DIVISION,Lotus,ZETA DIVISION,Dep,raze,4,,,,1,,,,,52,0,1
Champions Tour 2024: Pacific Kickoff,Group Stage,Winner's (A),T1 vs ZETA DIVISION,Lotus,ZETA DIVISION,Laz,killjoy,3,,,,,,,,,60,1,0
Champions Tour 2024: Pacific Kickoff,Group Stage,Winner's (A),T1 vs ZETA DIVISION,Lotus,ZETA DIVISION,SugarZ3ro,omen,2,,,,,,,,,38,1,0
Champions Tour 2024: Pacific Kickoff,Group Stage,Winner's (A),T1 vs ZETA DIVISION,Lotus,ZETA DIVISION,hiroronn,fade,,1,,,,,,,,29,3,0
Champions Tour 2024: Pacific Kickoff,Group Stage,Winner's (A),T1 vs ZETA DIVISION,Lotus,ZETA DIVISION,yuran,viper,1,,,,,,,,,26,0,0
Champions Tour 2024: Pacific Kickoff,Group Stage,Winner's (A),T1 vs ZETA DIVISION,Sunset,T1,Rossy,viper,1,1,,,2,,,,,35,0,2
Champions Tour 2024: Pacific Kickoff,Group Stage,Winner's (A),T1 vs ZETA DIVISION,Sunset,T1,Sayaplayer,raze,3,1,,,1,,,,,77,0,2
Champions Tour 2024: Pacific Kickoff,Group Stage,Winner's (A),T1 vs ZETA DIVISION,Sunset,T1,xccurate,cypher,1,,2,,,,,,,63,0,0
Champions Tour 2024: Pacific Kickoff,Group Stage,Winner's (A),T1 vs ZETA DIVISION,Sunset,T1,iZu,omen,4,,,,,,,,,44,2,0
Champions Tour 2024: Pacific Kickoff,Group Stage,Winner's (A),T1 vs ZETA DIVISION,Sunset,T1,Carpe,sova,3,,1,,1,,,,,57,3,0
Champions Tour 2024: Pacific Kickoff,Group Stage,Winner's (A),T1 vs ZETA DIVISION,Sunset,ZETA DIVISION,Dep,raze,3,2,,,,,,,,64,0,0
Champions Tour 2024: Pacific Kickoff,Group Stage,Winner's (A),T1 vs ZETA DIVISION,Sunset,ZETA DIVISION,Laz,cypher,,1,,,,,,,,30,1,0
Champions Tour 2024: Pacific Kickoff,Group Stage,Winner's (A),T1 vs ZETA DIVISION,Sunset,ZETA DIVISION,SugarZ3ro,omen,2,2,,,,,,,,41,2,0
Champions Tour 2024: Pacific Kickoff,Group Stage,Winner's (A),T1 vs ZETA DIVISION,Sunset,ZETA DIVISION,hiroronn,fade,2,2,,,,,1,,,53,5,0
Champions Tour 2024: Pacific Kickoff,Group Stage,Winner's (A),T1 vs ZETA DIVISION,Sunset,ZETA DIVISION,yuran,breach,1,,,,,,,,,40,0,0
Champions Tour 2024: Pacific Kickoff,Group Stage,Elimination (B),DetonatioN FocusMe vs Team Secret,All Maps,DetonatioN FocusMe,Medusa,"cypher, killjoy",7,,,,,,,,,55,0,0
Champions Tour 2024: Pacific Kickoff,Group Stage,Elimination (B),DetonatioN FocusMe vs Team Secret,All Maps,DetonatioN FocusMe,neth,"harbor, viper",4,1,,,,,,,,53,4,0
Champions Tour 2024: Pacific Kickoff,Group Stage,Elimination (B),DetonatioN FocusMe vs Team Secret,All Maps,DetonatioN FocusMe,Meiy,"raze, yoru",8,4,,,,,1,,,57,1,2
Champions Tour 2024: Pacific Kickoff,Group Stage,Elimination (B),DetonatioN FocusMe vs Team Secret,All Maps,DetonatioN FocusMe,Anthem,"skye, sova",3,,,,,,,,,38,4,0
Champions Tour 2024: Pacific Kickoff,Group Stage,Elimination (B),DetonatioN FocusMe vs Team Secret,All Maps,DetonatioN FocusMe,SSeeS,"omen, viper",4,1,1,,,3,,,,49,3,2
Champions Tour 2024: Pacific Kickoff,Group Stage,Elimination (B),DetonatioN FocusMe vs Team Secret,All Maps,Team Secret,BORKUM,"omen, viper",7,1,,,,,,,,50,4,0
Champions Tour 2024: Pacific Kickoff,Group Stage,Elimination (B),DetonatioN FocusMe vs Team Secret,All Maps,Team Secret,JessieVash,"skye, sova",1,3,,,2,,,,,46,10,1
Champions Tour 2024: Pacific Kickoff,Group Stage,Elimination (B),DetonatioN FocusMe vs Team Secret,All Maps,Team Secret,Jremy,"jett, raze",6,4,1,,1,1,,,,62,0,1
Champions Tour 2024: Pacific Kickoff,Group Stage,Elimination (B),DetonatioN FocusMe vs Team Secret,All Maps,Team Secret,invy,"kayo, viper",4,2,,,,,,,,45,3,0
Champions Tour 2024: Pacific Kickoff,Group Stage,Elimination (B),DetonatioN FocusMe vs Team Secret,All Maps,Team Secret,NDG,"cypher, killjoy",6,2,,,1,,,,,62,2,1
Champions Tour 2024: Pacific Kickoff,Group Stage,Elimination (B),DetonatioN FocusMe vs Team Secret,Lotus,DetonatioN FocusMe,Medusa,killjoy,2,,,,,,,,,58,0,0
Champions Tour 2024: Pacific Kickoff,Group Stage,Elimination (B),DetonatioN FocusMe vs Team Secret,Lotus,DetonatioN FocusMe,neth,viper,1,,,,,,,,,66,1,0
Champions Tour 2024: Pacific Kickoff,Group Stage,Elimination (B),DetonatioN FocusMe vs Team Secret,Lotus,DetonatioN FocusMe,Meiy,raze,4,3,,,,,1,,,61,0,0
Champions Tour 2024: Pacific Kickoff,Group Stage,Elimination (B),DetonatioN FocusMe vs Team Secret,Lotus,DetonatioN FocusMe,Anthem,skye,1,,,,,,,,,33,2,0
Champions Tour 2024: Pacific Kickoff,Group Stage,Elimination (B),DetonatioN FocusMe vs Team Secret,Lotus,DetonatioN FocusMe,SSeeS,omen,1,1,,,,1,,,,46,2,1
Champions Tour 2024: Pacific Kickoff,Group Stage,Elimination (B),DetonatioN FocusMe vs Team Secret,Lotus,Team Secret,BORKUM,omen,4,,,,,,,,,43,1,0
Champions Tour 2024: Pacific Kickoff,Group Stage,Elimination (B),DetonatioN FocusMe vs Team Secret,Lotus,Team Secret,JessieVash,skye,1,1,,,,,,,,35,6,0
Champions Tour 2024: Pacific Kickoff,Group Stage,Elimination (B),DetonatioN FocusMe vs Team Secret,Lotus,Team Secret,Jremy,raze,2,1,1,,1,1,,,,62,0,1
Champions Tour 2024: Pacific Kickoff,Group Stage,Elimination (B),DetonatioN FocusMe vs Team Secret,Lotus,Team Secret,invy,viper,1,2,,,,,,,,43,1,0
Champions Tour 2024: Pacific Kickoff,Group Stage,Elimination (B),DetonatioN FocusMe vs Team Secret,Lotus,Team Secret,NDG,killjoy,4,1,,,,,,,,80,2,0
Champions Tour 2024: Pacific Kickoff,Group Stage,Elimination (B),DetonatioN FocusMe vs Team Secret,Breeze,DetonatioN FocusMe,Medusa,cypher,5,,,,,,,,,51,0,0
Champions Tour 2024: Pacific Kickoff,Group Stage,Elimination (B),DetonatioN FocusMe vs Team Secret,Breeze,DetonatioN FocusMe,neth,harbor,3,1,,,,,,,,40,3,0
Champions Tour 2024: Pacific Kickoff,Group Stage,Elimination (B),DetonatioN FocusMe vs Team Secret,Breeze,DetonatioN FocusMe,Meiy,yoru,4,1,,,,,,,,52,1,2
Champions Tour 2024: Pacific Kickoff,Group Stage,Elimination (B),DetonatioN FocusMe vs Team Secret,Breeze,DetonatioN FocusMe,Anthem,sova,2,,,,,,,,,43,2,0
Champions Tour 2024: Pacific Kickoff,Group Stage,Elimination (B),DetonatioN FocusMe vs Team Secret,Breeze,DetonatioN FocusMe,SSeeS,viper,3,,1,,,2,,,,51,1,1
Champions Tour 2024: Pacific Kickoff,Group Stage,Elimination (B),DetonatioN FocusMe vs Team Secret,Breeze,Team Secret,BORKUM,viper,3,1,,,,,,,,57,3,0
Champions Tour 2024: Pacific Kickoff,Group Stage,Elimination (B),DetonatioN FocusMe vs Team Secret,Breeze,Team Secret,JessieVash,sova,,2,,,2,,,,,56,4,1
Champions Tour 2024: Pacific Kickoff,Group Stage,Elimination (B),DetonatioN FocusMe vs Team Secret,Breeze,Team Secret,Jremy,jett,4,3,,,,,,,,61,0,0
Champions Tour 2024: Pacific Kickoff,Group Stage,Elimination (B),DetonatioN FocusMe vs Team Secret,Breeze,Team Secret,invy,kayo,3,,,,,,,,,47,2,0
Champions Tour 2024: Pacific Kickoff,Group Stage,Elimination (B),DetonatioN FocusMe vs Team Secret,Breeze,Team Secret,NDG,cypher,2,1,,,1,,,,,44,0,1
Champions Tour 2024: Pacific Kickoff,Group Stage,Winner's (B),DRX vs Talon Esports,All Maps,DRX,stax,"breach, sova",7,1,,,,,,,,49,9,1
Champions Tour 2024: Pacific Kickoff,Group Stage,Winner's (B),DRX vs Talon Esports,All Maps,DRX,BuZz,"jett, raze",6,1,,,,,,,,64,1,0
Champions Tour 2024: Pacific Kickoff,Group Stage,Winner's (B),DRX vs Talon Esports,All Maps,DRX,MaKo,omen,4,1,,,1,,,,,62,3,1
Champions Tour 2024: Pacific Kickoff,Group Stage,Winner's (B),DRX vs Talon Esports,All Maps,DRX,Foxy9,"kayo, viper",7,1,1,,,,,,,60,5,0
Champions Tour 2024: Pacific Kickoff,Group Stage,Winner's (B),DRX vs Talon Esports,All Maps,DRX,Flashback,"cypher, killjoy",6,3,,,,,,,,63,0,0
Champions Tour 2024: Pacific Kickoff,Group Stage,Winner's (B),DRX vs Talon Esports,All Maps,Talon Esports,Crws,"astra, omen",5,,,,,,,,,42,3,0
Champions Tour 2024: Pacific Kickoff,Group Stage,Winner's (B),DRX vs Talon Esports,All Maps,Talon Esports,Governor,"jett, raze",6,,1,,,,,,,45,0,0
Champions Tour 2024: Pacific Kickoff,Group Stage,Winner's (B),DRX vs Talon Esports,All Maps,Talon Esports,ban,"kayo, skye",5,1,,,,,,,,36,1,0
Champions Tour 2024: Pacific Kickoff,Group Stage,Winner's (B),DRX vs Talon Esports,All Maps,Talon Esports,lenne,sova,2,,,,,,,,,38,7,1
Champions Tour 2024: Pacific Kickoff,Group Stage,Winner's (B),DRX vs Talon Esports,All Maps,Talon Esports,JitBoyS,"cypher, killjoy",7,3,1,,2,,,1,,65,1,2
Champions Tour 2024: Pacific Kickoff,Group Stage,Winner's (B),DRX vs Talon Esports,Split,DRX,stax,breach,6,1,,,,,,,,64,7,0
Champions Tour 2024: Pacific Kickoff,Group Stage,Winner's (B),DRX vs Talon Esports,Split,DRX,BuZz,raze,1,1,,,,,,,,51,0,0
Champions Tour 2024: Pacific Kickoff,Group Stage,Winner's (B),DRX vs Talon Esports,Split,DRX,MaKo,omen,3,1,,,1,,,,,55,3,1
Champions Tour 2024: Pacific Kickoff,Group Stage,Winner's (B),DRX vs Talon Esports,Split,DRX,Foxy9,viper,4,,1,,,,,,,55,0,0
Champions Tour 2024: Pacific Kickoff,Group Stage,Winner's (B),DRX vs Talon Esports,Split,DRX,Flashback,cypher,2,1,,,,,,,,55,0,0
Champions Tour 2024: Pacific Kickoff,Group Stage,Winner's (B),DRX vs Talon Esports,Split,Talon Esports,Crws,astra,1,,,,,,,,,41,2,0
Champions Tour 2024: Pacific Kickoff,Group Stage,Winner's (B),DRX vs Talon Esports,Split,Talon Esports,Governor,raze,4,,,,,,,,,57,0,0
Champions Tour 2024: Pacific Kickoff,Group Stage,Winner's (B),DRX vs Talon Esports,Split,Talon Esports,ban,skye,3,,,,,,,,,38,0,0
Champions Tour 2024: Pacific Kickoff,Group Stage,Winner's (B),DRX vs Talon Esports,Split,Talon Esports,lenne,sova,,,,,,,,,,35,4,0
Champions Tour 2024: Pacific Kickoff,Group Stage,Winner's (B),DRX vs Talon Esports,Split,Talon Esports,JitBoyS,cypher,4,1,1,,2,,,1,,76,1,2
Champions Tour 2024: Pacific Kickoff,Group Stage,Winner's (B),DRX vs Talon Esports,Ascent,DRX,stax,sova,1,,,,,,,,,33,2,1
Champions Tour 2024: Pacific Kickoff,Group Stage,Winner's (B),DRX vs Talon Esports,Ascent,DRX,BuZz,jett,5,,,,,,,,,77,1,0
Champions Tour 2024: Pacific Kickoff,Group Stage,Winner's (B),DRX vs Talon Esports,Ascent,DRX,MaKo,omen,1,,,,,,,,,69,0,0
Champions Tour 2024: Pacific Kickoff,Group Stage,Winner's (B),DRX vs Talon Esports,Ascent,DRX,Foxy9,kayo,3,1,,,,,,,,65,5,0
Champions Tour 2024: Pacific Kickoff,Group Stage,Winner's (B),DRX vs Talon Esports,Ascent,DRX,Flashback,killjoy,4,2,,,,,,,,71,0,0
Champions Tour 2024: Pacific Kickoff,Group Stage,Winner's (B),DRX vs Talon Esports,Ascent,Talon Esports,Crws,omen,4,,,,,,,,,42,1,0
Champions Tour 2024: Pacific Kickoff,Group Stage,Winner's (B),DRX vs Talon Esports,Ascent,Talon Esports,Governor,jett,2,,1,,,,,,,33,0,0
Champions Tour 2024: Pacific Kickoff,Group Stage,Winner's (B),DRX vs Talon Esports,Ascent,Talon Esports,ban,kayo,2,1,,,,,,,,34,1,0
Champions Tour 2024: Pacific Kickoff,Group Stage,Winner's (B),DRX vs Talon Esports,Ascent,Talon Esports,lenne,sova,2,,,,,,,,,40,3,1
Champions Tour 2024: Pacific Kickoff,Group Stage,Winner's (B),DRX vs Talon Esports,Ascent,Talon Esports,JitBoyS,killjoy,3,2,,,,,,,,53,0,0
Champions Tour 2024: Pacific Kickoff,Group Stage,Decider (C),Gen.G vs Rex Regum Qeon,All Maps,Gen.G,Lakia,"fade, gekko, skye",8,3,,,2,1,1,,,49,17,2
Champions Tour 2024: Pacific Kickoff,Group Stage,Decider (C),Gen.G vs Rex Regum Qeon,All Maps,Gen.G,Munchkin,"kayo, viper",3,2,1,,,,,,,44,4,0
Champions Tour 2024: Pacific Kickoff,Group Stage,Decider (C),Gen.G vs Rex Regum Qeon,All Maps,Gen.G,t3xture,"jett, raze",13,4,1,,,,,,,62,4,3
Champions Tour 2024: Pacific Kickoff,Group Stage,Decider (C),Gen.G vs Rex Regum Qeon,All Maps,Gen.G,Meteor,"cypher, killjoy",11,2,1,,2,,,,,57,1,2
Champions Tour 2024: Pacific Kickoff,Group Stage,Decider (C),Gen.G vs Rex Regum Qeon,All Maps,Gen.G,Karon,"astra, omen, viper",5,4,,,,,,,,56,1,0
Champions Tour 2024: Pacific Kickoff,Group Stage,Decider (C),Gen.G vs Rex Regum Qeon,All Maps,Rex Regum Qeon,xffero,"omen, viper",8,2,,,2,2,,,,51,8,2
Champions Tour 2024: Pacific Kickoff,Group Stage,Decider (C),Gen.G vs Rex Regum Qeon,All Maps,Rex Regum Qeon,fl1pzjder,"gekko, viper, yoru",6,2,,,1,,1,,,36,6,4
Champions Tour 2024: Pacific Kickoff,Group Stage,Decider (C),Gen.G vs Rex Regum Qeon,All Maps,Rex Regum Qeon,Lmemore,"chamber, cypher, killjoy",7,2,1,,,,,,,46,1,0
Champions Tour 2024: Pacific Kickoff,Group Stage,Decider (C),Gen.G vs Rex Regum Qeon,All Maps,Rex Regum Qeon,Jemkin,"jett, raze",12,8,,,,,,,,70,1,0
Champions Tour 2024: Pacific Kickoff,Group Stage,Decider (C),Gen.G vs Rex Regum Qeon,All Maps,Rex Regum Qeon,Estrella,"fade, sova",7,2,1,,,,,,,40,7,1
Champions Tour 2024: Pacific Kickoff,Group Stage,Decider (C),Gen.G vs Rex Regum Qeon,Lotus,Gen.G,Lakia,fade,2,1,,,1,1,,,,42,4,1
Champions Tour 2024: Pacific Kickoff,Group Stage,Decider (C),Gen.G vs Rex Regum Qeon,Lotus,Gen.G,Munchkin,viper,1,,1,,,,,,,45,0,0
Champions Tour 2024: Pacific Kickoff,Group Stage,Decider (C),Gen.G vs Rex Regum Qeon,Lotus,Gen.G,t3xture,raze,1,2,,,,,,,,52,3,2
Champions Tour 2024: Pacific Kickoff,Group Stage,Decider (C),Gen.G vs Rex Regum Qeon,Lotus,Gen.G,Meteor,killjoy,4,1,,,,,,,,65,0,1
Champions Tour 2024: Pacific Kickoff,Group Stage,Decider (C),Gen.G vs Rex Regum Qeon,Lotus,Gen.G,Karon,omen,2,2,,,,,,,,67,1,0
Champions Tour 2024: Pacific Kickoff,Group Stage,Decider (C),Gen.G vs Rex Regum Qeon,Lotus,Rex Regum Qeon,xffero,omen,3,1,,,1,,,,,43,2,1
Champions Tour 2024: Pacific Kickoff,Group Stage,Decider (C),Gen.G vs Rex Regum Qeon,Lotus,Rex Regum Qeon,fl1pzjder,viper,4,,,,,,,,,40,1,2
Champions Tour 2024: Pacific Kickoff,Group Stage,Decider (C),Gen.G vs Rex Regum Qeon,Lotus,Rex Regum Qeon,Lmemore,chamber,1,1,,,,,,,,46,0,0
Champions Tour 2024: Pacific Kickoff,Group Stage,Decider (C),Gen.G vs Rex Regum Qeon,Lotus,Rex Regum Qeon,Jemkin,raze,4,2,,,,,,,,76,0,0
Champions Tour 2024: Pacific Kickoff,Group Stage,Decider (C),Gen.G vs Rex Regum Qeon,Lotus,Rex Regum Qeon,Estrella,fade,3,,,,,,,,,32,1,0
Champions Tour 2024: Pacific Kickoff,Group Stage,Decider (C),Gen.G vs Rex Regum Qeon,Breeze,Gen.G,Lakia,skye,3,,,,1,,,,,50,3,1
Champions Tour 2024: Pacific Kickoff,Group Stage,Decider (C),Gen.G vs Rex Regum Qeon,Breeze,Gen.G,Munchkin,viper,1,1,,,,,,,,53,4,0
Champions Tour 2024: Pacific Kickoff,Group Stage,Decider (C),Gen.G vs Rex Regum Qeon,Breeze,Gen.G,t3xture,jett,7,1,,,,,,,,71,1,1
Champions Tour 2024: Pacific Kickoff,Group Stage,Decider (C),Gen.G vs Rex Regum Qeon,Breeze,Gen.G,Meteor,cypher,3,,1,,2,,,,,53,1,0
Champions Tour 2024: Pacific Kickoff,Group Stage,Decider (C),Gen.G vs Rex Regum Qeon,Breeze,Gen.G,Karon,astra,1,1,,,,,,,,46,0,0
Champions Tour 2024: Pacific Kickoff,Group Stage,Decider (C),Gen.G vs Rex Regum Qeon,Breeze,Rex Regum Qeon,xffero,viper,3,1,,,,2,,,,68,6,1
Champions Tour 2024: Pacific Kickoff,Group Stage,Decider (C),Gen.G vs Rex Regum Qeon,Breeze,Rex Regum Qeon,fl1pzjder,yoru,1,,,,,,,,,24,0,0
Champions Tour 2024: Pacific Kickoff,Group Stage,Decider (C),Gen.G vs Rex Regum Qeon,Breeze,Rex Regum Qeon,Lmemore,cypher,4,,,,,,,,,39,1,0
Champions Tour 2024: Pacific Kickoff,Group Stage,Decider (C),Gen.G vs Rex Regum Qeon,Breeze,Rex Regum Qeon,Jemkin,jett,4,2,,,,,,,,70,0,0
Champions Tour 2024: Pacific Kickoff,Group Stage,Decider (C),Gen.G vs Rex Regum Qeon,Breeze,Rex Regum Qeon,Estrella,sova,3,1,1,,,,,,,57,4,1
Champions Tour 2024: Pacific Kickoff,Group Stage,Decider (C),Gen.G vs Rex Regum Qeon,Icebox,Gen.G,Lakia,gekko,3,2,,,,,1,,,56,10,0
Champions Tour 2024: Pacific Kickoff,Group Stage,Decider (C),Gen.G vs Rex Regum Qeon,Icebox,Gen.G,Munchkin,kayo,1,1,,,,,,,,35,0,0
Champions Tour 2024: Pacific Kickoff,Group Stage,Decider (C),Gen.G vs Rex Regum Qeon,Icebox,Gen.G,t3xture,jett,5,1,1,,,,,,,62,0,0
Champions Tour 2024: Pacific Kickoff,Group Stage,Decider (C),Gen.G vs Rex Regum Qeon,Icebox,Gen.G,Meteor,killjoy,4,1,,,,,,,,54,0,1
Champions Tour 2024: Pacific Kickoff,Group Stage,Decider (C),Gen.G vs Rex Regum Qeon,Icebox,Gen.G,Karon,viper,2,1,,,,,,,,56,0,0
Champions Tour 2024: Pacific Kickoff,Group Stage,Decider (C),Gen.G vs Rex Regum Qeon,Icebox,Rex Regum Qeon,xffero,viper,2,,,,1,,,,,42,0,0
Champions Tour 2024: Pacific Kickoff,Group Stage,Decider (C),Gen.G vs Rex Regum Qeon,Icebox,Rex Regum Qeon,fl1pzjder,gekko,1,2,,,1,,1,,,44,5,2
Champions Tour 2024: Pacific Kickoff,Group Stage,Decider (C),Gen.G vs Rex Regum Qeon,Icebox,Rex Regum Qeon,Lmemore,killjoy,2,1,1,,,,,,,52,0,0
Champions Tour 2024: Pacific Kickoff,Group Stage,Decider (C),Gen.G vs Rex Regum Qeon,Icebox,Rex Regum Qeon,Jemkin,jett,4,4,,,,,,,,65,1,0
Champions Tour 2024: Pacific Kickoff,Group Stage,Decider (C),Gen.G vs Rex Regum Qeon,Icebox,Rex Regum Qeon,Estrella,sova,1,1,,,,,,,,32,2,0
Champions Tour 2024: Pacific Kickoff,Group Stage,Decider (B),Talon Esports vs Team Secret,All Maps,Talon Esports,Crws,"harbor, omen",1,,,,,,,,,28,6,0
Champions Tour 2024: Pacific Kickoff,Group Stage,Decider (B),Talon Esports vs Team Secret,All Maps,Talon Esports,Governor,"jett, neon",3,3,,,2,,,,,48,0,2
Champions Tour 2024: Pacific Kickoff,Group Stage,Decider (B),Talon Esports vs Team Secret,All Maps,Talon Esports,ban,"kayo, yoru",6,2,,,,1,,,,49,1,1
Champions Tour 2024: Pacific Kickoff,Group Stage,Decider (B),Talon Esports vs Team Secret,All Maps,Talon Esports,lenne,sova,3,,,,1,,,,,40,7,0
Champions Tour 2024: Pacific Kickoff,Group Stage,Decider (B),Talon Esports vs Team Secret,All Maps,Talon Esports,JitBoyS,"killjoy, viper",5,,,2,2,,1,,,67,2,0
Champions Tour 2024: Pacific Kickoff,Group Stage,Decider (B),Talon Esports vs Team Secret,All Maps,Team Secret,BORKUM,"omen, viper",6,1,1,,,,,,,59,0,0
Champions Tour 2024: Pacific Kickoff,Group Stage,Decider (B),Talon Esports vs Team Secret,All Maps,Team Secret,JessieVash,sova,6,,,,2,,,,,52,6,2
Champions Tour 2024: Pacific Kickoff,Group Stage,Decider (B),Talon Esports vs Team Secret,All Maps,Team Secret,Jremy,jett,4,4,,,,,,,,63,1,2
Champions Tour 2024: Pacific Kickoff,Group Stage,Decider (B),Talon Esports vs Team Secret,All Maps,Team Secret,invy,kayo,10,4,,,,,,,,77,4,1
Champions Tour 2024: Pacific Kickoff,Group Stage,Decider (B),Talon Esports vs Team Secret,All Maps,Team Secret,NDG,"cypher, killjoy",4,1,,,1,,,,,60,3,1
Champions Tour 2024: Pacific Kickoff,Group Stage,Decider (B),Talon Esports vs Team Secret,Breeze,Talon Esports,Crws,harbor,,,,,,,,,,22,0,0
Champions Tour 2024: Pacific Kickoff,Group Stage,Decider (B),Talon Esports vs Team Secret,Breeze,Talon Esports,Governor,neon,,3,,,2,,,,,50,0,2
Champions Tour 2024: Pacific Kickoff,Group Stage,Decider (B),Talon Esports vs Team Secret,Breeze,Talon Esports,ban,yoru,4,1,,,,1,,,,48,0,1
Champions Tour 2024: Pacific Kickoff,Group Stage,Decider (B),Talon Esports vs Team Secret,Breeze,Talon Esports,lenne,sova,1,,,,,,,,,35,6,0
Champions Tour 2024: Pacific Kickoff,Group Stage,Decider (B),Talon Esports vs Team Secret,Breeze,Talon Esports,JitBoyS,viper,3,,,1,1,,1,,,70,2,0
Champions Tour 2024: Pacific Kickoff,Group Stage,Decider (B),Talon Esports vs Team Secret,Breeze,Team Secret,BORKUM,viper,4,1,1,,,,,,,74,0,0
Champions Tour 2024: Pacific Kickoff,Group Stage,Decider (B),Talon Esports vs Team Secret,Breeze,Team Secret,JessieVash,sova,3,,,,,,,,,50,4,1
Champions Tour 2024: Pacific Kickoff,Group Stage,Decider (B),Talon Esports vs Team Secret,Breeze,Team Secret,Jremy,jett,2,2,,,,,,,,77,1,2
Champions Tour 2024: Pacific Kickoff,Group Stage,Decider (B),Talon Esports vs Team Secret,Breeze,Team Secret,invy,kayo,5,1,,,,,,,,65,1,1
Champions Tour 2024: Pacific Kickoff,Group Stage,Decider (B),Talon Esports vs Team Secret,Breeze,Team Secret,NDG,cypher,3,1,,,1,,,,,57,2,0
Champions Tour 2024: Pacific Kickoff,Group Stage,Decider (B),Talon Esports vs Team Secret,Ascent,Talon Esports,Crws,omen,1,,,,,,,,,33,6,0
Champions Tour 2024: Pacific Kickoff,Group Stage,Decider (B),Talon Esports vs Team Secret,Ascent,Talon Esports,Governor,jett,3,,,,,,,,,46,0,0
Champions Tour 2024: Pacific Kickoff,Group Stage,Decider (B),Talon Esports vs Team Secret,Ascent,Talon Esports,ban,kayo,2,1,,,,,,,,49,1,0
Champions Tour 2024: Pacific Kickoff,Group Stage,Decider (B),Talon Esports vs Team Secret,Ascent,Talon Esports,lenne,sova,2,,,,1,,,,,45,1,0
Champions Tour 2024: Pacific Kickoff,Group Stage,Decider (B),Talon Esports vs Team Secret,Ascent,Talon Esports,JitBoyS,killjoy,2,,,1,1,,,,,64,0,0
Champions Tour 2024: Pacific Kickoff,Group Stage,Decider (B),Talon Esports vs Team Secret,Ascent,Team Secret,BORKUM,omen,2,,,,,,,,,44,0,0
Champions Tour 2024: Pacific Kickoff,Group Stage,Decider (B),Talon Esports vs Team Secret,Ascent,Team Secret,JessieVash,sova,3,,,,2,,,,,54,2,1
Champions Tour 2024: Pacific Kickoff,Group Stage,Decider (B),Talon Esports vs Team Secret,Ascent,Team Secret,Jremy,jett,2,2,,,,,,,,49,0,0
Champions Tour 2024: Pacific Kickoff,Group Stage,Decider (B),Talon Esports vs Team Secret,Ascent,Team Secret,invy,kayo,5,3,,,,,,,,88,3,0
Champions Tour 2024: Pacific Kickoff,Group Stage,Decider (B),Talon Esports vs Team Secret,Ascent,Team Secret,NDG,killjoy,1,,,,,,,,,63,1,1
Champions Tour 2024: Pacific Kickoff,Group Stage,Decider (A),ZETA DIVISION vs Global Esports,All Maps,ZETA DIVISION,Dep,raze,14,3,,,,,,,,79,1,3
Champions Tour 2024: Pacific Kickoff,Group Stage,Decider (A),ZETA DIVISION vs Global Esports,All Maps,ZETA DIVISION,Laz,"cypher, killjoy",8,1,,,,,,,,63,0,1
Champions Tour 2024: Pacific Kickoff,Group Stage,Decider (A),ZETA DIVISION vs Global Esports,All Maps,ZETA DIVISION,SugarZ3ro,"brimstone, omen",2,1,,,1,,,,,34,1,0
Champions Tour 2024: Pacific Kickoff,Group Stage,Decider (A),ZETA DIVISION vs Global Esports,All Maps,ZETA DIVISION,hiroronn,"fade, skye",4,2,,,,,,,,59,15,1
Champions Tour 2024: Pacific Kickoff,Group Stage,Decider (A),ZETA DIVISION vs Global Esports,All Maps,ZETA DIVISION,yuran,viper,3,2,2,,,,,,,68,0,2
Champions Tour 2024: Pacific Kickoff,Group Stage,Decider (A),ZETA DIVISION vs Global Esports,All Maps,Global Esports,Russ,"gekko, kayo",3,,1,,,,,,,38,2,1
Champions Tour 2024: Pacific Kickoff,Group Stage,Decider (A),ZETA DIVISION vs Global Esports,All Maps,Global Esports,blaZek1ng,"fade, gekko",2,,,,,1,,,,53,7,1
Champions Tour 2024: Pacific Kickoff,Group Stage,Decider (A),ZETA DIVISION vs Global Esports,All Maps,Global Esports,Polvi,raze,4,,1,,,,,,,39,2,1
Champions Tour 2024: Pacific Kickoff,Group Stage,Decider (A),ZETA DIVISION vs Global Esports,All Maps,Global Esports,Lightningfast,"omen, viper",4,,,,1,,,,,38,0,0
Champions Tour 2024: Pacific Kickoff,Group Stage,Decider (A),ZETA DIVISION vs Global Esports,All Maps,Global Esports,Benkai,cypher,2,3,,,,1,,,,42,0,0
Champions Tour 2024: Pacific Kickoff,Group Stage,Decider (A),ZETA DIVISION vs Global Esports,Bind,ZETA DIVISION,Dep,raze,7,2,,,,,,,,93,0,2
Champions Tour 2024: Pacific Kickoff,Group Stage,Decider (A),ZETA DIVISION vs Global Esports,Bind,ZETA DIVISION,Laz,cypher,3,1,,,,,,,,60,0,0
Champions Tour 2024: Pacific Kickoff,Group Stage,Decider (A),ZETA DIVISION vs Global Esports,Bind,ZETA DIVISION,SugarZ3ro,brimstone,,1,,,,,,,,32,0,0
Champions Tour 2024: Pacific Kickoff,Group Stage,Decider (A),ZETA DIVISION vs Global Esports,Bind,ZETA DIVISION,hiroronn,skye,3,2,,,,,,,,59,6,1
Champions Tour 2024: Pacific Kickoff,Group Stage,Decider (A),ZETA DIVISION vs Global Esports,Bind,ZETA DIVISION,yuran,viper,1,,2,,,,,,,68,0,1
Champions Tour 2024: Pacific Kickoff,Group Stage,Decider (A),ZETA DIVISION vs Global Esports,Bind,Global Esports,Russ,kayo,,,1,,,,,,,30,0,0
Champions Tour 2024: Pacific Kickoff,Group Stage,Decider (A),ZETA DIVISION vs Global Esports,Bind,Global Esports,blaZek1ng,gekko,1,,,,,1,,,,49,7,1
Champions Tour 2024: Pacific Kickoff,Group Stage,Decider (A),ZETA DIVISION vs Global Esports,Bind,Global Esports,Polvi,raze,3,,,,,,,,,46,1,0
Champions Tour 2024: Pacific Kickoff,Group Stage,Decider (A),ZETA DIVISION vs Global Esports,Bind,Global Esports,Lightningfast,viper,3,,,,1,,,,,49,0,0
Champions Tour 2024: Pacific Kickoff,Group Stage,Decider (A),ZETA DIVISION vs Global Esports,Bind,Global Esports,Benkai,cypher,1,1,,,,1,,,,22,0,0
Champions Tour 2024: Pacific Kickoff,Group Stage,Decider (A),ZETA DIVISION vs Global Esports,Lotus,ZETA DIVISION,Dep,raze,7,1,,,,,,,,65,1,1
Champions Tour 2024: Pacific Kickoff,Group Stage,Decider (A),ZETA DIVISION vs Global Esports,Lotus,ZETA DIVISION,Laz,killjoy,5,,,,,,,,,66,0,1
Champions Tour 2024: Pacific Kickoff,Group Stage,Decider (A),ZETA DIVISION vs Global Esports,Lotus,ZETA DIVISION,SugarZ3ro,omen,2,,,,1,,,,,35,1,0
Champions Tour 2024: Pacific Kickoff,Group Stage,Decider (A),ZETA DIVISION vs Global Esports,Lotus,ZETA DIVISION,hiroronn,fade,1,,,,,,,,,59,9,0
Champions Tour 2024: Pacific Kickoff,Group Stage,Decider (A),ZETA DIVISION vs Global Esports,Lotus,ZETA DIVISION,yuran,viper,2,2,,,,,,,,67,0,1
Champions Tour 2024: Pacific Kickoff,Group Stage,Decider (A),ZETA DIVISION vs Global Esports,Lotus,Global Esports,Russ,gekko,3,,,,,,,,,46,2,1
Champions Tour 2024: Pacific Kickoff,Group Stage,Decider (A),ZETA DIVISION vs Global Esports,Lotus,Global Esports,blaZek1ng,fade,1,,,,,,,,,56,0,0
Champions Tour 2024: Pacific Kickoff,Group Stage,Decider (A),ZETA DIVISION vs Global Esports,Lotus,Global Esports,Polvi,raze,1,,1,,,,,,,32,1,1
Champions Tour 2024: Pacific Kickoff,Group Stage,Decider (A),ZETA DIVISION vs Global Esports,Lotus,Global Esports,Lightningfast,omen,1,,,,,,,,,26,0,0
Champions Tour 2024: Pacific Kickoff,Group Stage,Decider (A),ZETA DIVISION vs Global Esports,Lotus,Global Esports,Benkai,cypher,1,2,,,,,,,,62,0,0
Champions Tour 2024: Pacific Kickoff,Play-Ins,Play-ins,Team Secret vs Gen.G,All Maps,Team Secret,BORKUM,"omen, viper",7,2,1,,,,,,,41,3,0
Champions Tour 2024: Pacific Kickoff,Play-Ins,Play-ins,Team Secret vs Gen.G,All Maps,Team Secret,JessieVash,"skye, sova",12,1,,,,,,,,53,7,3
Champions Tour 2024: Pacific Kickoff,Play-Ins,Play-ins,Team Secret vs Gen.G,All Maps,Team Secret,Jremy,"jett, raze",12,3,1,,,,,,,59,1,1
Champions Tour 2024: Pacific Kickoff,Play-Ins,Play-ins,Team Secret vs Gen.G,All Maps,Team Secret,invy,"kayo, sage, viper",14,3,,1,,,,,,69,8,1
Champions Tour 2024: Pacific Kickoff,Play-Ins,Play-ins,Team Secret vs Gen.G,All Maps,Team Secret,NDG,"cypher, killjoy",5,3,1,,1,1,,,,51,2,3
Champions Tour 2024: Pacific Kickoff,Play-Ins,Play-ins,Team Secret vs Gen.G,All Maps,Gen.G,Lakia,"fade, gekko, skye",6,,,,1,1,,,,36,12,2
Champions Tour 2024: Pacific Kickoff,Play-Ins,Play-ins,Team Secret vs Gen.G,All Maps,Gen.G,Munchkin,"kayo, viper",9,4,,1,1,1,,,,53,4,1
Champions Tour 2024: Pacific Kickoff,Play-Ins,Play-ins,Team Secret vs Gen.G,All Maps,Gen.G,t3xture,"jett, raze",8,3,,,1,,,,,45,1,0
Champions Tour 2024: Pacific Kickoff,Play-Ins,Play-ins,Team Secret vs Gen.G,All Maps,Gen.G,Meteor,"cypher, killjoy",10,6,,,,,,,,60,1,0
Champions Tour 2024: Pacific Kickoff,Play-Ins,Play-ins,Team Secret vs Gen.G,All Maps,Gen.G,Karon,"astra, omen, viper",7,2,,,,1,,,1.0,44,6,1
Champions Tour 2024: Pacific Kickoff,Play-Ins,Play-ins,Team Secret vs Gen.G,Breeze,Team Secret,BORKUM,viper,2,,,,,,,,,43,1,0
Champions Tour 2024: Pacific Kickoff,Play-Ins,Play-ins,Team Secret vs Gen.G,Breeze,Team Secret,JessieVash,sova,5,1,,,,,,,,68,1,1
Champions Tour 2024: Pacific Kickoff,Play-Ins,Play-ins,Team Secret vs Gen.G,Breeze,Team Secret,Jremy,jett,6,1,,,,,,,,71,0,0
Champions Tour 2024: Pacific Kickoff,Play-Ins,Play-ins,Team Secret vs Gen.G,Breeze,Team Secret,invy,kayo,5,1,,,,,,,,85,4,0
Champions Tour 2024: Pacific Kickoff,Play-Ins,Play-ins,Team Secret vs Gen.G,Breeze,Team Secret,NDG,cypher,1,,1,,,,,,,55,0,1
Champions Tour 2024: Pacific Kickoff,Play-Ins,Play-ins,Team Secret vs Gen.G,Breeze,Gen.G,Lakia,skye,1,,,,,,,,,46,3,1
Champions Tour 2024: Pacific Kickoff,Play-Ins,Play-ins,Team Secret vs Gen.G,Breeze,Gen.G,Munchkin,viper,2,1,,,,,,,,47,0,0
Champions Tour 2024: Pacific Kickoff,Play-Ins,Play-ins,Team Secret vs Gen.G,Breeze,Gen.G,t3xture,jett,2,1,,,,,,,,40,0,0
Champions Tour 2024: Pacific Kickoff,Play-Ins,Play-ins,Team Secret vs Gen.G,Breeze,Gen.G,Meteor,cypher,3,,,,,,,,,38,0,0
Champions Tour 2024: Pacific Kickoff,Play-Ins,Play-ins,Team Secret vs Gen.G,Breeze,Gen.G,Karon,astra,1,,,,,,,,,40,2,0
Champions Tour 2024: Pacific Kickoff,Play-Ins,Play-ins,Team Secret vs Gen.G,Lotus,Team Secret,BORKUM,omen,1,,1,,,,,,,27,2,0
Champions Tour 2024: Pacific Kickoff,Play-Ins,Play-ins,Team Secret vs Gen.G,Lotus,Team Secret,JessieVash,skye,5,,,,,,,,,56,3,0
Champions Tour 2024: Pacific Kickoff,Play-Ins,Play-ins,Team Secret vs Gen.G,Lotus,Team Secret,Jremy,raze,4,2,,,,,,,,63,1,0
Champions Tour 2024: Pacific Kickoff,Play-Ins,Play-ins,Team Secret vs Gen.G,Lotus,Team Secret,invy,viper,6,,,,,,,,,72,1,0
Champions Tour 2024: Pacific Kickoff,Play-Ins,Play-ins,Team Secret vs Gen.G,Lotus,Team Secret,NDG,killjoy,1,1,,,1,,,,,47,1,1
Champions Tour 2024: Pacific Kickoff,Play-Ins,Play-ins,Team Secret vs Gen.G,Lotus,Gen.G,Lakia,fade,2,,,,,1,,,,34,2,1
Champions Tour 2024: Pacific Kickoff,Play-Ins,Play-ins,Team Secret vs Gen.G,Lotus,Gen.G,Munchkin,viper,1,1,,,1,,,,,34,2,0
Champions Tour 2024: Pacific Kickoff,Play-Ins,Play-ins,Team Secret vs Gen.G,Lotus,Gen.G,t3xture,raze,5,,,,,,,,,54,0,0
Champions Tour 2024: Pacific Kickoff,Play-Ins,Play-ins,Team Secret vs Gen.G,Lotus,Gen.G,Meteor,killjoy,2,5,,,,,,,,86,1,0
Champions Tour 2024: Pacific Kickoff,Play-Ins,Play-ins,Team Secret vs Gen.G,Lotus,Gen.G,Karon,omen,2,,,,,1,,,,34,4,0
Champions Tour 2024: Pacific Kickoff,Play-Ins,Play-ins,Team Secret vs Gen.G,Icebox,Team Secret,BORKUM,viper,4,2,,,,,,,,52,0,0
Champions Tour 2024: Pacific Kickoff,Play-Ins,Play-ins,Team Secret vs Gen.G,Icebox,Team Secret,JessieVash,sova,2,,,,,,,,,35,3,2
Champions Tour 2024: Pacific Kickoff,Play-Ins,Play-ins,Team Secret vs Gen.G,Icebox,Team Secret,Jremy,jett,2,,1,,,,,,,42,0,1
Champions Tour 2024: Pacific Kickoff,Play-Ins,Play-ins,Team Secret vs Gen.G,Icebox,Team Secret,invy,sage,3,2,,1,,,,,,49,3,1
Champions Tour 2024: Pacific Kickoff,Play-Ins,Play-ins,Team Secret vs Gen.G,Icebox,Team Secret,NDG,killjoy,3,2,,,,1,,,,52,1,1
Champions Tour 2024: Pacific Kickoff,Play-Ins,Play-ins,Team Secret vs Gen.G,Icebox,Gen.G,Lakia,gekko,3,,,,1,,,,,27,7,0
Champions Tour 2024: Pacific Kickoff,Play-Ins,Play-ins,Team Secret vs Gen.G,Icebox,Gen.G,Munchkin,kayo,6,2,,1,,1,,,,79,2,1
Champions Tour 2024: Pacific Kickoff,Play-Ins,Play-ins,Team Secret vs Gen.G,Icebox,Gen.G,t3xture,jett,1,2,,,1,,,,,40,1,0
Champions Tour 2024: Pacific Kickoff,Play-Ins,Play-ins,Team Secret vs Gen.G,Icebox,Gen.G,Meteor,killjoy,5,1,,,,,,,,56,0,0
Champions Tour 2024: Pacific Kickoff,Play-Ins,Play-ins,Team Secret vs Gen.G,Icebox,Gen.G,Karon,viper,4,2,,,,,,,1.0,59,0,1
Champions Tour 2024: Pacific Kickoff,Play-Ins,Play-ins,ZETA DIVISION vs Team Secret,All Maps,ZETA DIVISION,Dep,jett,7,1,,,,,,,,66,1,0
Champions Tour 2024: Pacific Kickoff,Play-Ins,Play-ins,ZETA DIVISION vs Team Secret,All Maps,ZETA DIVISION,Laz,killjoy,3,,,,,1,,,,42,2,0
Champions Tour 2024: Pacific Kickoff,Play-Ins,Play-ins,ZETA DIVISION vs Team Secret,All Maps,ZETA DIVISION,SugarZ3ro,"harbor, omen",3,2,,,,,,,,47,2,0
Champions Tour 2024: Pacific Kickoff,Play-Ins,Play-ins,ZETA DIVISION vs Team Secret,All Maps,ZETA DIVISION,hiroronn,"kayo, sova",5,,1,,1,,,,,37,2,0
Champions Tour 2024: Pacific Kickoff,Play-Ins,Play-ins,ZETA DIVISION vs Team Secret,All Maps,ZETA DIVISION,yuran,"sova, viper",2,1,,,,,,,,51,1,1
Champions Tour 2024: Pacific Kickoff,Play-Ins,Play-ins,ZETA DIVISION vs Team Secret,All Maps,Team Secret,BORKUM,"omen, viper",4,3,,,1,1,,,,46,1,0
Champions Tour 2024: Pacific Kickoff,Play-Ins,Play-ins,ZETA DIVISION vs Team Secret,All Maps,Team Secret,JessieVash,sova,4,,1,,,,,,,62,6,1
Champions Tour 2024: Pacific Kickoff,Play-Ins,Play-ins,ZETA DIVISION vs Team Secret,All Maps,Team Secret,Jremy,jett,11,,,1,,,,,,74,0,0
Champions Tour 2024: Pacific Kickoff,Play-Ins,Play-ins,ZETA DIVISION vs Team Secret,All Maps,Team Secret,invy,"kayo, sage",6,2,,,,1,,,,60,10,1
Champions Tour 2024: Pacific Kickoff,Play-Ins,Play-ins,ZETA DIVISION vs Team Secret,All Maps,Team Secret,NDG,killjoy,8,1,,,1,,,,,70,2,0
Champions Tour 2024: Pacific Kickoff,Play-Ins,Play-ins,ZETA DIVISION vs Team Secret,Icebox,ZETA DIVISION,Dep,jett,6,,,,,,,,,89,0,0
Champions Tour 2024: Pacific Kickoff,Play-Ins,Play-ins,ZETA DIVISION vs Team Secret,Icebox,ZETA DIVISION,Laz,killjoy,,,,,,,,,,33,0,0
Champions Tour 2024: Pacific Kickoff,Play-Ins,Play-ins,ZETA DIVISION vs Team Secret,Icebox,ZETA DIVISION,SugarZ3ro,harbor,1,,,,,,,,,40,1,0
Champions Tour 2024: Pacific Kickoff,Play-Ins,Play-ins,ZETA DIVISION vs Team Secret,Icebox,ZETA DIVISION,hiroronn,sova,1,,,,,,,,,33,0,0
Champions Tour 2024: Pacific Kickoff,Play-Ins,Play-ins,ZETA DIVISION vs Team Secret,Icebox,ZETA DIVISION,yuran,viper,1,,,,,,,,,53,0,1
Champions Tour 2024: Pacific Kickoff,Play-Ins,Play-ins,ZETA DIVISION vs Team Secret,Icebox,Team Secret,BORKUM,viper,3,1,,,1,,,,,52,1,0
Champions Tour 2024: Pacific Kickoff,Play-Ins,Play-ins,ZETA DIVISION vs Team Secret,Icebox,Team Secret,JessieVash,sova,1,,1,,,,,,,55,4,1
Champions Tour 2024: Pacific Kickoff,Play-Ins,Play-ins,ZETA DIVISION vs Team Secret,Icebox,Team Secret,Jremy,jett,5,,,1,,,,,,86,0,0
Champions Tour 2024: Pacific Kickoff,Play-Ins,Play-ins,ZETA DIVISION vs Team Secret,Icebox,Team Secret,invy,sage,2,1,,,,,,,,46,5,0
Champions Tour 2024: Pacific Kickoff,Play-Ins,Play-ins,ZETA DIVISION vs Team Secret,Icebox,Team Secret,NDG,killjoy,4,,,,,,,,,76,2,0
Champions Tour 2024: Pacific Kickoff,Play-Ins,Play-ins,ZETA DIVISION vs Team Secret,Ascent,ZETA DIVISION,Dep,jett,1,1,,,,,,,,42,1,0
Champions Tour 2024: Pacific Kickoff,Play-Ins,Play-ins,ZETA DIVISION vs Team Secret,Ascent,ZETA DIVISION,Laz,killjoy,3,,,,,1,,,,50,2,0
Champions Tour 2024: Pacific Kickoff,Play-Ins,Play-ins,ZETA DIVISION vs Team Secret,Ascent,ZETA DIVISION,SugarZ3ro,omen,2,2,,,,,,,,54,1,0
Champions Tour 2024: Pacific Kickoff,Play-Ins,Play-ins,ZETA DIVISION vs Team Secret,Ascent,ZETA DIVISION,hiroronn,kayo,4,,1,,1,,,,,41,2,0
Champions Tour 2024: Pacific Kickoff,Play-Ins,Play-ins,ZETA DIVISION vs Team Secret,Ascent,ZETA DIVISION,yuran,sova,1,1,,,,,,,,48,1,0
Champions Tour 2024: Pacific Kickoff,Play-Ins,Play-ins,ZETA DIVISION vs Team Secret,Ascent,Team Secret,BORKUM,omen,1,2,,,,1,,,,39,0,0
Champions Tour 2024: Pacific Kickoff,Play-Ins,Play-ins,ZETA DIVISION vs Team Secret,Ascent,Team Secret,JessieVash,sova,3,,,,,,,,,69,2,0
Champions Tour 2024: Pacific Kickoff,Play-Ins,Play-ins,ZETA DIVISION vs Team Secret,Ascent,Team Secret,Jremy,jett,6,,,,,,,,,62,0,0
Champions Tour 2024: Pacific Kickoff,Play-Ins,Play-ins,ZETA DIVISION vs Team Secret,Ascent,Team Secret,invy,kayo,4,1,,,,1,,,,74,5,1
Champions Tour 2024: Pacific Kickoff,Play-Ins,Play-ins,ZETA DIVISION vs Team Secret,Ascent,Team Secret,NDG,killjoy,4,1,,,1,,,,,63,0,0
Champions Tour 2024: Pacific Kickoff,Play-Ins,Play-ins,Gen.G vs ZETA DIVISION,All Maps,Gen.G,Lakia,"gekko, sova",5,3,,,,,,,,58,10,2
Champions Tour 2024: Pacific Kickoff,Play-Ins,Play-ins,Gen.G vs ZETA DIVISION,All Maps,Gen.G,Munchkin,kayo,2,1,1,,,,,,,46,1,3
Champions Tour 2024: Pacific Kickoff,Play-Ins,Play-ins,Gen.G vs ZETA DIVISION,All Maps,Gen.G,t3xture,jett,6,2,,,1,,,,,70,1,1
Champions Tour 2024: Pacific Kickoff,Play-Ins,Play-ins,Gen.G vs ZETA DIVISION,All Maps,Gen.G,Meteor,killjoy,8,3,2,,1,1,,,,70,1,0
Champions Tour 2024: Pacific Kickoff,Play-Ins,Play-ins,Gen.G vs ZETA DIVISION,All Maps,Gen.G,Karon,"omen, viper",9,1,,,1,1,,,,81,1,1
Champions Tour 2024: Pacific Kickoff,Play-Ins,Play-ins,Gen.G vs ZETA DIVISION,All Maps,ZETA DIVISION,Dep,jett,5,,,,,,,,,43,0,0
Champions Tour 2024: Pacific Kickoff,Play-Ins,Play-ins,Gen.G vs ZETA DIVISION,All Maps,ZETA DIVISION,Laz,killjoy,7,1,,,,,,,,55,3,0
Champions Tour 2024: Pacific Kickoff,Play-Ins,Play-ins,Gen.G vs ZETA DIVISION,All Maps,ZETA DIVISION,SugarZ3ro,"harbor, omen",3,,1,,1,,,,,38,3,2
Champions Tour 2024: Pacific Kickoff,Play-Ins,Play-ins,Gen.G vs ZETA DIVISION,All Maps,ZETA DIVISION,hiroronn,"kayo, sova",4,,,,,1,,1,,48,4,0
Champions Tour 2024: Pacific Kickoff,Play-Ins,Play-ins,Gen.G vs ZETA DIVISION,All Maps,ZETA DIVISION,yuran,"sova, viper",4,,,,,,,,,32,2,1
Champions Tour 2024: Pacific Kickoff,Play-Ins,Play-ins,Gen.G vs ZETA DIVISION,Icebox,Gen.G,Lakia,gekko,4,2,,,,,,,,68,8,1
Champions Tour 2024: Pacific Kickoff,Play-Ins,Play-ins,Gen.G vs ZETA DIVISION,Icebox,Gen.G,Munchkin,kayo,,1,,,,,,,,40,0,0
Champions Tour 2024: Pacific Kickoff,Play-Ins,Play-ins,Gen.G vs ZETA DIVISION,Icebox,Gen.G,t3xture,jett,4,1,,,,,,,,69,1,0
Champions Tour 2024: Pacific Kickoff,Play-Ins,Play-ins,Gen.G vs ZETA DIVISION,Icebox,Gen.G,Meteor,killjoy,6,2,,,1,1,,,,68,1,0
Champions Tour 2024: Pacific Kickoff,Play-Ins,Play-ins,Gen.G vs ZETA DIVISION,Icebox,Gen.G,Karon,viper,5,,,,,1,,,,69,1,0
Champions Tour 2024: Pacific Kickoff,Play-Ins,Play-ins,Gen.G vs ZETA DIVISION,Icebox,ZETA DIVISION,Dep,jett,2,,,,,,,,,46,0,0
Champions Tour 2024: Pacific Kickoff,Play-Ins,Play-ins,Gen.G vs ZETA DIVISION,Icebox,ZETA DIVISION,Laz,killjoy,4,,,,,,,,,45,0,0
Champions Tour 2024: Pacific Kickoff,Play-Ins,Play-ins,Gen.G vs ZETA DIVISION,Icebox,ZETA DIVISION,SugarZ3ro,harbor,1,,,,1,,,,,19,2,2
Champions Tour 2024: Pacific Kickoff,Play-Ins,Play-ins,Gen.G vs ZETA DIVISION,Icebox,ZETA DIVISION,hiroronn,sova,3,,,,,1,,1,,48,0,0
Champions Tour 2024: Pacific Kickoff,Play-Ins,Play-ins,Gen.G vs ZETA DIVISION,Icebox,ZETA DIVISION,yuran,viper,3,,,,,,,,,51,1,1
Champions Tour 2024: Pacific Kickoff,Play-Ins,Play-ins,Gen.G vs ZETA DIVISION,Ascent,Gen.G,Lakia,sova,1,1,,,,,,,,47,2,1
Champions Tour 2024: Pacific Kickoff,Play-Ins,Play-ins,Gen.G vs ZETA DIVISION,Ascent,Gen.G,Munchkin,kayo,2,,1,,,,,,,51,1,3
Champions Tour 2024: Pacific Kickoff,Play-Ins,Play-ins,Gen.G vs ZETA DIVISION,Ascent,Gen.G,t3xture,jett,2,1,,,1,,,,,71,0,1
Champions Tour 2024: Pacific Kickoff,Play-Ins,Play-ins,Gen.G vs ZETA DIVISION,Ascent,Gen.G,Meteor,killjoy,2,1,2,,,,,,,72,0,0
Champions Tour 2024: Pacific Kickoff,Play-Ins,Play-ins,Gen.G vs ZETA DIVISION,Ascent,Gen.G,Karon,omen,4,1,,,1,,,,,92,0,1
Champions Tour 2024: Pacific Kickoff,Play-Ins,Play-ins,Gen.G vs ZETA DIVISION,Ascent,ZETA DIVISION,Dep,jett,3,,,,,,,,,39,0,0
Champions Tour 2024: Pacific Kickoff,Play-Ins,Play-ins,Gen.G vs ZETA DIVISION,Ascent,ZETA DIVISION,Laz,killjoy,3,1,,,,,,,,64,3,0
Champions Tour 2024: Pacific Kickoff,Play-Ins,Play-ins,Gen.G vs ZETA DIVISION,Ascent,ZETA DIVISION,SugarZ3ro,omen,2,,1,,,,,,,56,1,0
Champions Tour 2024: Pacific Kickoff,Play-Ins,Play-ins,Gen.G vs ZETA DIVISION,Ascent,ZETA DIVISION,hiroronn,kayo,1,,,,,,,,,48,4,0
Champions Tour 2024: Pacific Kickoff,Play-Ins,Play-ins,Gen.G vs ZETA DIVISION,Ascent,ZETA DIVISION,yuran,sova,1,,,,,,,,,13,1,0
Champions Tour 2024: Pacific Kickoff,Playoffs,Semifinals,T1 vs Paper Rex,All Maps,T1,Rossy,viper,4,1,1,,1,1,,,,50,6,3
Champions Tour 2024: Pacific Kickoff,Playoffs,Semifinals,T1 vs Paper Rex,All Maps,T1,Sayaplayer,jett,8,1,,,,,,,,46,0,0
Champions Tour 2024: Pacific Kickoff,Playoffs,Semifinals,T1 vs Paper Rex,All Maps,T1,xccurate,"astra, cypher",6,3,,,,,,,,56,4,0
Champions Tour 2024: Pacific Kickoff,Playoffs,Semifinals,T1 vs Paper Rex,All Maps,T1,iZu,"omen, raze",9,1,,,,,,,,45,2,1
Champions Tour 2024: Pacific Kickoff,Playoffs,Semifinals,T1 vs Paper Rex,All Maps,T1,Carpe,"fade, skye",3,2,,,,1,,,,29,3,2
Champions Tour 2024: Pacific Kickoff,Playoffs,Semifinals,T1 vs Paper Rex,All Maps,Paper Rex,Monyet,raze,3,2,,,,1,,,,36,4,0
Champions Tour 2024: Pacific Kickoff,Playoffs,Semifinals,T1 vs Paper Rex,All Maps,Paper Rex,mindfreak,"omen, viper",9,3,,,3,1,,,,52,7,3
Champions Tour 2024: Pacific Kickoff,Playoffs,Semifinals,T1 vs Paper Rex,All Maps,Paper Rex,f0rsakeN,"fade, yoru",11,5,1,,,,,,,56,3,0
Champions Tour 2024: Pacific Kickoff,Playoffs,Semifinals,T1 vs Paper Rex,All Maps,Paper Rex,d4v41,"omen, viper",2,2,,1,1,,,,,47,1,1
Champions Tour 2024: Pacific Kickoff,Playoffs,Semifinals,T1 vs Paper Rex,All Maps,Paper Rex,something,"gekko, jett",2,5,,,,1,,,,46,8,1
Champions Tour 2024: Pacific Kickoff,Playoffs,Semifinals,T1 vs Paper Rex,Split,T1,Rossy,viper,3,,,,1,1,,,,45,4,2
Champions Tour 2024: Pacific Kickoff,Playoffs,Semifinals,T1 vs Paper Rex,Split,T1,Sayaplayer,jett,5,1,,,,,,,,47,0,0
Champions Tour 2024: Pacific Kickoff,Playoffs,Semifinals,T1 vs Paper Rex,Split,T1,xccurate,astra,4,,,,,,,,,39,3,0
Champions Tour 2024: Pacific Kickoff,Playoffs,Semifinals,T1 vs Paper Rex,Split,T1,iZu,raze,6,1,,,,,,,,48,1,1
Champions Tour 2024: Pacific Kickoff,Playoffs,Semifinals,T1 vs Paper Rex,Split,T1,Carpe,skye,3,1,,,,1,,,,27,2,2
Champions Tour 2024: Pacific Kickoff,Playoffs,Semifinals,T1 vs Paper Rex,Split,Paper Rex,Monyet,raze,1,2,,,,1,,,,34,3,0
Champions Tour 2024: Pacific Kickoff,Playoffs,Semifinals,T1 vs Paper Rex,Split,Paper Rex,mindfreak,omen,6,2,,,1,1,,,,53,6,1
Champions Tour 2024: Pacific Kickoff,Playoffs,Semifinals,T1 vs Paper Rex,Split,Paper Rex,f0rsakeN,yoru,5,5,,,,,,,,56,3,0
Champions Tour 2024: Pacific Kickoff,Playoffs,Semifinals,T1 vs Paper Rex,Split,Paper Rex,d4v41,viper,,2,,,1,,,,,44,1,1
Champions Tour 2024: Pacific Kickoff,Playoffs,Semifinals,T1 vs Paper Rex,Split,Paper Rex,something,jett,1,3,,,,,,,,33,1,0
Champions Tour 2024: Pacific Kickoff,Playoffs,Semifinals,T1 vs Paper Rex,Ascent,T1,Rossy,viper,1,1,1,,,,,,,54,2,1
Champions Tour 2024: Pacific Kickoff,Playoffs,Semifinals,T1 vs Paper Rex,Ascent,T1,Sayaplayer,jett,3,,,,,,,,,44,0,0
Champions Tour 2024: Pacific Kickoff,Playoffs,Semifinals,T1 vs Paper Rex,Ascent,T1,xccurate,cypher,2,3,,,,,,,,72,1,0
Champions Tour 2024: Pacific Kickoff,Playoffs,Semifinals,T1 vs Paper Rex,Ascent,T1,iZu,omen,3,,,,,,,,,42,1,0
Champions Tour 2024: Pacific Kickoff,Playoffs,Semifinals,T1 vs Paper Rex,Ascent,T1,Carpe,fade,,1,,,,,,,,31,1,0
Champions Tour 2024: Pacific Kickoff,Playoffs,Semifinals,T1 vs Paper Rex,Ascent,Paper Rex,Monyet,raze,2,,,,,,,,,37,1,0
Champions Tour 2024: Pacific Kickoff,Playoffs,Semifinals,T1 vs Paper Rex,Ascent,Paper Rex,mindfreak,viper,3,1,,,2,,,,,51,1,2
Champions Tour 2024: Pacific Kickoff,Playoffs,Semifinals,T1 vs Paper Rex,Ascent,Paper Rex,f0rsakeN,fade,6,,1,,,,,,,56,0,0
Champions Tour 2024: Pacific Kickoff,Playoffs,Semifinals,T1 vs Paper Rex,Ascent,Paper Rex,d4v41,omen,2,,,1,,,,,,50,0,0
Champions Tour 2024: Pacific Kickoff,Playoffs,Semifinals,T1 vs Paper Rex,Ascent,Paper Rex,something,gekko,1,2,,,,1,,,,59,7,1
Champions Tour 2024: Pacific Kickoff,Playoffs,Semifinals,DRX vs Gen.G,All Maps,DRX,stax,"fade, gekko",6,1,,,,1,,,,51,14,2
Champions Tour 2024: Pacific Kickoff,Playoffs,Semifinals,DRX vs Gen.G,All Maps,DRX,BuZz,"raze, yoru",8,,,1,,,1,,,41,1,0
Champions Tour 2024: Pacific Kickoff,Playoffs,Semifinals,DRX vs Gen.G,All Maps,DRX,MaKo,"brimstone, omen",8,2,,,,,,,,68,1,0
Champions Tour 2024: Pacific Kickoff,Playoffs,Semifinals,DRX vs Gen.G,All Maps,DRX,Foxy9,viper,3,2,,,1,,,,,41,1,0
Champions Tour 2024: Pacific Kickoff,Playoffs,Semifinals,DRX vs Gen.G,All Maps,DRX,Flashback,cypher,6,2,,,1,,,,,46,0,1
Champions Tour 2024: Pacific Kickoff,Playoffs,Semifinals,DRX vs Gen.G,All Maps,Gen.G,Lakia,"fade, skye",3,1,1,,1,1,,,,41,11,0
Champions Tour 2024: Pacific Kickoff,Playoffs,Semifinals,DRX vs Gen.G,All Maps,Gen.G,Munchkin,viper,5,,,,,,,,,60,2,0
Champions Tour 2024: Pacific Kickoff,Playoffs,Semifinals,DRX vs Gen.G,All Maps,Gen.G,t3xture,raze,9,2,1,,2,,,,,61,0,4
Champions Tour 2024: Pacific Kickoff,Playoffs,Semifinals,DRX vs Gen.G,All Maps,Gen.G,Meteor,"cypher, killjoy",5,2,,,,,,,,52,2,1
Champions Tour 2024: Pacific Kickoff,Playoffs,Semifinals,DRX vs Gen.G,All Maps,Gen.G,Karon,"brimstone, omen",7,1,2,,1,1,,,,77,5,1
Champions Tour 2024: Pacific Kickoff,Playoffs,Semifinals,DRX vs Gen.G,Bind,DRX,stax,gekko,2,,,,,,,,,42,8,1
Champions Tour 2024: Pacific Kickoff,Playoffs,Semifinals,DRX vs Gen.G,Bind,DRX,BuZz,yoru,4,,,1,,,1,,,46,1,0
Champions Tour 2024: Pacific Kickoff,Playoffs,Semifinals,DRX vs Gen.G,Bind,DRX,MaKo,brimstone,3,1,,,,,,,,56,1,0
Champions Tour 2024: Pacific Kickoff,Playoffs,Semifinals,DRX vs Gen.G,Bind,DRX,Foxy9,viper,3,1,,,1,,,,,35,0,0
Champions Tour 2024: Pacific Kickoff,Playoffs,Semifinals,DRX vs Gen.G,Bind,DRX,Flashback,cypher,5,1,,,1,,,,,46,0,1
Champions Tour 2024: Pacific Kickoff,Playoffs,Semifinals,DRX vs Gen.G,Bind,Gen.G,Lakia,skye,3,,,,,,,,,40,6,0
Champions Tour 2024: Pacific Kickoff,Playoffs,Semifinals,DRX vs Gen.G,Bind,Gen.G,Munchkin,viper,3,,,,,,,,,61,1,0
Champions Tour 2024: Pacific Kickoff,Playoffs,Semifinals,DRX vs Gen.G,Bind,Gen.G,t3xture,raze,5,1,1,,1,,,,,64,0,2
Champions Tour 2024: Pacific Kickoff,Playoffs,Semifinals,DRX vs Gen.G,Bind,Gen.G,Meteor,cypher,2,1,,,,,,,,36,1,0
Champions Tour 2024: Pacific Kickoff,Playoffs,Semifinals,DRX vs Gen.G,Bind,Gen.G,Karon,brimstone,5,1,1,,,1,,,,88,2,1
Champions Tour 2024: Pacific Kickoff,Playoffs,Semifinals,DRX vs Gen.G,Lotus,DRX,stax,fade,4,1,,,,1,,,,60,6,1
Champions Tour 2024: Pacific Kickoff,Playoffs,Semifinals,DRX vs Gen.G,Lotus,DRX,BuZz,raze,4,,,,,,,,,35,0,0
Champions Tour 2024: Pacific Kickoff,Playoffs,Semifinals,DRX vs Gen.G,Lotus,DRX,MaKo,omen,5,1,,,,,,,,80,0,0
Champions Tour 2024: Pacific Kickoff,Playoffs,Semifinals,DRX vs Gen.G,Lotus,DRX,Foxy9,viper,,1,,,,,,,,46,1,0
Champions Tour 2024: Pacific Kickoff,Playoffs,Semifinals,DRX vs Gen.G,Lotus,DRX,Flashback,cypher,1,1,,,,,,,,46,0,0
Champions Tour 2024: Pacific Kickoff,Playoffs,Semifinals,DRX vs Gen.G,Lotus,Gen.G,Lakia,fade,,1,1,,1,1,,,,42,5,0
Champions Tour 2024: Pacific Kickoff,Playoffs,Semifinals,DRX vs Gen.G,Lotus,Gen.G,Munchkin,viper,2,,,,,,,,,58,1,0
Champions Tour 2024: Pacific Kickoff,Playoffs,Semifinals,DRX vs Gen.G,Lotus,Gen.G,t3xture,raze,4,1,,,1,,,,,58,0,2
Champions Tour 2024: Pacific Kickoff,Playoffs,Semifinals,DRX vs Gen.G,Lotus,Gen.G,Meteor,killjoy,3,1,,,,,,,,67,1,1
Champions Tour 2024: Pacific Kickoff,Playoffs,Semifinals,DRX vs Gen.G,Lotus,Gen.G,Karon,omen,2,,1,,1,,,,,65,3,0
Champions Tour 2024: Pacific Kickoff,Playoffs,Grand Final,Paper Rex vs Gen.G,All Maps,Paper Rex,Monyet,raze,8,1,1,,,,1,,,42,8,0
Champions Tour 2024: Pacific Kickoff,Playoffs,Grand Final,Paper Rex vs Gen.G,All Maps,Paper Rex,mindfreak,"brimstone, omen, viper",13,4,,,2,1,,,,61,2,1
Champions Tour 2024: Pacific Kickoff,Playoffs,Grand Final,Paper Rex vs Gen.G,All Maps,Paper Rex,f0rsakeN,"cypher, fade, yoru",8,1,,,,1,,,,43,4,2
Champions Tour 2024: Pacific Kickoff,Playoffs,Grand Final,Paper Rex vs Gen.G,All Maps,Paper Rex,d4v41,"fade, omen, skye, viper",9,1,,,2,,,,,51,4,1
Champions Tour 2024: Pacific Kickoff,Playoffs,Grand Final,Paper Rex vs Gen.G,All Maps,Paper Rex,something,"gekko, jett, reyna",10,1,1,,,,,,,53,5,1
Champions Tour 2024: Pacific Kickoff,Playoffs,Grand Final,Paper Rex vs Gen.G,All Maps,Gen.G,Lakia,"fade, skye, sova",7,2,,,1,,,,,44,12,1
Champions Tour 2024: Pacific Kickoff,Playoffs,Grand Final,Paper Rex vs Gen.G,All Maps,Gen.G,Munchkin,"kayo, viper",17,1,1,,,,,,,55,4,2
Champions Tour 2024: Pacific Kickoff,Playoffs,Grand Final,Paper Rex vs Gen.G,All Maps,Gen.G,t3xture,"jett, raze",14,2,3,,1,1,,,,74,3,1
Champions Tour 2024: Pacific Kickoff,Playoffs,Grand Final,Paper Rex vs Gen.G,All Maps,Gen.G,Meteor,"cypher, jett, killjoy",11,1,1,,,,,,,57,1,0
Champions Tour 2024: Pacific Kickoff,Playoffs,Grand Final,Paper Rex vs Gen.G,All Maps,Gen.G,Karon,"astra, brimstone, omen",11,7,,,1,1,,,,60,4,1
Champions Tour 2024: Pacific Kickoff,Playoffs,Grand Final,Paper Rex vs Gen.G,Ascent,Paper Rex,Monyet,raze,2,,1,,,,,,,38,1,0
Champions Tour 2024: Pacific Kickoff,Playoffs,Grand Final,Paper Rex vs Gen.G,Ascent,Paper Rex,mindfreak,viper,3,1,,,,,,,,66,1,0
Champions Tour 2024: Pacific Kickoff,Playoffs,Grand Final,Paper Rex vs Gen.G,Ascent,Paper Rex,f0rsakeN,fade,1,,,,,,,,,24,1,0
Champions Tour 2024: Pacific Kickoff,Playoffs,Grand Final,Paper Rex vs Gen.G,Ascent,Paper Rex,d4v41,omen,1,,,,1,,,,,42,0,0
Champions Tour 2024: Pacific Kickoff,Playoffs,Grand Final,Paper Rex vs Gen.G,Ascent,Paper Rex,something,gekko,3,,,,,,,,,48,3,0
Champions Tour 2024: Pacific Kickoff,Playoffs,Grand Final,Paper Rex vs Gen.G,Ascent,Gen.G,Lakia,sova,3,,,,,,,,,41,0,0
Champions Tour 2024: Pacific Kickoff,Playoffs,Grand Final,Paper Rex vs Gen.G,Ascent,Gen.G,Munchkin,kayo,3,1,,,,,,,,52,3,1
Champions Tour 2024: Pacific Kickoff,Playoffs,Grand Final,Paper Rex vs Gen.G,Ascent,Gen.G,t3xture,jett,6,1,2,,,1,,,,101,0,0
Champions Tour 2024: Pacific Kickoff,Playoffs,Grand Final,Paper Rex vs Gen.G,Ascent,Gen.G,Meteor,killjoy,3,,,,,,,,,58,1,0
Champions Tour 2024: Pacific Kickoff,Playoffs,Grand Final,Paper Rex vs Gen.G,Ascent,Gen.G,Karon,omen,3,2,,,,,,,,77,1,0
Champions Tour 2024: Pacific Kickoff,Playoffs,Grand Final,Paper Rex vs Gen.G,Split,Paper Rex,Monyet,raze,4,,,,,,1,,,52,3,0
Champions Tour 2024: Pacific Kickoff,Playoffs,Grand Final,Paper Rex vs Gen.G,Split,Paper Rex,mindfreak,omen,3,1,,,2,,,,,49,1,0
Champions Tour 2024: Pacific Kickoff,Playoffs,Grand Final,Paper Rex vs Gen.G,Split,Paper Rex,f0rsakeN,yoru,4,1,,,,1,,,,56,3,1
Champions Tour 2024: Pacific Kickoff,Playoffs,Grand Final,Paper Rex vs Gen.G,Split,Paper Rex,d4v41,viper,1,,,,,,,,,64,0,0
Champions Tour 2024: Pacific Kickoff,Playoffs,Grand Final,Paper Rex vs Gen.G,Split,Paper Rex,something,jett,1,1,1,,,,,,,60,1,0
Champions Tour 2024: Pacific Kickoff,Playoffs,Grand Final,Paper Rex vs Gen.G,Split,Gen.G,Lakia,skye,1,,,,,,,,,38,1,0
Champions Tour 2024: Pacific Kickoff,Playoffs,Grand Final,Paper Rex vs Gen.G,Split,Gen.G,Munchkin,viper,3,,,,,,,,,56,0,0
Champions Tour 2024: Pacific Kickoff,Playoffs,Grand Final,Paper Rex vs Gen.G,Split,Gen.G,t3xture,raze,1,,,,,,,,,58,0,0
Champions Tour 2024: Pacific Kickoff,Playoffs,Grand Final,Paper Rex vs Gen.G,Split,Gen.G,Meteor,jett,2,,,,,,,,,56,0,0
Champions Tour 2024: Pacific Kickoff,Playoffs,Grand Final,Paper Rex vs Gen.G,Split,Gen.G,Karon,astra,2,2,,,,,,,,61,0,1
Champions Tour 2024: Pacific Kickoff,Playoffs,Grand Final,Paper Rex vs Gen.G,Lotus,Paper Rex,Monyet,raze,,1,,,,,,,,38,3,0
Champions Tour 2024: Pacific Kickoff,Playoffs,Grand Final,Paper Rex vs Gen.G,Lotus,Paper Rex,mindfreak,omen,3,1,,,,1,,,,53,0,1
Champions Tour 2024: Pacific Kickoff,Playoffs,Grand Final,Paper Rex vs Gen.G,Lotus,Paper Rex,f0rsakeN,cypher,1,,,,,,,,,47,0,1
Champions Tour 2024: Pacific Kickoff,Playoffs,Grand Final,Paper Rex vs Gen.G,Lotus,Paper Rex,d4v41,skye,5,1,,,1,,,,,55,4,1
Champions Tour 2024: Pacific Kickoff,Playoffs,Grand Final,Paper Rex vs Gen.G,Lotus,Paper Rex,something,reyna,5,,,,,,,,,60,0,0
Champions Tour 2024: Pacific Kickoff,Playoffs,Grand Final,Paper Rex vs Gen.G,Lotus,Gen.G,Lakia,fade,3,2,,,,,,,,61,4,0
Champions Tour 2024: Pacific Kickoff,Playoffs,Grand Final,Paper Rex vs Gen.G,Lotus,Gen.G,Munchkin,viper,7,,1,,,,,,,65,1,1
Champions Tour 2024: Pacific Kickoff,Playoffs,Grand Final,Paper Rex vs Gen.G,Lotus,Gen.G,t3xture,raze,3,,1,,,,,,,47,1,0
Champions Tour 2024: Pacific Kickoff,Playoffs,Grand Final,Paper Rex vs Gen.G,Lotus,Gen.G,Meteor,killjoy,3,,,,,,,,,37,0,0
Champions Tour 2024: Pacific Kickoff,Playoffs,Grand Final,Paper Rex vs Gen.G,Lotus,Gen.G,Karon,omen,5,1,,,1,,,,,54,3,0
Champions Tour 2024: Pacific Kickoff,Playoffs,Grand Final,Paper Rex vs Gen.G,Bind,Paper Rex,Monyet,raze,2,,,,,,,,,41,1,0
Champions Tour 2024: Pacific Kickoff,Playoffs,Grand Final,Paper Rex vs Gen.G,Bind,Paper Rex,mindfreak,brimstone,4,1,,,,,,,,74,0,0
Champions Tour 2024: Pacific Kickoff,Playoffs,Grand Final,Paper Rex vs Gen.G,Bind,Paper Rex,f0rsakeN,yoru,2,,,,,,,,,45,0,0
Champions Tour 2024: Pacific Kickoff,Playoffs,Grand Final,Paper Rex vs Gen.G,Bind,Paper Rex,d4v41,fade,2,,,,,,,,,43,0,0
Champions Tour 2024: Pacific Kickoff,Playoffs,Grand Final,Paper Rex vs Gen.G,Bind,Paper Rex,something,gekko,1,,,,,,,,,42,1,1
Champions Tour 2024: Pacific Kickoff,Playoffs,Grand Final,Paper Rex vs Gen.G,Bind,Gen.G,Lakia,skye,,,,,1,,,,,34,7,1
Champions Tour 2024: Pacific Kickoff,Playoffs,Grand Final,Paper Rex vs Gen.G,Bind,Gen.G,Munchkin,viper,4,,,,,,,,,45,0,0
Champions Tour 2024: Pacific Kickoff,Playoffs,Grand Final,Paper Rex vs Gen.G,Bind,Gen.G,t3xture,raze,4,1,,,1,,,,,90,2,1
Champions Tour 2024: Pacific Kickoff,Playoffs,Grand Final,Paper Rex vs Gen.G,Bind,Gen.G,Meteor,cypher,3,1,1,,,,,,,76,0,0
Champions Tour 2024: Pacific Kickoff,Playoffs,Grand Final,Paper Rex vs Gen.G,Bind,Gen.G,Karon,brimstone,1,2,,,,1,,,,48,0,0
