Tournament,Stage,Match Type,Player,Teams,Agents,Rounds Played,Rating,Average Combat Score,Kills:Deaths,"Kill, Assist, Trade, Survive %",Average Damage Per Round,Kills Per Round,Assists Per Round,First Kills Per Round,First Deaths Per Round,Headshot %,Clutch Success %,Clutches (won/played),Maximum Kills in a Single Map,Kills,Deaths,Assists,First Kills,First Deaths
Champions Tour 2024: China Kickoff,Playoffs,Semifinals,BerLIN,FunPlus Phoenix,astra,19,,242,1.89,,,0.89,0.53,,,,,,17,17,9,10,0,0
Champions Tour 2024: China Kickoff,Playoffs,Semifinals,BerLIN,FunPlus Phoenix,omen,23,,170,1.0,,,0.65,0.48,,,,,,15,15,15,11,0,0
Champions Tour 2024: China Kickoff,Playoffs,Semifinals,BerLIN,FunPlus Phoenix,"astra, omen",42,,206,1.33,,,0.76,0.5,,,,,,17,32,24,21,0,0
Champions Tour 2024: China Kickoff,Playoffs,Semifinals,Lysoar,FunPlus Phoenix,cypher,23,,169,1.27,,,0.61,0.26,,,,,,14,14,11,6,0,0
Champions Tour 2024: China Kickoff,Playoffs,Semifinals,Lysoar,FunPlus Phoenix,viper,19,,158,1.38,,,0.58,0.21,,,,,,11,11,8,4,0,0
Champions Tour 2024: China Kickoff,Playoffs,Semifinals,Lysoar,FunPlus Phoenix,"cypher, viper",42,,164,1.32,,,0.6,0.24,,,,,,14,25,19,10,0,0
Champions Tour 2024: China Kickoff,Playoffs,Semifinals,AAAAY,FunPlus Phoenix,fade,23,,178,0.88,,,0.61,0.3,,,,,,14,14,16,7,0,0
Champions Tour 2024: China Kickoff,Playoffs,Semifinals,AAAAY,FunPlus Phoenix,sova,19,,249,1.58,,,1.0,0.32,,,,,,19,19,12,6,0,0
Champions Tour 2024: China Kickoff,Playoffs,Semifinals,AAAAY,FunPlus Phoenix,"fade, sova",42,,214,1.18,,,0.79,0.31,,,,,,19,33,28,13,0,0
Champions Tour 2024: China Kickoff,Playoffs,Semifinals,Autumn,FunPlus Phoenix,jett,23,,228,1.29,,,0.78,0.17,,,,,,18,18,14,4,0,0
Champions Tour 2024: China Kickoff,Playoffs,Semifinals,Autumn,FunPlus Phoenix,yoru,19,,155,0.83,,,0.53,0.21,,,,,,10,10,12,4,0,0
Champions Tour 2024: China Kickoff,Playoffs,Semifinals,Autumn,FunPlus Phoenix,"jett, yoru",42,,192,1.08,,,0.67,0.19,,,,,,18,28,26,8,0,0
Champions Tour 2024: China Kickoff,Playoffs,Semifinals,Life,FunPlus Phoenix,jett,19,,325,2.18,,,1.26,0.16,,,,,,24,24,11,3,0,0
Champions Tour 2024: China Kickoff,Playoffs,Semifinals,Life,FunPlus Phoenix,yoru,23,,269,1.29,,,0.96,0.26,,,,,,22,22,17,6,0,0
Champions Tour 2024: China Kickoff,Playoffs,Semifinals,Life,FunPlus Phoenix,"jett, yoru",42,,297,1.64,,,1.1,0.21,,,,,,24,46,28,9,0,0
Champions Tour 2024: China Kickoff,Playoffs,Semifinals,heybay,Trace Esports,breach,26,,187,1.36,,,0.73,0.35,,,,,,19,19,14,9,0,0
Champions Tour 2024: China Kickoff,Playoffs,Semifinals,heybay,Trace Esports,brimstone,19,,172,0.69,,,0.58,0.58,,,,,,11,11,16,11,0,0
Champions Tour 2024: China Kickoff,Playoffs,Semifinals,heybay,Trace Esports,"breach, brimstone",45,,180,1.0,,,0.67,0.44,,,,,,19,30,30,20,0,0
Champions Tour 2024: China Kickoff,Playoffs,Semifinals,Kai,Trace Esports,cypher,26,,224,1.17,,,0.81,0.23,,,,,,21,21,18,6,0,0
Champions Tour 2024: China Kickoff,Playoffs,Semifinals,Kai,Trace Esports,jett,19,,233,1.29,,,0.95,0.11,,,,,,18,18,14,2,0,0
Champions Tour 2024: China Kickoff,Playoffs,Semifinals,Kai,Trace Esports,"cypher, jett",45,,228,1.22,,,0.87,0.18,,,,,,21,39,32,8,0,0
Champions Tour 2024: China Kickoff,Playoffs,Semifinals,Flex1n,Trace Esports,omen,26,,129,0.52,,,0.42,0.23,,,,,,11,11,21,6,0,0
Champions Tour 2024: China Kickoff,Playoffs,Semifinals,Flex1n,Trace Esports,viper,19,,165,0.86,,,0.63,0.21,,,,,,12,12,14,4,0,0
Champions Tour 2024: China Kickoff,Playoffs,Semifinals,Flex1n,Trace Esports,"omen, viper",45,,147,0.66,,,0.51,0.22,,,,,,12,23,35,10,0,0
Champions Tour 2024: China Kickoff,Playoffs,Semifinals,FengF,Trace Esports,raze,45,,198,0.73,,,0.6,0.31,,,,,,17,27,37,14,0,0
Champions Tour 2024: China Kickoff,Playoffs,Semifinals,YOU,Trace Esports,skye,19,,223,1.0,,,0.79,0.32,,,,,,15,15,15,6,0,0
Champions Tour 2024: China Kickoff,Playoffs,Semifinals,YOU,Trace Esports,sova,26,,175,0.94,,,0.62,0.19,,,,,,16,16,17,5,0,0
Champions Tour 2024: China Kickoff,Playoffs,Semifinals,YOU,Trace Esports,"skye, sova",45,,199,0.97,,,0.69,0.24,,,,,,16,31,32,11,0,0
Champions Tour 2024: China Kickoff,Playoffs,Semifinals,CHICHOO,EDward Gaming,brimstone,19,,222,1.0,,,0.68,0.63,,,,,,13,13,13,12,0,0
Champions Tour 2024: China Kickoff,Playoffs,Semifinals,CHICHOO,EDward Gaming,cypher,26,,179,1.36,,,0.73,0.15,,,,,,19,19,14,4,0,0
Champions Tour 2024: China Kickoff,Playoffs,Semifinals,CHICHOO,EDward Gaming,"brimstone, cypher",45,,200,1.19,,,0.71,0.36,,,,,,19,32,27,16,0,0
Champions Tour 2024: China Kickoff,Playoffs,Semifinals,Haodong,EDward Gaming,cypher,19,,200,1.0,,,0.74,0.26,,,,,,14,14,14,5,0,0
Champions Tour 2024: China Kickoff,Playoffs,Semifinals,Haodong,EDward Gaming,omen,26,,140,0.75,,,0.46,0.54,,,,,,12,12,16,14,0,0
Champions Tour 2024: China Kickoff,Playoffs,Semifinals,Haodong,EDward Gaming,"cypher, omen",45,,170,0.87,,,0.58,0.42,,,,,,14,26,30,19,0,0
Champions Tour 2024: China Kickoff,Playoffs,Semifinals,Smoggy,EDward Gaming,kayo,26,,165,0.88,,,0.54,0.54,,,,,,14,14,16,14,0,0
Champions Tour 2024: China Kickoff,Playoffs,Semifinals,Smoggy,EDward Gaming,raze,19,,180,1.36,,,0.79,0.05,,,,,,15,15,11,1,0,0
Champions Tour 2024: China Kickoff,Playoffs,Semifinals,Smoggy,EDward Gaming,"kayo, raze",45,,172,1.07,,,0.64,0.33,,,,,,15,29,27,15,0,0
Champions Tour 2024: China Kickoff,Playoffs,Semifinals,ZmjjKK,EDward Gaming,kayo,19,,314,1.5,,,1.11,0.47,,,,,,21,21,14,9,0,0
Champions Tour 2024: China Kickoff,Playoffs,Semifinals,ZmjjKK,EDward Gaming,raze,26,,308,1.24,,,1.0,0.08,,,,,,26,26,21,2,0,0
Champions Tour 2024: China Kickoff,Playoffs,Semifinals,ZmjjKK,EDward Gaming,"kayo, raze",45,,311,1.34,,,1.04,0.24,,,,,,26,47,35,11,0,0
Champions Tour 2024: China Kickoff,Playoffs,Semifinals,nobody,EDward Gaming,sova,45,,200,1.03,,,0.71,0.33,,,,,,19,32,31,15,0,0
Champions Tour 2024: China Kickoff,Playoffs,Semifinals,vo0kashu,Dragon Ranger Gaming,cypher,19,,158,0.69,,,0.58,0.05,,,,,,11,11,16,1,0,0
Champions Tour 2024: China Kickoff,Playoffs,Semifinals,vo0kashu,Dragon Ranger Gaming,killjoy,23,,121,0.56,,,0.43,0.13,,,,,,10,10,18,3,0,0
Champions Tour 2024: China Kickoff,Playoffs,Semifinals,vo0kashu,Dragon Ranger Gaming,"cypher, killjoy",42,,140,0.62,,,0.5,0.1,,,,,,11,21,34,4,0,0
Champions Tour 2024: China Kickoff,Playoffs,Semifinals,TvirusLuke,Dragon Ranger Gaming,jett,42,,216,0.86,,,0.71,0.1,,,,,,19,30,35,4,0,0
Champions Tour 2024: China Kickoff,Playoffs,Semifinals,Nicc,Dragon Ranger Gaming,kayo,42,,216,0.94,,,0.69,0.6,,,,,,15,29,31,25,0,0
Champions Tour 2024: China Kickoff,Playoffs,Semifinals,nizhaoTZH,Dragon Ranger Gaming,omen,23,,237,1.31,,,0.91,0.48,,,,,,21,21,16,11,0,0
Champions Tour 2024: China Kickoff,Playoffs,Semifinals,nizhaoTZH,Dragon Ranger Gaming,viper,19,,158,0.67,,,0.53,0.32,,,,,,10,10,15,6,0,0
Champions Tour 2024: China Kickoff,Playoffs,Semifinals,nizhaoTZH,Dragon Ranger Gaming,"omen, viper",42,,198,1.0,,,0.74,0.4,,,,,,21,31,31,17,0,0
Champions Tour 2024: China Kickoff,Playoffs,Semifinals,Dingwei,Dragon Ranger Gaming,sova,42,,106,0.42,,,0.33,0.26,,,,,,9,14,33,11,0,0
Champions Tour 2024: China Kickoff,Playoffs,Grand Final,BerLIN,FunPlus Phoenix,astra,26,,284,1.63,,,1.0,0.12,,,,,,26,26,16,3,0,0
Champions Tour 2024: China Kickoff,Playoffs,Grand Final,BerLIN,FunPlus Phoenix,omen,70,,165,0.67,,,0.51,0.4,,,,,,14,36,54,28,0,0
Champions Tour 2024: China Kickoff,Playoffs,Grand Final,BerLIN,FunPlus Phoenix,"astra, omen",96,,194,0.89,,,0.65,0.32,,,,,,26,62,70,31,0,0
Champions Tour 2024: China Kickoff,Playoffs,Grand Final,AAAAY,FunPlus Phoenix,breach,19,,219,0.88,,,0.74,0.32,,,,,,14,14,16,6,0,0
Champions Tour 2024: China Kickoff,Playoffs,Grand Final,AAAAY,FunPlus Phoenix,fade,30,,226,1.13,,,0.87,0.07,,,,,,26,26,23,2,0,0
Champions Tour 2024: China Kickoff,Playoffs,Grand Final,AAAAY,FunPlus Phoenix,gekko,21,,242,1.19,,,0.9,0.29,,,,,,19,19,16,6,0,0
Champions Tour 2024: China Kickoff,Playoffs,Grand Final,AAAAY,FunPlus Phoenix,sova,26,,210,1.0,,,0.73,0.12,,,,,,19,19,19,3,0,0
Champions Tour 2024: China Kickoff,Playoffs,Grand Final,AAAAY,FunPlus Phoenix,"breach, fade, gekko, sova",96,,224,1.05,,,0.81,0.18,,,,,,26,78,74,17,0,0
Champions Tour 2024: China Kickoff,Playoffs,Grand Final,Lysoar,FunPlus Phoenix,cypher,49,,178,0.94,,,0.63,0.2,,,,,,19,31,33,10,0,0
Champions Tour 2024: China Kickoff,Playoffs,Grand Final,Lysoar,FunPlus Phoenix,viper,47,,115,0.68,,,0.45,0.21,,,,,,11,21,31,10,0,0
Champions Tour 2024: China Kickoff,Playoffs,Grand Final,Lysoar,FunPlus Phoenix,"cypher, viper",96,,146,0.81,,,0.54,0.21,,,,,,19,52,64,20,0,0
Champions Tour 2024: China Kickoff,Playoffs,Grand Final,Life,FunPlus Phoenix,jett,26,,137,0.55,,,0.46,0.08,,,,,,12,12,22,2,0,0
Champions Tour 2024: China Kickoff,Playoffs,Grand Final,Life,FunPlus Phoenix,reyna,21,,225,1.23,,,0.76,0.14,,,,,,16,16,13,3,0,0
Champions Tour 2024: China Kickoff,Playoffs,Grand Final,Life,FunPlus Phoenix,yoru,49,,200,0.95,,,0.71,0.18,,,,,,22,35,37,9,0,0
Champions Tour 2024: China Kickoff,Playoffs,Grand Final,Life,FunPlus Phoenix,"jett, reyna, yoru",96,,190,0.88,,,0.66,0.15,,,,,,22,63,72,14,0,0
Champions Tour 2024: China Kickoff,Playoffs,Grand Final,Autumn,FunPlus Phoenix,jett,51,,225,1.17,,,0.8,0.12,,,,,,25,41,35,6,0,0
Champions Tour 2024: China Kickoff,Playoffs,Grand Final,Autumn,FunPlus Phoenix,raze,19,,202,0.87,,,0.68,0.11,,,,,,13,13,15,2,0,0
Champions Tour 2024: China Kickoff,Playoffs,Grand Final,Autumn,FunPlus Phoenix,yoru,26,,268,1.26,,,0.92,0.23,,,,,,24,24,19,6,0,0
Champions Tour 2024: China Kickoff,Playoffs,Grand Final,Autumn,FunPlus Phoenix,"jett, raze, yoru",96,,230,1.13,,,0.81,0.15,,,,,,25,78,69,14,0,0
Champions Tour 2024: China Kickoff,Playoffs,Grand Final,Smoggy,EDward Gaming,breach,49,,183,1.27,,,0.67,0.47,,,,,,18,33,26,23,0,0
Champions Tour 2024: China Kickoff,Playoffs,Grand Final,Smoggy,EDward Gaming,kayo,47,,227,0.94,,,0.72,0.57,,,,,,20,34,36,27,0,0
Champions Tour 2024: China Kickoff,Playoffs,Grand Final,Smoggy,EDward Gaming,"breach, kayo",96,,205,1.08,,,0.7,0.52,,,,,,20,67,62,50,0,0
Champions Tour 2024: China Kickoff,Playoffs,Grand Final,CHICHOO,EDward Gaming,cypher,26,,245,1.41,,,0.92,0.12,,,,,,24,24,17,3,0,0
Champions Tour 2024: China Kickoff,Playoffs,Grand Final,CHICHOO,EDward Gaming,killjoy,21,,203,0.88,,,0.67,0.0,,,,,,14,14,16,0,0,0
Champions Tour 2024: China Kickoff,Playoffs,Grand Final,CHICHOO,EDward Gaming,viper,49,,208,1.06,,,0.73,0.33,,,,,,22,36,34,16,0,0
Champions Tour 2024: China Kickoff,Playoffs,Grand Final,CHICHOO,EDward Gaming,"cypher, killjoy, viper",96,,216,1.1,,,0.77,0.2,,,,,,24,74,67,19,0,0
Champions Tour 2024: China Kickoff,Playoffs,Grand Final,ZmjjKK,EDward Gaming,jett,77,,255,1.14,,,0.87,0.13,,,,,,30,67,59,10,0,0
Champions Tour 2024: China Kickoff,Playoffs,Grand Final,ZmjjKK,EDward Gaming,raze,19,,285,1.13,,,0.95,0.21,,,,,,18,18,16,4,0,0
Champions Tour 2024: China Kickoff,Playoffs,Grand Final,ZmjjKK,EDward Gaming,"jett, raze",96,,263,1.13,,,0.89,0.15,,,,,,30,85,75,14,0,0
Champions Tour 2024: China Kickoff,Playoffs,Grand Final,Haodong,EDward Gaming,omen,49,,194,1.1,,,0.69,0.49,,,,,,20,34,31,24,0,0
Champions Tour 2024: China Kickoff,Playoffs,Grand Final,Haodong,EDward Gaming,viper,47,,99,0.52,,,0.36,0.17,,,,,,13,17,33,8,0,0
Champions Tour 2024: China Kickoff,Playoffs,Grand Final,Haodong,EDward Gaming,"omen, viper",96,,146,0.8,,,0.53,0.33,,,,,,20,51,64,32,0,0
Champions Tour 2024: China Kickoff,Playoffs,Grand Final,nobody,EDward Gaming,skye,19,,207,1.25,,,0.79,0.26,,,,,,15,15,12,5,0,0
Champions Tour 2024: China Kickoff,Playoffs,Grand Final,nobody,EDward Gaming,sova,77,,212,1.08,,,0.74,0.21,,,,,,27,57,53,16,0,0
Champions Tour 2024: China Kickoff,Playoffs,Grand Final,nobody,EDward Gaming,"skye, sova",96,,211,1.11,,,0.75,0.22,,,,,,27,72,65,21,0,0
Champions Tour 2024: China Kickoff,Play-Ins,Round-Robin,kawaii,Titan Esports Club,astra,21,,172,0.72,,,0.62,0.24,,,,,,13,13,18,5,0,0
Champions Tour 2024: China Kickoff,Play-Ins,Round-Robin,kawaii,Titan Esports Club,omen,56,,167,0.72,,,0.59,0.36,,,,,,14,33,46,20,0,0
Champions Tour 2024: China Kickoff,Play-Ins,Round-Robin,kawaii,Titan Esports Club,viper,34,,262,1.2,,,0.88,0.44,,,,,,30,30,25,15,0,0
Champions Tour 2024: China Kickoff,Play-Ins,Round-Robin,kawaii,Titan Esports Club,"astra, omen, viper",111,,187,0.85,,,0.68,0.36,,,,,,30,76,89,40,0,0
Champions Tour 2024: China Kickoff,Play-Ins,Round-Robin,Rb,Titan Esports Club,cypher,55,,233,1.15,,,0.84,0.22,,,,,,29,46,40,12,0,0
Champions Tour 2024: China Kickoff,Play-Ins,Round-Robin,Rb,Titan Esports Club,fade,35,,262,1.26,,,0.97,0.23,,,,,,20,34,27,8,0,0
Champions Tour 2024: China Kickoff,Play-Ins,Round-Robin,Rb,Titan Esports Club,raze,21,,322,1.71,,,1.14,0.19,,,,,,24,24,14,4,0,0
Champions Tour 2024: China Kickoff,Play-Ins,Round-Robin,Rb,Titan Esports Club,"cypher, fade, raze",111,,262,1.28,,,0.94,0.22,,,,,,29,104,81,24,0,0
Champions Tour 2024: China Kickoff,Play-Ins,Round-Robin,Abo,Titan Esports Club,jett,76,,157,0.7,,,0.57,0.17,,,,,,23,43,61,13,0,0
Champions Tour 2024: China Kickoff,Play-Ins,Round-Robin,Abo,Titan Esports Club,raze,35,,161,0.55,,,0.46,0.2,,,,,,10,16,29,7,0,0
Champions Tour 2024: China Kickoff,Play-Ins,Round-Robin,Abo,Titan Esports Club,"jett, raze",111,,159,0.66,,,0.53,0.18,,,,,,23,59,90,20,0,0
Champions Tour 2024: China Kickoff,Play-Ins,Round-Robin,QiuYe,Titan Esports Club,kayo,55,,189,0.75,,,0.6,0.47,,,,,,18,33,44,26,0,0
Champions Tour 2024: China Kickoff,Play-Ins,Round-Robin,QiuYe,Titan Esports Club,killjoy,35,,128,0.41,,,0.37,0.14,,,,,,8,13,32,5,0,0
Champions Tour 2024: China Kickoff,Play-Ins,Round-Robin,QiuYe,Titan Esports Club,skye,21,,114,0.35,,,0.29,0.57,,,,,,6,6,17,12,0,0
Champions Tour 2024: China Kickoff,Play-Ins,Round-Robin,QiuYe,Titan Esports Club,"kayo, killjoy, skye",111,,150,0.56,,,0.47,0.39,,,,,,18,52,93,43,0,0
Champions Tour 2024: China Kickoff,Play-Ins,Round-Robin,LockM,Titan Esports Club,sova,55,,206,1.08,,,0.73,0.24,,,,,,25,40,37,13,0,0
Champions Tour 2024: China Kickoff,Play-Ins,Round-Robin,LockM,Titan Esports Club,viper,56,,162,0.63,,,0.52,0.16,,,,,,13,29,46,9,0,0
Champions Tour 2024: China Kickoff,Play-Ins,Round-Robin,LockM,Titan Esports Club,"sova, viper",111,,180,0.83,,,0.62,0.2,,,,,,25,69,83,22,0,0
Champions Tour 2024: China Kickoff,Play-Ins,Round-Robin,Knight,Bilibili Gaming,breach,28,,229,1.26,,,0.86,0.32,,,,,,24,24,19,9,0,0
Champions Tour 2024: China Kickoff,Play-Ins,Round-Robin,Knight,Bilibili Gaming,cypher,26,,207,1.0,,,0.73,0.35,,,,,,19,19,19,9,0,0
Champions Tour 2024: China Kickoff,Play-Ins,Round-Robin,Knight,Bilibili Gaming,kayo,21,,210,0.93,,,0.62,0.76,,,,,,13,13,14,16,0,0
Champions Tour 2024: China Kickoff,Play-Ins,Round-Robin,Knight,Bilibili Gaming,killjoy,40,,224,1.42,,,0.85,0.15,,,,,,21,34,24,6,0,0
Champions Tour 2024: China Kickoff,Play-Ins,Round-Robin,Knight,Bilibili Gaming,"breach, cypher, kayo, killjoy",115,,219,1.18,,,0.78,0.35,,,,,,24,90,76,40,0,0
Champions Tour 2024: China Kickoff,Play-Ins,Round-Robin,B3ar,Bilibili Gaming,brimstone,26,,105,0.53,,,0.35,0.27,,,,,,9,9,17,7,0,0
Champions Tour 2024: China Kickoff,Play-Ins,Round-Robin,B3ar,Bilibili Gaming,omen,89,,132,0.73,,,0.46,0.58,,,,,,12,41,56,52,0,0
Champions Tour 2024: China Kickoff,Play-Ins,Round-Robin,B3ar,Bilibili Gaming,"brimstone, omen",115,,126,0.68,,,0.43,0.51,,,,,,12,50,73,59,0,0
Champions Tour 2024: China Kickoff,Play-Ins,Round-Robin,Yosemite,Bilibili Gaming,cypher,28,,266,1.33,,,1.0,0.14,,,,,,28,28,21,4,0,0
Champions Tour 2024: China Kickoff,Play-Ins,Round-Robin,Yosemite,Bilibili Gaming,killjoy,21,,217,1.06,,,0.81,0.33,,,,,,17,17,16,7,0,0
Champions Tour 2024: China Kickoff,Play-Ins,Round-Robin,Yosemite,Bilibili Gaming,viper,66,,280,1.78,,,0.97,0.29,,,,,,23,64,36,19,0,0
Champions Tour 2024: China Kickoff,Play-Ins,Round-Robin,Yosemite,Bilibili Gaming,"cypher, killjoy, viper",115,,264,1.49,,,0.95,0.26,,,,,,28,109,73,30,0,0
Champions Tour 2024: China Kickoff,Play-Ins,Round-Robin,Biank,Bilibili Gaming,fade,68,,182,0.8,,,0.57,0.32,,,,,,17,39,49,22,0,0
Champions Tour 2024: China Kickoff,Play-Ins,Round-Robin,Biank,Bilibili Gaming,skye,26,,155,0.68,,,0.5,0.38,,,,,,13,13,19,10,0,0
Champions Tour 2024: China Kickoff,Play-Ins,Round-Robin,Biank,Bilibili Gaming,sova,21,,227,0.94,,,0.71,0.33,,,,,,15,15,16,7,0,0
Champions Tour 2024: China Kickoff,Play-Ins,Round-Robin,Biank,Bilibili Gaming,"fade, skye, sova",115,,186,0.8,,,0.58,0.34,,,,,,17,67,84,39,0,0
Champions Tour 2024: China Kickoff,Play-Ins,Round-Robin,whzy,Bilibili Gaming,jett,21,,314,1.92,,,1.19,0.24,,,,,,25,25,13,5,0,0
Champions Tour 2024: China Kickoff,Play-Ins,Round-Robin,whzy,Bilibili Gaming,raze,94,,246,1.16,,,0.83,0.19,,,,,,20,78,67,18,0,0
Champions Tour 2024: China Kickoff,Play-Ins,Round-Robin,whzy,Bilibili Gaming,"jett, raze",115,,260,1.29,,,0.9,0.2,,,,,,25,103,80,23,0,0
Champions Tour 2024: China Kickoff,Play-Ins,Round-Robin,heybay,Trace Esports,breach,28,,169,1.07,,,0.57,0.71,,,,,,16,16,15,20,0,0
Champions Tour 2024: China Kickoff,Play-Ins,Round-Robin,heybay,Trace Esports,brimstone,26,,128,0.75,,,0.46,0.23,,,,,,12,12,16,6,0,0
Champions Tour 2024: China Kickoff,Play-Ins,Round-Robin,heybay,Trace Esports,kayo,34,,177,0.77,,,0.59,0.53,,,,,,20,20,26,18,0,0
Champions Tour 2024: China Kickoff,Play-Ins,Round-Robin,heybay,Trace Esports,viper,64,,186,1.08,,,0.67,0.28,,,,,,17,43,40,18,0,0
Champions Tour 2024: China Kickoff,Play-Ins,Round-Robin,heybay,Trace Esports,"breach, brimstone, kayo, viper",152,,172,0.94,,,0.6,0.41,,,,,,20,91,97,62,0,0
Champions Tour 2024: China Kickoff,Play-Ins,Round-Robin,FengF,Trace Esports,cypher,34,,336,1.67,,,1.18,0.44,,,,,,40,40,24,15,0,0
Champions Tour 2024: China Kickoff,Play-Ins,Round-Robin,FengF,Trace Esports,raze,118,,229,1.06,,,0.75,0.24,,,,,,28,88,83,28,0,0
Champions Tour 2024: China Kickoff,Play-Ins,Round-Robin,FengF,Trace Esports,"cypher, raze",152,,247,1.2,,,0.84,0.28,,,,,,40,128,107,43,0,0
Champions Tour 2024: China Kickoff,Play-Ins,Round-Robin,Kai,Trace Esports,cypher,49,,224,1.29,,,0.82,0.22,,,,,,20,40,31,11,0,0
Champions Tour 2024: China Kickoff,Play-Ins,Round-Robin,Kai,Trace Esports,jett,60,,282,1.46,,,1.0,0.13,,,,,,31,60,41,8,0,0
Champions Tour 2024: China Kickoff,Play-Ins,Round-Robin,Kai,Trace Esports,killjoy,43,,161,0.81,,,0.58,0.16,,,,,,15,25,31,7,0,0
Champions Tour 2024: China Kickoff,Play-Ins,Round-Robin,Kai,Trace Esports,"cypher, jett, killjoy",152,,222,1.21,,,0.82,0.17,,,,,,31,125,103,26,0,0
Champions Tour 2024: China Kickoff,Play-Ins,Round-Robin,YOU,Trace Esports,fade,43,,188,1.07,,,0.72,0.28,,,,,,16,31,29,12,0,0
Champions Tour 2024: China Kickoff,Play-Ins,Round-Robin,YOU,Trace Esports,skye,47,,158,0.9,,,0.55,0.43,,,,,,13,26,29,20,0,0
Champions Tour 2024: China Kickoff,Play-Ins,Round-Robin,YOU,Trace Esports,sova,62,,156,0.79,,,0.53,0.31,,,,,,17,33,42,19,0,0
Champions Tour 2024: China Kickoff,Play-Ins,Round-Robin,YOU,Trace Esports,"fade, skye, sova",152,,168,0.9,,,0.59,0.34,,,,,,17,90,100,51,0,0
Champions Tour 2024: China Kickoff,Play-Ins,Round-Robin,Flex1n,Trace Esports,omen,92,,258,1.38,,,0.95,0.36,,,,,,27,87,63,33,0,0
Champions Tour 2024: China Kickoff,Play-Ins,Round-Robin,Flex1n,Trace Esports,viper,60,,186,0.81,,,0.58,0.32,,,,,,20,35,43,19,0,0
Champions Tour 2024: China Kickoff,Play-Ins,Round-Robin,Flex1n,Trace Esports,"omen, viper",152,,234,1.15,,,0.8,0.34,,,,,,27,122,106,52,0,0
Champions Tour 2024: China Kickoff,Group Stage,Opening (A),heybay,Trace Esports,breach,16,,147,1.11,,,0.63,0.56,,,,,,10,10,9,9,0,0
Champions Tour 2024: China Kickoff,Group Stage,Opening (A),heybay,Trace Esports,kayo,17,,308,1.13,,,1.0,0.71,,,,,,17,17,15,12,0,0
Champions Tour 2024: China Kickoff,Group Stage,Opening (A),heybay,Trace Esports,"breach, kayo",33,,228,1.13,,,0.82,0.64,,,,,,17,27,24,21,0,0
Champions Tour 2024: China Kickoff,Group Stage,Opening (A),Kai,Trace Esports,cypher,16,,227,1.18,,,0.81,0.31,,,,,,13,13,11,5,0,0
Champions Tour 2024: China Kickoff,Group Stage,Opening (A),Kai,Trace Esports,jett,17,,193,1.17,,,0.82,0.12,,,,,,14,14,12,2,0,0
Champions Tour 2024: China Kickoff,Group Stage,Opening (A),Kai,Trace Esports,"cypher, jett",33,,210,1.17,,,0.82,0.21,,,,,,14,27,23,7,0,0
Champions Tour 2024: China Kickoff,Group Stage,Opening (A),YOU,Trace Esports,killjoy,17,,251,1.27,,,0.82,0.24,,,,,,14,14,11,4,0,0
Champions Tour 2024: China Kickoff,Group Stage,Opening (A),YOU,Trace Esports,sova,16,,181,1.5,,,0.75,0.19,,,,,,12,12,8,3,0,0
Champions Tour 2024: China Kickoff,Group Stage,Opening (A),YOU,Trace Esports,"killjoy, sova",33,,216,1.37,,,0.79,0.21,,,,,,14,26,19,7,0,0
Champions Tour 2024: China Kickoff,Group Stage,Opening (A),Flex1n,Trace Esports,omen,33,,274,1.79,,,1.03,0.45,,,,,,18,34,19,15,0,0
Champions Tour 2024: China Kickoff,Group Stage,Opening (A),FengF,Trace Esports,raze,16,,373,2.33,,,1.31,0.38,,,,,,21,21,9,6,0,0
Champions Tour 2024: China Kickoff,Group Stage,Opening (A),FengF,Trace Esports,sova,17,,168,1.0,,,0.53,0.35,,,,,,9,9,9,6,0,0
Champions Tour 2024: China Kickoff,Group Stage,Opening (A),FengF,Trace Esports,"raze, sova",33,,270,1.67,,,0.91,0.36,,,,,,21,30,18,12,0,0
Champions Tour 2024: China Kickoff,Group Stage,Opening (A),CB,Nova Esports,breach,18,,110,0.57,,,0.44,0.5,,,,,,8,8,14,9,0,0
Champions Tour 2024: China Kickoff,Group Stage,Opening (A),CB,Nova Esports,fade,23,,118,0.39,,,0.3,0.43,,,,,,7,7,18,10,0,0
Champions Tour 2024: China Kickoff,Group Stage,Opening (A),CB,Nova Esports,"breach, fade",41,,114,0.47,,,0.37,0.46,,,,,,8,15,32,19,0,0
Champions Tour 2024: China Kickoff,Group Stage,Opening (A),o0o0o,Nova Esports,breach,23,,204,1.06,,,0.74,0.39,,,,,,17,17,16,9,0,0
Champions Tour 2024: China Kickoff,Group Stage,Opening (A),o0o0o,Nova Esports,raze,18,,233,0.78,,,0.78,0.11,,,,,,14,14,18,2,0,0
Champions Tour 2024: China Kickoff,Group Stage,Opening (A),o0o0o,Nova Esports,"breach, raze",41,,218,0.91,,,0.76,0.27,,,,,,17,31,34,11,0,0
Champions Tour 2024: China Kickoff,Group Stage,Opening (A),GuanG,Nova Esports,jett,18,,210,0.73,,,0.61,0.33,,,,,,11,11,15,6,0,0
Champions Tour 2024: China Kickoff,Group Stage,Opening (A),GuanG,Nova Esports,neon,23,,357,1.71,,,1.26,0.22,,,,,,29,29,17,5,0,0
Champions Tour 2024: China Kickoff,Group Stage,Opening (A),GuanG,Nova Esports,"jett, neon",41,,284,1.25,,,0.98,0.27,,,,,,29,40,32,11,0,0
Champions Tour 2024: China Kickoff,Group Stage,Opening (A),PangH,Nova Esports,killjoy,41,,111,0.47,,,0.34,0.15,,,,,,7,14,30,6,0,0
Champions Tour 2024: China Kickoff,Group Stage,Opening (A),OBONE,Nova Esports,omen,41,,193,0.94,,,0.73,0.27,,,,,,18,30,32,11,0,0
Champions Tour 2024: China Kickoff,Group Stage,Opening (A),Life,FunPlus Phoenix,chamber,41,,214,1.14,,,0.8,0.24,,,,,,22,33,29,10,0,0
Champions Tour 2024: China Kickoff,Group Stage,Opening (A),AAAAY,FunPlus Phoenix,gekko,18,,255,2.25,,,1.0,0.17,,,,,,18,18,8,3,0,0
Champions Tour 2024: China Kickoff,Group Stage,Opening (A),AAAAY,FunPlus Phoenix,sova,23,,218,1.29,,,0.78,0.26,,,,,,18,18,14,6,0,0
Champions Tour 2024: China Kickoff,Group Stage,Opening (A),AAAAY,FunPlus Phoenix,"gekko, sova",41,,236,1.64,,,0.88,0.22,,,,,,18,36,22,9,0,0
Champions Tour 2024: China Kickoff,Group Stage,Opening (A),BerLIN,FunPlus Phoenix,harbor,23,,160,1.07,,,0.65,0.26,,,,,,15,15,14,6,0,0
Champions Tour 2024: China Kickoff,Group Stage,Opening (A),BerLIN,FunPlus Phoenix,omen,18,,155,0.92,,,0.67,0.28,,,,,,12,12,13,5,0,0
Champions Tour 2024: China Kickoff,Group Stage,Opening (A),BerLIN,FunPlus Phoenix,"harbor, omen",41,,158,1.0,,,0.66,0.27,,,,,,15,27,27,11,0,0
Champions Tour 2024: China Kickoff,Group Stage,Opening (A),Autumn,FunPlus Phoenix,phoenix,23,,209,0.89,,,0.7,0.3,,,,,,16,16,18,7,0,0
Champions Tour 2024: China Kickoff,Group Stage,Opening (A),Autumn,FunPlus Phoenix,raze,18,,215,1.18,,,0.72,0.28,,,,,,13,13,11,5,0,0
Champions Tour 2024: China Kickoff,Group Stage,Opening (A),Autumn,FunPlus Phoenix,"phoenix, raze",41,,212,1.0,,,0.71,0.29,,,,,,16,29,29,12,0,0
Champions Tour 2024: China Kickoff,Group Stage,Opening (A),Lysoar,FunPlus Phoenix,viper,41,,249,1.42,,,0.83,0.34,,,,,,20,34,24,14,0,0
Champions Tour 2024: China Kickoff,Group Stage,Opening (A),ICEKING,TYLOO,cypher,17,,187,0.67,,,0.59,0.24,,,,,,10,10,15,4,0,0
Champions Tour 2024: China Kickoff,Group Stage,Opening (A),ICEKING,TYLOO,kayo,16,,179,0.64,,,0.56,0.44,,,,,,9,9,14,7,0,0
Champions Tour 2024: China Kickoff,Group Stage,Opening (A),ICEKING,TYLOO,"cypher, kayo",33,,183,0.66,,,0.58,0.33,,,,,,10,19,29,11,0,0
Champions Tour 2024: China Kickoff,Group Stage,Opening (A),AAK,TYLOO,cypher,16,,79,0.27,,,0.25,0.25,,,,,,4,4,15,4,0,0
Champions Tour 2024: China Kickoff,Group Stage,Opening (A),AAK,TYLOO,jett,17,,209,0.93,,,0.76,0.24,,,,,,13,13,14,4,0,0
Champions Tour 2024: China Kickoff,Group Stage,Opening (A),AAK,TYLOO,"cypher, jett",33,,144,0.59,,,0.52,0.24,,,,,,13,17,29,8,0,0
Champions Tour 2024: China Kickoff,Group Stage,Opening (A),hfmi0dzjc9z7,TYLOO,gekko,16,,191,0.8,,,0.75,0.0,,,,,,12,12,15,0,0,0
Champions Tour 2024: China Kickoff,Group Stage,Opening (A),hfmi0dzjc9z7,TYLOO,sova,17,,171,0.71,,,0.59,0.29,,,,,,10,10,14,5,0,0
Champions Tour 2024: China Kickoff,Group Stage,Opening (A),hfmi0dzjc9z7,TYLOO,"gekko, sova",33,,181,0.76,,,0.67,0.15,,,,,,12,22,29,5,0,0
Champions Tour 2024: China Kickoff,Group Stage,Opening (A),LuoK1ng,TYLOO,omen,33,,202,0.82,,,0.7,0.15,,,,,,14,23,28,5,0,0
Champions Tour 2024: China Kickoff,Group Stage,Opening (A),Ninebody,TYLOO,phoenix,17,,178,0.64,,,0.53,0.65,,,,,,9,9,14,11,0,0
Champions Tour 2024: China Kickoff,Group Stage,Opening (A),Ninebody,TYLOO,raze,16,,240,0.8,,,0.75,0.31,,,,,,12,12,15,5,0,0
Champions Tour 2024: China Kickoff,Group Stage,Opening (A),Ninebody,TYLOO,"phoenix, raze",33,,209,0.72,,,0.64,0.48,,,,,,12,21,29,16,0,0
Champions Tour 2024: China Kickoff,Group Stage,Winner's (A),heybay,Trace Esports,breach,24,,168,0.88,,,0.58,0.42,,,,,,14,14,16,10,0,0
Champions Tour 2024: China Kickoff,Group Stage,Winner's (A),heybay,Trace Esports,brimstone,24,,200,1.21,,,0.71,0.42,,,,,,17,17,14,10,0,0
Champions Tour 2024: China Kickoff,Group Stage,Winner's (A),heybay,Trace Esports,viper,23,,232,0.89,,,0.74,0.48,,,,,,17,17,19,11,0,0
Champions Tour 2024: China Kickoff,Group Stage,Winner's (A),heybay,Trace Esports,"breach, brimstone, viper",71,,200,0.98,,,0.68,0.44,,,,,,17,48,49,31,0,0
Champions Tour 2024: China Kickoff,Group Stage,Winner's (A),Kai,Trace Esports,cypher,24,,183,0.93,,,0.58,0.13,,,,,,14,14,15,3,0,0
Champions Tour 2024: China Kickoff,Group Stage,Winner's (A),Kai,Trace Esports,jett,24,,208,1.19,,,0.79,0.08,,,,,,19,19,16,2,0,0
Champions Tour 2024: China Kickoff,Group Stage,Winner's (A),Kai,Trace Esports,killjoy,23,,201,1.21,,,0.74,0.09,,,,,,17,17,14,2,0,0
Champions Tour 2024: China Kickoff,Group Stage,Winner's (A),Kai,Trace Esports,"cypher, jett, killjoy",71,,197,1.11,,,0.7,0.1,,,,,,19,50,45,7,0,0
Champions Tour 2024: China Kickoff,Group Stage,Winner's (A),YOU,Trace Esports,fade,23,,132,0.63,,,0.43,0.35,,,,,,10,10,16,8,0,0
Champions Tour 2024: China Kickoff,Group Stage,Winner's (A),YOU,Trace Esports,skye,24,,224,1.11,,,0.83,0.33,,,,,,20,20,18,8,0,0
Champions Tour 2024: China Kickoff,Group Stage,Winner's (A),YOU,Trace Esports,sova,24,,292,1.41,,,1.0,0.17,,,,,,24,24,17,4,0,0
Champions Tour 2024: China Kickoff,Group Stage,Winner's (A),YOU,Trace Esports,"fade, skye, sova",71,,216,1.06,,,0.76,0.28,,,,,,24,54,51,20,0,0
Champions Tour 2024: China Kickoff,Group Stage,Winner's (A),Flex1n,Trace Esports,omen,47,,153,0.69,,,0.53,0.47,,,,,,16,25,36,22,0,0
Champions Tour 2024: China Kickoff,Group Stage,Winner's (A),Flex1n,Trace Esports,viper,24,,161,0.81,,,0.54,0.33,,,,,,13,13,16,8,0,0
Champions Tour 2024: China Kickoff,Group Stage,Winner's (A),Flex1n,Trace Esports,"omen, viper",71,,156,0.73,,,0.54,0.42,,,,,,16,38,52,30,0,0
Champions Tour 2024: China Kickoff,Group Stage,Winner's (A),FengF,Trace Esports,raze,71,,235,1.02,,,0.79,0.25,,,,,,22,56,55,18,0,0
Champions Tour 2024: China Kickoff,Group Stage,Winner's (A),Life,FunPlus Phoenix,chamber,47,,308,1.46,,,1.09,0.11,,,,,,28,51,35,5,0,0
Champions Tour 2024: China Kickoff,Group Stage,Winner's (A),Life,FunPlus Phoenix,yoru,24,,192,0.8,,,0.67,0.21,,,,,,16,16,20,5,0,0
Champions Tour 2024: China Kickoff,Group Stage,Winner's (A),Life,FunPlus Phoenix,"chamber, yoru",71,,269,1.22,,,0.94,0.14,,,,,,28,67,55,10,0,0
Champions Tour 2024: China Kickoff,Group Stage,Winner's (A),AAAAY,FunPlus Phoenix,gekko,47,,206,1.23,,,0.81,0.21,,,,,,21,38,31,10,0,0
Champions Tour 2024: China Kickoff,Group Stage,Winner's (A),AAAAY,FunPlus Phoenix,sova,24,,173,0.84,,,0.67,0.08,,,,,,16,16,19,2,0,0
Champions Tour 2024: China Kickoff,Group Stage,Winner's (A),AAAAY,FunPlus Phoenix,"gekko, sova",71,,195,1.08,,,0.76,0.17,,,,,,21,54,50,12,0,0
Champions Tour 2024: China Kickoff,Group Stage,Winner's (A),BerLIN,FunPlus Phoenix,harbor,24,,170,0.93,,,0.58,0.21,,,,,,14,14,15,5,0,0
Champions Tour 2024: China Kickoff,Group Stage,Winner's (A),BerLIN,FunPlus Phoenix,omen,47,,184,1.03,,,0.64,0.34,,,,,,17,30,29,16,0,0
Champions Tour 2024: China Kickoff,Group Stage,Winner's (A),BerLIN,FunPlus Phoenix,"harbor, omen",71,,180,1.0,,,0.62,0.3,,,,,,17,44,44,21,0,0
Champions Tour 2024: China Kickoff,Group Stage,Winner's (A),Autumn,FunPlus Phoenix,phoenix,24,,245,1.57,,,0.92,0.17,,,,,,22,22,14,4,0,0
Champions Tour 2024: China Kickoff,Group Stage,Winner's (A),Autumn,FunPlus Phoenix,raze,47,,199,0.91,,,0.62,0.15,,,,,,17,29,32,7,0,0
Champions Tour 2024: China Kickoff,Group Stage,Winner's (A),Autumn,FunPlus Phoenix,"phoenix, raze",71,,214,1.11,,,0.72,0.15,,,,,,22,51,46,11,0,0
Champions Tour 2024: China Kickoff,Group Stage,Winner's (A),Lysoar,FunPlus Phoenix,viper,71,,151,0.69,,,0.51,0.27,,,,,,17,36,52,19,0,0
Champions Tour 2024: China Kickoff,Group Stage,Elimination (A),o0o0o,Nova Esports,breach,24,,248,1.35,,,0.96,0.42,,,,,,23,23,17,10,0,0
Champions Tour 2024: China Kickoff,Group Stage,Elimination (A),o0o0o,Nova Esports,viper,24,,192,1.06,,,0.75,0.25,,,,,,18,18,17,6,0,0
Champions Tour 2024: China Kickoff,Group Stage,Elimination (A),o0o0o,Nova Esports,"breach, viper",48,,220,1.21,,,0.85,0.33,,,,,,23,41,34,16,0,0
Champions Tour 2024: China Kickoff,Group Stage,Elimination (A),PangH,Nova Esports,jett,24,,196,0.89,,,0.71,0.08,,,,,,17,17,19,2,0,0
Champions Tour 2024: China Kickoff,Group Stage,Elimination (A),PangH,Nova Esports,raze,24,,280,1.56,,,1.04,0.08,,,,,,25,25,16,2,0,0
Champions Tour 2024: China Kickoff,Group Stage,Elimination (A),PangH,Nova Esports,"jett, raze",48,,238,1.2,,,0.88,0.08,,,,,,25,42,35,4,0,0
Champions Tour 2024: China Kickoff,Group Stage,Elimination (A),GuanG,Nova Esports,jett,24,,214,0.94,,,0.71,0.17,,,,,,17,17,18,4,0,0
Champions Tour 2024: China Kickoff,Group Stage,Elimination (A),GuanG,Nova Esports,killjoy,24,,257,1.05,,,0.83,0.29,,,,,,20,20,19,7,0,0
Champions Tour 2024: China Kickoff,Group Stage,Elimination (A),GuanG,Nova Esports,"jett, killjoy",48,,236,1.0,,,0.77,0.23,,,,,,20,37,37,11,0,0
Champions Tour 2024: China Kickoff,Group Stage,Elimination (A),OBONE,Nova Esports,omen,48,,153,0.7,,,0.48,0.4,,,,,,14,23,33,19,0,0
Champions Tour 2024: China Kickoff,Group Stage,Elimination (A),CB,Nova Esports,skye,24,,195,1.0,,,0.71,0.33,,,,,,17,17,17,8,0,0
Champions Tour 2024: China Kickoff,Group Stage,Elimination (A),CB,Nova Esports,sova,24,,163,0.65,,,0.46,0.5,,,,,,11,11,17,12,0,0
Champions Tour 2024: China Kickoff,Group Stage,Elimination (A),CB,Nova Esports,"skye, sova",48,,179,0.82,,,0.58,0.42,,,,,,17,28,34,20,0,0
Champions Tour 2024: China Kickoff,Group Stage,Elimination (A),ICEKING,TYLOO,cypher,24,,184,0.78,,,0.58,0.29,,,,,,14,14,18,7,0,0
Champions Tour 2024: China Kickoff,Group Stage,Elimination (A),ICEKING,TYLOO,viper,24,,284,1.44,,,0.96,0.29,,,,,,23,23,16,7,0,0
Champions Tour 2024: China Kickoff,Group Stage,Elimination (A),ICEKING,TYLOO,"cypher, viper",48,,234,1.09,,,0.77,0.29,,,,,,23,37,34,14,0,0
Champions Tour 2024: China Kickoff,Group Stage,Elimination (A),AAK,TYLOO,cypher,24,,212,1.27,,,0.79,0.17,,,,,,19,19,15,4,0,0
Champions Tour 2024: China Kickoff,Group Stage,Elimination (A),AAK,TYLOO,jett,24,,192,0.86,,,0.75,0.13,,,,,,18,18,21,3,0,0
Champions Tour 2024: China Kickoff,Group Stage,Elimination (A),AAK,TYLOO,"cypher, jett",48,,202,1.03,,,0.77,0.15,,,,,,19,37,36,7,0,0
Champions Tour 2024: China Kickoff,Group Stage,Elimination (A),LuoK1ng,TYLOO,omen,48,,214,1.19,,,0.79,0.4,,,,,,23,38,32,19,0,0
Champions Tour 2024: China Kickoff,Group Stage,Elimination (A),Ninebody,TYLOO,phoenix,24,,260,1.47,,,0.92,0.42,,,,,,22,22,15,10,0,0
Champions Tour 2024: China Kickoff,Group Stage,Elimination (A),Ninebody,TYLOO,raze,24,,251,1.18,,,0.83,0.21,,,,,,20,20,17,5,0,0
Champions Tour 2024: China Kickoff,Group Stage,Elimination (A),Ninebody,TYLOO,"phoenix, raze",48,,256,1.31,,,0.88,0.31,,,,,,22,42,32,15,0,0
Champions Tour 2024: China Kickoff,Group Stage,Elimination (A),hfmi0dzjc9z7,TYLOO,skye,24,,84,0.32,,,0.25,0.38,,,,,,6,6,19,9,0,0
Champions Tour 2024: China Kickoff,Group Stage,Elimination (A),hfmi0dzjc9z7,TYLOO,sova,24,,164,0.72,,,0.54,0.29,,,,,,13,13,18,7,0,0
Champions Tour 2024: China Kickoff,Group Stage,Elimination (A),hfmi0dzjc9z7,TYLOO,"skye, sova",48,,124,0.51,,,0.4,0.33,,,,,,13,19,37,16,0,0
Champions Tour 2024: China Kickoff,Group Stage,Decider (A),CB,Nova Esports,breach,17,,220,1.0,,,0.76,0.18,,,,,,13,13,13,3,0,0
Champions Tour 2024: China Kickoff,Group Stage,Decider (A),CB,Nova Esports,skye,18,,236,0.87,,,0.72,0.28,,,,,,13,13,15,5,0,0
Champions Tour 2024: China Kickoff,Group Stage,Decider (A),CB,Nova Esports,"breach, skye",35,,228,0.93,,,0.74,0.23,,,,,,13,26,28,8,0,0
Champions Tour 2024: China Kickoff,Group Stage,Decider (A),GuanG,Nova Esports,jett,18,,230,1.07,,,0.83,0.06,,,,,,15,15,14,1,0,0
Champions Tour 2024: China Kickoff,Group Stage,Decider (A),GuanG,Nova Esports,neon,17,,192,0.63,,,0.59,0.24,,,,,,10,10,16,4,0,0
Champions Tour 2024: China Kickoff,Group Stage,Decider (A),GuanG,Nova Esports,"jett, neon",35,,211,0.83,,,0.71,0.14,,,,,,15,25,30,5,0,0
Champions Tour 2024: China Kickoff,Group Stage,Decider (A),PangH,Nova Esports,killjoy,17,,153,0.57,,,0.47,0.12,,,,,,8,8,14,2,0,0
Champions Tour 2024: China Kickoff,Group Stage,Decider (A),PangH,Nova Esports,raze,18,,87,0.17,,,0.17,0.22,,,,,,3,3,18,4,0,0
Champions Tour 2024: China Kickoff,Group Stage,Decider (A),PangH,Nova Esports,"killjoy, raze",35,,120,0.34,,,0.31,0.17,,,,,,8,11,32,6,0,0
Champions Tour 2024: China Kickoff,Group Stage,Decider (A),OBONE,Nova Esports,omen,35,,142,0.61,,,0.49,0.34,,,,,,9,17,28,12,0,0
Champions Tour 2024: China Kickoff,Group Stage,Decider (A),o0o0o,Nova Esports,raze,17,,67,0.25,,,0.24,0.06,,,,,,4,4,16,1,0,0
Champions Tour 2024: China Kickoff,Group Stage,Decider (A),o0o0o,Nova Esports,viper,18,,176,0.67,,,0.56,0.33,,,,,,10,10,15,6,0,0
Champions Tour 2024: China Kickoff,Group Stage,Decider (A),o0o0o,Nova Esports,"raze, viper",35,,122,0.45,,,0.4,0.2,,,,,,10,14,31,7,0,0
Champions Tour 2024: China Kickoff,Group Stage,Decider (A),Kai,Trace Esports,cypher,18,,266,2.25,,,1.0,0.17,,,,,,18,18,8,3,0,0
Champions Tour 2024: China Kickoff,Group Stage,Decider (A),Kai,Trace Esports,killjoy,17,,255,2.0,,,1.06,0.06,,,,,,18,18,9,1,0,0
Champions Tour 2024: China Kickoff,Group Stage,Decider (A),Kai,Trace Esports,"cypher, killjoy",35,,260,2.12,,,1.03,0.11,,,,,,18,36,17,4,0,0
Champions Tour 2024: China Kickoff,Group Stage,Decider (A),YOU,Trace Esports,fade,17,,73,0.57,,,0.24,0.29,,,,,,4,4,7,5,0,0
Champions Tour 2024: China Kickoff,Group Stage,Decider (A),YOU,Trace Esports,skye,18,,287,2.11,,,1.06,0.78,,,,,,19,19,9,14,0,0
Champions Tour 2024: China Kickoff,Group Stage,Decider (A),YOU,Trace Esports,"fade, skye",35,,180,1.44,,,0.66,0.54,,,,,,19,23,16,19,0,0
Champions Tour 2024: China Kickoff,Group Stage,Decider (A),Flex1n,Trace Esports,omen,35,,182,1.15,,,0.66,0.66,,,,,,16,23,20,23,0,0
Champions Tour 2024: China Kickoff,Group Stage,Decider (A),FengF,Trace Esports,raze,35,,338,1.83,,,1.2,0.31,,,,,,22,42,23,11,0,0
Champions Tour 2024: China Kickoff,Group Stage,Decider (A),heybay,Trace Esports,viper,35,,202,1.47,,,0.71,0.4,,,,,,14,25,17,14,0,0
Champions Tour 2024: China Kickoff,Group Stage,Opening (B),YiHao,JD Gaming,astra,21,,106,0.44,,,0.33,0.33,,,,,,7,7,16,7,0,0
Champions Tour 2024: China Kickoff,Group Stage,Opening (B),YiHao,JD Gaming,brimstone,30,,216,1.1,,,0.73,0.27,,,,,,22,22,20,8,0,0
Champions Tour 2024: China Kickoff,Group Stage,Opening (B),YiHao,JD Gaming,"astra, brimstone",51,,161,0.81,,,0.57,0.29,,,,,,22,29,36,15,0,0
Champions Tour 2024: China Kickoff,Group Stage,Opening (B),jkuro,JD Gaming,fade,21,,131,0.67,,,0.48,0.29,,,,,,10,10,15,6,0,0
Champions Tour 2024: China Kickoff,Group Stage,Opening (B),jkuro,JD Gaming,skye,30,,145,0.54,,,0.47,0.23,,,,,,14,14,26,7,0,0
Champions Tour 2024: China Kickoff,Group Stage,Opening (B),jkuro,JD Gaming,"fade, skye",51,,138,0.59,,,0.47,0.25,,,,,,14,24,41,13,0,0
Champions Tour 2024: China Kickoff,Group Stage,Opening (B),MarT1n,JD Gaming,killjoy,21,,198,0.88,,,0.67,0.14,,,,,,14,14,16,3,0,0
Champions Tour 2024: China Kickoff,Group Stage,Opening (B),MarT1n,JD Gaming,viper,30,,152,0.65,,,0.5,0.13,,,,,,15,15,23,4,0,0
Champions Tour 2024: China Kickoff,Group Stage,Opening (B),MarT1n,JD Gaming,"killjoy, viper",51,,175,0.74,,,0.57,0.14,,,,,,15,29,39,7,0,0
Champions Tour 2024: China Kickoff,Group Stage,Opening (B),stew,JD Gaming,raze,51,,321,1.55,,,1.16,0.14,,,,,,35,59,38,7,0,0
Champions Tour 2024: China Kickoff,Group Stage,Opening (B),Viva,JD Gaming,sova,30,,215,1.05,,,0.73,0.2,,,,,,22,22,21,6,0,0
Champions Tour 2024: China Kickoff,Group Stage,Opening (B),Viva,JD Gaming,viper,21,,170,0.73,,,0.52,0.33,,,,,,11,11,15,7,0,0
Champions Tour 2024: China Kickoff,Group Stage,Opening (B),Viva,JD Gaming,"sova, viper",51,,192,0.92,,,0.65,0.25,,,,,,22,33,36,13,0,0
Champions Tour 2024: China Kickoff,Group Stage,Opening (B),Nicc,Dragon Ranger Gaming,breach,24,,169,1.2,,,0.75,0.42,,,,,,18,18,15,10,0,0
Champions Tour 2024: China Kickoff,Group Stage,Opening (B),Nicc,Dragon Ranger Gaming,kayo,17,,251,1.5,,,0.88,0.65,,,,,,15,15,10,11,0,0
Champions Tour 2024: China Kickoff,Group Stage,Opening (B),Nicc,Dragon Ranger Gaming,"breach, kayo",41,,210,1.32,,,0.8,0.51,,,,,,18,33,25,21,0,0
Champions Tour 2024: China Kickoff,Group Stage,Opening (B),vo0kashu,Dragon Ranger Gaming,cypher,24,,320,1.69,,,1.13,0.5,,,,,,27,27,16,12,0,0
Champions Tour 2024: China Kickoff,Group Stage,Opening (B),vo0kashu,Dragon Ranger Gaming,killjoy,17,,285,1.8,,,1.06,0.35,,,,,,18,18,10,6,0,0
Champions Tour 2024: China Kickoff,Group Stage,Opening (B),vo0kashu,Dragon Ranger Gaming,"cypher, killjoy",41,,302,1.73,,,1.1,0.44,,,,,,27,45,26,18,0,0
Champions Tour 2024: China Kickoff,Group Stage,Opening (B),TvirusLuke,Dragon Ranger Gaming,jett,17,,320,1.2,,,1.06,0.47,,,,,,18,18,15,8,0,0
Champions Tour 2024: China Kickoff,Group Stage,Opening (B),TvirusLuke,Dragon Ranger Gaming,neon,24,,129,0.53,,,0.42,0.25,,,,,,10,10,19,6,0,0
Champions Tour 2024: China Kickoff,Group Stage,Opening (B),TvirusLuke,Dragon Ranger Gaming,"jett, neon",41,,224,0.82,,,0.68,0.34,,,,,,18,28,34,14,0,0
Champions Tour 2024: China Kickoff,Group Stage,Opening (B),nizhaoTZH,Dragon Ranger Gaming,omen,41,,204,1.38,,,0.8,0.46,,,,,,20,33,24,19,0,0
Champions Tour 2024: China Kickoff,Group Stage,Opening (B),Dingwei,Dragon Ranger Gaming,sova,41,,154,0.78,,,0.51,0.29,,,,,,12,21,27,12,0,0
Champions Tour 2024: China Kickoff,Group Stage,Opening (B),monk,All Gamers,breach,24,,217,1.06,,,0.75,0.33,,,,,,18,18,17,8,0,0
Champions Tour 2024: China Kickoff,Group Stage,Opening (B),monk,All Gamers,killjoy,17,,226,0.8,,,0.71,0.12,,,,,,12,12,15,2,0,0
Champions Tour 2024: China Kickoff,Group Stage,Opening (B),monk,All Gamers,"breach, killjoy",41,,222,0.94,,,0.73,0.24,,,,,,18,30,32,10,0,0
Champions Tour 2024: China Kickoff,Group Stage,Opening (B),Spitfires,All Gamers,cypher,24,,149,0.72,,,0.54,0.25,,,,,,13,13,18,6,0,0
Champions Tour 2024: China Kickoff,Group Stage,Opening (B),Spitfires,All Gamers,jett,17,,177,0.69,,,0.65,0.18,,,,,,11,11,16,3,0,0
Champions Tour 2024: China Kickoff,Group Stage,Opening (B),Spitfires,All Gamers,"cypher, jett",41,,163,0.71,,,0.59,0.22,,,,,,13,24,34,9,0,0
Champions Tour 2024: China Kickoff,Group Stage,Opening (B),bunt,All Gamers,omen,41,,266,1.22,,,0.95,0.46,,,,,,28,39,32,19,0,0
Champions Tour 2024: China Kickoff,Group Stage,Opening (B),deLb,All Gamers,raze,24,,181,0.78,,,0.58,0.21,,,,,,14,14,18,5,0,0
Champions Tour 2024: China Kickoff,Group Stage,Opening (B),deLb,All Gamers,reyna,17,,112,0.47,,,0.41,0.18,,,,,,7,7,15,3,0,0
Champions Tour 2024: China Kickoff,Group Stage,Opening (B),deLb,All Gamers,"raze, reyna",41,,146,0.64,,,0.51,0.2,,,,,,14,21,33,8,0,0
Champions Tour 2024: China Kickoff,Group Stage,Opening (B),sword9,All Gamers,sova,41,,164,0.76,,,0.54,0.2,,,,,,13,22,29,8,0,0
Champions Tour 2024: China Kickoff,Group Stage,Opening (B),kawaii,Titan Esports Club,brimstone,30,,212,1.05,,,0.7,0.6,,,,,,21,21,20,18,0,0
Champions Tour 2024: China Kickoff,Group Stage,Opening (B),kawaii,Titan Esports Club,omen,21,,238,1.58,,,0.9,0.38,,,,,,19,19,12,8,0,0
Champions Tour 2024: China Kickoff,Group Stage,Opening (B),kawaii,Titan Esports Club,"brimstone, omen",51,,225,1.25,,,0.78,0.51,,,,,,21,40,32,26,0,0
Champions Tour 2024: China Kickoff,Group Stage,Opening (B),Rb,Titan Esports Club,cypher,30,,242,1.3,,,0.87,0.2,,,,,,26,26,20,6,0,0
Champions Tour 2024: China Kickoff,Group Stage,Opening (B),Rb,Titan Esports Club,fade,21,,202,1.33,,,0.76,0.29,,,,,,16,16,12,6,0,0
Champions Tour 2024: China Kickoff,Group Stage,Opening (B),Rb,Titan Esports Club,"cypher, fade",51,,222,1.31,,,0.82,0.24,,,,,,26,42,32,12,0,0
Champions Tour 2024: China Kickoff,Group Stage,Opening (B),QiuYe,Titan Esports Club,killjoy,21,,241,1.64,,,0.86,0.14,,,,,,18,18,11,3,0,0
Champions Tour 2024: China Kickoff,Group Stage,Opening (B),QiuYe,Titan Esports Club,skye,30,,164,0.74,,,0.57,0.53,,,,,,17,17,23,16,0,0
Champions Tour 2024: China Kickoff,Group Stage,Opening (B),QiuYe,Titan Esports Club,"killjoy, skye",51,,202,1.03,,,0.69,0.37,,,,,,18,35,34,19,0,0
Champions Tour 2024: China Kickoff,Group Stage,Opening (B),Abo,Titan Esports Club,raze,51,,197,1.03,,,0.76,0.06,,,,,,28,39,38,3,0,0
Champions Tour 2024: China Kickoff,Group Stage,Opening (B),LockM,Titan Esports Club,viper,51,,193,0.89,,,0.67,0.31,,,,,,21,34,38,16,0,0
Champions Tour 2024: China Kickoff,Group Stage,Winner's (B),kawaii,Titan Esports Club,astra,21,,153,0.86,,,0.57,0.52,,,,,,12,12,14,11,0,0
Champions Tour 2024: China Kickoff,Group Stage,Winner's (B),kawaii,Titan Esports Club,brimstone,23,,240,1.25,,,0.87,0.39,,,,,,20,20,16,9,0,0
Champions Tour 2024: China Kickoff,Group Stage,Winner's (B),kawaii,Titan Esports Club,viper,24,,198,0.94,,,0.67,0.38,,,,,,16,16,17,9,0,0
Champions Tour 2024: China Kickoff,Group Stage,Winner's (B),kawaii,Titan Esports Club,"astra, brimstone, viper",68,,197,1.02,,,0.71,0.43,,,,,,20,48,47,29,0,0
Champions Tour 2024: China Kickoff,Group Stage,Winner's (B),Rb,Titan Esports Club,cypher,23,,153,0.87,,,0.57,0.3,,,,,,13,13,15,7,0,0
Champions Tour 2024: China Kickoff,Group Stage,Winner's (B),Rb,Titan Esports Club,killjoy,24,,239,1.38,,,0.92,0.21,,,,,,22,22,16,5,0,0
Champions Tour 2024: China Kickoff,Group Stage,Winner's (B),Rb,Titan Esports Club,raze,21,,276,1.36,,,0.9,0.48,,,,,,19,19,14,10,0,0
Champions Tour 2024: China Kickoff,Group Stage,Winner's (B),Rb,Titan Esports Club,"cypher, killjoy, raze",68,,223,1.2,,,0.79,0.32,,,,,,22,54,45,22,0,0
Champions Tour 2024: China Kickoff,Group Stage,Winner's (B),QiuYe,Titan Esports Club,harbor,24,,171,0.8,,,0.67,0.13,,,,,,16,16,20,3,0,0
Champions Tour 2024: China Kickoff,Group Stage,Winner's (B),QiuYe,Titan Esports Club,skye,44,,166,0.76,,,0.59,0.32,,,,,,19,26,34,14,0,0
Champions Tour 2024: China Kickoff,Group Stage,Winner's (B),QiuYe,Titan Esports Club,"harbor, skye",68,,168,0.78,,,0.62,0.25,,,,,,19,42,54,17,0,0
Champions Tour 2024: China Kickoff,Group Stage,Winner's (B),Abo,Titan Esports Club,jett,45,,308,1.53,,,1.09,0.13,,,,,,28,49,32,6,0,0
Champions Tour 2024: China Kickoff,Group Stage,Winner's (B),Abo,Titan Esports Club,raze,23,,211,0.94,,,0.74,0.26,,,,,,17,17,18,6,0,0
Champions Tour 2024: China Kickoff,Group Stage,Winner's (B),Abo,Titan Esports Club,"jett, raze",68,,275,1.32,,,0.97,0.18,,,,,,28,66,50,12,0,0
Champions Tour 2024: China Kickoff,Group Stage,Winner's (B),LockM,Titan Esports Club,sova,24,,144,0.48,,,0.42,0.46,,,,,,10,10,21,11,0,0
Champions Tour 2024: China Kickoff,Group Stage,Winner's (B),LockM,Titan Esports Club,viper,44,,185,1.08,,,0.64,0.3,,,,,,19,28,26,13,0,0
Champions Tour 2024: China Kickoff,Group Stage,Winner's (B),LockM,Titan Esports Club,"sova, viper",68,,171,0.81,,,0.56,0.35,,,,,,19,38,47,24,0,0
Champions Tour 2024: China Kickoff,Group Stage,Winner's (B),Nicc,Dragon Ranger Gaming,breach,21,,140,0.59,,,0.48,0.38,,,,,,10,10,17,8,0,0
Champions Tour 2024: China Kickoff,Group Stage,Winner's (B),Nicc,Dragon Ranger Gaming,gekko,24,,220,1.31,,,0.88,0.13,,,,,,21,21,16,3,0,0
Champions Tour 2024: China Kickoff,Group Stage,Winner's (B),Nicc,Dragon Ranger Gaming,skye,23,,159,1.0,,,0.61,0.43,,,,,,14,14,14,10,0,0
Champions Tour 2024: China Kickoff,Group Stage,Winner's (B),Nicc,Dragon Ranger Gaming,"breach, gekko, skye",68,,173,0.96,,,0.66,0.31,,,,,,21,45,47,21,0,0
Champions Tour 2024: China Kickoff,Group Stage,Winner's (B),nizhaoTZH,Dragon Ranger Gaming,brimstone,23,,167,1.08,,,0.61,0.43,,,,,,14,14,13,10,0,0
Champions Tour 2024: China Kickoff,Group Stage,Winner's (B),nizhaoTZH,Dragon Ranger Gaming,omen,21,,102,0.42,,,0.38,0.19,,,,,,8,8,19,4,0,0
Champions Tour 2024: China Kickoff,Group Stage,Winner's (B),nizhaoTZH,Dragon Ranger Gaming,viper,24,,272,1.47,,,0.92,0.29,,,,,,22,22,15,7,0,0
Champions Tour 2024: China Kickoff,Group Stage,Winner's (B),nizhaoTZH,Dragon Ranger Gaming,"brimstone, omen, viper",68,,180,0.94,,,0.65,0.31,,,,,,22,44,47,21,0,0
Champions Tour 2024: China Kickoff,Group Stage,Winner's (B),vo0kashu,Dragon Ranger Gaming,cypher,44,,289,1.36,,,1.02,0.32,,,,,,23,45,33,14,0,0
Champions Tour 2024: China Kickoff,Group Stage,Winner's (B),vo0kashu,Dragon Ranger Gaming,killjoy,24,,280,1.11,,,0.88,0.25,,,,,,21,21,19,6,0,0
Champions Tour 2024: China Kickoff,Group Stage,Winner's (B),vo0kashu,Dragon Ranger Gaming,"cypher, killjoy",68,,286,1.27,,,0.97,0.29,,,,,,23,66,52,20,0,0
Champions Tour 2024: China Kickoff,Group Stage,Winner's (B),TvirusLuke,Dragon Ranger Gaming,jett,24,,141,0.57,,,0.5,0.0,,,,,,12,12,21,0,0,0
Champions Tour 2024: China Kickoff,Group Stage,Winner's (B),TvirusLuke,Dragon Ranger Gaming,raze,44,,209,0.81,,,0.66,0.27,,,,,,21,29,36,12,0,0
Champions Tour 2024: China Kickoff,Group Stage,Winner's (B),TvirusLuke,Dragon Ranger Gaming,"jett, raze",68,,186,0.72,,,0.6,0.18,,,,,,21,41,57,12,0,0
Champions Tour 2024: China Kickoff,Group Stage,Winner's (B),Dingwei,Dragon Ranger Gaming,skye,21,,249,1.13,,,0.86,0.38,,,,,,18,18,16,8,0,0
Champions Tour 2024: China Kickoff,Group Stage,Winner's (B),Dingwei,Dragon Ranger Gaming,sova,24,,187,1.07,,,0.67,0.29,,,,,,16,16,15,7,0,0
Champions Tour 2024: China Kickoff,Group Stage,Winner's (B),Dingwei,Dragon Ranger Gaming,viper,23,,164,0.81,,,0.57,0.3,,,,,,13,13,16,7,0,0
Champions Tour 2024: China Kickoff,Group Stage,Winner's (B),Dingwei,Dragon Ranger Gaming,"skye, sova, viper",68,,200,1.0,,,0.69,0.32,,,,,,18,47,47,22,0,0
Champions Tour 2024: China Kickoff,Group Stage,Elimination (B),monk,All Gamers,breach,21,,146,0.56,,,0.48,0.05,,,,,,10,10,18,1,0,0
Champions Tour 2024: China Kickoff,Group Stage,Elimination (B),monk,All Gamers,harbor,24,,168,0.89,,,0.71,0.21,,,,,,17,17,19,5,0,0
Champions Tour 2024: China Kickoff,Group Stage,Elimination (B),monk,All Gamers,"breach, harbor",45,,157,0.73,,,0.6,0.13,,,,,,17,27,37,6,0,0
Champions Tour 2024: China Kickoff,Group Stage,Elimination (B),Spitfires,All Gamers,cypher,21,,152,0.71,,,0.57,0.1,,,,,,12,12,17,2,0,0
Champions Tour 2024: China Kickoff,Group Stage,Elimination (B),Spitfires,All Gamers,killjoy,24,,228,1.24,,,0.88,0.13,,,,,,21,21,17,3,0,0
Champions Tour 2024: China Kickoff,Group Stage,Elimination (B),Spitfires,All Gamers,"cypher, killjoy",45,,190,0.97,,,0.73,0.11,,,,,,21,33,34,5,0,0
Champions Tour 2024: China Kickoff,Group Stage,Elimination (B),sword9,All Gamers,kayo,24,,143,0.61,,,0.46,0.75,,,,,,11,11,18,18,0,0
Champions Tour 2024: China Kickoff,Group Stage,Elimination (B),sword9,All Gamers,sova,21,,174,0.93,,,0.62,0.05,,,,,,13,13,14,1,0,0
Champions Tour 2024: China Kickoff,Group Stage,Elimination (B),sword9,All Gamers,"kayo, sova",45,,158,0.75,,,0.53,0.42,,,,,,13,24,32,19,0,0
Champions Tour 2024: China Kickoff,Group Stage,Elimination (B),bunt,All Gamers,omen,21,,126,0.5,,,0.38,0.19,,,,,,8,8,16,4,0,0
Champions Tour 2024: China Kickoff,Group Stage,Elimination (B),bunt,All Gamers,viper,24,,305,1.75,,,1.17,0.25,,,,,,28,28,16,6,0,0
Champions Tour 2024: China Kickoff,Group Stage,Elimination (B),bunt,All Gamers,"omen, viper",45,,216,1.13,,,0.8,0.22,,,,,,28,36,32,10,0,0
Champions Tour 2024: China Kickoff,Group Stage,Elimination (B),deLb,All Gamers,raze,45,,230,1.03,,,0.76,0.16,,,,,,19,34,33,7,0,0
Champions Tour 2024: China Kickoff,Group Stage,Elimination (B),jkuro,JD Gaming,cypher,21,,209,1.5,,,0.86,0.19,,,,,,18,18,12,4,0,0
Champions Tour 2024: China Kickoff,Group Stage,Elimination (B),jkuro,JD Gaming,viper,24,,257,1.05,,,0.88,0.25,,,,,,21,21,20,6,0,0
Champions Tour 2024: China Kickoff,Group Stage,Elimination (B),jkuro,JD Gaming,"cypher, viper",45,,233,1.22,,,0.87,0.22,,,,,,21,39,32,10,0,0
Champions Tour 2024: China Kickoff,Group Stage,Elimination (B),YiHao,JD Gaming,harbor,24,,141,0.68,,,0.54,0.29,,,,,,13,13,19,7,0,0
Champions Tour 2024: China Kickoff,Group Stage,Elimination (B),YiHao,JD Gaming,omen,21,,148,1.0,,,0.52,0.48,,,,,,11,11,11,10,0,0
Champions Tour 2024: China Kickoff,Group Stage,Elimination (B),YiHao,JD Gaming,"harbor, omen",45,,144,0.8,,,0.53,0.38,,,,,,13,24,30,17,0,0
Champions Tour 2024: China Kickoff,Group Stage,Elimination (B),stew,JD Gaming,jett,24,,186,0.89,,,0.67,0.25,,,,,,16,16,18,6,0,0
Champions Tour 2024: China Kickoff,Group Stage,Elimination (B),stew,JD Gaming,raze,21,,237,1.14,,,0.76,0.24,,,,,,16,16,14,5,0,0
Champions Tour 2024: China Kickoff,Group Stage,Elimination (B),stew,JD Gaming,"jett, raze",45,,212,1.0,,,0.71,0.24,,,,,,16,32,32,11,0,0
Champions Tour 2024: China Kickoff,Group Stage,Elimination (B),MarT1n,JD Gaming,killjoy,24,,257,1.16,,,0.92,0.08,,,,,,22,22,19,2,0,0
Champions Tour 2024: China Kickoff,Group Stage,Elimination (B),MarT1n,JD Gaming,viper,21,,208,1.14,,,0.76,0.14,,,,,,16,16,14,3,0,0
Champions Tour 2024: China Kickoff,Group Stage,Elimination (B),MarT1n,JD Gaming,"killjoy, viper",45,,232,1.15,,,0.84,0.11,,,,,,22,38,33,5,0,0
Champions Tour 2024: China Kickoff,Group Stage,Elimination (B),Viva,JD Gaming,sova,45,,222,1.3,,,0.78,0.22,,,,,,20,35,27,10,0,0
Champions Tour 2024: China Kickoff,Group Stage,Decider (B),YiHao,JD Gaming,astra,23,,180,0.82,,,0.61,0.3,,,,,,14,14,17,7,0,0
Champions Tour 2024: China Kickoff,Group Stage,Decider (B),YiHao,JD Gaming,brimstone,18,,140,0.67,,,0.44,0.56,,,,,,8,8,12,10,0,0
Champions Tour 2024: China Kickoff,Group Stage,Decider (B),YiHao,JD Gaming,harbor,26,,160,1.0,,,0.62,0.31,,,,,,16,16,16,8,0,0
Champions Tour 2024: China Kickoff,Group Stage,Decider (B),YiHao,JD Gaming,"astra, brimstone, harbor",67,,160,0.84,,,0.57,0.37,,,,,,16,38,45,25,0,0
Champions Tour 2024: China Kickoff,Group Stage,Decider (B),jkuro,JD Gaming,fade,23,,181,0.82,,,0.61,0.3,,,,,,14,14,17,7,0,0
Champions Tour 2024: China Kickoff,Group Stage,Decider (B),jkuro,JD Gaming,skye,18,,134,1.0,,,0.5,0.22,,,,,,9,9,9,4,0,0
Champions Tour 2024: China Kickoff,Group Stage,Decider (B),jkuro,JD Gaming,viper,26,,207,0.86,,,0.69,0.15,,,,,,18,18,21,4,0,0
Champions Tour 2024: China Kickoff,Group Stage,Decider (B),jkuro,JD Gaming,"fade, skye, viper",67,,174,0.87,,,0.61,0.22,,,,,,18,41,47,15,0,0
Champions Tour 2024: China Kickoff,Group Stage,Decider (B),stew,JD Gaming,jett,26,,277,1.86,,,1.0,0.12,,,,,,26,26,14,3,0,0
Champions Tour 2024: China Kickoff,Group Stage,Decider (B),stew,JD Gaming,raze,41,,260,1.13,,,0.85,0.22,,,,,,20,35,31,9,0,0
Champions Tour 2024: China Kickoff,Group Stage,Decider (B),stew,JD Gaming,"jett, raze",67,,265,1.36,,,0.91,0.18,,,,,,26,61,45,12,0,0
Champions Tour 2024: China Kickoff,Group Stage,Decider (B),MarT1n,JD Gaming,killjoy,49,,144,0.68,,,0.47,0.12,,,,,,13,23,34,6,0,0
Champions Tour 2024: China Kickoff,Group Stage,Decider (B),MarT1n,JD Gaming,viper,18,,291,1.73,,,1.06,0.22,,,,,,19,19,11,4,0,0
Champions Tour 2024: China Kickoff,Group Stage,Decider (B),MarT1n,JD Gaming,"killjoy, viper",67,,193,0.93,,,0.63,0.15,,,,,,19,42,45,10,0,0
Champions Tour 2024: China Kickoff,Group Stage,Decider (B),Viva,JD Gaming,sova,44,,234,1.54,,,0.84,0.16,,,,,,20,37,24,7,0,0
Champions Tour 2024: China Kickoff,Group Stage,Decider (B),Viva,JD Gaming,viper,23,,202,1.21,,,0.74,0.35,,,,,,17,17,14,8,0,0
Champions Tour 2024: China Kickoff,Group Stage,Decider (B),Viva,JD Gaming,"sova, viper",67,,223,1.42,,,0.81,0.22,,,,,,20,54,38,15,0,0
Champions Tour 2024: China Kickoff,Group Stage,Decider (B),kawaii,Titan Esports Club,brimstone,18,,197,1.0,,,0.72,0.11,,,,,,13,13,13,2,0,0
Champions Tour 2024: China Kickoff,Group Stage,Decider (B),kawaii,Titan Esports Club,omen,23,,186,1.15,,,0.65,0.43,,,,,,15,15,13,10,0,0
Champions Tour 2024: China Kickoff,Group Stage,Decider (B),kawaii,Titan Esports Club,viper,26,,158,0.88,,,0.58,0.23,,,,,,15,15,17,6,0,0
Champions Tour 2024: China Kickoff,Group Stage,Decider (B),kawaii,Titan Esports Club,"brimstone, omen, viper",67,,180,1.0,,,0.64,0.27,,,,,,15,43,43,18,0,0
Champions Tour 2024: China Kickoff,Group Stage,Decider (B),Rb,Titan Esports Club,cypher,18,,178,0.63,,,0.56,0.28,,,,,,10,10,16,5,0,0
Champions Tour 2024: China Kickoff,Group Stage,Decider (B),Rb,Titan Esports Club,fade,23,,188,1.14,,,0.7,0.26,,,,,,16,16,14,6,0,0
Champions Tour 2024: China Kickoff,Group Stage,Decider (B),Rb,Titan Esports Club,killjoy,26,,251,1.14,,,0.92,0.04,,,,,,24,24,21,1,0,0
Champions Tour 2024: China Kickoff,Group Stage,Decider (B),Rb,Titan Esports Club,"cypher, fade, killjoy",67,,206,0.98,,,0.75,0.18,,,,,,24,50,51,12,0,0
Champions Tour 2024: China Kickoff,Group Stage,Decider (B),QiuYe,Titan Esports Club,harbor,26,,144,0.72,,,0.5,0.04,,,,,,13,13,18,1,0,0
Champions Tour 2024: China Kickoff,Group Stage,Decider (B),QiuYe,Titan Esports Club,killjoy,23,,273,1.64,,,1.0,0.17,,,,,,23,23,14,4,0,0
Champions Tour 2024: China Kickoff,Group Stage,Decider (B),QiuYe,Titan Esports Club,skye,18,,90,0.31,,,0.28,0.33,,,,,,5,5,16,6,0,0
Champions Tour 2024: China Kickoff,Group Stage,Decider (B),QiuYe,Titan Esports Club,"harbor, killjoy, skye",67,,169,0.85,,,0.61,0.16,,,,,,23,41,48,11,0,0
Champions Tour 2024: China Kickoff,Group Stage,Decider (B),Abo,Titan Esports Club,jett,26,,172,0.8,,,0.62,0.12,,,,,,16,16,20,3,0,0
Champions Tour 2024: China Kickoff,Group Stage,Decider (B),Abo,Titan Esports Club,raze,41,,189,0.96,,,0.63,0.17,,,,,,14,26,27,7,0,0
Champions Tour 2024: China Kickoff,Group Stage,Decider (B),Abo,Titan Esports Club,"jett, raze",67,,183,0.89,,,0.63,0.15,,,,,,16,42,47,10,0,0
Champions Tour 2024: China Kickoff,Group Stage,Decider (B),LockM,Titan Esports Club,sova,26,,194,1.06,,,0.69,0.15,,,,,,18,18,17,4,0,0
Champions Tour 2024: China Kickoff,Group Stage,Decider (B),LockM,Titan Esports Club,viper,41,,184,0.83,,,0.61,0.34,,,,,,16,25,30,14,0,0
Champions Tour 2024: China Kickoff,Group Stage,Decider (B),LockM,Titan Esports Club,"sova, viper",67,,188,0.91,,,0.64,0.27,,,,,,18,43,47,18,0,0
Champions Tour 2024: China Kickoff,Group Stage,Opening (C),Yuicaw,Wolves Esports,cypher,42,,238,1.46,,,0.83,0.26,,,,,,18,35,24,11,0,0
Champions Tour 2024: China Kickoff,Group Stage,Opening (C),Spring,Wolves Esports,jett,42,,122,0.61,,,0.4,0.19,,,,,,11,17,28,8,0,0
Champions Tour 2024: China Kickoff,Group Stage,Opening (C),pl1xx,Wolves Esports,kayo,22,,284,1.5,,,0.95,0.59,,,,,,21,21,14,13,0,0
Champions Tour 2024: China Kickoff,Group Stage,Opening (C),pl1xx,Wolves Esports,viper,20,,231,1.25,,,0.75,0.25,,,,,,15,15,12,5,0,0
Champions Tour 2024: China Kickoff,Group Stage,Opening (C),pl1xx,Wolves Esports,"kayo, viper",42,,258,1.38,,,0.86,0.43,,,,,,21,36,26,18,0,0
Champions Tour 2024: China Kickoff,Group Stage,Opening (C),aluba,Wolves Esports,killjoy,20,,207,1.07,,,0.75,0.2,,,,,,15,15,14,4,0,0
Champions Tour 2024: China Kickoff,Group Stage,Opening (C),aluba,Wolves Esports,omen,22,,190,1.5,,,0.68,0.45,,,,,,15,15,10,10,0,0
Champions Tour 2024: China Kickoff,Group Stage,Opening (C),aluba,Wolves Esports,"killjoy, omen",42,,198,1.25,,,0.71,0.33,,,,,,15,30,24,14,0,0
Champions Tour 2024: China Kickoff,Group Stage,Opening (C),coldfish,Wolves Esports,sova,42,,176,1.3,,,0.71,0.26,,,,,,17,30,23,11,0,0
Champions Tour 2024: China Kickoff,Group Stage,Opening (C),B3ar,Bilibili Gaming,harbor,20,,159,0.86,,,0.6,0.2,,,,,,12,12,14,4,0,0
Champions Tour 2024: China Kickoff,Group Stage,Opening (C),B3ar,Bilibili Gaming,omen,22,,90,0.5,,,0.36,0.32,,,,,,8,8,16,7,0,0
Champions Tour 2024: China Kickoff,Group Stage,Opening (C),B3ar,Bilibili Gaming,"harbor, omen",42,,124,0.67,,,0.48,0.26,,,,,,12,20,30,11,0,0
Champions Tour 2024: China Kickoff,Group Stage,Opening (C),whzy,Bilibili Gaming,jett,42,,197,0.97,,,0.71,0.1,,,,,,16,30,31,4,0,0
Champions Tour 2024: China Kickoff,Group Stage,Opening (C),Knight,Bilibili Gaming,kayo,22,,249,0.94,,,0.73,0.45,,,,,,16,16,17,10,0,0
Champions Tour 2024: China Kickoff,Group Stage,Opening (C),Knight,Bilibili Gaming,killjoy,20,,229,1.07,,,0.75,0.15,,,,,,15,15,14,3,0,0
Champions Tour 2024: China Kickoff,Group Stage,Opening (C),Knight,Bilibili Gaming,"kayo, killjoy",42,,239,1.0,,,0.74,0.31,,,,,,16,31,31,13,0,0
Champions Tour 2024: China Kickoff,Group Stage,Opening (C),Yosemite,Bilibili Gaming,killjoy,22,,118,0.64,,,0.41,0.23,,,,,,9,9,14,5,0,0
Champions Tour 2024: China Kickoff,Group Stage,Opening (C),Yosemite,Bilibili Gaming,viper,20,,194,0.79,,,0.55,0.5,,,,,,11,11,14,10,0,0
Champions Tour 2024: China Kickoff,Group Stage,Opening (C),Yosemite,Bilibili Gaming,"killjoy, viper",42,,156,0.71,,,0.48,0.36,,,,,,11,20,28,15,0,0
Champions Tour 2024: China Kickoff,Group Stage,Opening (C),Biank,Bilibili Gaming,sova,42,,168,0.86,,,0.57,0.29,,,,,,12,24,28,12,0,0
Champions Tour 2024: China Kickoff,Group Stage,Winner's (C),Smoggy,EDward Gaming,breach,23,,141,0.67,,,0.52,0.61,,,,,,12,12,18,14,0,0
Champions Tour 2024: China Kickoff,Group Stage,Winner's (C),Smoggy,EDward Gaming,kayo,24,,202,0.83,,,0.63,0.54,,,,,,15,15,18,13,0,0
Champions Tour 2024: China Kickoff,Group Stage,Winner's (C),Smoggy,EDward Gaming,raze,23,,186,1.07,,,0.7,0.22,,,,,,16,16,15,5,0,0
Champions Tour 2024: China Kickoff,Group Stage,Winner's (C),Smoggy,EDward Gaming,"breach, kayo, raze",70,,176,0.84,,,0.61,0.46,,,,,,16,43,51,32,0,0
Champions Tour 2024: China Kickoff,Group Stage,Winner's (C),CHICHOO,EDward Gaming,brimstone,23,,245,1.11,,,0.87,0.35,,,,,,20,20,18,8,0,0
Champions Tour 2024: China Kickoff,Group Stage,Winner's (C),CHICHOO,EDward Gaming,cypher,24,,163,1.07,,,0.67,0.04,,,,,,16,16,15,1,0,0
Champions Tour 2024: China Kickoff,Group Stage,Winner's (C),CHICHOO,EDward Gaming,viper,23,,233,1.06,,,0.83,0.22,,,,,,19,19,18,5,0,0
Champions Tour 2024: China Kickoff,Group Stage,Winner's (C),CHICHOO,EDward Gaming,"brimstone, cypher, viper",70,,214,1.08,,,0.79,0.2,,,,,,20,55,51,14,0,0
Champions Tour 2024: China Kickoff,Group Stage,Winner's (C),Haodong,EDward Gaming,cypher,23,,189,1.55,,,0.74,0.17,,,,,,17,17,11,4,0,0
Champions Tour 2024: China Kickoff,Group Stage,Winner's (C),Haodong,EDward Gaming,omen,23,,167,0.61,,,0.48,0.43,,,,,,11,11,18,10,0,0
Champions Tour 2024: China Kickoff,Group Stage,Winner's (C),Haodong,EDward Gaming,viper,24,,84,0.35,,,0.25,0.38,,,,,,6,6,17,9,0,0
Champions Tour 2024: China Kickoff,Group Stage,Winner's (C),Haodong,EDward Gaming,"cypher, omen, viper",70,,147,0.74,,,0.49,0.33,,,,,,17,34,46,23,0,0
Champions Tour 2024: China Kickoff,Group Stage,Winner's (C),ZmjjKK,EDward Gaming,jett,47,,276,1.22,,,0.96,0.15,,,,,,28,45,37,7,0,0
Champions Tour 2024: China Kickoff,Group Stage,Winner's (C),ZmjjKK,EDward Gaming,kayo,23,,184,0.71,,,0.52,0.65,,,,,,12,12,17,15,0,0
Champions Tour 2024: China Kickoff,Group Stage,Winner's (C),ZmjjKK,EDward Gaming,"jett, kayo",70,,246,1.06,,,0.81,0.31,,,,,,28,57,54,22,0,0
Champions Tour 2024: China Kickoff,Group Stage,Winner's (C),nobody,EDward Gaming,sova,70,,225,1.1,,,0.79,0.24,,,,,,21,55,50,17,0,0
Champions Tour 2024: China Kickoff,Group Stage,Winner's (C),Yuicaw,Wolves Esports,cypher,47,,208,0.87,,,0.7,0.43,,,,,,19,33,38,20,0,0
Champions Tour 2024: China Kickoff,Group Stage,Winner's (C),Yuicaw,Wolves Esports,raze,23,,222,1.0,,,0.74,0.22,,,,,,17,17,17,5,0,0
Champions Tour 2024: China Kickoff,Group Stage,Winner's (C),Yuicaw,Wolves Esports,"cypher, raze",70,,212,0.91,,,0.71,0.36,,,,,,19,50,55,25,0,0
Champions Tour 2024: China Kickoff,Group Stage,Winner's (C),Spring,Wolves Esports,jett,47,,278,1.42,,,1.0,0.17,,,,,,26,47,33,8,0,0
Champions Tour 2024: China Kickoff,Group Stage,Winner's (C),Spring,Wolves Esports,omen,23,,252,1.5,,,0.91,0.35,,,,,,21,21,14,8,0,0
Champions Tour 2024: China Kickoff,Group Stage,Winner's (C),Spring,Wolves Esports,"jett, omen",70,,269,1.45,,,0.97,0.23,,,,,,26,68,47,16,0,0
Champions Tour 2024: China Kickoff,Group Stage,Winner's (C),pl1xx,Wolves Esports,kayo,23,,204,1.13,,,0.78,0.52,,,,,,18,18,16,12,0,0
Champions Tour 2024: China Kickoff,Group Stage,Winner's (C),pl1xx,Wolves Esports,yoru,47,,185,0.83,,,0.62,0.32,,,,,,15,29,35,15,0,0
Champions Tour 2024: China Kickoff,Group Stage,Winner's (C),pl1xx,Wolves Esports,"kayo, yoru",70,,191,0.92,,,0.67,0.39,,,,,,18,47,51,27,0,0
Champions Tour 2024: China Kickoff,Group Stage,Winner's (C),aluba,Wolves Esports,omen,23,,217,1.13,,,0.74,0.7,,,,,,17,17,15,16,0,0
Champions Tour 2024: China Kickoff,Group Stage,Winner's (C),aluba,Wolves Esports,skye,23,,189,0.83,,,0.65,0.35,,,,,,15,15,18,8,0,0
Champions Tour 2024: China Kickoff,Group Stage,Winner's (C),aluba,Wolves Esports,viper,24,,171,0.93,,,0.58,0.33,,,,,,14,14,15,8,0,0
Champions Tour 2024: China Kickoff,Group Stage,Winner's (C),aluba,Wolves Esports,"omen, skye, viper",70,,192,0.96,,,0.66,0.46,,,,,,17,46,48,32,0,0
Champions Tour 2024: China Kickoff,Group Stage,Winner's (C),coldfish,Wolves Esports,sova,47,,180,1.11,,,0.66,0.21,,,,,,18,31,28,10,0,0
Champions Tour 2024: China Kickoff,Group Stage,Winner's (C),coldfish,Wolves Esports,viper,23,,114,0.67,,,0.43,0.22,,,,,,10,10,15,5,0,0
Champions Tour 2024: China Kickoff,Group Stage,Winner's (C),coldfish,Wolves Esports,"sova, viper",70,,158,0.95,,,0.59,0.21,,,,,,18,41,43,15,0,0
Champions Tour 2024: China Kickoff,Group Stage,Decider (C),Knight,Bilibili Gaming,breach,22,,213,1.21,,,0.77,0.73,,,,,,17,17,14,16,0,0
Champions Tour 2024: China Kickoff,Group Stage,Decider (C),Knight,Bilibili Gaming,killjoy,23,,225,1.27,,,0.83,0.13,,,,,,19,19,15,3,0,0
Champions Tour 2024: China Kickoff,Group Stage,Decider (C),Knight,Bilibili Gaming,"breach, killjoy",45,,219,1.24,,,0.8,0.42,,,,,,19,36,29,19,0,0
Champions Tour 2024: China Kickoff,Group Stage,Decider (C),Yosemite,Bilibili Gaming,cypher,22,,110,0.5,,,0.32,0.32,,,,,,7,7,14,7,0,0
Champions Tour 2024: China Kickoff,Group Stage,Decider (C),Yosemite,Bilibili Gaming,viper,23,,257,1.33,,,0.87,0.35,,,,,,20,20,15,8,0,0
Champions Tour 2024: China Kickoff,Group Stage,Decider (C),Yosemite,Bilibili Gaming,"cypher, viper",45,,184,0.93,,,0.6,0.33,,,,,,20,27,29,15,0,0
Champions Tour 2024: China Kickoff,Group Stage,Decider (C),Biank,Bilibili Gaming,fade,22,,271,1.36,,,0.86,0.27,,,,,,19,19,14,6,0,0
Champions Tour 2024: China Kickoff,Group Stage,Decider (C),Biank,Bilibili Gaming,sova,23,,187,0.94,,,0.7,0.17,,,,,,16,16,17,4,0,0
Champions Tour 2024: China Kickoff,Group Stage,Decider (C),Biank,Bilibili Gaming,"fade, sova",45,,229,1.13,,,0.78,0.22,,,,,,19,35,31,10,0,0
Champions Tour 2024: China Kickoff,Group Stage,Decider (C),B3ar,Bilibili Gaming,harbor,23,,167,1.0,,,0.61,0.39,,,,,,14,14,14,9,0,0
Champions Tour 2024: China Kickoff,Group Stage,Decider (C),B3ar,Bilibili Gaming,omen,22,,145,0.92,,,0.5,0.41,,,,,,11,11,12,9,0,0
Champions Tour 2024: China Kickoff,Group Stage,Decider (C),B3ar,Bilibili Gaming,"harbor, omen",45,,156,0.96,,,0.56,0.4,,,,,,14,25,26,18,0,0
Champions Tour 2024: China Kickoff,Group Stage,Decider (C),whzy,Bilibili Gaming,jett,23,,205,0.76,,,0.7,0.3,,,,,,16,16,21,7,0,0
Champions Tour 2024: China Kickoff,Group Stage,Decider (C),whzy,Bilibili Gaming,raze,22,,305,1.35,,,1.05,0.18,,,,,,23,23,17,4,0,0
Champions Tour 2024: China Kickoff,Group Stage,Decider (C),whzy,Bilibili Gaming,"jett, raze",45,,255,1.03,,,0.87,0.24,,,,,,23,39,38,11,0,0
Champions Tour 2024: China Kickoff,Group Stage,Decider (C),Yuicaw,Wolves Esports,cypher,45,,182,0.85,,,0.62,0.24,,,,,,18,28,33,11,0,0
Champions Tour 2024: China Kickoff,Group Stage,Decider (C),Spring,Wolves Esports,jett,23,,176,0.88,,,0.65,0.09,,,,,,15,15,17,2,0,0
Champions Tour 2024: China Kickoff,Group Stage,Decider (C),Spring,Wolves Esports,raze,22,,180,0.79,,,0.5,0.32,,,,,,11,11,14,7,0,0
Champions Tour 2024: China Kickoff,Group Stage,Decider (C),Spring,Wolves Esports,"jett, raze",45,,178,0.84,,,0.58,0.2,,,,,,15,26,31,9,0,0
Champions Tour 2024: China Kickoff,Group Stage,Decider (C),aluba,Wolves Esports,killjoy,23,,150,0.69,,,0.48,0.17,,,,,,11,11,16,4,0,0
Champions Tour 2024: China Kickoff,Group Stage,Decider (C),aluba,Wolves Esports,omen,22,,200,1.0,,,0.73,0.45,,,,,,16,16,16,10,0,0
Champions Tour 2024: China Kickoff,Group Stage,Decider (C),aluba,Wolves Esports,"killjoy, omen",45,,175,0.84,,,0.6,0.31,,,,,,16,27,32,14,0,0
Champions Tour 2024: China Kickoff,Group Stage,Decider (C),pl1xx,Wolves Esports,phoenix,22,,219,1.0,,,0.77,0.23,,,,,,17,17,17,5,0,0
Champions Tour 2024: China Kickoff,Group Stage,Decider (C),pl1xx,Wolves Esports,viper,23,,204,0.94,,,0.74,0.22,,,,,,17,17,18,5,0,0
Champions Tour 2024: China Kickoff,Group Stage,Decider (C),pl1xx,Wolves Esports,"phoenix, viper",45,,212,0.97,,,0.76,0.22,,,,,,17,34,35,10,0,0
Champions Tour 2024: China Kickoff,Group Stage,Decider (C),coldfish,Wolves Esports,sova,45,,228,1.23,,,0.84,0.18,,,,,,21,38,31,8,0,0
Champions Tour 2024: China Kickoff,All Stages,All Match Types,YiHao,JD Gaming,astra,44,,143,0.64,,,0.48,0.32,,,,,,14,21,33,14,0,0
Champions Tour 2024: China Kickoff,All Stages,All Match Types,YiHao,JD Gaming,brimstone,48,,178,0.94,,,0.63,0.38,,,,,,22,30,32,18,0,0
Champions Tour 2024: China Kickoff,All Stages,All Match Types,YiHao,JD Gaming,harbor,50,,150,0.83,,,0.58,0.3,,,,,,16,29,35,15,0,0
Champions Tour 2024: China Kickoff,All Stages,All Match Types,YiHao,JD Gaming,omen,21,,148,1.0,,,0.52,0.48,,,,,,11,11,11,10,0,0
Champions Tour 2024: China Kickoff,All Stages,All Match Types,YiHao,JD Gaming,"astra, brimstone, harbor, omen",163,,156,0.82,,,0.56,0.35,,,,,,22,91,111,57,0,0
Champions Tour 2024: China Kickoff,All Stages,All Match Types,jkuro,JD Gaming,cypher,21,,209,1.5,,,0.86,0.19,,,,,,18,18,12,4,0,0
Champions Tour 2024: China Kickoff,All Stages,All Match Types,jkuro,JD Gaming,fade,44,,156,0.75,,,0.55,0.3,,,,,,14,24,32,13,0,0
Champions Tour 2024: China Kickoff,All Stages,All Match Types,jkuro,JD Gaming,skye,48,,140,0.66,,,0.48,0.23,,,,,,14,23,35,11,0,0
Champions Tour 2024: China Kickoff,All Stages,All Match Types,jkuro,JD Gaming,viper,50,,232,0.95,,,0.78,0.2,,,,,,21,39,41,10,0,0
Champions Tour 2024: China Kickoff,All Stages,All Match Types,jkuro,JD Gaming,"cypher, fade, skye, viper",163,,181,0.87,,,0.64,0.23,,,,,,21,104,120,38,0,0
Champions Tour 2024: China Kickoff,All Stages,All Match Types,stew,JD Gaming,jett,50,,232,1.31,,,0.84,0.18,,,,,,26,42,32,9,0,0
Champions Tour 2024: China Kickoff,All Stages,All Match Types,stew,JD Gaming,raze,113,,280,1.33,,,0.97,0.19,,,,,,35,110,83,21,0,0
Champions Tour 2024: China Kickoff,All Stages,All Match Types,stew,JD Gaming,"jett, raze",163,,266,1.32,,,0.93,0.18,,,,,,35,152,115,30,0,0
Champions Tour 2024: China Kickoff,All Stages,All Match Types,MarT1n,JD Gaming,killjoy,94,,186,0.86,,,0.63,0.12,,,,,,22,59,69,11,0,0
Champions Tour 2024: China Kickoff,All Stages,All Match Types,MarT1n,JD Gaming,viper,69,,217,1.04,,,0.72,0.16,,,,,,19,50,48,11,0,0
Champions Tour 2024: China Kickoff,All Stages,All Match Types,MarT1n,JD Gaming,"killjoy, viper",163,,199,0.93,,,0.67,0.13,,,,,,22,109,117,22,0,0
Champions Tour 2024: China Kickoff,All Stages,All Match Types,Viva,JD Gaming,sova,119,,225,1.31,,,0.79,0.19,,,,,,22,94,72,23,0,0
Champions Tour 2024: China Kickoff,All Stages,All Match Types,Viva,JD Gaming,viper,44,,186,0.97,,,0.64,0.34,,,,,,17,28,29,15,0,0
Champions Tour 2024: China Kickoff,All Stages,All Match Types,Viva,JD Gaming,"sova, viper",163,,214,1.21,,,0.75,0.23,,,,,,22,122,101,38,0,0
Champions Tour 2024: China Kickoff,All Stages,All Match Types,kawaii,Titan Esports Club,astra,42,,162,0.78,,,0.6,0.38,,,,,,13,25,32,16,0,0
Champions Tour 2024: China Kickoff,All Stages,All Match Types,kawaii,Titan Esports Club,brimstone,71,,216,1.1,,,0.76,0.41,,,,,,21,54,49,29,0,0
Champions Tour 2024: China Kickoff,All Stages,All Match Types,kawaii,Titan Esports Club,omen,100,,185,0.94,,,0.67,0.38,,,,,,19,67,71,38,0,0
Champions Tour 2024: China Kickoff,All Stages,All Match Types,kawaii,Titan Esports Club,viper,84,,206,1.03,,,0.73,0.36,,,,,,30,61,59,30,0,0
Champions Tour 2024: China Kickoff,All Stages,All Match Types,kawaii,Titan Esports Club,"astra, brimstone, omen, viper",297,,194,0.98,,,0.7,0.38,,,,,,30,207,211,113,0,0
Champions Tour 2024: China Kickoff,All Stages,All Match Types,Rb,Titan Esports Club,cypher,126,,208,1.04,,,0.75,0.24,,,,,,29,95,91,30,0,0
Champions Tour 2024: China Kickoff,All Stages,All Match Types,Rb,Titan Esports Club,fade,79,,228,1.25,,,0.84,0.25,,,,,,20,66,53,20,0,0
Champions Tour 2024: China Kickoff,All Stages,All Match Types,Rb,Titan Esports Club,killjoy,50,,245,1.24,,,0.92,0.12,,,,,,24,46,37,6,0,0
Champions Tour 2024: China Kickoff,All Stages,All Match Types,Rb,Titan Esports Club,raze,42,,299,1.54,,,1.02,0.33,,,,,,24,43,28,14,0,0
Champions Tour 2024: China Kickoff,All Stages,All Match Types,Rb,Titan Esports Club,"cypher, fade, killjoy, raze",297,,234,1.2,,,0.84,0.24,,,,,,29,250,209,70,0,0
Champions Tour 2024: China Kickoff,All Stages,All Match Types,QiuYe,Titan Esports Club,harbor,50,,158,0.76,,,0.58,0.08,,,,,,16,29,38,4,0,0
Champions Tour 2024: China Kickoff,All Stages,All Match Types,QiuYe,Titan Esports Club,kayo,55,,189,0.75,,,0.6,0.47,,,,,,18,33,44,26,0,0
Champions Tour 2024: China Kickoff,All Stages,All Match Types,QiuYe,Titan Esports Club,killjoy,79,,192,0.95,,,0.68,0.15,,,,,,23,54,57,12,0,0
Champions Tour 2024: China Kickoff,All Stages,All Match Types,QiuYe,Titan Esports Club,skye,113,,140,0.6,,,0.48,0.42,,,,,,19,54,90,48,0,0
Champions Tour 2024: China Kickoff,All Stages,All Match Types,QiuYe,Titan Esports Club,"harbor, kayo, killjoy, skye",297,,166,0.74,,,0.57,0.3,,,,,,23,170,229,90,0,0
Champions Tour 2024: China Kickoff,All Stages,All Match Types,Abo,Titan Esports Club,jett,147,,210,0.96,,,0.73,0.15,,,,,,28,108,113,22,0,0
Champions Tour 2024: China Kickoff,All Stages,All Match Types,Abo,Titan Esports Club,raze,150,,186,0.88,,,0.65,0.15,,,,,,28,98,112,23,0,0
Champions Tour 2024: China Kickoff,All Stages,All Match Types,Abo,Titan Esports Club,"jett, raze",297,,197,0.92,,,0.69,0.15,,,,,,28,206,225,45,0,0
Champions Tour 2024: China Kickoff,All Stages,All Match Types,LockM,Titan Esports Club,sova,105,,188,0.91,,,0.65,0.27,,,,,,25,68,75,28,0,0
Champions Tour 2024: China Kickoff,All Stages,All Match Types,LockM,Titan Esports Club,viper,192,,179,0.83,,,0.6,0.27,,,,,,21,116,140,52,0,0
Champions Tour 2024: China Kickoff,All Stages,All Match Types,LockM,Titan Esports Club,"sova, viper",297,,182,0.86,,,0.62,0.27,,,,,,25,184,215,80,0,0
Champions Tour 2024: China Kickoff,All Stages,All Match Types,BerLIN,FunPlus Phoenix,astra,45,,263,1.72,,,0.96,0.29,,,,,,26,43,25,13,0,0
Champions Tour 2024: China Kickoff,All Stages,All Match Types,BerLIN,FunPlus Phoenix,harbor,47,,165,1.0,,,0.62,0.23,,,,,,15,29,29,11,0,0
Champions Tour 2024: China Kickoff,All Stages,All Match Types,BerLIN,FunPlus Phoenix,omen,158,,170,0.84,,,0.59,0.38,,,,,,17,93,111,60,0,0
Champions Tour 2024: China Kickoff,All Stages,All Match Types,BerLIN,FunPlus Phoenix,"astra, harbor, omen",250,,186,1.0,,,0.66,0.34,,,,,,26,165,165,84,0,0
Champions Tour 2024: China Kickoff,All Stages,All Match Types,AAAAY,FunPlus Phoenix,breach,19,,219,0.88,,,0.74,0.32,,,,,,14,14,16,6,0,0
Champions Tour 2024: China Kickoff,All Stages,All Match Types,AAAAY,FunPlus Phoenix,fade,53,,202,1.03,,,0.75,0.17,,,,,,26,40,39,9,0,0
Champions Tour 2024: China Kickoff,All Stages,All Match Types,AAAAY,FunPlus Phoenix,gekko,86,,228,1.36,,,0.87,0.22,,,,,,21,75,55,19,0,0
Champions Tour 2024: China Kickoff,All Stages,All Match Types,AAAAY,FunPlus Phoenix,sova,92,,212,1.13,,,0.78,0.18,,,,,,19,72,64,17,0,0
Champions Tour 2024: China Kickoff,All Stages,All Match Types,AAAAY,FunPlus Phoenix,"breach, fade, gekko, sova",250,,217,1.16,,,0.8,0.2,,,,,,26,201,174,51,0,0
Champions Tour 2024: China Kickoff,All Stages,All Match Types,Life,FunPlus Phoenix,chamber,88,,261,1.31,,,0.95,0.17,,,,,,28,84,64,15,0,0
Champions Tour 2024: China Kickoff,All Stages,All Match Types,Life,FunPlus Phoenix,jett,45,,231,1.09,,,0.8,0.11,,,,,,24,36,33,5,0,0
Champions Tour 2024: China Kickoff,All Stages,All Match Types,Life,FunPlus Phoenix,reyna,21,,225,1.23,,,0.76,0.14,,,,,,16,16,13,3,0,0
Champions Tour 2024: China Kickoff,All Stages,All Match Types,Life,FunPlus Phoenix,yoru,96,,215,0.99,,,0.76,0.21,,,,,,22,73,74,20,0,0
Champions Tour 2024: China Kickoff,All Stages,All Match Types,Life,FunPlus Phoenix,"chamber, jett, reyna, yoru",250,,236,1.14,,,0.84,0.17,,,,,,28,209,184,43,0,0
Champions Tour 2024: China Kickoff,All Stages,All Match Types,Lysoar,FunPlus Phoenix,cypher,72,,175,1.02,,,0.63,0.22,,,,,,19,45,44,16,0,0
Champions Tour 2024: China Kickoff,All Stages,All Match Types,Lysoar,FunPlus Phoenix,viper,178,,167,0.89,,,0.57,0.26,,,,,,20,102,115,47,0,0
Champions Tour 2024: China Kickoff,All Stages,All Match Types,Lysoar,FunPlus Phoenix,"cypher, viper",250,,169,0.92,,,0.59,0.25,,,,,,20,147,159,63,0,0
Champions Tour 2024: China Kickoff,All Stages,All Match Types,Autumn,FunPlus Phoenix,jett,74,,226,1.2,,,0.8,0.14,,,,,,25,59,49,10,0,0
Champions Tour 2024: China Kickoff,All Stages,All Match Types,Autumn,FunPlus Phoenix,phoenix,47,,227,1.19,,,0.81,0.23,,,,,,22,38,32,11,0,0
Champions Tour 2024: China Kickoff,All Stages,All Match Types,Autumn,FunPlus Phoenix,raze,84,,204,0.95,,,0.65,0.17,,,,,,17,55,58,14,0,0
Champions Tour 2024: China Kickoff,All Stages,All Match Types,Autumn,FunPlus Phoenix,yoru,45,,212,1.1,,,0.76,0.22,,,,,,24,34,31,10,0,0
Champions Tour 2024: China Kickoff,All Stages,All Match Types,Autumn,FunPlus Phoenix,"jett, phoenix, raze, yoru",250,,216,1.09,,,0.74,0.18,,,,,,25,186,170,45,0,0
Champions Tour 2024: China Kickoff,All Stages,All Match Types,heybay,Trace Esports,breach,94,,168,1.09,,,0.63,0.51,,,,,,19,59,54,48,0,0
Champions Tour 2024: China Kickoff,All Stages,All Match Types,heybay,Trace Esports,brimstone,69,,167,0.87,,,0.58,0.39,,,,,,17,40,46,27,0,0
Champions Tour 2024: China Kickoff,All Stages,All Match Types,heybay,Trace Esports,kayo,51,,242,0.9,,,0.73,0.59,,,,,,20,37,41,30,0,0
Champions Tour 2024: China Kickoff,All Stages,All Match Types,heybay,Trace Esports,viper,122,,199,1.12,,,0.7,0.35,,,,,,17,85,76,43,0,0
Champions Tour 2024: China Kickoff,All Stages,All Match Types,heybay,Trace Esports,"breach, brimstone, kayo, viper",336,,190,1.02,,,0.66,0.44,,,,,,20,221,217,148,0,0
Champions Tour 2024: China Kickoff,All Stages,All Match Types,Kai,Trace Esports,cypher,133,,225,1.28,,,0.8,0.21,,,,,,21,106,83,28,0,0
Champions Tour 2024: China Kickoff,All Stages,All Match Types,Kai,Trace Esports,jett,120,,240,1.34,,,0.93,0.12,,,,,,31,111,83,14,0,0
Champions Tour 2024: China Kickoff,All Stages,All Match Types,Kai,Trace Esports,killjoy,83,,194,1.11,,,0.72,0.12,,,,,,18,60,54,10,0,0
Champions Tour 2024: China Kickoff,All Stages,All Match Types,Kai,Trace Esports,"cypher, jett, killjoy",336,,222,1.26,,,0.82,0.15,,,,,,31,277,220,52,0,0
Champions Tour 2024: China Kickoff,All Stages,All Match Types,FengF,Trace Esports,cypher,34,,336,1.67,,,1.18,0.44,,,,,,40,40,24,15,0,0
Champions Tour 2024: China Kickoff,All Stages,All Match Types,FengF,Trace Esports,raze,285,,253,1.13,,,0.82,0.27,,,,,,28,234,207,77,0,0
Champions Tour 2024: China Kickoff,All Stages,All Match Types,FengF,Trace Esports,sova,17,,168,1.0,,,0.53,0.35,,,,,,9,9,9,6,0,0
Champions Tour 2024: China Kickoff,All Stages,All Match Types,FengF,Trace Esports,"cypher, raze, sova",336,,253,1.18,,,0.84,0.29,,,,,,40,283,240,98,0,0
Champions Tour 2024: China Kickoff,All Stages,All Match Types,YOU,Trace Esports,fade,83,,145,0.87,,,0.54,0.3,,,,,,16,45,52,25,0,0
Champions Tour 2024: China Kickoff,All Stages,All Match Types,YOU,Trace Esports,killjoy,17,,251,1.27,,,0.82,0.24,,,,,,14,14,11,4,0,0
Champions Tour 2024: China Kickoff,All Stages,All Match Types,YOU,Trace Esports,skye,108,,210,1.13,,,0.74,0.44,,,,,,20,80,71,48,0,0
Champions Tour 2024: China Kickoff,All Stages,All Match Types,YOU,Trace Esports,sova,128,,192,1.01,,,0.66,0.24,,,,,,24,85,84,31,0,0
Champions Tour 2024: China Kickoff,All Stages,All Match Types,YOU,Trace Esports,"fade, killjoy, skye, sova",336,,190,1.03,,,0.67,0.32,,,,,,24,224,218,108,0,0
Champions Tour 2024: China Kickoff,All Stages,All Match Types,Flex1n,Trace Esports,omen,233,,216,1.13,,,0.77,0.42,,,,,,27,180,159,99,0,0
Champions Tour 2024: China Kickoff,All Stages,All Match Types,Flex1n,Trace Esports,viper,103,,174,0.82,,,0.58,0.3,,,,,,20,60,73,31,0,0
Champions Tour 2024: China Kickoff,All Stages,All Match Types,Flex1n,Trace Esports,"omen, viper",336,,205,1.03,,,0.71,0.39,,,,,,27,240,232,130,0,0
Champions Tour 2024: China Kickoff,All Stages,All Match Types,CB,Nova Esports,breach,35,,165,0.78,,,0.6,0.34,,,,,,13,21,27,12,0,0
Champions Tour 2024: China Kickoff,All Stages,All Match Types,CB,Nova Esports,fade,23,,118,0.39,,,0.3,0.43,,,,,,7,7,18,10,0,0
Champions Tour 2024: China Kickoff,All Stages,All Match Types,CB,Nova Esports,skye,42,,216,0.94,,,0.71,0.31,,,,,,17,30,32,13,0,0
Champions Tour 2024: China Kickoff,All Stages,All Match Types,CB,Nova Esports,sova,24,,163,0.65,,,0.46,0.5,,,,,,11,11,17,12,0,0
Champions Tour 2024: China Kickoff,All Stages,All Match Types,CB,Nova Esports,"breach, fade, skye, sova",124,,174,0.73,,,0.56,0.38,,,,,,17,69,94,47,0,0
Champions Tour 2024: China Kickoff,All Stages,All Match Types,o0o0o,Nova Esports,breach,47,,226,1.21,,,0.85,0.4,,,,,,23,40,33,19,0,0
Champions Tour 2024: China Kickoff,All Stages,All Match Types,o0o0o,Nova Esports,raze,35,,150,0.53,,,0.51,0.09,,,,,,14,18,34,3,0,0
Champions Tour 2024: China Kickoff,All Stages,All Match Types,o0o0o,Nova Esports,viper,42,,184,0.88,,,0.67,0.29,,,,,,18,28,32,12,0,0
Champions Tour 2024: China Kickoff,All Stages,All Match Types,o0o0o,Nova Esports,"breach, raze, viper",124,,187,0.87,,,0.69,0.27,,,,,,23,86,99,34,0,0
Champions Tour 2024: China Kickoff,All Stages,All Match Types,GuanG,Nova Esports,jett,60,,218,0.91,,,0.72,0.18,,,,,,17,43,47,11,0,0
Champions Tour 2024: China Kickoff,All Stages,All Match Types,GuanG,Nova Esports,killjoy,24,,257,1.05,,,0.83,0.29,,,,,,20,20,19,7,0,0
Champions Tour 2024: China Kickoff,All Stages,All Match Types,GuanG,Nova Esports,neon,40,,274,1.18,,,0.98,0.23,,,,,,29,39,33,9,0,0
Champions Tour 2024: China Kickoff,All Stages,All Match Types,GuanG,Nova Esports,"jett, killjoy, neon",124,,243,1.03,,,0.82,0.22,,,,,,29,102,99,27,0,0
Champions Tour 2024: China Kickoff,All Stages,All Match Types,PangH,Nova Esports,jett,24,,196,0.89,,,0.71,0.08,,,,,,17,17,19,2,0,0
Champions Tour 2024: China Kickoff,All Stages,All Match Types,PangH,Nova Esports,killjoy,58,,125,0.5,,,0.38,0.14,,,,,,8,22,44,8,0,0
Champions Tour 2024: China Kickoff,All Stages,All Match Types,PangH,Nova Esports,raze,42,,184,0.82,,,0.67,0.14,,,,,,25,28,34,6,0,0
Champions Tour 2024: China Kickoff,All Stages,All Match Types,PangH,Nova Esports,"jett, killjoy, raze",124,,156,0.69,,,0.54,0.13,,,,,,25,67,97,16,0,0
Champions Tour 2024: China Kickoff,All Stages,All Match Types,OBONE,Nova Esports,omen,124,,163,0.75,,,0.56,0.34,,,,,,18,70,93,42,0,0
Champions Tour 2024: China Kickoff,All Stages,All Match Types,Nicc,Dragon Ranger Gaming,breach,45,,154,0.88,,,0.62,0.4,,,,,,18,28,32,18,0,0
Champions Tour 2024: China Kickoff,All Stages,All Match Types,Nicc,Dragon Ranger Gaming,gekko,24,,220,1.31,,,0.88,0.13,,,,,,21,21,16,3,0,0
Champions Tour 2024: China Kickoff,All Stages,All Match Types,Nicc,Dragon Ranger Gaming,kayo,59,,228,1.07,,,0.75,0.61,,,,,,15,44,41,36,0,0
Champions Tour 2024: China Kickoff,All Stages,All Match Types,Nicc,Dragon Ranger Gaming,skye,23,,159,1.0,,,0.61,0.43,,,,,,14,14,14,10,0,0
Champions Tour 2024: China Kickoff,All Stages,All Match Types,Nicc,Dragon Ranger Gaming,"breach, gekko, kayo, skye",151,,196,1.04,,,0.71,0.44,,,,,,21,107,103,67,0,0
Champions Tour 2024: China Kickoff,All Stages,All Match Types,nizhaoTZH,Dragon Ranger Gaming,brimstone,23,,167,1.08,,,0.61,0.43,,,,,,14,14,13,10,0,0
Champions Tour 2024: China Kickoff,All Stages,All Match Types,nizhaoTZH,Dragon Ranger Gaming,omen,85,,187,1.05,,,0.73,0.4,,,,,,21,62,59,34,0,0
Champions Tour 2024: China Kickoff,All Stages,All Match Types,nizhaoTZH,Dragon Ranger Gaming,viper,43,,215,1.07,,,0.74,0.3,,,,,,22,32,30,13,0,0
Champions Tour 2024: China Kickoff,All Stages,All Match Types,nizhaoTZH,Dragon Ranger Gaming,"brimstone, omen, viper",151,,192,1.06,,,0.72,0.38,,,,,,22,108,102,57,0,0
Champions Tour 2024: China Kickoff,All Stages,All Match Types,vo0kashu,Dragon Ranger Gaming,cypher,87,,264,1.28,,,0.95,0.31,,,,,,27,83,65,27,0,0
Champions Tour 2024: China Kickoff,All Stages,All Match Types,vo0kashu,Dragon Ranger Gaming,killjoy,64,,229,1.04,,,0.77,0.23,,,,,,21,49,47,15,0,0
Champions Tour 2024: China Kickoff,All Stages,All Match Types,vo0kashu,Dragon Ranger Gaming,"cypher, killjoy",151,,249,1.18,,,0.87,0.28,,,,,,27,132,112,42,0,0
Champions Tour 2024: China Kickoff,All Stages,All Match Types,TvirusLuke,Dragon Ranger Gaming,jett,83,,224,0.85,,,0.72,0.14,,,,,,19,60,71,12,0,0
Champions Tour 2024: China Kickoff,All Stages,All Match Types,TvirusLuke,Dragon Ranger Gaming,neon,24,,129,0.53,,,0.42,0.25,,,,,,10,10,19,6,0,0
Champions Tour 2024: China Kickoff,All Stages,All Match Types,TvirusLuke,Dragon Ranger Gaming,raze,44,,209,0.81,,,0.66,0.27,,,,,,21,29,36,12,0,0
Champions Tour 2024: China Kickoff,All Stages,All Match Types,TvirusLuke,Dragon Ranger Gaming,"jett, neon, raze",151,,206,0.79,,,0.66,0.2,,,,,,21,99,126,30,0,0
Champions Tour 2024: China Kickoff,All Stages,All Match Types,Dingwei,Dragon Ranger Gaming,skye,21,,249,1.13,,,0.86,0.38,,,,,,18,18,16,8,0,0
Champions Tour 2024: China Kickoff,All Stages,All Match Types,Dingwei,Dragon Ranger Gaming,sova,107,,142,0.68,,,0.48,0.28,,,,,,16,51,75,30,0,0
Champions Tour 2024: China Kickoff,All Stages,All Match Types,Dingwei,Dragon Ranger Gaming,viper,23,,164,0.81,,,0.57,0.3,,,,,,13,13,16,7,0,0
Champions Tour 2024: China Kickoff,All Stages,All Match Types,Dingwei,Dragon Ranger Gaming,"skye, sova, viper",151,,160,0.77,,,0.54,0.3,,,,,,18,82,107,45,0,0
Champions Tour 2024: China Kickoff,All Stages,All Match Types,monk,All Gamers,breach,45,,182,0.8,,,0.62,0.2,,,,,,18,28,35,9,0,0
Champions Tour 2024: China Kickoff,All Stages,All Match Types,monk,All Gamers,harbor,24,,168,0.89,,,0.71,0.21,,,,,,17,17,19,5,0,0
Champions Tour 2024: China Kickoff,All Stages,All Match Types,monk,All Gamers,killjoy,17,,226,0.8,,,0.71,0.12,,,,,,12,12,15,2,0,0
Champions Tour 2024: China Kickoff,All Stages,All Match Types,monk,All Gamers,"breach, harbor, killjoy",86,,189,0.83,,,0.66,0.19,,,,,,18,57,69,16,0,0
Champions Tour 2024: China Kickoff,All Stages,All Match Types,Spitfires,All Gamers,cypher,45,,150,0.71,,,0.56,0.18,,,,,,13,25,35,8,0,0
Champions Tour 2024: China Kickoff,All Stages,All Match Types,Spitfires,All Gamers,jett,17,,177,0.69,,,0.65,0.18,,,,,,11,11,16,3,0,0
Champions Tour 2024: China Kickoff,All Stages,All Match Types,Spitfires,All Gamers,killjoy,24,,228,1.24,,,0.88,0.13,,,,,,21,21,17,3,0,0
Champions Tour 2024: China Kickoff,All Stages,All Match Types,Spitfires,All Gamers,"cypher, jett, killjoy",86,,176,0.84,,,0.66,0.16,,,,,,21,57,68,14,0,0
Champions Tour 2024: China Kickoff,All Stages,All Match Types,sword9,All Gamers,kayo,24,,143,0.61,,,0.46,0.75,,,,,,11,11,18,18,0,0
Champions Tour 2024: China Kickoff,All Stages,All Match Types,sword9,All Gamers,sova,62,,167,0.81,,,0.56,0.15,,,,,,13,35,43,9,0,0
Champions Tour 2024: China Kickoff,All Stages,All Match Types,sword9,All Gamers,"kayo, sova",86,,161,0.75,,,0.53,0.31,,,,,,13,46,61,27,0,0
Champions Tour 2024: China Kickoff,All Stages,All Match Types,bunt,All Gamers,omen,62,,219,0.98,,,0.76,0.37,,,,,,28,47,48,23,0,0
Champions Tour 2024: China Kickoff,All Stages,All Match Types,bunt,All Gamers,viper,24,,305,1.75,,,1.17,0.25,,,,,,28,28,16,6,0,0
Champions Tour 2024: China Kickoff,All Stages,All Match Types,bunt,All Gamers,"omen, viper",86,,240,1.17,,,0.87,0.34,,,,,,28,75,64,29,0,0
Champions Tour 2024: China Kickoff,All Stages,All Match Types,deLb,All Gamers,raze,69,,214,0.94,,,0.7,0.17,,,,,,19,48,51,12,0,0
Champions Tour 2024: China Kickoff,All Stages,All Match Types,deLb,All Gamers,reyna,17,,112,0.47,,,0.41,0.18,,,,,,7,7,15,3,0,0
Champions Tour 2024: China Kickoff,All Stages,All Match Types,deLb,All Gamers,"raze, reyna",86,,188,0.83,,,0.64,0.17,,,,,,19,55,66,15,0,0
Champions Tour 2024: China Kickoff,All Stages,All Match Types,Smoggy,EDward Gaming,breach,72,,169,1.02,,,0.63,0.51,,,,,,18,45,44,37,0,0
Champions Tour 2024: China Kickoff,All Stages,All Match Types,Smoggy,EDward Gaming,kayo,97,,205,0.9,,,0.65,0.56,,,,,,20,63,70,54,0,0
Champions Tour 2024: China Kickoff,All Stages,All Match Types,Smoggy,EDward Gaming,raze,42,,183,1.19,,,0.74,0.14,,,,,,16,31,26,6,0,0
Champions Tour 2024: China Kickoff,All Stages,All Match Types,Smoggy,EDward Gaming,"breach, kayo, raze",211,,188,0.99,,,0.66,0.46,,,,,,20,139,140,97,0,0
Champions Tour 2024: China Kickoff,All Stages,All Match Types,CHICHOO,EDward Gaming,brimstone,42,,234,1.06,,,0.79,0.48,,,,,,20,33,31,20,0,0
Champions Tour 2024: China Kickoff,All Stages,All Match Types,CHICHOO,EDward Gaming,cypher,76,,196,1.28,,,0.78,0.11,,,,,,24,59,46,8,0,0
Champions Tour 2024: China Kickoff,All Stages,All Match Types,CHICHOO,EDward Gaming,killjoy,21,,203,0.88,,,0.67,0.0,,,,,,14,14,16,0,0,0
Champions Tour 2024: China Kickoff,All Stages,All Match Types,CHICHOO,EDward Gaming,viper,72,,217,1.06,,,0.76,0.29,,,,,,22,55,52,21,0,0
Champions Tour 2024: China Kickoff,All Stages,All Match Types,CHICHOO,EDward Gaming,"brimstone, cypher, killjoy, viper",211,,212,1.11,,,0.76,0.23,,,,,,24,161,145,49,0,0
Champions Tour 2024: China Kickoff,All Stages,All Match Types,Haodong,EDward Gaming,cypher,42,,194,1.24,,,0.74,0.21,,,,,,17,31,25,9,0,0
Champions Tour 2024: China Kickoff,All Stages,All Match Types,Haodong,EDward Gaming,omen,98,,174,0.88,,,0.58,0.49,,,,,,20,57,65,48,0,0
Champions Tour 2024: China Kickoff,All Stages,All Match Types,Haodong,EDward Gaming,viper,71,,94,0.46,,,0.32,0.24,,,,,,13,23,50,17,0,0
Champions Tour 2024: China Kickoff,All Stages,All Match Types,Haodong,EDward Gaming,"cypher, omen, viper",211,,152,0.79,,,0.53,0.35,,,,,,20,111,140,74,0,0
Champions Tour 2024: China Kickoff,All Stages,All Match Types,ZmjjKK,EDward Gaming,jett,124,,264,1.17,,,0.9,0.14,,,,,,30,112,96,17,0,0
Champions Tour 2024: China Kickoff,All Stages,All Match Types,ZmjjKK,EDward Gaming,kayo,42,,249,1.06,,,0.79,0.57,,,,,,21,33,31,24,0,0
Champions Tour 2024: China Kickoff,All Stages,All Match Types,ZmjjKK,EDward Gaming,raze,45,,296,1.19,,,0.98,0.13,,,,,,26,44,37,6,0,0
Champions Tour 2024: China Kickoff,All Stages,All Match Types,ZmjjKK,EDward Gaming,"jett, kayo, raze",211,,268,1.15,,,0.9,0.22,,,,,,30,189,164,47,0,0
Champions Tour 2024: China Kickoff,All Stages,All Match Types,nobody,EDward Gaming,skye,19,,207,1.25,,,0.79,0.26,,,,,,15,15,12,5,0,0
Champions Tour 2024: China Kickoff,All Stages,All Match Types,nobody,EDward Gaming,sova,192,,214,1.07,,,0.75,0.25,,,,,,27,144,134,48,0,0
Champions Tour 2024: China Kickoff,All Stages,All Match Types,nobody,EDward Gaming,"skye, sova",211,,213,1.09,,,0.75,0.25,,,,,,27,159,146,53,0,0
Champions Tour 2024: China Kickoff,All Stages,All Match Types,Knight,Bilibili Gaming,breach,50,,221,1.24,,,0.82,0.5,,,,,,24,41,33,25,0,0
Champions Tour 2024: China Kickoff,All Stages,All Match Types,Knight,Bilibili Gaming,cypher,26,,207,1.0,,,0.73,0.35,,,,,,19,19,19,9,0,0
Champions Tour 2024: China Kickoff,All Stages,All Match Types,Knight,Bilibili Gaming,kayo,43,,230,0.94,,,0.67,0.6,,,,,,16,29,31,26,0,0
Champions Tour 2024: China Kickoff,All Stages,All Match Types,Knight,Bilibili Gaming,killjoy,83,,225,1.28,,,0.82,0.14,,,,,,21,68,53,12,0,0
Champions Tour 2024: China Kickoff,All Stages,All Match Types,Knight,Bilibili Gaming,"breach, cypher, kayo, killjoy",202,,223,1.15,,,0.78,0.36,,,,,,24,157,136,72,0,0
Champions Tour 2024: China Kickoff,All Stages,All Match Types,B3ar,Bilibili Gaming,brimstone,26,,105,0.53,,,0.35,0.27,,,,,,9,9,17,7,0,0
Champions Tour 2024: China Kickoff,All Stages,All Match Types,B3ar,Bilibili Gaming,harbor,43,,163,0.93,,,0.6,0.3,,,,,,14,26,28,13,0,0
Champions Tour 2024: China Kickoff,All Stages,All Match Types,B3ar,Bilibili Gaming,omen,133,,127,0.71,,,0.45,0.51,,,,,,12,60,84,68,0,0
Champions Tour 2024: China Kickoff,All Stages,All Match Types,B3ar,Bilibili Gaming,"brimstone, harbor, omen",202,,132,0.74,,,0.47,0.44,,,,,,14,95,129,88,0,0
Champions Tour 2024: China Kickoff,All Stages,All Match Types,Yosemite,Bilibili Gaming,cypher,50,,188,1.0,,,0.7,0.22,,,,,,28,35,35,11,0,0
Champions Tour 2024: China Kickoff,All Stages,All Match Types,Yosemite,Bilibili Gaming,killjoy,43,,168,0.87,,,0.6,0.28,,,,,,17,26,30,12,0,0
Champions Tour 2024: China Kickoff,All Stages,All Match Types,Yosemite,Bilibili Gaming,viper,109,,258,1.46,,,0.87,0.34,,,,,,23,95,65,37,0,0
Champions Tour 2024: China Kickoff,All Stages,All Match Types,Yosemite,Bilibili Gaming,"cypher, killjoy, viper",202,,222,1.2,,,0.77,0.3,,,,,,28,156,130,60,0,0
Champions Tour 2024: China Kickoff,All Stages,All Match Types,Biank,Bilibili Gaming,fade,90,,204,0.92,,,0.64,0.31,,,,,,19,58,63,28,0,0
Champions Tour 2024: China Kickoff,All Stages,All Match Types,Biank,Bilibili Gaming,skye,26,,155,0.68,,,0.5,0.38,,,,,,13,13,19,10,0,0
Champions Tour 2024: China Kickoff,All Stages,All Match Types,Biank,Bilibili Gaming,sova,86,,188,0.9,,,0.64,0.27,,,,,,16,55,61,23,0,0
Champions Tour 2024: China Kickoff,All Stages,All Match Types,Biank,Bilibili Gaming,"fade, skye, sova",202,,191,0.88,,,0.62,0.3,,,,,,19,126,143,61,0,0
Champions Tour 2024: China Kickoff,All Stages,All Match Types,whzy,Bilibili Gaming,jett,86,,228,1.09,,,0.83,0.19,,,,,,25,71,65,16,0,0
Champions Tour 2024: China Kickoff,All Stages,All Match Types,whzy,Bilibili Gaming,raze,116,,258,1.2,,,0.87,0.19,,,,,,23,101,84,22,0,0
Champions Tour 2024: China Kickoff,All Stages,All Match Types,whzy,Bilibili Gaming,"jett, raze",202,,245,1.15,,,0.85,0.19,,,,,,25,172,149,38,0,0
Champions Tour 2024: China Kickoff,All Stages,All Match Types,ICEKING,TYLOO,cypher,41,,186,0.73,,,0.59,0.27,,,,,,14,24,33,11,0,0
Champions Tour 2024: China Kickoff,All Stages,All Match Types,ICEKING,TYLOO,kayo,16,,179,0.64,,,0.56,0.44,,,,,,9,9,14,7,0,0
Champions Tour 2024: China Kickoff,All Stages,All Match Types,ICEKING,TYLOO,viper,24,,284,1.44,,,0.96,0.29,,,,,,23,23,16,7,0,0
Champions Tour 2024: China Kickoff,All Stages,All Match Types,ICEKING,TYLOO,"cypher, kayo, viper",81,,208,0.89,,,0.69,0.31,,,,,,23,56,63,25,0,0
Champions Tour 2024: China Kickoff,All Stages,All Match Types,AAK,TYLOO,cypher,40,,146,0.77,,,0.58,0.2,,,,,,19,23,30,8,0,0
Champions Tour 2024: China Kickoff,All Stages,All Match Types,AAK,TYLOO,jett,41,,200,0.89,,,0.76,0.17,,,,,,18,31,35,7,0,0
Champions Tour 2024: China Kickoff,All Stages,All Match Types,AAK,TYLOO,"cypher, jett",81,,173,0.83,,,0.67,0.19,,,,,,19,54,65,15,0,0
Champions Tour 2024: China Kickoff,All Stages,All Match Types,hfmi0dzjc9z7,TYLOO,gekko,16,,191,0.8,,,0.75,0.0,,,,,,12,12,15,0,0,0
Champions Tour 2024: China Kickoff,All Stages,All Match Types,hfmi0dzjc9z7,TYLOO,skye,24,,84,0.32,,,0.25,0.38,,,,,,6,6,19,9,0,0
Champions Tour 2024: China Kickoff,All Stages,All Match Types,hfmi0dzjc9z7,TYLOO,sova,41,,168,0.72,,,0.56,0.29,,,,,,13,23,32,12,0,0
Champions Tour 2024: China Kickoff,All Stages,All Match Types,hfmi0dzjc9z7,TYLOO,"gekko, skye, sova",81,,152,0.62,,,0.51,0.26,,,,,,13,41,66,21,0,0
Champions Tour 2024: China Kickoff,All Stages,All Match Types,LuoK1ng,TYLOO,omen,81,,208,1.02,,,0.75,0.3,,,,,,23,61,60,24,0,0
Champions Tour 2024: China Kickoff,All Stages,All Match Types,Ninebody,TYLOO,phoenix,41,,219,1.07,,,0.76,0.51,,,,,,22,31,29,21,0,0
Champions Tour 2024: China Kickoff,All Stages,All Match Types,Ninebody,TYLOO,raze,40,,246,1.0,,,0.8,0.25,,,,,,20,32,32,10,0,0
Champions Tour 2024: China Kickoff,All Stages,All Match Types,Ninebody,TYLOO,"phoenix, raze",81,,232,1.03,,,0.78,0.38,,,,,,22,63,61,31,0,0
Champions Tour 2024: China Kickoff,All Stages,All Match Types,Yuicaw,Wolves Esports,cypher,134,,209,1.01,,,0.72,0.31,,,,,,19,96,95,42,0,0
Champions Tour 2024: China Kickoff,All Stages,All Match Types,Yuicaw,Wolves Esports,raze,23,,222,1.0,,,0.74,0.22,,,,,,17,17,17,5,0,0
Champions Tour 2024: China Kickoff,All Stages,All Match Types,Yuicaw,Wolves Esports,"cypher, raze",157,,211,1.01,,,0.72,0.3,,,,,,19,113,112,47,0,0
Champions Tour 2024: China Kickoff,All Stages,All Match Types,Spring,Wolves Esports,jett,112,,195,1.01,,,0.71,0.16,,,,,,26,79,78,18,0,0
Champions Tour 2024: China Kickoff,All Stages,All Match Types,Spring,Wolves Esports,omen,23,,252,1.5,,,0.91,0.35,,,,,,21,21,14,8,0,0
Champions Tour 2024: China Kickoff,All Stages,All Match Types,Spring,Wolves Esports,raze,22,,180,0.79,,,0.5,0.32,,,,,,11,11,14,7,0,0
Champions Tour 2024: China Kickoff,All Stages,All Match Types,Spring,Wolves Esports,"jett, omen, raze",157,,201,1.05,,,0.71,0.21,,,,,,26,111,106,33,0,0
Champions Tour 2024: China Kickoff,All Stages,All Match Types,pl1xx,Wolves Esports,kayo,45,,244,1.3,,,0.87,0.56,,,,,,21,39,30,25,0,0
Champions Tour 2024: China Kickoff,All Stages,All Match Types,pl1xx,Wolves Esports,phoenix,22,,219,1.0,,,0.77,0.23,,,,,,17,17,17,5,0,0
Champions Tour 2024: China Kickoff,All Stages,All Match Types,pl1xx,Wolves Esports,viper,43,,218,1.07,,,0.74,0.23,,,,,,17,32,30,10,0,0
Champions Tour 2024: China Kickoff,All Stages,All Match Types,pl1xx,Wolves Esports,yoru,47,,185,0.83,,,0.62,0.32,,,,,,15,29,35,15,0,0
Champions Tour 2024: China Kickoff,All Stages,All Match Types,pl1xx,Wolves Esports,"kayo, phoenix, viper, yoru",157,,216,1.04,,,0.75,0.35,,,,,,21,117,112,55,0,0
Champions Tour 2024: China Kickoff,All Stages,All Match Types,aluba,Wolves Esports,killjoy,43,,178,0.87,,,0.6,0.19,,,,,,15,26,30,8,0,0
Champions Tour 2024: China Kickoff,All Stages,All Match Types,aluba,Wolves Esports,omen,67,,202,1.17,,,0.72,0.54,,,,,,17,48,41,36,0,0
Champions Tour 2024: China Kickoff,All Stages,All Match Types,aluba,Wolves Esports,skye,23,,189,0.83,,,0.65,0.35,,,,,,15,15,18,8,0,0
Champions Tour 2024: China Kickoff,All Stages,All Match Types,aluba,Wolves Esports,viper,24,,171,0.93,,,0.58,0.33,,,,,,14,14,15,8,0,0
Champions Tour 2024: China Kickoff,All Stages,All Match Types,aluba,Wolves Esports,"killjoy, omen, skye, viper",157,,189,0.99,,,0.66,0.38,,,,,,17,103,104,60,0,0
Champions Tour 2024: China Kickoff,All Stages,All Match Types,coldfish,Wolves Esports,sova,134,,195,1.21,,,0.74,0.22,,,,,,21,99,82,29,0,0
Champions Tour 2024: China Kickoff,All Stages,All Match Types,coldfish,Wolves Esports,viper,23,,114,0.67,,,0.43,0.22,,,,,,10,10,15,5,0,0
Champions Tour 2024: China Kickoff,All Stages,All Match Types,coldfish,Wolves Esports,"sova, viper",157,,183,1.12,,,0.69,0.22,,,,,,21,109,97,34,0,0
Champions Tour 2024: Masters Madrid,Playoffs,Upper Semifinals,cauanzin,LOUD,breach,43,1.06,253,1.06,70%,155,0.81,0.28,0.02,0.12,25%,,0/2,18,35,33,12,1,5
Champions Tour 2024: Masters Madrid,Playoffs,Upper Semifinals,cauanzin,LOUD,sova,26,0.98,185,0.94,69%,128,0.62,0.15,0.12,0.0,22%,,,16,16,17,4,3,0
Champions Tour 2024: Masters Madrid,Playoffs,Upper Semifinals,cauanzin,LOUD,"breach, sova",69,1.04,230,1.02,70%,145,0.74,0.23,0.06,0.07,25%,,0/2,18,51,50,16,4,5
Champions Tour 2024: Masters Madrid,Playoffs,Upper Semifinals,tuyz,LOUD,harbor,26,1.21,199,1.33,69%,129,0.77,0.38,0.08,0.0,30%,,0/3,20,20,15,10,2,0
Champions Tour 2024: Masters Madrid,Playoffs,Upper Semifinals,tuyz,LOUD,omen,43,1.1,188,1.24,72%,130,0.72,0.28,0.02,0.07,25%,13%,1/8,20,31,25,12,1,3
Champions Tour 2024: Masters Madrid,Playoffs,Upper Semifinals,tuyz,LOUD,"harbor, omen",69,1.14,192,1.28,71%,129,0.74,0.32,0.04,0.04,27%,9%,1/11,20,51,40,22,3,3
Champions Tour 2024: Masters Madrid,Playoffs,Upper Semifinals,Quick,LOUD,jett,26,1.2,249,1.28,81%,166,0.88,0.27,0.31,0.08,30%,,0/1,23,23,18,7,8,2
Champions Tour 2024: Masters Madrid,Playoffs,Upper Semifinals,Quick,LOUD,phoenix,26,1.26,280,1.42,81%,173,1.04,0.27,0.19,0.08,24%,,0/2,27,27,19,7,5,2
Champions Tour 2024: Masters Madrid,Playoffs,Upper Semifinals,Quick,LOUD,raze,17,0.55,168,0.63,65%,109,0.59,0.12,0.06,0.18,19%,,,10,10,16,2,1,3
Champions Tour 2024: Masters Madrid,Playoffs,Upper Semifinals,Quick,LOUD,"jett, phoenix, raze",69,1.01,232,1.13,77%,154,0.87,0.23,0.2,0.1,25%,,0/3,27,60,53,16,14,7
Champions Tour 2024: Masters Madrid,Playoffs,Upper Semifinals,saadhak,LOUD,killjoy,26,1.19,225,1.27,81%,153,0.73,0.35,0.12,0.12,24%,,0/3,19,19,15,9,3,3
Champions Tour 2024: Masters Madrid,Playoffs,Upper Semifinals,saadhak,LOUD,skye,17,0.47,126,0.47,53%,85,0.41,0.24,0.06,0.35,12%,,0/2,7,7,15,4,1,6
Champions Tour 2024: Masters Madrid,Playoffs,Upper Semifinals,saadhak,LOUD,sova,26,1.21,226,1.24,73%,149,0.81,0.38,0.15,0.08,25%,25%,1/4,21,21,17,10,4,2
Champions Tour 2024: Masters Madrid,Playoffs,Upper Semifinals,saadhak,LOUD,"killjoy, skye, sova",69,0.96,192,1.0,71%,135,0.68,0.33,0.12,0.16,22%,11%,1/9,21,47,47,23,8,11
Champions Tour 2024: Masters Madrid,Playoffs,Upper Semifinals,Less,LOUD,viper,69,0.99,178,1.0,78%,136,0.64,0.38,0.1,0.1,31%,,0/12,21,44,44,26,7,7
Champions Tour 2024: Masters Madrid,Playoffs,Upper Semifinals,johnqt,Sentinels,cypher,43,1.13,232,1.24,79%,152,0.84,0.21,0.16,0.05,33%,45%,5/11,21,36,29,9,7,2
Champions Tour 2024: Masters Madrid,Playoffs,Upper Semifinals,johnqt,Sentinels,viper,26,1.18,231,1.31,73%,160,0.81,0.23,0.04,0.04,20%,25%,2/8,21,21,16,6,1,1
Champions Tour 2024: Masters Madrid,Playoffs,Upper Semifinals,johnqt,Sentinels,"cypher, viper",69,1.14,232,1.27,77%,155,0.83,0.22,0.12,0.04,28%,37%,7/19,21,57,45,15,8,3
Champions Tour 2024: Masters Madrid,Playoffs,Upper Semifinals,Sacy,Sentinels,gekko,52,0.73,151,0.69,54%,106,0.52,0.13,0.02,0.17,18%,20%,1/5,18,27,39,7,1,9
Champions Tour 2024: Masters Madrid,Playoffs,Upper Semifinals,Sacy,Sentinels,skye,17,0.94,178,0.83,88%,108,0.59,0.47,0.24,0.0,27%,33%,1/3,10,10,12,8,4,0
Champions Tour 2024: Masters Madrid,Playoffs,Upper Semifinals,Sacy,Sentinels,"gekko, skye",69,0.8,160,0.73,62%,106,0.54,0.22,0.07,0.13,20%,25%,2/8,18,37,51,15,5,9
Champions Tour 2024: Masters Madrid,Playoffs,Upper Semifinals,zekken,Sentinels,jett,26,0.9,223,1.0,73%,135,0.77,0.0,0.23,0.19,22%,,0/2,20,20,20,0,6,5
Champions Tour 2024: Masters Madrid,Playoffs,Upper Semifinals,zekken,Sentinels,raze,43,0.92,206,0.79,65%,138,0.63,0.37,0.21,0.19,20%,100%,1/1,14,27,34,16,9,8
Champions Tour 2024: Masters Madrid,Playoffs,Upper Semifinals,zekken,Sentinels,"jett, raze",69,0.91,212,0.87,68%,137,0.68,0.23,0.22,0.19,20%,33%,1/3,20,47,54,16,15,13
Champions Tour 2024: Masters Madrid,Playoffs,Upper Semifinals,Zellsis,Sentinels,kayo,26,0.83,160,0.57,65%,100,0.5,0.65,0.08,0.12,12%,,0/3,13,13,23,17,2,3
Champions Tour 2024: Masters Madrid,Playoffs,Upper Semifinals,Zellsis,Sentinels,killjoy,26,0.79,187,0.7,58%,128,0.54,0.23,0.0,0.15,13%,,0/3,14,14,20,6,0,4
Champions Tour 2024: Masters Madrid,Playoffs,Upper Semifinals,Zellsis,Sentinels,viper,17,1.6,294,2.38,88%,186,1.12,0.35,0.06,0.0,24%,50%,1/2,19,19,8,6,1,0
Champions Tour 2024: Masters Madrid,Playoffs,Upper Semifinals,Zellsis,Sentinels,"kayo, killjoy, viper",69,1.07,214,0.9,68%,132,0.67,0.42,0.04,0.1,16%,13%,1/8,19,46,51,29,3,7
Champions Tour 2024: Masters Madrid,Playoffs,Upper Semifinals,TenZ,Sentinels,kayo,26,0.7,168,0.61,65%,103,0.54,0.69,0.0,0.12,30%,50%,1/2,14,14,23,18,0,3
Champions Tour 2024: Masters Madrid,Playoffs,Upper Semifinals,TenZ,Sentinels,omen,43,1.24,212,1.14,74%,136,0.77,0.53,0.05,0.02,28%,67%,2/3,18,33,29,23,2,1
Champions Tour 2024: Masters Madrid,Playoffs,Upper Semifinals,TenZ,Sentinels,"kayo, omen",69,1.06,197,0.9,71%,124,0.68,0.59,0.03,0.06,29%,60%,3/5,18,47,52,41,2,4
Champions Tour 2024: Masters Madrid,Playoffs,Upper Semifinals,f0rsakeN,Paper Rex,cypher,22,0.78,167,0.82,77%,122,0.64,0.14,0.09,0.14,42%,,0/3,14,14,17,3,2,3
Champions Tour 2024: Masters Madrid,Playoffs,Upper Semifinals,f0rsakeN,Paper Rex,raze,21,1.11,235,1.0,62%,166,0.76,0.24,0.14,0.14,28%,,0/2,16,16,16,5,3,3
Champions Tour 2024: Masters Madrid,Playoffs,Upper Semifinals,f0rsakeN,Paper Rex,"cypher, raze",43,0.94,201,0.91,70%,144,0.7,0.19,0.12,0.14,33%,,0/5,16,30,33,8,5,6
Champions Tour 2024: Masters Madrid,Playoffs,Upper Semifinals,something,Paper Rex,jett,43,0.92,200,0.81,67%,136,0.7,0.33,0.12,0.16,26%,,0/5,18,30,37,14,5,7
Champions Tour 2024: Masters Madrid,Playoffs,Upper Semifinals,Monyet,Paper Rex,omen,21,1.09,272,1.18,86%,174,0.95,0.57,0.1,0.1,40%,,0/2,20,20,17,12,2,2
Champions Tour 2024: Masters Madrid,Playoffs,Upper Semifinals,Monyet,Paper Rex,raze,22,0.71,148,0.58,64%,113,0.5,0.32,0.09,0.23,33%,,,11,11,19,7,2,5
Champions Tour 2024: Masters Madrid,Playoffs,Upper Semifinals,Monyet,Paper Rex,"omen, raze",43,0.9,210,0.86,74%,143,0.72,0.44,0.09,0.16,38%,,0/2,20,31,36,19,4,7
Champions Tour 2024: Masters Madrid,Playoffs,Upper Semifinals,mindfreak,Paper Rex,omen,22,0.56,133,0.42,55%,92,0.36,0.32,0.05,0.14,38%,,0/2,8,8,19,7,1,3
Champions Tour 2024: Masters Madrid,Playoffs,Upper Semifinals,mindfreak,Paper Rex,viper,21,0.69,95,0.33,67%,71,0.24,0.48,0.0,0.14,22%,,0/1,5,5,15,10,0,3
Champions Tour 2024: Masters Madrid,Playoffs,Upper Semifinals,mindfreak,Paper Rex,"omen, viper",43,0.62,114,0.38,60%,82,0.3,0.4,0.02,0.14,31%,,0/3,8,13,34,17,1,6
Champions Tour 2024: Masters Madrid,Playoffs,Upper Semifinals,d4v41,Paper Rex,skye,43,1.27,238,1.34,72%,150,0.91,0.3,0.02,0.02,32%,15%,2/13,25,39,29,13,1,1
Champions Tour 2024: Masters Madrid,Playoffs,Upper Semifinals,Lakia,Gen.G,fade,22,0.91,170,1.0,73%,113,0.68,0.27,0.0,0.18,26%,67%,2/3,15,15,15,6,0,4
Champions Tour 2024: Masters Madrid,Playoffs,Upper Semifinals,Lakia,Gen.G,skye,21,1.12,211,1.21,71%,141,0.81,0.38,0.19,0.14,20%,33%,1/3,17,17,14,8,4,3
Champions Tour 2024: Masters Madrid,Playoffs,Upper Semifinals,Lakia,Gen.G,"fade, skye",43,1.02,190,1.1,72%,127,0.74,0.33,0.09,0.16,23%,50%,3/6,17,32,29,14,4,7
Champions Tour 2024: Masters Madrid,Playoffs,Upper Semifinals,Meteor,Gen.G,jett,21,0.81,172,1.07,67%,124,0.76,0.0,0.19,0.1,26%,,0/2,16,16,15,0,4,2
Champions Tour 2024: Masters Madrid,Playoffs,Upper Semifinals,Meteor,Gen.G,killjoy,22,1.21,240,1.43,91%,167,0.91,0.14,0.14,0.0,30%,,0/2,20,20,14,3,3,0
Champions Tour 2024: Masters Madrid,Playoffs,Upper Semifinals,Meteor,Gen.G,"jett, killjoy",43,1.01,206,1.24,79%,146,0.84,0.07,0.16,0.05,28%,,0/4,20,36,29,3,7,2
Champions Tour 2024: Masters Madrid,Playoffs,Upper Semifinals,Karon,Gen.G,omen,43,1.06,214,0.97,77%,142,0.7,0.53,0.16,0.02,27%,,0/3,17,30,31,23,7,1
Champions Tour 2024: Masters Madrid,Playoffs,Upper Semifinals,t3xture,Gen.G,raze,43,1.19,230,1.17,81%,164,0.81,0.37,0.19,0.07,21%,,0/1,21,35,30,16,8,3
Champions Tour 2024: Masters Madrid,Playoffs,Upper Semifinals,Munchkin,Gen.G,viper,43,1.21,230,1.5,86%,152,0.84,0.33,0.02,0.07,18%,14%,1/7,18,36,24,14,1,3
Champions Tour 2024: Masters Madrid,Playoffs,Upper Final,Karon,Gen.G,astra,16,1.23,206,1.44,88%,160,0.81,0.5,0.13,0.06,37%,,0/1,13,13,9,8,2,1
Champions Tour 2024: Masters Madrid,Playoffs,Upper Final,Karon,Gen.G,omen,38,0.91,170,0.86,71%,106,0.63,0.34,0.05,0.05,18%,,0/4,14,24,28,13,2,2
Champions Tour 2024: Masters Madrid,Playoffs,Upper Final,Karon,Gen.G,"astra, omen",54,1.02,182,1.0,76%,122,0.69,0.39,0.07,0.06,22%,,0/5,14,37,37,21,4,3
Champions Tour 2024: Masters Madrid,Playoffs,Upper Final,Lakia,Gen.G,fade,20,0.6,109,0.53,60%,80,0.4,0.2,0.05,0.1,16%,,0/1,8,8,15,4,1,2
Champions Tour 2024: Masters Madrid,Playoffs,Upper Final,Lakia,Gen.G,skye,18,0.64,91,0.5,50%,57,0.33,0.17,0.0,0.06,24%,,,6,6,12,3,0,1
Champions Tour 2024: Masters Madrid,Playoffs,Upper Final,Lakia,Gen.G,sova,16,1.12,197,1.11,81%,124,0.63,0.63,0.06,0.06,23%,,,10,10,9,10,1,1
Champions Tour 2024: Masters Madrid,Playoffs,Upper Final,Lakia,Gen.G,"fade, skye, sova",54,0.79,132,0.67,63%,86,0.44,0.31,0.04,0.07,20%,,0/1,10,24,36,17,2,4
Champions Tour 2024: Masters Madrid,Playoffs,Upper Final,t3xture,Gen.G,jett,16,1.47,248,1.88,88%,168,0.94,0.13,0.19,0.13,19%,,0/2,15,15,8,2,3,2
Champions Tour 2024: Masters Madrid,Playoffs,Upper Final,t3xture,Gen.G,raze,38,0.84,202,0.84,71%,128,0.71,0.18,0.24,0.18,16%,,0/3,18,27,32,7,9,7
Champions Tour 2024: Masters Madrid,Playoffs,Upper Final,t3xture,Gen.G,"jett, raze",54,1.05,217,1.05,76%,140,0.78,0.17,0.22,0.17,17%,,0/5,18,42,40,9,12,9
Champions Tour 2024: Masters Madrid,Playoffs,Upper Final,Meteor,Gen.G,jett,18,1.32,261,1.45,78%,171,0.89,0.33,0.17,0.11,33%,,0/1,16,16,11,6,3,2
Champions Tour 2024: Masters Madrid,Playoffs,Upper Final,Meteor,Gen.G,killjoy,20,1.19,291,1.4,85%,204,1.05,0.05,0.1,0.2,31%,33%,1/3,21,21,15,1,2,4
Champions Tour 2024: Masters Madrid,Playoffs,Upper Final,Meteor,Gen.G,yoru,16,1.54,307,2.11,88%,212,1.19,0.5,0.13,0.13,49%,,,19,19,9,8,2,2
Champions Tour 2024: Masters Madrid,Playoffs,Upper Final,Meteor,Gen.G,"jett, killjoy, yoru",54,1.35,286,1.6,83%,195,1.04,0.28,0.13,0.15,36%,25%,1/4,21,56,35,15,7,8
Champions Tour 2024: Masters Madrid,Playoffs,Upper Final,Munchkin,Gen.G,viper,54,1.17,180,1.3,69%,127,0.65,0.31,0.07,0.02,28%,38%,3/8,14,35,27,17,4,1
Champions Tour 2024: Masters Madrid,Playoffs,Upper Final,johnqt,Sentinels,cypher,34,0.98,201,1.23,76%,118,0.79,0.18,0.09,0.03,31%,,0/12,18,27,22,6,3,1
Champions Tour 2024: Masters Madrid,Playoffs,Upper Final,johnqt,Sentinels,viper,20,1.49,240,2.0,90%,147,0.9,0.3,0.05,0.0,29%,,0/3,18,18,9,6,1,0
Champions Tour 2024: Masters Madrid,Playoffs,Upper Final,johnqt,Sentinels,"cypher, viper",54,1.15,214,1.45,81%,129,0.83,0.22,0.07,0.02,30%,,0/15,18,45,31,12,4,1
Champions Tour 2024: Masters Madrid,Playoffs,Upper Final,Sacy,Sentinels,fade,20,1.07,196,0.93,75%,146,0.65,0.65,0.05,0.15,30%,100%,1/1,13,13,14,13,1,3
Champions Tour 2024: Masters Madrid,Playoffs,Upper Final,Sacy,Sentinels,skye,18,0.78,142,0.62,50%,100,0.44,0.39,0.0,0.11,11%,,0/1,8,8,13,7,0,2
Champions Tour 2024: Masters Madrid,Playoffs,Upper Final,Sacy,Sentinels,sova,16,1.11,272,1.07,81%,173,0.94,0.19,0.13,0.0,50%,,0/3,15,15,14,3,2,0
Champions Tour 2024: Masters Madrid,Playoffs,Upper Final,Sacy,Sentinels,"fade, skye, sova",54,0.98,203,0.88,69%,139,0.67,0.43,0.06,0.09,30%,20%,1/5,15,36,41,23,3,5
Champions Tour 2024: Masters Madrid,Playoffs,Upper Final,zekken,Sentinels,jett,16,0.67,150,0.47,69%,96,0.44,0.25,0.19,0.44,25%,,,7,7,15,4,3,7
Champions Tour 2024: Masters Madrid,Playoffs,Upper Final,zekken,Sentinels,raze,38,1.16,241,1.32,71%,155,0.87,0.21,0.21,0.16,16%,50%,1/2,23,33,25,8,8,6
Champions Tour 2024: Masters Madrid,Playoffs,Upper Final,zekken,Sentinels,"jett, raze",54,1.0,211,1.0,70%,138,0.74,0.22,0.2,0.24,18%,50%,1/2,23,40,40,12,11,13
Champions Tour 2024: Masters Madrid,Playoffs,Upper Final,TenZ,Sentinels,kayo,16,0.33,87,0.25,75%,53,0.25,0.56,0.06,0.13,13%,,0/1,4,4,16,9,1,2
Champions Tour 2024: Masters Madrid,Playoffs,Upper Final,TenZ,Sentinels,omen,38,0.68,129,0.55,71%,83,0.42,0.55,0.05,0.13,36%,,0/3,8,16,29,21,2,5
Champions Tour 2024: Masters Madrid,Playoffs,Upper Final,TenZ,Sentinels,"kayo, omen",54,0.57,115,0.44,72%,74,0.37,0.56,0.06,0.13,30%,,0/4,8,20,45,30,3,7
Champions Tour 2024: Masters Madrid,Playoffs,Upper Final,Zellsis,Sentinels,killjoy,20,1.07,186,1.17,70%,108,0.7,0.15,0.1,0.1,12%,,0/2,14,14,12,3,2,2
Champions Tour 2024: Masters Madrid,Playoffs,Upper Final,Zellsis,Sentinels,viper,34,1.01,202,0.8,62%,140,0.59,0.5,0.06,0.03,22%,,0/4,15,20,25,17,2,1
Champions Tour 2024: Masters Madrid,Playoffs,Upper Final,Zellsis,Sentinels,"killjoy, viper",54,1.03,197,0.92,65%,128,0.63,0.37,0.07,0.06,18%,,0/6,15,34,37,20,4,3
Champions Tour 2024: Masters Madrid,Playoffs,Grand Final,Karon,Gen.G,astra,21,1.2,207,1.31,71%,154,0.81,0.38,0.0,0.05,34%,100%,1/1,17,17,13,8,0,1
Champions Tour 2024: Masters Madrid,Playoffs,Grand Final,Karon,Gen.G,brimstone,26,1.02,211,1.11,77%,137,0.77,0.27,0.12,0.04,25%,,0/3,20,20,18,7,3,1
Champions Tour 2024: Masters Madrid,Playoffs,Grand Final,Karon,Gen.G,omen,44,0.92,194,0.97,73%,122,0.7,0.43,0.11,0.09,29%,,0/5,18,31,32,19,5,4
Champions Tour 2024: Masters Madrid,Playoffs,Grand Final,Karon,Gen.G,viper,19,0.77,198,0.73,74%,127,0.58,0.42,0.11,0.05,22%,,0/6,11,11,15,8,2,1
Champions Tour 2024: Masters Madrid,Playoffs,Grand Final,Karon,Gen.G,"astra, brimstone, omen, viper",110,0.96,201,1.01,74%,132,0.72,0.38,0.09,0.06,28%,7%,1/15,20,79,78,42,10,7
Champions Tour 2024: Masters Madrid,Playoffs,Grand Final,Meteor,Gen.G,cypher,26,1.06,245,1.29,69%,158,0.85,0.31,0.12,0.15,31%,,0/3,22,22,17,8,3,4
Champions Tour 2024: Masters Madrid,Playoffs,Grand Final,Meteor,Gen.G,jett,23,0.89,230,1.0,57%,140,0.87,0.09,0.22,0.09,27%,33%,1/3,20,20,20,2,5,2
Champions Tour 2024: Masters Madrid,Playoffs,Grand Final,Meteor,Gen.G,killjoy,40,0.68,166,0.64,70%,117,0.53,0.2,0.08,0.15,17%,,0/2,14,21,33,8,3,6
Champions Tour 2024: Masters Madrid,Playoffs,Grand Final,Meteor,Gen.G,yoru,21,0.85,172,0.93,62%,109,0.62,0.19,0.05,0.24,28%,,0/2,13,13,14,4,1,5
Champions Tour 2024: Masters Madrid,Playoffs,Grand Final,Meteor,Gen.G,"cypher, jett, killjoy, yoru",110,0.84,196,0.9,65%,130,0.69,0.2,0.11,0.15,24%,10%,1/10,22,76,84,22,12,17
Champions Tour 2024: Masters Madrid,Playoffs,Grand Final,Lakia,Gen.G,gekko,19,0.79,194,0.81,58%,155,0.68,0.05,0.11,0.11,26%,50%,1/2,13,13,16,1,2,2
Champions Tour 2024: Masters Madrid,Playoffs,Grand Final,Lakia,Gen.G,skye,49,0.8,152,0.78,71%,97,0.57,0.27,0.04,0.1,30%,17%,1/6,19,28,36,13,2,5
Champions Tour 2024: Masters Madrid,Playoffs,Grand Final,Lakia,Gen.G,sova,42,1.1,191,1.04,79%,140,0.64,0.33,0.07,0.07,17%,43%,3/7,15,27,26,14,3,3
Champions Tour 2024: Masters Madrid,Playoffs,Grand Final,Lakia,Gen.G,"gekko, skye, sova",110,0.92,176,0.87,72%,123,0.62,0.25,0.06,0.09,23%,33%,5/15,19,68,78,28,7,10
Champions Tour 2024: Masters Madrid,Playoffs,Grand Final,t3xture,Gen.G,jett,61,0.89,223,0.98,70%,141,0.8,0.11,0.13,0.11,31%,33%,1/3,19,49,50,7,8,7
Champions Tour 2024: Masters Madrid,Playoffs,Grand Final,t3xture,Gen.G,raze,49,0.91,202,0.89,65%,134,0.67,0.1,0.08,0.18,20%,,0/3,22,33,37,5,4,9
Champions Tour 2024: Masters Madrid,Playoffs,Grand Final,t3xture,Gen.G,"jett, raze",110,0.9,214,0.94,68%,138,0.75,0.11,0.11,0.15,26%,17%,1/6,22,82,87,12,12,16
Champions Tour 2024: Masters Madrid,Playoffs,Grand Final,Munchkin,Gen.G,kayo,40,1.1,189,1.24,75%,117,0.78,0.43,0.05,0.1,17%,13%,1/8,18,31,25,17,2,4
Champions Tour 2024: Masters Madrid,Playoffs,Grand Final,Munchkin,Gen.G,viper,70,0.93,181,0.83,61%,124,0.57,0.43,0.03,0.14,24%,9%,1/11,19,40,48,30,2,10
Champions Tour 2024: Masters Madrid,Playoffs,Grand Final,Munchkin,Gen.G,"kayo, viper",110,1.0,184,0.97,66%,121,0.65,0.43,0.04,0.13,21%,11%,2/19,19,71,73,47,4,14
Champions Tour 2024: Masters Madrid,Playoffs,Grand Final,Zellsis,Sentinels,brimstone,26,1.15,175,1.0,81%,118,0.58,0.73,0.04,0.08,26%,33%,1/3,15,15,15,19,1,2
Champions Tour 2024: Masters Madrid,Playoffs,Grand Final,Zellsis,Sentinels,kayo,21,0.71,141,0.56,76%,92,0.43,0.57,0.05,0.14,19%,,0/2,9,9,16,12,1,3
Champions Tour 2024: Masters Madrid,Playoffs,Grand Final,Zellsis,Sentinels,killjoy,19,1.45,268,2.11,89%,183,1.0,0.16,0.05,0.0,20%,,0/3,19,19,9,3,1,0
Champions Tour 2024: Masters Madrid,Playoffs,Grand Final,Zellsis,Sentinels,viper,44,0.91,174,0.83,68%,116,0.57,0.32,0.09,0.07,29%,,0/3,13,25,30,14,4,3
Champions Tour 2024: Masters Madrid,Playoffs,Grand Final,Zellsis,Sentinels,"brimstone, kayo, killjoy, viper",110,1.03,186,0.97,76%,124,0.62,0.44,0.06,0.07,24%,9%,1/11,19,68,70,48,7,8
Champions Tour 2024: Masters Madrid,Playoffs,Grand Final,johnqt,Sentinels,cypher,44,1.07,196,1.07,80%,126,0.7,0.32,0.09,0.05,29%,17%,1/6,19,31,29,14,4,2
Champions Tour 2024: Masters Madrid,Playoffs,Grand Final,johnqt,Sentinels,killjoy,21,0.96,164,0.86,76%,122,0.57,0.19,0.1,0.1,15%,,0/1,12,12,14,4,2,2
Champions Tour 2024: Masters Madrid,Playoffs,Grand Final,johnqt,Sentinels,viper,45,1.17,167,1.13,82%,109,0.6,0.33,0.07,0.04,26%,,0/7,14,27,24,15,3,2
Champions Tour 2024: Masters Madrid,Playoffs,Grand Final,johnqt,Sentinels,"cypher, killjoy, viper",110,1.08,178,1.04,80%,118,0.64,0.3,0.08,0.05,24%,7%,1/14,19,70,67,33,9,6
Champions Tour 2024: Masters Madrid,Playoffs,Grand Final,Sacy,Sentinels,gekko,19,1.16,202,1.31,84%,118,0.89,0.16,0.0,0.05,22%,,0/1,17,17,13,3,0,1
Champions Tour 2024: Masters Madrid,Playoffs,Grand Final,Sacy,Sentinels,skye,49,1.2,200,1.12,80%,137,0.76,0.49,0.14,0.04,30%,,0/5,23,37,33,24,7,2
Champions Tour 2024: Masters Madrid,Playoffs,Grand Final,Sacy,Sentinels,sova,42,0.88,176,0.77,69%,118,0.57,0.24,0.07,0.0,21%,,0/10,12,24,31,10,3,0
Champions Tour 2024: Masters Madrid,Playoffs,Grand Final,Sacy,Sentinels,"gekko, skye, sova",110,1.06,191,1.01,76%,127,0.71,0.34,0.09,0.03,25%,,0/16,23,78,77,37,10,3
Champions Tour 2024: Masters Madrid,Playoffs,Grand Final,TenZ,Sentinels,gekko,26,0.99,178,0.89,73%,110,0.62,0.35,0.15,0.12,28%,,,16,16,18,9,4,3
Champions Tour 2024: Masters Madrid,Playoffs,Grand Final,TenZ,Sentinels,kayo,40,1.25,256,1.1,85%,162,0.8,0.7,0.13,0.03,21%,50%,1/2,16,32,29,28,5,1
Champions Tour 2024: Masters Madrid,Playoffs,Grand Final,TenZ,Sentinels,omen,44,1.08,207,1.13,82%,131,0.8,0.39,0.07,0.11,42%,67%,2/3,19,35,31,17,3,5
Champions Tour 2024: Masters Madrid,Playoffs,Grand Final,TenZ,Sentinels,"gekko, kayo, omen",110,1.13,221,1.06,81%,137,0.75,0.49,0.11,0.08,29%,60%,3/5,19,83,78,54,12,9
Champions Tour 2024: Masters Madrid,Playoffs,Grand Final,zekken,Sentinels,jett,61,1.03,231,1.06,69%,147,0.84,0.2,0.28,0.21,24%,,0/5,20,51,48,12,17,13
Champions Tour 2024: Masters Madrid,Playoffs,Grand Final,zekken,Sentinels,raze,49,1.34,310,1.35,84%,202,1.02,0.35,0.2,0.14,19%,14%,1/7,29,50,37,17,10,7
Champions Tour 2024: Masters Madrid,Playoffs,Grand Final,zekken,Sentinels,"jett, raze",110,1.15,263,1.19,75%,171,0.92,0.26,0.25,0.18,21%,8%,1/12,29,101,85,29,27,20
Champions Tour 2024: Masters Madrid,Playoffs,Lower Round 1,cauanzin,LOUD,breach,45,1.19,254,1.14,67%,156,0.89,0.24,0.13,0.11,24%,,0/5,22,40,35,11,6,5
Champions Tour 2024: Masters Madrid,Playoffs,Lower Round 1,saadhak,LOUD,kayo,24,0.85,163,0.71,63%,110,0.5,0.38,0.04,0.21,14%,,0/3,12,12,17,9,1,5
Champions Tour 2024: Masters Madrid,Playoffs,Lower Round 1,saadhak,LOUD,sova,21,0.55,115,0.41,62%,82,0.33,0.38,0.05,0.14,11%,,0/2,7,7,17,8,1,3
Champions Tour 2024: Masters Madrid,Playoffs,Lower Round 1,saadhak,LOUD,"kayo, sova",45,0.7,139,0.56,62%,97,0.42,0.38,0.04,0.18,13%,,0/5,12,19,34,17,2,8
Champions Tour 2024: Masters Madrid,Playoffs,Lower Round 1,tuyz,LOUD,omen,45,1.14,208,1.16,76%,128,0.8,0.2,0.09,0.07,31%,11%,1/9,20,36,31,9,4,3
Champions Tour 2024: Masters Madrid,Playoffs,Lower Round 1,Quick,LOUD,phoenix,45,0.69,138,0.6,62%,102,0.47,0.24,0.04,0.16,31%,33%,2/6,15,21,35,11,2,7
Champions Tour 2024: Masters Madrid,Playoffs,Lower Round 1,Less,LOUD,viper,45,1.06,228,1.19,71%,160,0.82,0.29,0.04,0.13,33%,,0/4,21,37,31,13,2,6
Champions Tour 2024: Masters Madrid,Playoffs,Lower Round 1,f0rsakeN,Paper Rex,fade,24,1.19,210,1.21,75%,133,0.71,0.29,0.17,0.0,30%,,,17,17,14,7,4,0
Champions Tour 2024: Masters Madrid,Playoffs,Lower Round 1,f0rsakeN,Paper Rex,kayo,21,0.93,241,1.0,67%,154,0.81,0.52,0.24,0.1,24%,,,17,17,17,11,5,2
Champions Tour 2024: Masters Madrid,Playoffs,Lower Round 1,f0rsakeN,Paper Rex,"fade, kayo",45,1.06,226,1.1,71%,142,0.76,0.4,0.2,0.04,27%,,,17,34,31,18,9,2
Champions Tour 2024: Masters Madrid,Playoffs,Lower Round 1,something,Paper Rex,gekko,45,1.41,269,1.63,78%,167,0.98,0.29,0.16,0.04,25%,22%,2/9,22,44,27,13,7,2
Champions Tour 2024: Masters Madrid,Playoffs,Lower Round 1,Monyet,Paper Rex,omen,21,1.03,182,0.93,67%,115,0.67,0.33,0.24,0.1,28%,,0/1,14,14,15,7,5,2
Champions Tour 2024: Masters Madrid,Playoffs,Lower Round 1,Monyet,Paper Rex,raze,24,0.86,176,0.76,75%,122,0.54,0.42,0.08,0.21,13%,,0/1,13,13,17,10,2,5
Champions Tour 2024: Masters Madrid,Playoffs,Lower Round 1,Monyet,Paper Rex,"omen, raze",45,0.95,179,0.84,71%,119,0.6,0.38,0.16,0.16,19%,,0/2,14,27,32,17,7,7
Champions Tour 2024: Masters Madrid,Playoffs,Lower Round 1,d4v41,Paper Rex,omen,24,0.94,204,1.0,71%,128,0.79,0.29,0.08,0.0,32%,,0/4,19,19,19,7,2,0
Champions Tour 2024: Masters Madrid,Playoffs,Lower Round 1,d4v41,Paper Rex,sage,21,0.87,160,0.73,81%,108,0.52,0.71,0.05,0.05,13%,33%,1/3,11,11,15,15,1,1
Champions Tour 2024: Masters Madrid,Playoffs,Lower Round 1,d4v41,Paper Rex,"omen, sage",45,0.91,182,0.88,76%,118,0.67,0.49,0.07,0.02,23%,14%,1/7,19,30,34,22,3,1
Champions Tour 2024: Masters Madrid,Playoffs,Lower Round 1,mindfreak,Paper Rex,viper,45,0.98,184,1.07,67%,122,0.69,0.2,0.07,0.09,38%,20%,1/5,18,31,29,9,3,4
Champions Tour 2024: Masters Madrid,Playoffs,Lower Final,johnqt,Sentinels,cypher,34,1.06,205,1.04,79%,129,0.71,0.18,0.12,0.03,26%,33%,1/3,15,24,23,6,4,1
Champions Tour 2024: Masters Madrid,Playoffs,Lower Final,johnqt,Sentinels,killjoy,19,1.25,176,1.63,84%,120,0.68,0.21,0.05,0.0,16%,33%,1/3,13,13,8,4,1,0
Champions Tour 2024: Masters Madrid,Playoffs,Lower Final,johnqt,Sentinels,viper,26,1.33,211,1.46,81%,133,0.73,0.54,0.08,0.04,22%,20%,1/5,19,19,13,14,2,1
Champions Tour 2024: Masters Madrid,Playoffs,Lower Final,johnqt,Sentinels,"cypher, killjoy, viper",79,1.18,199,1.27,81%,128,0.71,0.3,0.09,0.03,22%,27%,3/11,19,56,44,24,7,2
Champions Tour 2024: Masters Madrid,Playoffs,Lower Final,Sacy,Sentinels,fade,26,0.93,158,0.76,81%,110,0.5,0.54,0.04,0.08,21%,,0/2,13,13,17,14,1,2
Champions Tour 2024: Masters Madrid,Playoffs,Lower Final,Sacy,Sentinels,gekko,16,1.11,138,1.33,88%,78,0.5,0.5,0.06,0.06,21%,,0/1,8,8,6,8,1,1
Champions Tour 2024: Masters Madrid,Playoffs,Lower Final,Sacy,Sentinels,skye,18,0.76,177,0.75,67%,100,0.67,0.39,0.11,0.22,29%,20%,1/5,12,12,16,7,2,4
Champions Tour 2024: Masters Madrid,Playoffs,Lower Final,Sacy,Sentinels,sova,19,1.27,216,1.4,84%,133,0.74,0.32,0.05,0.05,18%,,0/3,14,14,10,6,1,1
Champions Tour 2024: Masters Madrid,Playoffs,Lower Final,Sacy,Sentinels,"fade, gekko, skye, sova",79,1.02,172,0.96,80%,107,0.59,0.44,0.06,0.1,22%,9%,1/11,14,47,49,35,5,8
Champions Tour 2024: Masters Madrid,Playoffs,Lower Final,zekken,Sentinels,jett,19,1.63,351,2.5,74%,223,1.32,0.16,0.26,0.26,32%,,,25,25,10,3,5,5
Champions Tour 2024: Masters Madrid,Playoffs,Lower Final,zekken,Sentinels,raze,60,1.21,294,1.4,78%,192,1.05,0.17,0.22,0.18,25%,,0/4,32,63,45,10,13,11
Champions Tour 2024: Masters Madrid,Playoffs,Lower Final,zekken,Sentinels,"jett, raze",79,1.32,308,1.6,77%,199,1.11,0.16,0.23,0.2,26%,,0/4,32,88,55,13,18,16
Champions Tour 2024: Masters Madrid,Playoffs,Lower Final,Zellsis,Sentinels,kayo,35,1.14,168,0.9,80%,102,0.51,0.89,0.06,0.0,15%,,,11,18,20,31,2,0
Champions Tour 2024: Masters Madrid,Playoffs,Lower Final,Zellsis,Sentinels,killjoy,26,0.88,169,0.72,77%,114,0.5,0.31,0.15,0.12,15%,,0/2,13,13,18,8,4,3
Champions Tour 2024: Masters Madrid,Playoffs,Lower Final,Zellsis,Sentinels,viper,18,0.75,181,0.73,50%,109,0.61,0.17,0.0,0.17,19%,20%,1/5,11,11,15,3,0,3
Champions Tour 2024: Masters Madrid,Playoffs,Lower Final,Zellsis,Sentinels,"kayo, killjoy, viper",79,0.98,172,0.79,72%,108,0.53,0.53,0.08,0.08,16%,14%,1/7,13,42,53,42,6,6
Champions Tour 2024: Masters Madrid,Playoffs,Lower Final,TenZ,Sentinels,omen,79,1.28,255,1.35,78%,159,0.92,0.57,0.1,0.04,38%,25%,2/8,25,73,54,45,8,3
Champions Tour 2024: Masters Madrid,Playoffs,Lower Final,f0rsakeN,Paper Rex,cypher,26,0.75,193,0.76,54%,129,0.62,0.35,0.08,0.12,54%,50%,1/2,16,16,21,9,2,3
Champions Tour 2024: Masters Madrid,Playoffs,Lower Final,f0rsakeN,Paper Rex,fade,19,0.81,182,0.93,68%,121,0.68,0.32,0.0,0.16,57%,,0/2,13,13,14,6,0,3
Champions Tour 2024: Masters Madrid,Playoffs,Lower Final,f0rsakeN,Paper Rex,kayo,16,0.69,129,0.57,50%,88,0.5,0.31,0.0,0.13,15%,,,8,8,14,5,0,2
Champions Tour 2024: Masters Madrid,Playoffs,Lower Final,f0rsakeN,Paper Rex,skye,18,1.37,239,1.25,89%,161,0.83,0.78,0.11,0.0,15%,,0/2,15,15,12,14,2,0
Champions Tour 2024: Masters Madrid,Playoffs,Lower Final,f0rsakeN,Paper Rex,"cypher, fade, kayo, skye",79,0.91,186,0.85,65%,126,0.66,0.43,0.05,0.1,32%,17%,1/6,16,52,61,34,4,8
Champions Tour 2024: Masters Madrid,Playoffs,Lower Final,something,Paper Rex,gekko,35,0.82,180,0.62,60%,120,0.51,0.4,0.14,0.11,25%,,0/1,10,18,29,14,5,4
Champions Tour 2024: Masters Madrid,Playoffs,Lower Final,something,Paper Rex,jett,44,0.99,196,1.1,64%,127,0.75,0.14,0.16,0.18,29%,,0/4,21,33,30,6,7,8
Champions Tour 2024: Masters Madrid,Playoffs,Lower Final,something,Paper Rex,"gekko, jett",79,0.91,188,0.86,62%,124,0.65,0.25,0.15,0.15,27%,,0/5,21,51,59,20,12,12
Champions Tour 2024: Masters Madrid,Playoffs,Lower Final,mindfreak,Paper Rex,omen,44,1.1,202,1.17,64%,126,0.8,0.25,0.05,0.05,37%,50%,1/2,20,35,30,11,2,2
Champions Tour 2024: Masters Madrid,Playoffs,Lower Final,mindfreak,Paper Rex,viper,35,0.53,131,0.55,49%,89,0.46,0.14,0.0,0.06,34%,,0/12,12,16,29,5,0,2
Champions Tour 2024: Masters Madrid,Playoffs,Lower Final,mindfreak,Paper Rex,"omen, viper",79,0.82,166,0.86,57%,110,0.65,0.2,0.03,0.05,36%,7%,1/14,20,51,59,16,2,4
Champions Tour 2024: Masters Madrid,Playoffs,Lower Final,Monyet,Paper Rex,omen,16,0.57,185,0.73,38%,119,0.69,0.19,0.06,0.19,26%,,0/1,11,11,15,3,1,3
Champions Tour 2024: Masters Madrid,Playoffs,Lower Final,Monyet,Paper Rex,raze,63,0.96,235,0.94,65%,138,0.78,0.11,0.19,0.17,18%,13%,1/8,24,49,52,7,12,11
Champions Tour 2024: Masters Madrid,Playoffs,Lower Final,Monyet,Paper Rex,"omen, raze",79,0.86,222,0.9,59%,134,0.76,0.13,0.16,0.18,20%,11%,1/9,24,60,67,10,13,14
Champions Tour 2024: Masters Madrid,Playoffs,Lower Final,d4v41,Paper Rex,omen,19,0.48,94,0.29,47%,65,0.26,0.32,0.05,0.16,25%,,0/4,5,5,17,6,1,3
Champions Tour 2024: Masters Madrid,Playoffs,Lower Final,d4v41,Paper Rex,sage,16,0.77,187,0.71,75%,129,0.63,0.44,0.06,0.19,26%,,0/4,10,10,14,7,1,3
Champions Tour 2024: Masters Madrid,Playoffs,Lower Final,d4v41,Paper Rex,skye,26,0.88,138,0.65,65%,91,0.42,0.35,0.0,0.0,17%,20%,1/5,11,11,17,9,0,0
Champions Tour 2024: Masters Madrid,Playoffs,Lower Final,d4v41,Paper Rex,viper,18,1.23,223,1.25,83%,144,0.83,0.5,0.11,0.0,33%,,0/2,15,15,12,9,2,0
Champions Tour 2024: Masters Madrid,Playoffs,Lower Final,d4v41,Paper Rex,"omen, sage, skye, viper",79,0.84,160,0.68,67%,104,0.52,0.39,0.05,0.08,24%,7%,1/15,15,41,60,31,4,6
Champions Tour 2024: Masters Madrid,Swiss Stage,Round 1,Boo,Team Heretics,astra,24,0.86,138,0.71,67%,91,0.5,0.33,0.04,0.08,33%,25%,1/4,12,12,17,8,1,2
Champions Tour 2024: Masters Madrid,Swiss Stage,Round 1,Boo,Team Heretics,omen,40,0.83,164,0.86,78%,98,0.63,0.45,0.08,0.1,33%,,0/6,15,25,29,18,3,4
Champions Tour 2024: Masters Madrid,Swiss Stage,Round 1,Boo,Team Heretics,"astra, omen",64,0.84,155,0.8,73%,95,0.58,0.41,0.06,0.09,33%,10%,1/10,15,37,46,26,4,6
Champions Tour 2024: Masters Madrid,Swiss Stage,Round 1,benjyfishy,Team Heretics,cypher,18,1.18,231,1.5,94%,145,0.83,0.28,0.11,0.0,15%,,,15,15,10,5,2,0
Champions Tour 2024: Masters Madrid,Swiss Stage,Round 1,benjyfishy,Team Heretics,killjoy,22,0.73,150,0.75,64%,99,0.55,0.23,0.05,0.18,31%,20%,1/5,12,12,16,5,1,4
Champions Tour 2024: Masters Madrid,Swiss Stage,Round 1,benjyfishy,Team Heretics,viper,24,0.73,148,0.63,71%,84,0.5,0.42,0.08,0.21,21%,,0/2,12,12,19,10,2,5
Champions Tour 2024: Masters Madrid,Swiss Stage,Round 1,benjyfishy,Team Heretics,"cypher, killjoy, viper",64,0.88,176,0.87,75%,106,0.61,0.31,0.08,0.14,22%,14%,1/7,15,39,45,20,5,9
Champions Tour 2024: Masters Madrid,Swiss Stage,Round 1,RieNs,Team Heretics,gekko,22,0.74,150,0.65,77%,101,0.5,0.23,0.14,0.05,28%,,0/3,11,11,17,5,3,1
Champions Tour 2024: Masters Madrid,Swiss Stage,Round 1,RieNs,Team Heretics,sova,42,1.45,290,1.52,83%,195,0.98,0.43,0.1,0.05,34%,,0/8,21,41,27,18,4,2
Champions Tour 2024: Masters Madrid,Swiss Stage,Round 1,RieNs,Team Heretics,"gekko, sova",64,1.21,243,1.18,81%,163,0.81,0.36,0.11,0.05,33%,,0/11,21,52,44,23,7,3
Champions Tour 2024: Masters Madrid,Swiss Stage,Round 1,paTiTek,Team Heretics,kayo,42,1.19,189,1.0,81%,123,0.62,0.67,0.14,0.05,20%,,,14,26,26,28,6,2
Champions Tour 2024: Masters Madrid,Swiss Stage,Round 1,paTiTek,Team Heretics,viper,22,0.75,168,0.76,68%,106,0.59,0.27,0.05,0.14,6%,,,13,13,17,6,1,3
Champions Tour 2024: Masters Madrid,Swiss Stage,Round 1,paTiTek,Team Heretics,"kayo, viper",64,1.04,182,0.91,77%,117,0.61,0.53,0.11,0.08,15%,,,14,39,43,34,7,5
Champions Tour 2024: Masters Madrid,Swiss Stage,Round 1,MiniBoo,Team Heretics,neon,40,1.41,295,1.61,80%,189,1.13,0.33,0.15,0.1,27%,50%,2/4,25,45,28,13,6,4
Champions Tour 2024: Masters Madrid,Swiss Stage,Round 1,MiniBoo,Team Heretics,yoru,24,0.85,221,1.11,75%,133,0.83,0.17,0.21,0.13,36%,,0/3,20,20,18,4,5,3
Champions Tour 2024: Masters Madrid,Swiss Stage,Round 1,MiniBoo,Team Heretics,"neon, yoru",64,1.23,270,1.41,78%,168,1.02,0.27,0.17,0.11,29%,29%,2/7,25,65,46,17,11,7
Champions Tour 2024: Masters Madrid,Swiss Stage,Round 1,Karon,Gen.G,astra,21,0.83,142,0.56,67%,106,0.43,0.38,0.0,0.14,31%,,0/1,9,9,16,8,0,3
Champions Tour 2024: Masters Madrid,Swiss Stage,Round 1,Karon,Gen.G,omen,18,1.68,293,2.86,83%,206,1.11,0.17,0.22,0.06,42%,40%,2/5,20,20,7,3,4,1
Champions Tour 2024: Masters Madrid,Swiss Stage,Round 1,Karon,Gen.G,viper,24,1.11,212,1.12,67%,148,0.79,0.13,0.13,0.04,25%,33%,2/6,19,19,17,3,3,1
Champions Tour 2024: Masters Madrid,Swiss Stage,Round 1,Karon,Gen.G,"astra, omen, viper",63,1.21,216,1.2,71%,151,0.76,0.22,0.11,0.08,32%,33%,4/12,20,48,40,14,7,5
Champions Tour 2024: Masters Madrid,Swiss Stage,Round 1,Lakia,Gen.G,gekko,24,0.66,117,0.53,58%,78,0.42,0.25,0.08,0.17,20%,,0/1,10,10,19,6,2,4
Champions Tour 2024: Masters Madrid,Swiss Stage,Round 1,Lakia,Gen.G,sova,39,0.62,98,0.41,59%,70,0.31,0.26,0.05,0.05,29%,,0/2,7,12,29,10,2,2
Champions Tour 2024: Masters Madrid,Swiss Stage,Round 1,Lakia,Gen.G,"gekko, sova",63,0.63,104,0.46,59%,73,0.35,0.25,0.06,0.1,25%,,0/3,10,22,48,16,4,6
Champions Tour 2024: Masters Madrid,Swiss Stage,Round 1,t3xture,Gen.G,jett,63,1.18,247,1.27,68%,158,0.89,0.21,0.17,0.08,23%,17%,1/6,21,56,44,13,11,5
Champions Tour 2024: Masters Madrid,Swiss Stage,Round 1,Munchkin,Gen.G,kayo,42,1.1,187,1.0,67%,127,0.67,0.55,0.12,0.07,26%,,0/4,17,28,28,23,5,3
Champions Tour 2024: Masters Madrid,Swiss Stage,Round 1,Munchkin,Gen.G,viper,21,1.04,192,1.07,57%,101,0.76,0.14,0.1,0.1,23%,14%,1/7,16,16,15,3,2,2
Champions Tour 2024: Masters Madrid,Swiss Stage,Round 1,Munchkin,Gen.G,"kayo, viper",63,1.08,189,1.02,63%,118,0.7,0.41,0.11,0.08,25%,9%,1/11,17,44,43,26,7,5
Champions Tour 2024: Masters Madrid,Swiss Stage,Round 1,Meteor,Gen.G,killjoy,42,1.07,236,1.06,67%,148,0.79,0.14,0.1,0.1,22%,,0/2,19,33,31,6,4,4
Champions Tour 2024: Masters Madrid,Swiss Stage,Round 1,Meteor,Gen.G,yoru,21,0.58,155,0.5,62%,115,0.43,0.33,0.05,0.14,32%,,0/1,9,9,18,7,1,3
Champions Tour 2024: Masters Madrid,Swiss Stage,Round 1,Meteor,Gen.G,"killjoy, yoru",63,0.91,209,0.86,65%,137,0.67,0.21,0.08,0.11,24%,,0/3,19,42,49,13,5,7
Champions Tour 2024: Masters Madrid,Swiss Stage,Round 1,Smoggy,EDward Gaming,breach,22,1.24,227,1.38,77%,152,0.82,0.36,0.09,0.0,40%,33%,1/3,18,18,13,8,2,0
Champions Tour 2024: Masters Madrid,Swiss Stage,Round 1,Smoggy,EDward Gaming,kayo,21,1.19,202,1.14,71%,149,0.76,0.43,0.05,0.05,30%,,0/4,16,16,14,9,1,1
Champions Tour 2024: Masters Madrid,Swiss Stage,Round 1,Smoggy,EDward Gaming,raze,22,0.97,217,1.12,77%,142,0.86,0.14,0.27,0.14,26%,33%,1/3,19,19,17,3,6,3
Champions Tour 2024: Masters Madrid,Swiss Stage,Round 1,Smoggy,EDward Gaming,"breach, kayo, raze",65,1.13,215,1.2,75%,148,0.82,0.31,0.14,0.06,32%,20%,2/10,19,53,44,20,9,4
Champions Tour 2024: Masters Madrid,Swiss Stage,Round 1,CHICHOO,EDward Gaming,brimstone,22,1.47,271,1.64,82%,186,1.05,0.41,0.05,0.05,28%,,0/4,23,23,14,9,1,1
Champions Tour 2024: Masters Madrid,Swiss Stage,Round 1,CHICHOO,EDward Gaming,cypher,21,0.83,164,0.81,71%,106,0.62,0.19,0.1,0.05,26%,,0/6,13,13,16,4,2,1
Champions Tour 2024: Masters Madrid,Swiss Stage,Round 1,CHICHOO,EDward Gaming,viper,22,0.96,180,0.87,77%,124,0.59,0.32,0.23,0.0,41%,,0/4,13,13,15,7,5,0
Champions Tour 2024: Masters Madrid,Swiss Stage,Round 1,CHICHOO,EDward Gaming,"brimstone, cypher, viper",65,1.08,205,1.09,77%,139,0.75,0.31,0.12,0.03,30%,,0/14,23,49,45,20,8,2
Champions Tour 2024: Masters Madrid,Swiss Stage,Round 1,Haodong,EDward Gaming,cypher,22,1.41,237,1.36,73%,162,0.86,0.27,0.14,0.09,28%,67%,2/3,19,19,14,6,3,2
Champions Tour 2024: Masters Madrid,Swiss Stage,Round 1,Haodong,EDward Gaming,omen,43,0.94,144,0.85,72%,95,0.53,0.23,0.02,0.07,25%,50%,2/4,13,23,27,10,1,3
Champions Tour 2024: Masters Madrid,Swiss Stage,Round 1,Haodong,EDward Gaming,"cypher, omen",65,1.1,175,1.02,72%,118,0.65,0.25,0.06,0.08,26%,57%,4/7,19,42,41,16,4,5
Champions Tour 2024: Masters Madrid,Swiss Stage,Round 1,ZmjjKK,EDward Gaming,kayo,22,1.18,221,1.0,77%,144,0.68,0.73,0.14,0.0,25%,50%,1/2,15,15,15,16,3,0
Champions Tour 2024: Masters Madrid,Swiss Stage,Round 1,ZmjjKK,EDward Gaming,raze,43,1.0,274,1.11,70%,180,0.93,0.23,0.23,0.09,19%,,0/2,30,40,36,10,10,4
Champions Tour 2024: Masters Madrid,Swiss Stage,Round 1,ZmjjKK,EDward Gaming,"kayo, raze",65,1.06,256,1.08,72%,168,0.85,0.4,0.2,0.06,21%,25%,1/4,30,55,51,26,13,4
Champions Tour 2024: Masters Madrid,Swiss Stage,Round 1,nobody,EDward Gaming,skye,22,1.46,245,1.82,77%,170,0.91,0.36,0.18,0.09,36%,,0/2,20,20,11,8,4,2
Champions Tour 2024: Masters Madrid,Swiss Stage,Round 1,nobody,EDward Gaming,sova,43,0.81,138,0.55,60%,95,0.4,0.28,0.05,0.16,32%,,0/1,15,17,31,12,2,7
Champions Tour 2024: Masters Madrid,Swiss Stage,Round 1,nobody,EDward Gaming,"skye, sova",65,1.03,173,0.88,66%,120,0.57,0.31,0.09,0.14,34%,,0/3,20,37,42,20,6,9
Champions Tour 2024: Masters Madrid,Swiss Stage,Round 1,cauanzin,LOUD,breach,18,0.56,101,0.36,72%,65,0.28,0.44,0.0,0.17,25%,,,5,5,14,8,0,3
Champions Tour 2024: Masters Madrid,Swiss Stage,Round 1,cauanzin,LOUD,sova,45,0.87,184,0.94,78%,125,0.69,0.22,0.09,0.09,24%,,0/2,17,31,33,10,4,4
Champions Tour 2024: Masters Madrid,Swiss Stage,Round 1,cauanzin,LOUD,"breach, sova",63,0.77,156,0.77,76%,108,0.57,0.29,0.06,0.11,24%,,0/2,17,36,47,18,4,7
Champions Tour 2024: Masters Madrid,Swiss Stage,Round 1,Less,LOUD,cypher,21,1.22,225,1.58,86%,152,0.9,0.19,0.14,0.0,22%,,0/3,19,19,12,4,3,0
Champions Tour 2024: Masters Madrid,Swiss Stage,Round 1,Less,LOUD,viper,42,1.28,252,1.46,81%,187,0.9,0.29,0.1,0.1,36%,,0/9,27,38,26,12,4,4
Champions Tour 2024: Masters Madrid,Swiss Stage,Round 1,Less,LOUD,"cypher, viper",63,1.26,243,1.5,83%,175,0.9,0.25,0.11,0.06,31%,,0/12,27,57,38,16,7,4
Champions Tour 2024: Masters Madrid,Swiss Stage,Round 1,tuyz,LOUD,harbor,24,0.89,126,0.86,67%,95,0.5,0.21,0.0,0.04,22%,,0/3,12,12,14,5,0,1
Champions Tour 2024: Masters Madrid,Swiss Stage,Round 1,tuyz,LOUD,omen,18,1.01,198,1.15,67%,117,0.83,0.17,0.11,0.06,32%,,0/3,15,15,13,3,2,1
Champions Tour 2024: Masters Madrid,Swiss Stage,Round 1,tuyz,LOUD,viper,21,1.72,292,2.2,76%,188,1.05,0.57,0.05,0.0,49%,,0/2,22,22,10,12,1,0
Champions Tour 2024: Masters Madrid,Swiss Stage,Round 1,tuyz,LOUD,"harbor, omen, viper",63,1.21,205,1.32,70%,132,0.78,0.32,0.05,0.03,35%,,0/8,22,49,37,20,3,2
Champions Tour 2024: Masters Madrid,Swiss Stage,Round 1,Quick,LOUD,jett,45,0.86,197,1.0,60%,133,0.71,0.07,0.2,0.22,41%,,0/1,18,32,32,3,9,10
Champions Tour 2024: Masters Madrid,Swiss Stage,Round 1,Quick,LOUD,yoru,18,0.81,233,0.88,56%,136,0.78,0.11,0.06,0.11,24%,,0/4,14,14,16,2,1,2
Champions Tour 2024: Masters Madrid,Swiss Stage,Round 1,Quick,LOUD,"jett, yoru",63,0.84,209,0.96,59%,134,0.73,0.08,0.16,0.19,34%,,0/5,18,46,48,5,10,12
Champions Tour 2024: Masters Madrid,Swiss Stage,Round 1,saadhak,LOUD,kayo,39,0.82,148,0.69,77%,104,0.46,0.49,0.08,0.15,19%,20%,1/5,10,18,26,19,3,6
Champions Tour 2024: Masters Madrid,Swiss Stage,Round 1,saadhak,LOUD,killjoy,24,1.09,240,1.06,71%,163,0.75,0.33,0.08,0.17,10%,,0/1,18,18,17,8,2,4
Champions Tour 2024: Masters Madrid,Swiss Stage,Round 1,saadhak,LOUD,"kayo, killjoy",63,0.91,178,0.84,75%,126,0.57,0.43,0.08,0.16,15%,17%,1/6,18,36,43,27,5,10
Champions Tour 2024: Masters Madrid,Swiss Stage,Round 1,Zellsis,Sentinels,brimstone,24,1.25,251,1.4,75%,163,0.88,0.5,0.08,0.04,22%,20%,1/5,21,21,15,12,2,1
Champions Tour 2024: Masters Madrid,Swiss Stage,Round 1,Zellsis,Sentinels,kayo,18,0.54,91,0.38,61%,54,0.33,0.44,0.0,0.11,14%,,0/1,6,6,16,8,0,2
Champions Tour 2024: Masters Madrid,Swiss Stage,Round 1,Zellsis,Sentinels,killjoy,22,1.11,211,1.42,73%,138,0.77,0.18,0.09,0.09,16%,33%,1/3,17,17,12,4,2,2
Champions Tour 2024: Masters Madrid,Swiss Stage,Round 1,Zellsis,Sentinels,"brimstone, kayo, killjoy",64,0.97,184,1.02,70%,124,0.69,0.38,0.06,0.08,18%,22%,2/9,21,44,43,24,4,5
Champions Tour 2024: Masters Madrid,Swiss Stage,Round 1,johnqt,Sentinels,cypher,18,0.61,176,0.59,50%,130,0.56,0.22,0.0,0.11,23%,,0/5,10,10,17,4,0,2
Champions Tour 2024: Masters Madrid,Swiss Stage,Round 1,johnqt,Sentinels,viper,46,1.08,165,0.85,72%,122,0.48,0.33,0.04,0.07,18%,33%,3/9,12,22,26,15,2,3
Champions Tour 2024: Masters Madrid,Swiss Stage,Round 1,johnqt,Sentinels,"cypher, viper",64,0.92,169,0.74,66%,124,0.5,0.3,0.03,0.08,19%,21%,3/14,12,32,43,19,2,5
Champions Tour 2024: Masters Madrid,Swiss Stage,Round 1,Sacy,Sentinels,fade,22,1.12,211,1.06,82%,159,0.77,0.45,0.0,0.09,28%,25%,1/4,17,17,16,10,0,2
Champions Tour 2024: Masters Madrid,Swiss Stage,Round 1,Sacy,Sentinels,gekko,18,0.88,195,0.63,61%,118,0.56,0.39,0.06,0.17,24%,,0/2,10,10,16,7,1,3
Champions Tour 2024: Masters Madrid,Swiss Stage,Round 1,Sacy,Sentinels,skye,24,0.73,107,0.5,63%,69,0.33,0.42,0.0,0.13,31%,,0/1,8,8,16,10,0,3
Champions Tour 2024: Masters Madrid,Swiss Stage,Round 1,Sacy,Sentinels,"fade, gekko, skye",64,0.91,171,0.73,69%,114,0.55,0.42,0.02,0.13,28%,14%,1/7,17,35,48,27,1,8
Champions Tour 2024: Masters Madrid,Swiss Stage,Round 1,TenZ,Sentinels,gekko,24,1.13,225,1.24,79%,141,0.88,0.33,0.17,0.04,19%,,0/2,21,21,17,8,4,1
Champions Tour 2024: Masters Madrid,Swiss Stage,Round 1,TenZ,Sentinels,omen,40,0.88,179,0.85,70%,112,0.7,0.5,0.05,0.1,30%,,0/3,20,28,33,20,2,4
Champions Tour 2024: Masters Madrid,Swiss Stage,Round 1,TenZ,Sentinels,"gekko, omen",64,0.96,194,0.98,73%,123,0.77,0.44,0.09,0.08,25%,,0/5,21,49,50,28,6,5
Champions Tour 2024: Masters Madrid,Swiss Stage,Round 1,zekken,Sentinels,raze,64,1.17,290,1.28,75%,186,1.0,0.2,0.27,0.17,22%,40%,2/5,27,64,50,13,17,11
Champions Tour 2024: Masters Madrid,Swiss Stage,Round 1,mindfreak,Paper Rex,brimstone,22,0.74,131,0.71,68%,87,0.45,0.14,0.05,0.14,56%,,0/3,10,10,14,3,1,3
Champions Tour 2024: Masters Madrid,Swiss Stage,Round 1,mindfreak,Paper Rex,omen,22,1.02,180,1.13,68%,121,0.77,0.23,0.0,0.14,33%,,0/3,17,17,15,5,0,3
Champions Tour 2024: Masters Madrid,Swiss Stage,Round 1,mindfreak,Paper Rex,viper,21,1.07,281,1.31,81%,185,1.0,0.14,0.05,0.14,42%,,0/1,21,21,16,3,1,3
Champions Tour 2024: Masters Madrid,Swiss Stage,Round 1,mindfreak,Paper Rex,"brimstone, omen, viper",65,0.95,197,1.07,72%,130,0.74,0.17,0.03,0.14,41%,,0/7,21,48,45,11,2,9
Champions Tour 2024: Masters Madrid,Swiss Stage,Round 1,d4v41,Paper Rex,fade,22,0.92,196,0.94,68%,145,0.68,0.32,0.0,0.05,40%,,0/4,15,15,16,7,0,1
Champions Tour 2024: Masters Madrid,Swiss Stage,Round 1,d4v41,Paper Rex,sage,21,1.18,215,1.42,90%,142,0.81,0.43,0.14,0.05,39%,33%,1/3,17,17,12,9,3,1
Champions Tour 2024: Masters Madrid,Swiss Stage,Round 1,d4v41,Paper Rex,viper,22,0.56,135,0.45,45%,98,0.41,0.23,0.05,0.14,19%,,0/4,9,9,20,5,1,3
Champions Tour 2024: Masters Madrid,Swiss Stage,Round 1,d4v41,Paper Rex,"fade, sage, viper",65,0.89,182,0.85,68%,128,0.63,0.32,0.06,0.08,33%,9%,1/11,17,41,48,21,4,5
Champions Tour 2024: Masters Madrid,Swiss Stage,Round 1,something,Paper Rex,gekko,21,1.25,195,1.5,86%,115,0.71,0.38,0.14,0.0,21%,40%,2/5,15,15,10,8,3,0
Champions Tour 2024: Masters Madrid,Swiss Stage,Round 1,something,Paper Rex,jett,22,0.39,119,0.3,45%,95,0.27,0.14,0.05,0.27,15%,33%,1/3,6,6,20,3,1,6
Champions Tour 2024: Masters Madrid,Swiss Stage,Round 1,something,Paper Rex,reyna,22,0.99,212,1.06,68%,137,0.77,0.05,0.09,0.18,35%,,0/2,17,17,16,1,2,4
Champions Tour 2024: Masters Madrid,Swiss Stage,Round 1,something,Paper Rex,"gekko, jett, reyna",65,0.88,175,0.83,66%,116,0.58,0.18,0.09,0.15,24%,30%,3/10,17,38,46,12,6,10
Champions Tour 2024: Masters Madrid,Swiss Stage,Round 1,f0rsakeN,Paper Rex,harbor,22,1.17,261,1.33,68%,160,0.91,0.32,0.14,0.09,28%,25%,1/4,20,20,15,7,3,2
Champions Tour 2024: Masters Madrid,Swiss Stage,Round 1,f0rsakeN,Paper Rex,kayo,21,0.91,162,0.73,81%,103,0.52,0.76,0.19,0.14,28%,,0/1,11,11,15,16,4,3
Champions Tour 2024: Masters Madrid,Swiss Stage,Round 1,f0rsakeN,Paper Rex,yoru,22,1.36,333,1.56,59%,188,1.14,0.14,0.05,0.0,36%,33%,1/3,25,25,16,3,1,0
Champions Tour 2024: Masters Madrid,Swiss Stage,Round 1,f0rsakeN,Paper Rex,"harbor, kayo, yoru",65,1.15,252,1.22,69%,151,0.86,0.4,0.12,0.08,32%,25%,2/8,25,56,46,26,8,5
Champions Tour 2024: Masters Madrid,Swiss Stage,Round 1,Monyet,Paper Rex,omen,21,1.13,226,1.21,86%,133,0.81,0.52,0.05,0.1,31%,50%,1/2,17,17,14,11,1,2
Champions Tour 2024: Masters Madrid,Swiss Stage,Round 1,Monyet,Paper Rex,raze,44,0.56,150,0.58,59%,99,0.5,0.11,0.09,0.23,19%,25%,1/4,12,22,38,5,4,10
Champions Tour 2024: Masters Madrid,Swiss Stage,Round 1,Monyet,Paper Rex,"omen, raze",65,0.75,175,0.75,68%,110,0.6,0.25,0.08,0.18,23%,33%,2/6,17,39,52,16,5,12
Champions Tour 2024: Masters Madrid,Swiss Stage,Round 1,Life,FunPlus Phoenix,chamber,23,0.95,182,1.0,61%,126,0.7,0.09,0.04,0.09,22%,33%,1/3,16,16,16,2,1,2
Champions Tour 2024: Masters Madrid,Swiss Stage,Round 1,Life,FunPlus Phoenix,reyna,21,1.39,318,1.67,86%,217,1.19,0.14,0.24,0.14,48%,25%,1/4,25,25,15,3,5,3
Champions Tour 2024: Masters Madrid,Swiss Stage,Round 1,Life,FunPlus Phoenix,"chamber, reyna",44,1.17,250,1.32,73%,169,0.93,0.11,0.14,0.11,37%,29%,2/7,25,41,31,5,6,5
Champions Tour 2024: Masters Madrid,Swiss Stage,Round 1,AAAAY,FunPlus Phoenix,gekko,44,0.93,198,0.86,73%,136,0.68,0.39,0.02,0.02,37%,14%,1/7,15,30,35,17,1,1
Champions Tour 2024: Masters Madrid,Swiss Stage,Round 1,Autumn,FunPlus Phoenix,jett,21,0.83,186,0.67,71%,120,0.57,0.1,0.19,0.05,24%,,0/1,12,12,18,2,4,1
Champions Tour 2024: Masters Madrid,Swiss Stage,Round 1,Autumn,FunPlus Phoenix,raze,23,0.98,241,0.9,70%,159,0.78,0.3,0.22,0.0,17%,,0/1,18,18,20,7,5,0
Champions Tour 2024: Masters Madrid,Swiss Stage,Round 1,Autumn,FunPlus Phoenix,"jett, raze",44,0.9,214,0.79,70%,140,0.68,0.2,0.2,0.02,19%,,0/2,18,30,38,9,9,1
Champions Tour 2024: Masters Madrid,Swiss Stage,Round 1,BerLIN,FunPlus Phoenix,omen,44,0.79,168,0.74,68%,107,0.57,0.43,0.16,0.14,30%,13%,1/8,14,25,34,19,7,6
Champions Tour 2024: Masters Madrid,Swiss Stage,Round 1,Lysoar,FunPlus Phoenix,viper,44,0.72,156,0.72,61%,115,0.52,0.11,0.09,0.09,32%,,0/6,14,23,32,5,4,4
Champions Tour 2024: Masters Madrid,Swiss Stage,Round 1,N4RRATE,Karmine Corp,fade,23,1.62,319,1.93,78%,200,1.17,0.48,0.22,0.0,35%,,0/2,27,27,14,11,5,0
Champions Tour 2024: Masters Madrid,Swiss Stage,Round 1,N4RRATE,Karmine Corp,gekko,21,1.43,281,1.43,67%,212,0.95,0.43,0.05,0.24,32%,40%,2/5,20,20,14,9,1,5
Champions Tour 2024: Masters Madrid,Swiss Stage,Round 1,N4RRATE,Karmine Corp,"fade, gekko",44,1.53,300,1.68,73%,206,1.07,0.45,0.14,0.11,34%,29%,2/7,27,47,28,20,6,5
Champions Tour 2024: Masters Madrid,Swiss Stage,Round 1,marteen,Karmine Corp,jett,21,1.24,266,1.43,86%,160,0.95,0.19,0.14,0.14,29%,,0/2,20,20,14,4,3,3
Champions Tour 2024: Masters Madrid,Swiss Stage,Round 1,marteen,Karmine Corp,raze,23,0.7,140,0.5,70%,106,0.39,0.22,0.04,0.26,10%,,,9,9,18,5,1,6
Champions Tour 2024: Masters Madrid,Swiss Stage,Round 1,marteen,Karmine Corp,"jett, raze",44,0.97,203,0.91,77%,132,0.66,0.2,0.09,0.2,19%,,0/2,20,29,32,9,4,9
Champions Tour 2024: Masters Madrid,Swiss Stage,Round 1,MAGNUM,Karmine Corp,killjoy,44,1.13,225,1.25,73%,160,0.8,0.18,0.02,0.11,24%,,0/1,18,35,28,8,1,5
Champions Tour 2024: Masters Madrid,Swiss Stage,Round 1,sh1n,Karmine Corp,omen,23,1.09,234,1.31,74%,148,0.91,0.22,0.04,0.09,43%,,0/7,21,21,16,5,1,2
Champions Tour 2024: Masters Madrid,Swiss Stage,Round 1,sh1n,Karmine Corp,sage,21,0.93,182,1.0,86%,116,0.71,0.33,0.1,0.05,38%,,0/2,15,15,15,7,2,1
Champions Tour 2024: Masters Madrid,Swiss Stage,Round 1,sh1n,Karmine Corp,"omen, sage",44,1.01,208,1.16,80%,133,0.82,0.27,0.07,0.07,41%,,0/9,21,36,31,12,3,3
Champions Tour 2024: Masters Madrid,Swiss Stage,Round 1,tomaszy,Karmine Corp,viper,44,0.88,146,0.77,64%,109,0.52,0.27,0.07,0.11,42%,75%,3/4,15,23,30,12,3,5
Champions Tour 2024: Masters Madrid,Swiss Stage,Round 2,Karon,Gen.G,astra,19,1.22,250,1.33,74%,171,0.84,0.32,0.16,0.11,33%,,0/2,16,16,12,6,3,2
Champions Tour 2024: Masters Madrid,Swiss Stage,Round 2,Karon,Gen.G,omen,18,0.95,189,1.0,72%,124,0.72,0.44,0.0,0.0,30%,,0/2,13,13,13,8,0,0
Champions Tour 2024: Masters Madrid,Swiss Stage,Round 2,Karon,Gen.G,viper,21,1.09,251,1.06,76%,184,0.9,0.24,0.05,0.05,36%,33%,2/6,19,19,18,5,1,1
Champions Tour 2024: Masters Madrid,Swiss Stage,Round 2,Karon,Gen.G,"astra, omen, viper",58,1.09,230,1.12,74%,161,0.83,0.33,0.07,0.05,33%,20%,2/10,19,48,43,19,4,3
Champions Tour 2024: Masters Madrid,Swiss Stage,Round 2,Lakia,Gen.G,gekko,21,0.23,56,0.17,48%,41,0.14,0.05,0.05,0.14,27%,,0/1,3,3,18,1,1,3
Champions Tour 2024: Masters Madrid,Swiss Stage,Round 2,Lakia,Gen.G,skye,18,1.23,195,1.33,94%,139,0.67,0.44,0.0,0.06,26%,50%,1/2,12,12,9,8,0,1
Champions Tour 2024: Masters Madrid,Swiss Stage,Round 2,Lakia,Gen.G,sova,19,1.36,228,1.6,79%,136,0.84,0.16,0.16,0.0,35%,,,16,16,10,3,3,0
Champions Tour 2024: Masters Madrid,Swiss Stage,Round 2,Lakia,Gen.G,"gekko, skye, sova",58,0.94,160,0.84,72%,103,0.53,0.21,0.07,0.07,30%,33%,1/3,16,31,37,12,4,4
Champions Tour 2024: Masters Madrid,Swiss Stage,Round 2,Meteor,Gen.G,jett,18,1.54,315,2.0,94%,183,1.22,0.11,0.33,0.11,38%,,,22,22,11,2,6,2
Champions Tour 2024: Masters Madrid,Swiss Stage,Round 2,Meteor,Gen.G,killjoy,21,0.97,243,1.06,67%,162,0.86,0.05,0.05,0.19,43%,,0/1,18,18,17,1,1,4
Champions Tour 2024: Masters Madrid,Swiss Stage,Round 2,Meteor,Gen.G,yoru,19,1.35,246,1.64,84%,180,0.95,0.26,0.11,0.05,38%,50%,1/2,18,18,11,5,2,1
Champions Tour 2024: Masters Madrid,Swiss Stage,Round 2,Meteor,Gen.G,"jett, killjoy, yoru",58,1.29,268,1.49,81%,174,1.0,0.14,0.16,0.12,39%,33%,1/3,22,58,39,8,9,7
Champions Tour 2024: Masters Madrid,Swiss Stage,Round 2,t3xture,Gen.G,jett,40,0.8,173,0.84,63%,110,0.68,0.05,0.13,0.13,32%,,0/3,14,27,32,2,5,5
Champions Tour 2024: Masters Madrid,Swiss Stage,Round 2,t3xture,Gen.G,raze,18,1.4,317,1.69,72%,180,1.22,0.06,0.33,0.17,30%,100%,2/2,22,22,13,1,6,3
Champions Tour 2024: Masters Madrid,Swiss Stage,Round 2,t3xture,Gen.G,"jett, raze",58,1.0,221,1.09,66%,132,0.84,0.05,0.19,0.14,31%,40%,2/5,22,49,45,3,11,8
Champions Tour 2024: Masters Madrid,Swiss Stage,Round 2,Munchkin,Gen.G,kayo,21,0.87,206,0.72,76%,142,0.62,0.48,0.14,0.1,20%,,0/5,13,13,18,10,3,2
Champions Tour 2024: Masters Madrid,Swiss Stage,Round 2,Munchkin,Gen.G,viper,37,1.15,170,1.31,84%,109,0.57,0.46,0.03,0.05,17%,,0/4,12,21,16,17,1,2
Champions Tour 2024: Masters Madrid,Swiss Stage,Round 2,Munchkin,Gen.G,"kayo, viper",58,1.06,182,1.0,81%,121,0.59,0.47,0.07,0.07,18%,,0/9,13,34,34,27,4,4
Champions Tour 2024: Masters Madrid,Swiss Stage,Round 2,sh1n,Karmine Corp,astra,21,1.1,179,1.27,86%,102,0.67,0.19,0.0,0.0,20%,22%,2/9,14,14,11,4,0,0
Champions Tour 2024: Masters Madrid,Swiss Stage,Round 2,sh1n,Karmine Corp,omen,24,0.95,161,0.75,83%,102,0.5,0.46,0.04,0.04,23%,,0/5,12,12,16,11,1,1
Champions Tour 2024: Masters Madrid,Swiss Stage,Round 2,sh1n,Karmine Corp,"astra, omen",45,1.03,170,0.96,84%,102,0.58,0.33,0.02,0.02,21%,14%,2/14,14,26,27,15,1,1
Champions Tour 2024: Masters Madrid,Swiss Stage,Round 2,N4RRATE,Karmine Corp,fade,24,1.16,190,1.23,63%,135,0.67,0.38,0.04,0.0,41%,100%,1/1,16,16,13,9,1,0
Champions Tour 2024: Masters Madrid,Swiss Stage,Round 2,N4RRATE,Karmine Corp,raze,21,0.85,206,0.78,62%,139,0.67,0.19,0.14,0.24,14%,,0/1,14,14,18,4,3,5
Champions Tour 2024: Masters Madrid,Swiss Stage,Round 2,N4RRATE,Karmine Corp,"fade, raze",45,1.0,198,0.97,62%,137,0.67,0.29,0.09,0.11,24%,50%,1/2,16,30,31,13,4,5
Champions Tour 2024: Masters Madrid,Swiss Stage,Round 2,MAGNUM,Karmine Corp,fade,21,0.56,100,0.33,67%,67,0.29,0.38,0.05,0.1,15%,,0/2,6,6,18,8,1,2
Champions Tour 2024: Masters Madrid,Swiss Stage,Round 2,MAGNUM,Karmine Corp,killjoy,24,1.07,215,1.06,63%,148,0.75,0.13,0.17,0.04,32%,,0/3,18,18,17,3,4,1
Champions Tour 2024: Masters Madrid,Swiss Stage,Round 2,MAGNUM,Karmine Corp,"fade, killjoy",45,0.81,158,0.69,64%,110,0.53,0.24,0.11,0.07,25%,,0/5,18,24,35,11,5,3
Champions Tour 2024: Masters Madrid,Swiss Stage,Round 2,tomaszy,Karmine Corp,omen,21,0.49,93,0.35,57%,60,0.29,0.24,0.05,0.05,13%,,0/1,6,6,17,5,1,1
Champions Tour 2024: Masters Madrid,Swiss Stage,Round 2,tomaszy,Karmine Corp,viper,24,0.77,138,0.56,63%,84,0.42,0.33,0.08,0.13,17%,,0/3,10,10,18,8,2,3
Champions Tour 2024: Masters Madrid,Swiss Stage,Round 2,tomaszy,Karmine Corp,"omen, viper",45,0.63,116,0.46,60%,73,0.36,0.29,0.07,0.09,15%,,0/4,10,16,35,13,3,4
Champions Tour 2024: Masters Madrid,Swiss Stage,Round 2,marteen,Karmine Corp,raze,24,0.83,168,0.74,58%,104,0.58,0.08,0.21,0.25,21%,,0/1,14,14,19,2,5,6
Champions Tour 2024: Masters Madrid,Swiss Stage,Round 2,marteen,Karmine Corp,yoru,21,1.0,175,0.93,57%,110,0.62,0.14,0.24,0.14,39%,,0/1,13,13,14,3,5,3
Champions Tour 2024: Masters Madrid,Swiss Stage,Round 2,marteen,Karmine Corp,"raze, yoru",45,0.92,172,0.82,58%,107,0.6,0.11,0.22,0.2,28%,,0/2,14,27,33,5,10,9
Champions Tour 2024: Masters Madrid,Swiss Stage,Round 2,BerLIN,FunPlus Phoenix,astra,24,0.76,134,0.76,67%,95,0.54,0.29,0.08,0.13,42%,,0/2,13,13,17,7,2,3
Champions Tour 2024: Masters Madrid,Swiss Stage,Round 2,BerLIN,FunPlus Phoenix,harbor,18,0.7,130,0.53,56%,85,0.44,0.06,0.11,0.11,45%,,0/2,8,8,15,1,2,2
Champions Tour 2024: Masters Madrid,Swiss Stage,Round 2,BerLIN,FunPlus Phoenix,"astra, harbor",42,0.73,132,0.66,62%,91,0.5,0.19,0.1,0.12,43%,,0/4,13,21,32,8,4,5
Champions Tour 2024: Masters Madrid,Swiss Stage,Round 2,Life,FunPlus Phoenix,chamber,18,0.57,209,0.88,61%,133,0.78,0.06,0.17,0.22,50%,100%,1/1,14,14,16,1,3,4
Champions Tour 2024: Masters Madrid,Swiss Stage,Round 2,Life,FunPlus Phoenix,jett,24,0.79,214,0.76,50%,154,0.67,0.17,0.17,0.17,38%,,0/1,16,16,21,4,4,4
Champions Tour 2024: Masters Madrid,Swiss Stage,Round 2,Life,FunPlus Phoenix,"chamber, jett",42,0.68,212,0.81,55%,145,0.71,0.12,0.17,0.19,41%,50%,1/2,16,30,37,5,7,8
Champions Tour 2024: Masters Madrid,Swiss Stage,Round 2,Autumn,FunPlus Phoenix,phoenix,18,0.82,202,0.87,67%,142,0.72,0.17,0.17,0.22,40%,100%,1/1,13,13,15,3,3,4
Champions Tour 2024: Masters Madrid,Swiss Stage,Round 2,Autumn,FunPlus Phoenix,yoru,24,1.36,298,1.39,67%,190,1.04,0.17,0.29,0.08,37%,33%,1/3,25,25,18,4,7,2
Champions Tour 2024: Masters Madrid,Swiss Stage,Round 2,Autumn,FunPlus Phoenix,"phoenix, yoru",42,1.09,250,1.15,67%,170,0.9,0.17,0.24,0.14,38%,50%,2/4,25,38,33,7,10,6
Champions Tour 2024: Masters Madrid,Swiss Stage,Round 2,AAAAY,FunPlus Phoenix,sova,42,0.54,124,0.51,60%,86,0.43,0.14,0.0,0.02,23%,,0/7,11,18,35,6,0,1
Champions Tour 2024: Masters Madrid,Swiss Stage,Round 2,Lysoar,FunPlus Phoenix,viper,42,0.92,150,0.72,52%,106,0.5,0.29,0.02,0.0,28%,,0/11,15,21,29,12,1,0
Champions Tour 2024: Masters Madrid,Swiss Stage,Round 2,cauanzin,LOUD,breach,18,1.24,244,1.42,72%,162,0.94,0.44,0.06,0.17,26%,,0/1,17,17,12,8,1,3
Champions Tour 2024: Masters Madrid,Swiss Stage,Round 2,cauanzin,LOUD,sova,24,1.1,214,1.27,75%,139,0.79,0.21,0.08,0.08,23%,33%,1/3,19,19,15,5,2,2
Champions Tour 2024: Masters Madrid,Swiss Stage,Round 2,cauanzin,LOUD,"breach, sova",42,1.17,229,1.33,74%,149,0.86,0.31,0.07,0.12,24%,25%,1/4,19,36,27,13,3,5
Champions Tour 2024: Masters Madrid,Swiss Stage,Round 2,Less,LOUD,cypher,24,1.47,255,1.85,88%,164,1.0,0.29,0.04,0.0,27%,,0/2,24,24,13,7,1,0
Champions Tour 2024: Masters Madrid,Swiss Stage,Round 2,Less,LOUD,viper,18,1.33,207,1.33,83%,160,0.67,0.39,0.11,0.11,13%,,0/2,12,12,9,7,2,2
Champions Tour 2024: Masters Madrid,Swiss Stage,Round 2,Less,LOUD,"cypher, viper",42,1.4,231,1.64,86%,162,0.86,0.33,0.07,0.05,21%,,0/4,24,36,22,14,3,2
Champions Tour 2024: Masters Madrid,Swiss Stage,Round 2,Quick,LOUD,jett,24,0.56,146,0.55,50%,96,0.46,0.13,0.17,0.38,24%,,0/1,11,11,20,3,4,9
Champions Tour 2024: Masters Madrid,Swiss Stage,Round 2,Quick,LOUD,phoenix,18,1.13,247,1.42,72%,140,0.94,0.06,0.22,0.06,44%,,,17,17,12,1,4,1
Champions Tour 2024: Masters Madrid,Swiss Stage,Round 2,Quick,LOUD,"jett, phoenix",42,0.85,196,0.88,60%,115,0.67,0.1,0.19,0.24,33%,,0/1,17,28,32,4,8,10
Champions Tour 2024: Masters Madrid,Swiss Stage,Round 2,saadhak,LOUD,kayo,24,1.14,230,1.12,79%,131,0.79,0.5,0.13,0.04,18%,,0/1,19,19,17,12,3,1
Champions Tour 2024: Masters Madrid,Swiss Stage,Round 2,saadhak,LOUD,sova,18,1.66,288,2.57,83%,181,1.0,0.39,0.06,0.06,11%,,,18,18,7,7,1,1
Champions Tour 2024: Masters Madrid,Swiss Stage,Round 2,saadhak,LOUD,"kayo, sova",42,1.4,259,1.54,81%,153,0.88,0.45,0.1,0.05,14%,,0/1,19,37,24,19,4,2
Champions Tour 2024: Masters Madrid,Swiss Stage,Round 2,tuyz,LOUD,omen,18,1.26,188,1.63,83%,131,0.72,0.39,0.11,0.06,26%,,0/2,13,13,8,7,2,1
Champions Tour 2024: Masters Madrid,Swiss Stage,Round 2,tuyz,LOUD,viper,24,1.05,186,1.07,83%,130,0.67,0.54,0.0,0.08,28%,,0/4,16,16,15,13,0,2
Champions Tour 2024: Masters Madrid,Swiss Stage,Round 2,tuyz,LOUD,"omen, viper",42,1.16,187,1.26,83%,131,0.69,0.48,0.05,0.07,27%,,0/6,16,29,23,20,2,3
Champions Tour 2024: Masters Madrid,Swiss Stage,Round 2,RieNs,Team Heretics,breach,20,0.85,171,0.73,60%,120,0.55,0.3,0.1,0.1,26%,,0/4,11,11,15,6,2,2
Champions Tour 2024: Masters Madrid,Swiss Stage,Round 2,RieNs,Team Heretics,gekko,23,1.24,209,1.38,74%,139,0.78,0.17,0.17,0.04,44%,,0/2,18,18,13,4,4,1
Champions Tour 2024: Masters Madrid,Swiss Stage,Round 2,RieNs,Team Heretics,sova,23,1.16,273,1.22,87%,193,0.96,0.48,0.04,0.04,50%,,0/5,22,22,18,11,1,1
Champions Tour 2024: Masters Madrid,Swiss Stage,Round 2,RieNs,Team Heretics,"breach, gekko, sova",66,1.08,218,1.11,74%,152,0.77,0.32,0.11,0.06,41%,,0/11,22,51,46,21,7,4
Champions Tour 2024: Masters Madrid,Swiss Stage,Round 2,benjyfishy,Team Heretics,cypher,43,1.11,252,1.19,63%,171,0.88,0.19,0.16,0.07,34%,,0/4,21,38,32,8,7,3
Champions Tour 2024: Masters Madrid,Swiss Stage,Round 2,benjyfishy,Team Heretics,killjoy,23,1.31,269,1.85,83%,178,1.04,0.09,0.09,0.0,36%,25%,1/4,24,24,13,2,2,0
Champions Tour 2024: Masters Madrid,Swiss Stage,Round 2,benjyfishy,Team Heretics,"cypher, killjoy",66,1.18,257,1.38,70%,173,0.94,0.15,0.14,0.05,35%,13%,1/8,24,62,45,10,9,3
Champions Tour 2024: Masters Madrid,Swiss Stage,Round 2,paTiTek,Team Heretics,kayo,23,0.61,122,0.4,70%,92,0.35,0.65,0.04,0.04,23%,,0/2,8,8,20,15,1,1
Champions Tour 2024: Masters Madrid,Swiss Stage,Round 2,paTiTek,Team Heretics,viper,43,0.65,116,0.45,63%,79,0.33,0.33,0.09,0.09,14%,,0/5,9,14,31,14,4,4
Champions Tour 2024: Masters Madrid,Swiss Stage,Round 2,paTiTek,Team Heretics,"kayo, viper",66,0.64,118,0.43,65%,84,0.33,0.44,0.08,0.08,17%,,0/7,9,22,51,29,5,5
Champions Tour 2024: Masters Madrid,Swiss Stage,Round 2,MiniBoo,Team Heretics,neon,46,1.35,280,1.34,85%,173,0.93,0.37,0.2,0.17,37%,33%,1/3,23,43,32,17,9,8
Champions Tour 2024: Masters Madrid,Swiss Stage,Round 2,MiniBoo,Team Heretics,raze,20,0.62,99,0.43,55%,63,0.3,0.15,0.1,0.15,19%,,0/2,6,6,14,3,2,3
Champions Tour 2024: Masters Madrid,Swiss Stage,Round 2,MiniBoo,Team Heretics,"neon, raze",66,1.1,220,1.07,76%,140,0.74,0.3,0.17,0.17,34%,20%,1/5,23,49,46,20,11,11
Champions Tour 2024: Masters Madrid,Swiss Stage,Round 2,Boo,Team Heretics,omen,66,0.95,169,0.93,64%,114,0.64,0.32,0.02,0.15,32%,14%,1/7,15,42,45,21,1,10
Champions Tour 2024: Masters Madrid,Swiss Stage,Round 2,Smoggy,EDward Gaming,breach,18,0.72,149,0.67,78%,92,0.56,0.33,0.06,0.0,26%,,0/7,10,10,15,6,1,0
Champions Tour 2024: Masters Madrid,Swiss Stage,Round 2,Smoggy,EDward Gaming,kayo,40,0.93,166,0.86,80%,108,0.6,0.53,0.05,0.03,28%,10%,1/10,14,24,28,21,2,1
Champions Tour 2024: Masters Madrid,Swiss Stage,Round 2,Smoggy,EDward Gaming,"breach, kayo",58,0.86,161,0.79,79%,103,0.59,0.47,0.05,0.02,27%,6%,1/17,14,34,43,27,3,1
Champions Tour 2024: Masters Madrid,Swiss Stage,Round 2,CHICHOO,EDward Gaming,cypher,19,0.62,128,0.53,53%,91,0.42,0.11,0.0,0.05,31%,,0/5,8,8,15,2,0,1
Champions Tour 2024: Masters Madrid,Swiss Stage,Round 2,CHICHOO,EDward Gaming,killjoy,21,1.13,220,1.23,81%,156,0.76,0.24,0.1,0.14,34%,,0/1,16,16,13,5,2,3
Champions Tour 2024: Masters Madrid,Swiss Stage,Round 2,CHICHOO,EDward Gaming,viper,18,0.5,103,0.38,44%,72,0.33,0.22,0.0,0.06,13%,,0/1,6,6,16,4,0,1
Champions Tour 2024: Masters Madrid,Swiss Stage,Round 2,CHICHOO,EDward Gaming,"cypher, killjoy, viper",58,0.75,150,0.68,60%,109,0.52,0.19,0.03,0.09,28%,,0/7,16,30,44,11,2,5
Champions Tour 2024: Masters Madrid,Swiss Stage,Round 2,ZmjjKK,EDward Gaming,jett,40,1.14,267,1.37,78%,169,1.03,0.18,0.25,0.15,27%,,0/3,25,41,30,7,10,6
Champions Tour 2024: Masters Madrid,Swiss Stage,Round 2,ZmjjKK,EDward Gaming,raze,18,1.52,401,1.47,83%,251,1.22,0.33,0.11,0.11,36%,50%,1/2,22,22,15,6,2,2
Champions Tour 2024: Masters Madrid,Swiss Stage,Round 2,ZmjjKK,EDward Gaming,"jett, raze",58,1.27,312,1.4,79%,194,1.09,0.22,0.21,0.14,32%,20%,1/5,25,63,45,13,12,8
Champions Tour 2024: Masters Madrid,Swiss Stage,Round 2,Haodong,EDward Gaming,omen,18,0.49,163,0.63,78%,99,0.56,0.17,0.11,0.22,30%,,0/2,10,10,16,3,2,4
Champions Tour 2024: Masters Madrid,Swiss Stage,Round 2,Haodong,EDward Gaming,viper,40,0.91,163,0.76,73%,123,0.55,0.3,0.1,0.08,24%,,,13,22,29,12,4,3
Champions Tour 2024: Masters Madrid,Swiss Stage,Round 2,Haodong,EDward Gaming,"omen, viper",58,0.77,163,0.71,74%,115,0.55,0.26,0.1,0.12,25%,,0/2,13,32,45,15,6,7
Champions Tour 2024: Masters Madrid,Swiss Stage,Round 2,nobody,EDward Gaming,skye,18,0.55,133,0.5,56%,98,0.44,0.44,0.06,0.28,19%,33%,1/3,8,8,16,8,1,5
Champions Tour 2024: Masters Madrid,Swiss Stage,Round 2,nobody,EDward Gaming,sova,40,1.05,205,1.15,80%,144,0.78,0.2,0.05,0.15,34%,25%,1/4,20,31,27,8,2,6
Champions Tour 2024: Masters Madrid,Swiss Stage,Round 2,nobody,EDward Gaming,"skye, sova",58,0.88,181,0.91,72%,130,0.67,0.28,0.05,0.19,29%,29%,2/7,20,39,43,16,3,11
Champions Tour 2024: Masters Madrid,Swiss Stage,Round 2,johnqt,Sentinels,cypher,21,1.17,165,1.33,90%,103,0.57,0.24,0.1,0.0,19%,,0/1,12,12,9,5,2,0
Champions Tour 2024: Masters Madrid,Swiss Stage,Round 2,johnqt,Sentinels,viper,24,1.41,266,1.75,92%,174,0.88,0.38,0.17,0.04,20%,,0/6,21,21,12,9,4,1
Champions Tour 2024: Masters Madrid,Swiss Stage,Round 2,johnqt,Sentinels,"cypher, viper",45,1.29,216,1.57,91%,141,0.73,0.31,0.13,0.02,20%,,0/7,21,33,21,14,6,1
Champions Tour 2024: Masters Madrid,Swiss Stage,Round 2,Sacy,Sentinels,fade,24,0.84,112,0.64,75%,86,0.38,0.63,0.0,0.08,19%,,0/1,9,9,14,15,0,2
Champions Tour 2024: Masters Madrid,Swiss Stage,Round 2,Sacy,Sentinels,skye,21,1.0,117,0.78,81%,63,0.33,0.81,0.05,0.14,21%,,0/1,7,7,9,17,1,3
Champions Tour 2024: Masters Madrid,Swiss Stage,Round 2,Sacy,Sentinels,"fade, skye",45,0.92,114,0.7,78%,75,0.36,0.71,0.02,0.11,20%,,0/2,9,16,23,32,1,5
Champions Tour 2024: Masters Madrid,Swiss Stage,Round 2,Zellsis,Sentinels,killjoy,24,0.91,194,1.14,79%,126,0.67,0.17,0.04,0.08,15%,50%,1/2,16,16,14,4,1,2
Champions Tour 2024: Masters Madrid,Swiss Stage,Round 2,Zellsis,Sentinels,viper,21,0.95,170,0.93,71%,109,0.62,0.24,0.05,0.14,24%,,,13,13,14,5,1,3
Champions Tour 2024: Masters Madrid,Swiss Stage,Round 2,Zellsis,Sentinels,"killjoy, viper",45,0.93,182,1.04,76%,118,0.64,0.2,0.04,0.11,18%,50%,1/2,16,29,28,9,2,5
Champions Tour 2024: Masters Madrid,Swiss Stage,Round 2,TenZ,Sentinels,omen,45,1.45,260,2.0,84%,159,0.93,0.62,0.11,0.09,20%,,0/3,22,42,21,28,5,4
Champions Tour 2024: Masters Madrid,Swiss Stage,Round 2,zekken,Sentinels,raze,45,1.12,254,1.37,73%,156,0.91,0.16,0.18,0.18,20%,,0/4,26,41,30,7,8,8
Champions Tour 2024: Masters Madrid,Swiss Stage,Round 2,f0rsakeN,Paper Rex,cypher,23,0.72,144,0.53,52%,92,0.43,0.39,0.04,0.17,18%,100%,1/1,10,10,19,9,1,4
Champions Tour 2024: Masters Madrid,Swiss Stage,Round 2,f0rsakeN,Paper Rex,kayo,23,1.11,225,1.18,65%,135,0.87,0.3,0.13,0.09,23%,,,20,20,17,7,3,2
Champions Tour 2024: Masters Madrid,Swiss Stage,Round 2,f0rsakeN,Paper Rex,raze,20,1.47,322,1.83,75%,200,1.1,0.35,0.25,0.2,37%,,0/2,22,22,12,7,5,4
Champions Tour 2024: Masters Madrid,Swiss Stage,Round 2,f0rsakeN,Paper Rex,"cypher, kayo, raze",66,1.1,230,1.08,64%,140,0.79,0.35,0.14,0.15,27%,33%,1/3,22,52,48,23,9,10
Champions Tour 2024: Masters Madrid,Swiss Stage,Round 2,something,Paper Rex,gekko,23,1.22,231,1.36,87%,156,0.83,0.3,0.13,0.04,20%,,0/2,19,19,14,7,3,1
Champions Tour 2024: Masters Madrid,Swiss Stage,Round 2,something,Paper Rex,jett,43,1.32,285,1.62,79%,173,0.98,0.14,0.26,0.07,31%,,0/4,24,42,26,6,11,3
Champions Tour 2024: Masters Madrid,Swiss Stage,Round 2,something,Paper Rex,"gekko, jett",66,1.29,267,1.53,82%,167,0.92,0.2,0.21,0.06,27%,,0/6,24,61,40,13,14,4
Champions Tour 2024: Masters Madrid,Swiss Stage,Round 2,Monyet,Paper Rex,omen,43,1.13,202,1.03,81%,129,0.74,0.56,0.09,0.09,29%,29%,2/7,18,32,31,24,4,4
Champions Tour 2024: Masters Madrid,Swiss Stage,Round 2,Monyet,Paper Rex,raze,23,0.68,162,0.63,52%,113,0.52,0.35,0.09,0.22,21%,50%,1/2,12,12,19,8,2,5
Champions Tour 2024: Masters Madrid,Swiss Stage,Round 2,Monyet,Paper Rex,"omen, raze",66,0.98,188,0.88,71%,123,0.67,0.48,0.09,0.14,26%,33%,3/9,18,44,50,32,6,9
Champions Tour 2024: Masters Madrid,Swiss Stage,Round 2,mindfreak,Paper Rex,omen,23,0.73,146,0.67,61%,104,0.52,0.3,0.0,0.17,40%,,0/3,12,12,18,7,0,4
Champions Tour 2024: Masters Madrid,Swiss Stage,Round 2,mindfreak,Paper Rex,viper,43,0.82,144,0.92,70%,96,0.56,0.12,0.05,0.09,35%,,0/4,17,24,26,5,2,4
Champions Tour 2024: Masters Madrid,Swiss Stage,Round 2,mindfreak,Paper Rex,"omen, viper",66,0.79,145,0.82,67%,99,0.55,0.18,0.03,0.12,37%,,0/7,17,36,44,12,2,8
Champions Tour 2024: Masters Madrid,Swiss Stage,Round 2,d4v41,Paper Rex,sage,23,0.9,174,0.82,78%,117,0.61,0.17,0.04,0.09,22%,50%,1/2,14,14,17,4,1,2
Champions Tour 2024: Masters Madrid,Swiss Stage,Round 2,d4v41,Paper Rex,skye,43,1.07,166,0.96,74%,109,0.6,0.58,0.02,0.0,27%,13%,1/8,14,26,27,25,1,0
Champions Tour 2024: Masters Madrid,Swiss Stage,Round 2,d4v41,Paper Rex,"sage, skye",66,1.02,169,0.91,76%,112,0.61,0.44,0.03,0.03,25%,20%,2/10,14,40,44,29,2,2
Champions Tour 2024: Masters Madrid,Swiss Stage,Round 3,Monyet,Paper Rex,astra,19,0.59,166,0.69,53%,114,0.58,0.21,0.11,0.21,29%,,0/3,11,11,16,4,2,4
Champions Tour 2024: Masters Madrid,Swiss Stage,Round 3,Monyet,Paper Rex,raze,49,1.11,234,1.06,63%,163,0.78,0.24,0.16,0.22,25%,20%,1/5,20,38,36,12,8,11
Champions Tour 2024: Masters Madrid,Swiss Stage,Round 3,Monyet,Paper Rex,"astra, raze",68,0.94,212,0.94,60%,150,0.72,0.24,0.15,0.22,25%,13%,1/8,20,49,52,16,10,15
Champions Tour 2024: Masters Madrid,Swiss Stage,Round 3,mindfreak,Paper Rex,brimstone,23,1.0,224,1.13,83%,138,0.78,0.35,0.09,0.04,45%,,0/2,18,18,16,8,2,1
Champions Tour 2024: Masters Madrid,Swiss Stage,Round 3,mindfreak,Paper Rex,omen,19,0.69,125,0.62,63%,76,0.42,0.26,0.0,0.16,30%,,0/3,8,8,13,5,0,3
Champions Tour 2024: Masters Madrid,Swiss Stage,Round 3,mindfreak,Paper Rex,viper,26,0.86,131,0.67,65%,92,0.46,0.19,0.0,0.0,31%,,0/8,12,12,18,5,0,0
Champions Tour 2024: Masters Madrid,Swiss Stage,Round 3,mindfreak,Paper Rex,"brimstone, omen, viper",68,0.85,160,0.81,71%,103,0.56,0.26,0.03,0.06,36%,,0/13,18,38,47,18,2,4
Champions Tour 2024: Masters Madrid,Swiss Stage,Round 3,f0rsakeN,Paper Rex,fade,26,1.38,261,1.22,85%,170,0.85,0.58,0.15,0.04,28%,33%,1/3,22,22,18,15,4,1
Champions Tour 2024: Masters Madrid,Swiss Stage,Round 3,f0rsakeN,Paper Rex,harbor,23,0.96,195,1.07,87%,132,0.7,0.22,0.13,0.17,35%,,,16,16,15,5,3,4
Champions Tour 2024: Masters Madrid,Swiss Stage,Round 3,f0rsakeN,Paper Rex,raze,19,0.62,182,0.69,58%,122,0.58,0.16,0.11,0.11,24%,,,11,11,16,3,2,2
Champions Tour 2024: Masters Madrid,Swiss Stage,Round 3,f0rsakeN,Paper Rex,"fade, harbor, raze",68,0.99,213,1.0,78%,144,0.72,0.34,0.13,0.1,29%,33%,1/3,22,49,49,23,9,7
Champions Tour 2024: Masters Madrid,Swiss Stage,Round 3,something,Paper Rex,gekko,26,1.2,210,1.25,73%,140,0.77,0.12,0.12,0.12,14%,,0/1,20,20,16,3,3,3
Champions Tour 2024: Masters Madrid,Swiss Stage,Round 3,something,Paper Rex,jett,19,0.83,201,1.08,58%,107,0.74,0.0,0.11,0.16,18%,25%,1/4,14,14,13,0,2,3
Champions Tour 2024: Masters Madrid,Swiss Stage,Round 3,something,Paper Rex,reyna,23,0.98,186,1.0,70%,114,0.7,0.17,0.22,0.04,32%,,0/2,16,16,16,4,5,1
Champions Tour 2024: Masters Madrid,Swiss Stage,Round 3,something,Paper Rex,"gekko, jett, reyna",68,1.0,199,1.11,68%,122,0.74,0.1,0.15,0.1,21%,14%,1/7,20,50,45,7,10,7
Champions Tour 2024: Masters Madrid,Swiss Stage,Round 3,d4v41,Paper Rex,omen,26,0.93,172,0.84,58%,118,0.62,0.38,0.0,0.04,36%,,,16,16,19,10,0,1
Champions Tour 2024: Masters Madrid,Swiss Stage,Round 3,d4v41,Paper Rex,skye,42,1.12,196,1.08,67%,135,0.64,0.4,0.05,0.02,31%,17%,1/6,14,27,25,17,2,1
Champions Tour 2024: Masters Madrid,Swiss Stage,Round 3,d4v41,Paper Rex,"omen, skye",68,1.06,188,0.98,63%,129,0.63,0.4,0.03,0.03,33%,17%,1/6,16,43,44,27,2,2
Champions Tour 2024: Masters Madrid,Swiss Stage,Round 3,cauanzin,LOUD,breach,16,1.36,276,1.6,94%,173,1.0,0.44,0.25,0.06,24%,,0/1,16,16,10,7,4,1
Champions Tour 2024: Masters Madrid,Swiss Stage,Round 3,cauanzin,LOUD,sova,15,1.46,276,1.78,93%,200,1.07,0.47,0.2,0.13,29%,,0/1,16,16,9,7,3,2
Champions Tour 2024: Masters Madrid,Swiss Stage,Round 3,cauanzin,LOUD,"breach, sova",31,1.41,276,1.68,94%,186,1.03,0.45,0.23,0.1,26%,,0/2,16,32,19,14,7,3
Champions Tour 2024: Masters Madrid,Swiss Stage,Round 3,tuyz,LOUD,harbor,15,1.09,131,1.33,80%,110,0.53,0.4,0.0,0.0,40%,100%,2/2,8,8,6,6,0,0
Champions Tour 2024: Masters Madrid,Swiss Stage,Round 3,tuyz,LOUD,omen,16,1.41,172,1.86,75%,114,0.81,0.19,0.06,0.06,24%,,0/1,13,13,7,3,1,1
Champions Tour 2024: Masters Madrid,Swiss Stage,Round 3,tuyz,LOUD,"harbor, omen",31,1.25,152,1.62,77%,112,0.68,0.29,0.03,0.03,31%,67%,2/3,13,21,13,9,1,1
Champions Tour 2024: Masters Madrid,Swiss Stage,Round 3,Quick,LOUD,jett,15,0.96,249,1.17,73%,156,0.93,0.0,0.27,0.07,27%,,,14,14,12,0,4,1
Champions Tour 2024: Masters Madrid,Swiss Stage,Round 3,Quick,LOUD,phoenix,16,1.98,380,3.43,88%,270,1.5,0.19,0.19,0.06,44%,100%,1/1,24,24,7,3,3,1
Champions Tour 2024: Masters Madrid,Swiss Stage,Round 3,Quick,LOUD,"jett, phoenix",31,1.47,314,2.0,81%,215,1.23,0.1,0.23,0.06,38%,100%,1/1,24,38,19,3,7,2
Champions Tour 2024: Masters Madrid,Swiss Stage,Round 3,saadhak,LOUD,killjoy,15,1.25,236,1.75,73%,154,0.93,0.13,0.13,0.13,22%,100%,1/1,14,14,8,2,2,2
Champions Tour 2024: Masters Madrid,Swiss Stage,Round 3,saadhak,LOUD,sova,16,1.22,152,1.29,81%,105,0.56,0.38,0.06,0.0,26%,100%,1/1,9,9,7,6,1,0
Champions Tour 2024: Masters Madrid,Swiss Stage,Round 3,saadhak,LOUD,"killjoy, sova",31,1.23,194,1.53,77%,129,0.74,0.26,0.1,0.06,24%,100%,2/2,14,23,15,8,3,2
Champions Tour 2024: Masters Madrid,Swiss Stage,Round 3,Less,LOUD,viper,31,1.41,188,1.62,87%,142,0.68,0.35,0.13,0.03,34%,33%,1/3,13,21,13,11,4,1
Champions Tour 2024: Masters Madrid,Swiss Stage,Round 3,MAGNUM,Karmine Corp,breach,26,0.97,168,0.94,77%,105,0.58,0.54,0.08,0.04,20%,20%,1/5,15,15,16,14,2,1
Champions Tour 2024: Masters Madrid,Swiss Stage,Round 3,MAGNUM,Karmine Corp,killjoy,19,1.19,203,1.27,74%,118,0.74,0.11,0.26,0.05,13%,,,14,14,11,2,5,1
Champions Tour 2024: Masters Madrid,Swiss Stage,Round 3,MAGNUM,Karmine Corp,skye,23,1.17,230,1.13,61%,145,0.78,0.43,0.09,0.13,32%,,0/4,18,18,16,10,2,3
Champions Tour 2024: Masters Madrid,Swiss Stage,Round 3,MAGNUM,Karmine Corp,"breach, killjoy, skye",68,1.11,200,1.09,71%,122,0.69,0.38,0.13,0.07,22%,11%,1/9,18,47,43,26,9,5
Champions Tour 2024: Masters Madrid,Swiss Stage,Round 3,N4RRATE,Karmine Corp,fade,19,1.72,272,2.0,95%,192,0.95,0.37,0.16,0.0,30%,20%,1/5,18,18,9,7,3,0
Champions Tour 2024: Masters Madrid,Swiss Stage,Round 3,N4RRATE,Karmine Corp,kayo,26,0.91,184,0.94,85%,107,0.65,0.69,0.08,0.12,24%,,0/2,17,17,18,18,2,3
Champions Tour 2024: Masters Madrid,Swiss Stage,Round 3,N4RRATE,Karmine Corp,raze,23,1.19,268,1.11,65%,176,0.87,0.3,0.17,0.13,14%,,0/3,20,20,18,7,4,3
Champions Tour 2024: Masters Madrid,Swiss Stage,Round 3,N4RRATE,Karmine Corp,"fade, kayo, raze",68,1.27,241,1.22,81%,154,0.81,0.47,0.13,0.09,22%,10%,1/10,20,55,45,32,9,6
Champions Tour 2024: Masters Madrid,Swiss Stage,Round 3,tomaszy,Karmine Corp,fade,26,0.83,164,0.88,58%,98,0.58,0.27,0.04,0.04,30%,,0/4,15,15,17,7,1,1
Champions Tour 2024: Masters Madrid,Swiss Stage,Round 3,tomaszy,Karmine Corp,viper,42,0.87,142,0.68,69%,115,0.45,0.33,0.0,0.1,43%,33%,1/3,10,19,28,14,0,4
Champions Tour 2024: Masters Madrid,Swiss Stage,Round 3,tomaszy,Karmine Corp,"fade, viper",68,0.86,149,0.76,65%,109,0.5,0.31,0.01,0.07,37%,14%,1/7,15,34,45,21,1,5
Champions Tour 2024: Masters Madrid,Swiss Stage,Round 3,marteen,Karmine Corp,jett,26,1.39,327,1.53,81%,206,1.12,0.31,0.23,0.23,26%,,0/2,29,29,19,8,6,6
Champions Tour 2024: Masters Madrid,Swiss Stage,Round 3,marteen,Karmine Corp,raze,19,1.05,243,1.21,79%,151,0.89,0.26,0.16,0.11,16%,100%,1/1,17,17,14,5,3,2
Champions Tour 2024: Masters Madrid,Swiss Stage,Round 3,marteen,Karmine Corp,yoru,23,0.87,183,0.89,78%,126,0.7,0.22,0.09,0.13,33%,,0/1,16,16,18,5,2,3
Champions Tour 2024: Masters Madrid,Swiss Stage,Round 3,marteen,Karmine Corp,"jett, raze, yoru",68,1.1,251,1.22,79%,164,0.91,0.26,0.16,0.16,25%,25%,1/4,29,62,51,18,11,11
Champions Tour 2024: Masters Madrid,Swiss Stage,Round 3,sh1n,Karmine Corp,omen,68,0.9,163,0.87,79%,100,0.57,0.43,0.07,0.09,28%,20%,1/5,14,39,45,29,5,6
Champions Tour 2024: Masters Madrid,Swiss Stage,Round 3,CHICHOO,EDward Gaming,cypher,16,0.5,127,0.43,44%,87,0.38,0.19,0.0,0.19,33%,,0/1,6,6,14,3,0,3
Champions Tour 2024: Masters Madrid,Swiss Stage,Round 3,CHICHOO,EDward Gaming,killjoy,15,0.77,159,0.67,60%,111,0.53,0.13,0.07,0.07,22%,,0/1,8,8,12,2,1,1
Champions Tour 2024: Masters Madrid,Swiss Stage,Round 3,CHICHOO,EDward Gaming,"cypher, killjoy",31,0.63,143,0.54,52%,99,0.45,0.16,0.03,0.13,26%,,0/2,8,14,26,5,1,4
Champions Tour 2024: Masters Madrid,Swiss Stage,Round 3,ZmjjKK,EDward Gaming,jett,15,0.26,77,0.27,27%,41,0.27,0.0,0.07,0.2,18%,,0/2,4,4,15,0,1,3
Champions Tour 2024: Masters Madrid,Swiss Stage,Round 3,ZmjjKK,EDward Gaming,raze,16,0.79,236,0.93,56%,156,0.81,0.0,0.19,0.13,28%,,0/3,13,13,14,0,3,2
Champions Tour 2024: Masters Madrid,Swiss Stage,Round 3,ZmjjKK,EDward Gaming,"jett, raze",31,0.52,156,0.59,42%,100,0.55,0.0,0.13,0.16,26%,,0/5,13,17,29,0,4,5
Champions Tour 2024: Masters Madrid,Swiss Stage,Round 3,Smoggy,EDward Gaming,kayo,31,0.94,214,0.96,58%,133,0.74,0.29,0.06,0.13,27%,13%,1/8,14,23,24,9,2,4
Champions Tour 2024: Masters Madrid,Swiss Stage,Round 3,Haodong,EDward Gaming,omen,16,0.27,78,0.2,44%,70,0.19,0.31,0.0,0.06,33%,,0/1,3,3,15,5,0,1
Champions Tour 2024: Masters Madrid,Swiss Stage,Round 3,Haodong,EDward Gaming,viper,15,0.49,127,0.43,60%,102,0.4,0.33,0.0,0.2,30%,,0/1,6,6,14,5,0,3
Champions Tour 2024: Masters Madrid,Swiss Stage,Round 3,Haodong,EDward Gaming,"omen, viper",31,0.38,102,0.31,52%,85,0.29,0.32,0.0,0.13,32%,,0/2,6,9,29,10,0,4
Champions Tour 2024: Masters Madrid,Swiss Stage,Round 3,nobody,EDward Gaming,sova,31,0.68,161,0.59,55%,122,0.52,0.13,0.06,0.16,39%,,0/8,9,16,27,4,2,5
Champions Tour 2024: Masters Madrid,All Stages,All Match Types,Karon,Gen.G,astra,77,1.12,201,1.1,74%,146,0.71,0.39,0.06,0.09,34%,20%,1/5,17,55,50,30,5,7
Champions Tour 2024: Masters Madrid,All Stages,All Match Types,Karon,Gen.G,brimstone,26,1.02,211,1.11,77%,137,0.77,0.27,0.12,0.04,25%,,0/3,20,20,18,7,3,1
Champions Tour 2024: Masters Madrid,All Stages,All Match Types,Karon,Gen.G,omen,161,1.05,205,1.06,75%,133,0.73,0.41,0.11,0.05,27%,11%,2/19,20,118,111,66,18,8
Champions Tour 2024: Masters Madrid,All Stages,All Match Types,Karon,Gen.G,viper,64,0.99,220,0.98,72%,154,0.77,0.25,0.09,0.05,28%,22%,4/18,19,49,50,16,6,3
Champions Tour 2024: Masters Madrid,All Stages,All Match Types,Karon,Gen.G,"astra, brimstone, omen, viper",328,1.05,207,1.06,74%,140,0.74,0.36,0.1,0.06,29%,16%,7/45,20,242,229,119,32,19
Champions Tour 2024: Masters Madrid,All Stages,All Match Types,Meteor,Gen.G,cypher,26,1.06,245,1.29,69%,158,0.85,0.31,0.12,0.15,31%,,0/3,22,22,17,8,3,4
Champions Tour 2024: Masters Madrid,All Stages,All Match Types,Meteor,Gen.G,jett,80,1.14,244,1.3,73%,152,0.93,0.13,0.23,0.1,31%,17%,1/6,22,74,57,10,18,8
Champions Tour 2024: Masters Madrid,All Stages,All Match Types,Meteor,Gen.G,killjoy,145,0.98,225,1.03,74%,152,0.78,0.13,0.09,0.12,25%,10%,1/10,21,113,110,19,13,18
Champions Tour 2024: Masters Madrid,All Stages,All Match Types,Meteor,Gen.G,yoru,77,1.08,220,1.13,73%,150,0.77,0.31,0.08,0.14,37%,20%,1/5,19,59,52,24,6,11
Champions Tour 2024: Masters Madrid,All Stages,All Match Types,Meteor,Gen.G,"cypher, jett, killjoy, yoru",328,1.05,230,1.14,73%,152,0.82,0.19,0.12,0.13,29%,13%,3/24,22,268,236,61,40,41
Champions Tour 2024: Masters Madrid,All Stages,All Match Types,Lakia,Gen.G,fade,42,0.76,140,0.77,67%,97,0.55,0.24,0.02,0.14,22%,50%,2/4,15,23,30,10,1,6
Champions Tour 2024: Masters Madrid,All Stages,All Match Types,Lakia,Gen.G,gekko,64,0.56,122,0.49,55%,89,0.41,0.13,0.08,0.14,24%,25%,1/4,13,26,53,8,5,9
Champions Tour 2024: Masters Madrid,All Stages,All Match Types,Lakia,Gen.G,skye,106,0.92,160,0.89,72%,106,0.59,0.3,0.06,0.09,26%,27%,3/11,19,63,71,32,6,10
Champions Tour 2024: Masters Madrid,All Stages,All Match Types,Lakia,Gen.G,sova,116,0.99,167,0.88,72%,113,0.56,0.32,0.08,0.05,23%,33%,3/9,16,65,74,37,9,6
Champions Tour 2024: Masters Madrid,All Stages,All Match Types,Lakia,Gen.G,"fade, gekko, skye, sova",328,0.86,153,0.78,68%,104,0.54,0.27,0.06,0.09,24%,32%,9/28,19,177,228,87,21,31
Champions Tour 2024: Masters Madrid,All Stages,All Match Types,t3xture,Gen.G,jett,180,1.03,222,1.1,69%,142,0.82,0.13,0.15,0.11,27%,14%,2/14,21,147,134,24,27,19
Champions Tour 2024: Masters Madrid,All Stages,All Match Types,t3xture,Gen.G,raze,148,1.04,226,1.04,72%,147,0.79,0.2,0.18,0.15,21%,22%,2/9,22,117,112,29,27,22
Champions Tour 2024: Masters Madrid,All Stages,All Match Types,t3xture,Gen.G,"jett, raze",328,1.04,224,1.07,71%,144,0.8,0.16,0.16,0.13,24%,17%,4/23,22,264,246,53,54,41
Champions Tour 2024: Masters Madrid,All Stages,All Match Types,Munchkin,Gen.G,kayo,103,1.05,192,1.01,72%,126,0.7,0.49,0.1,0.09,21%,6%,1/17,18,72,71,50,10,9
Champions Tour 2024: Masters Madrid,All Stages,All Match Types,Munchkin,Gen.G,viper,225,1.1,189,1.14,71%,125,0.66,0.36,0.04,0.08,22%,16%,6/37,19,148,130,81,10,18
Champions Tour 2024: Masters Madrid,All Stages,All Match Types,Munchkin,Gen.G,"kayo, viper",328,1.08,190,1.09,71%,126,0.67,0.4,0.06,0.08,22%,13%,7/54,19,220,201,131,20,27
Champions Tour 2024: Masters Madrid,All Stages,All Match Types,sh1n,Karmine Corp,astra,21,1.1,179,1.27,86%,102,0.67,0.19,0.0,0.0,20%,22%,2/9,14,14,11,4,0,0
Champions Tour 2024: Masters Madrid,All Stages,All Match Types,sh1n,Karmine Corp,omen,115,0.95,177,0.94,79%,110,0.63,0.39,0.06,0.08,31%,6%,1/17,21,72,77,45,7,9
Champions Tour 2024: Masters Madrid,All Stages,All Match Types,sh1n,Karmine Corp,sage,21,0.93,182,1.0,86%,116,0.71,0.33,0.1,0.05,38%,,0/2,15,15,15,7,2,1
Champions Tour 2024: Masters Madrid,All Stages,All Match Types,sh1n,Karmine Corp,"astra, omen, sage",157,0.97,178,0.98,81%,110,0.64,0.36,0.06,0.06,30%,11%,3/28,21,101,103,56,9,10
Champions Tour 2024: Masters Madrid,All Stages,All Match Types,MAGNUM,Karmine Corp,breach,26,0.97,168,0.94,77%,105,0.58,0.54,0.08,0.04,20%,20%,1/5,15,15,16,14,2,1
Champions Tour 2024: Masters Madrid,All Stages,All Match Types,MAGNUM,Karmine Corp,fade,21,0.56,100,0.33,67%,67,0.29,0.38,0.05,0.1,15%,,0/2,6,6,18,8,1,2
Champions Tour 2024: Masters Madrid,All Stages,All Match Types,MAGNUM,Karmine Corp,killjoy,87,1.13,217,1.2,70%,148,0.77,0.15,0.11,0.08,23%,,0/4,18,67,56,13,10,7
Champions Tour 2024: Masters Madrid,All Stages,All Match Types,MAGNUM,Karmine Corp,skye,23,1.17,230,1.13,61%,145,0.78,0.43,0.09,0.13,32%,,0/4,18,18,16,10,2,3
Champions Tour 2024: Masters Madrid,All Stages,All Match Types,MAGNUM,Karmine Corp,"breach, fade, killjoy, skye",157,1.03,195,1.0,69%,129,0.68,0.29,0.1,0.08,23%,7%,1/15,18,106,106,45,15,13
Champions Tour 2024: Masters Madrid,All Stages,All Match Types,N4RRATE,Karmine Corp,fade,66,1.5,260,1.69,77%,174,0.92,0.41,0.14,0.0,35%,25%,2/8,27,61,36,27,9,0
Champions Tour 2024: Masters Madrid,All Stages,All Match Types,N4RRATE,Karmine Corp,gekko,21,1.43,281,1.43,67%,212,0.95,0.43,0.05,0.24,32%,40%,2/5,20,20,14,9,1,5
Champions Tour 2024: Masters Madrid,All Stages,All Match Types,N4RRATE,Karmine Corp,kayo,26,0.91,184,0.94,85%,107,0.65,0.69,0.08,0.12,24%,,0/2,17,17,18,18,2,3
Champions Tour 2024: Masters Madrid,All Stages,All Match Types,N4RRATE,Karmine Corp,raze,44,1.02,237,0.94,64%,158,0.77,0.25,0.16,0.18,14%,,0/4,20,34,36,11,7,8
Champions Tour 2024: Masters Madrid,All Stages,All Match Types,N4RRATE,Karmine Corp,"fade, gekko, kayo, raze",157,1.27,246,1.27,73%,164,0.84,0.41,0.12,0.1,26%,21%,4/19,27,132,104,65,19,16
Champions Tour 2024: Masters Madrid,All Stages,All Match Types,tomaszy,Karmine Corp,fade,26,0.83,164,0.88,58%,98,0.58,0.27,0.04,0.04,30%,,0/4,15,15,17,7,1,1
Champions Tour 2024: Masters Madrid,All Stages,All Match Types,tomaszy,Karmine Corp,omen,21,0.49,93,0.35,57%,60,0.29,0.24,0.05,0.05,13%,,0/1,6,6,17,5,1,1
Champions Tour 2024: Masters Madrid,All Stages,All Match Types,tomaszy,Karmine Corp,viper,110,0.86,143,0.68,65%,106,0.47,0.31,0.05,0.11,36%,40%,4/10,15,52,76,34,5,12
Champions Tour 2024: Masters Madrid,All Stages,All Match Types,tomaszy,Karmine Corp,"fade, omen, viper",157,0.8,139,0.66,63%,98,0.46,0.29,0.04,0.09,32%,27%,4/15,15,73,110,46,7,14
Champions Tour 2024: Masters Madrid,All Stages,All Match Types,marteen,Karmine Corp,jett,47,1.31,296,1.48,83%,185,1.04,0.26,0.19,0.19,27%,,0/4,29,49,33,12,9,9
Champions Tour 2024: Masters Madrid,All Stages,All Match Types,marteen,Karmine Corp,raze,66,0.86,184,0.78,68%,118,0.61,0.18,0.14,0.21,15%,50%,1/2,17,40,51,12,9,14
Champions Tour 2024: Masters Madrid,All Stages,All Match Types,marteen,Karmine Corp,yoru,44,0.93,179,0.91,68%,118,0.66,0.18,0.16,0.14,35%,,0/2,16,29,32,8,7,6
Champions Tour 2024: Masters Madrid,All Stages,All Match Types,marteen,Karmine Corp,"jett, raze, yoru",157,1.01,215,1.02,73%,138,0.75,0.2,0.16,0.18,24%,13%,1/8,29,118,116,32,25,29
Champions Tour 2024: Masters Madrid,All Stages,All Match Types,Boo,Team Heretics,astra,24,0.86,138,0.71,67%,91,0.5,0.33,0.04,0.08,33%,25%,1/4,12,12,17,8,1,2
Champions Tour 2024: Masters Madrid,All Stages,All Match Types,Boo,Team Heretics,omen,106,0.9,167,0.91,69%,108,0.63,0.37,0.04,0.13,32%,8%,1/13,15,67,74,39,4,14
Champions Tour 2024: Masters Madrid,All Stages,All Match Types,Boo,Team Heretics,"astra, omen",130,0.9,162,0.87,68%,104,0.61,0.36,0.04,0.12,32%,12%,2/17,15,79,91,47,5,16
Champions Tour 2024: Masters Madrid,All Stages,All Match Types,RieNs,Team Heretics,breach,20,0.85,171,0.73,60%,120,0.55,0.3,0.1,0.1,26%,,0/4,11,11,15,6,2,2
Champions Tour 2024: Masters Madrid,All Stages,All Match Types,RieNs,Team Heretics,gekko,45,0.99,180,0.97,76%,120,0.64,0.2,0.16,0.04,36%,,0/5,18,29,30,9,7,2
Champions Tour 2024: Masters Madrid,All Stages,All Match Types,RieNs,Team Heretics,sova,65,1.35,284,1.4,85%,194,0.97,0.45,0.08,0.05,39%,,0/13,22,63,45,29,5,3
Champions Tour 2024: Masters Madrid,All Stages,All Match Types,RieNs,Team Heretics,"breach, gekko, sova",130,1.15,230,1.14,78%,157,0.79,0.34,0.11,0.05,36%,,0/22,22,103,90,44,14,7
Champions Tour 2024: Masters Madrid,All Stages,All Match Types,benjyfishy,Team Heretics,cypher,61,1.13,245,1.26,72%,163,0.87,0.21,0.15,0.05,27%,,0/4,21,53,42,13,9,3
Champions Tour 2024: Masters Madrid,All Stages,All Match Types,benjyfishy,Team Heretics,killjoy,45,1.02,210,1.24,73%,139,0.8,0.16,0.07,0.09,34%,22%,2/9,24,36,29,7,3,4
Champions Tour 2024: Masters Madrid,All Stages,All Match Types,benjyfishy,Team Heretics,viper,24,0.73,148,0.63,71%,84,0.5,0.42,0.08,0.21,21%,,0/2,12,12,19,10,2,5
Champions Tour 2024: Masters Madrid,All Stages,All Match Types,benjyfishy,Team Heretics,"cypher, killjoy, viper",130,1.03,217,1.12,72%,140,0.78,0.23,0.11,0.09,29%,13%,2/15,24,101,90,30,14,12
Champions Tour 2024: Masters Madrid,All Stages,All Match Types,paTiTek,Team Heretics,kayo,65,0.99,167,0.74,77%,112,0.52,0.66,0.11,0.05,20%,,0/2,14,34,46,43,7,3
Champions Tour 2024: Masters Madrid,All Stages,All Match Types,paTiTek,Team Heretics,viper,65,0.68,133,0.56,65%,88,0.42,0.31,0.08,0.11,11%,,0/5,13,27,48,20,5,7
Champions Tour 2024: Masters Madrid,All Stages,All Match Types,paTiTek,Team Heretics,"kayo, viper",130,0.84,150,0.65,71%,100,0.47,0.48,0.09,0.08,16%,,0/7,14,61,94,63,12,10
Champions Tour 2024: Masters Madrid,All Stages,All Match Types,MiniBoo,Team Heretics,neon,86,1.38,288,1.47,83%,180,1.02,0.35,0.17,0.14,32%,43%,3/7,25,88,60,30,15,12
Champions Tour 2024: Masters Madrid,All Stages,All Match Types,MiniBoo,Team Heretics,raze,20,0.62,99,0.43,55%,63,0.3,0.15,0.1,0.15,19%,,0/2,6,6,14,3,2,3
Champions Tour 2024: Masters Madrid,All Stages,All Match Types,MiniBoo,Team Heretics,yoru,24,0.85,221,1.11,75%,133,0.83,0.17,0.21,0.13,36%,,0/3,20,20,18,4,5,3
Champions Tour 2024: Masters Madrid,All Stages,All Match Types,MiniBoo,Team Heretics,"neon, raze, yoru",130,1.16,245,1.24,77%,154,0.88,0.28,0.17,0.14,31%,25%,3/12,25,114,92,37,22,18
Champions Tour 2024: Masters Madrid,All Stages,All Match Types,BerLIN,FunPlus Phoenix,astra,24,0.76,134,0.76,67%,95,0.54,0.29,0.08,0.13,42%,,0/2,13,13,17,7,2,3
Champions Tour 2024: Masters Madrid,All Stages,All Match Types,BerLIN,FunPlus Phoenix,harbor,18,0.7,130,0.53,56%,85,0.44,0.06,0.11,0.11,45%,,0/2,8,8,15,1,2,2
Champions Tour 2024: Masters Madrid,All Stages,All Match Types,BerLIN,FunPlus Phoenix,omen,44,0.79,168,0.74,68%,107,0.57,0.43,0.16,0.14,30%,13%,1/8,14,25,34,19,7,6
Champions Tour 2024: Masters Madrid,All Stages,All Match Types,BerLIN,FunPlus Phoenix,"astra, harbor, omen",86,0.76,150,0.7,65%,99,0.53,0.31,0.13,0.13,36%,8%,1/12,14,46,66,27,11,11
Champions Tour 2024: Masters Madrid,All Stages,All Match Types,Life,FunPlus Phoenix,chamber,41,0.76,196,0.94,61%,129,0.73,0.07,0.1,0.15,32%,50%,2/4,16,30,32,3,4,6
Champions Tour 2024: Masters Madrid,All Stages,All Match Types,Life,FunPlus Phoenix,jett,24,0.79,214,0.76,50%,154,0.67,0.17,0.17,0.17,38%,,0/1,16,16,21,4,4,4
Champions Tour 2024: Masters Madrid,All Stages,All Match Types,Life,FunPlus Phoenix,reyna,21,1.39,318,1.67,86%,217,1.19,0.14,0.24,0.14,48%,25%,1/4,25,25,15,3,5,3
Champions Tour 2024: Masters Madrid,All Stages,All Match Types,Life,FunPlus Phoenix,"chamber, jett, reyna",86,0.92,231,1.04,64%,158,0.83,0.12,0.15,0.15,39%,33%,3/9,25,71,68,10,13,13
Champions Tour 2024: Masters Madrid,All Stages,All Match Types,AAAAY,FunPlus Phoenix,gekko,44,0.93,198,0.86,73%,136,0.68,0.39,0.02,0.02,37%,14%,1/7,15,30,35,17,1,1
Champions Tour 2024: Masters Madrid,All Stages,All Match Types,AAAAY,FunPlus Phoenix,sova,42,0.54,124,0.51,60%,86,0.43,0.14,0.0,0.02,23%,,0/7,11,18,35,6,0,1
Champions Tour 2024: Masters Madrid,All Stages,All Match Types,AAAAY,FunPlus Phoenix,"gekko, sova",86,0.74,161,0.69,66%,112,0.56,0.27,0.01,0.02,31%,7%,1/14,15,48,70,23,1,2
Champions Tour 2024: Masters Madrid,All Stages,All Match Types,Autumn,FunPlus Phoenix,jett,21,0.83,186,0.67,71%,120,0.57,0.1,0.19,0.05,24%,,0/1,12,12,18,2,4,1
Champions Tour 2024: Masters Madrid,All Stages,All Match Types,Autumn,FunPlus Phoenix,phoenix,18,0.82,202,0.87,67%,142,0.72,0.17,0.17,0.22,40%,100%,1/1,13,13,15,3,3,4
Champions Tour 2024: Masters Madrid,All Stages,All Match Types,Autumn,FunPlus Phoenix,raze,23,0.98,241,0.9,70%,159,0.78,0.3,0.22,0.0,17%,,0/1,18,18,20,7,5,0
Champions Tour 2024: Masters Madrid,All Stages,All Match Types,Autumn,FunPlus Phoenix,yoru,24,1.36,298,1.39,67%,190,1.04,0.17,0.29,0.08,37%,33%,1/3,25,25,18,4,7,2
Champions Tour 2024: Masters Madrid,All Stages,All Match Types,Autumn,FunPlus Phoenix,"jett, phoenix, raze, yoru",86,1.0,232,0.96,69%,154,0.79,0.19,0.22,0.08,28%,33%,2/6,25,68,71,16,19,7
Champions Tour 2024: Masters Madrid,All Stages,All Match Types,Lysoar,FunPlus Phoenix,viper,86,0.82,153,0.72,57%,111,0.51,0.2,0.06,0.05,30%,,0/17,15,44,61,17,5,4
Champions Tour 2024: Masters Madrid,All Stages,All Match Types,Monyet,Paper Rex,astra,19,0.59,166,0.69,53%,114,0.58,0.21,0.11,0.21,29%,,0/3,11,11,16,4,2,4
Champions Tour 2024: Masters Madrid,All Stages,All Match Types,Monyet,Paper Rex,omen,122,1.01,211,1.02,75%,134,0.77,0.47,0.11,0.11,31%,23%,3/13,20,94,92,57,13,13
Champions Tour 2024: Masters Madrid,All Stages,All Match Types,Monyet,Paper Rex,raze,225,0.85,196,0.8,63%,129,0.64,0.22,0.13,0.21,20%,20%,4/20,24,145,181,49,30,47
Champions Tour 2024: Masters Madrid,All Stages,All Match Types,Monyet,Paper Rex,"astra, omen, raze",366,0.89,200,0.87,66%,130,0.68,0.3,0.12,0.17,24%,19%,7/36,24,250,289,110,45,64
Champions Tour 2024: Masters Madrid,All Stages,All Match Types,mindfreak,Paper Rex,brimstone,45,0.87,178,0.93,76%,113,0.62,0.24,0.07,0.09,49%,,0/5,18,28,30,11,3,4
Champions Tour 2024: Masters Madrid,All Stages,All Match Types,mindfreak,Paper Rex,omen,130,0.87,165,0.84,62%,108,0.62,0.27,0.02,0.12,36%,8%,1/13,20,80,95,35,3,15
Champions Tour 2024: Masters Madrid,All Stages,All Match Types,mindfreak,Paper Rex,viper,191,0.81,158,0.82,65%,107,0.57,0.19,0.03,0.08,35%,3%,1/31,21,109,133,37,6,16
Champions Tour 2024: Masters Madrid,All Stages,All Match Types,mindfreak,Paper Rex,"brimstone, omen, viper",366,0.84,163,0.84,66%,108,0.59,0.23,0.03,0.1,37%,4%,2/49,21,217,258,83,12,35
Champions Tour 2024: Masters Madrid,All Stages,All Match Types,f0rsakeN,Paper Rex,cypher,71,0.75,168,0.7,61%,115,0.56,0.3,0.07,0.14,35%,33%,2/6,16,40,57,21,5,10
Champions Tour 2024: Masters Madrid,All Stages,All Match Types,f0rsakeN,Paper Rex,fade,69,1.13,218,1.13,77%,144,0.75,0.41,0.12,0.06,33%,20%,1/5,22,52,46,28,8,4
Champions Tour 2024: Masters Madrid,All Stages,All Match Types,f0rsakeN,Paper Rex,harbor,45,1.07,228,1.2,78%,146,0.8,0.27,0.13,0.13,31%,25%,1/4,20,36,30,12,6,6
Champions Tour 2024: Masters Madrid,All Stages,All Match Types,f0rsakeN,Paper Rex,kayo,81,0.91,189,0.89,67%,122,0.69,0.48,0.15,0.11,23%,,0/1,20,56,63,39,12,9
Champions Tour 2024: Masters Madrid,All Stages,All Match Types,f0rsakeN,Paper Rex,raze,60,1.07,246,1.11,65%,164,0.82,0.25,0.17,0.15,31%,,0/4,22,49,44,15,10,9
Champions Tour 2024: Masters Madrid,All Stages,All Match Types,f0rsakeN,Paper Rex,skye,18,1.37,239,1.25,89%,161,0.83,0.78,0.11,0.0,15%,,0/2,15,15,12,14,2,0
Champions Tour 2024: Masters Madrid,All Stages,All Match Types,f0rsakeN,Paper Rex,yoru,22,1.36,333,1.56,59%,188,1.14,0.14,0.05,0.0,36%,33%,1/3,25,25,16,3,1,0
Champions Tour 2024: Masters Madrid,All Stages,All Match Types,f0rsakeN,Paper Rex,"cypher, fade, harbor, kayo, raze, skye, yoru",366,1.02,216,1.02,69%,140,0.75,0.36,0.12,0.1,30%,20%,5/25,25,273,268,132,44,38
Champions Tour 2024: Masters Madrid,All Stages,All Match Types,d4v41,Paper Rex,fade,22,0.92,196,0.94,68%,145,0.68,0.32,0.0,0.05,40%,,0/4,15,15,16,7,0,1
Champions Tour 2024: Masters Madrid,All Stages,All Match Types,d4v41,Paper Rex,omen,69,0.79,157,0.73,59%,107,0.58,0.33,0.04,0.06,32%,,0/8,19,40,55,23,3,4
Champions Tour 2024: Masters Madrid,All Stages,All Match Types,d4v41,Paper Rex,sage,81,0.93,184,0.9,81%,123,0.64,0.43,0.07,0.09,25%,25%,3/12,17,52,58,35,6,7
Champions Tour 2024: Masters Madrid,All Stages,All Match Types,d4v41,Paper Rex,skye,154,1.12,191,1.05,70%,124,0.67,0.42,0.03,0.01,28%,16%,5/32,25,103,98,64,4,2
Champions Tour 2024: Masters Madrid,All Stages,All Match Types,d4v41,Paper Rex,viper,40,0.9,179,0.75,63%,119,0.6,0.35,0.08,0.08,26%,,0/6,15,24,32,14,3,3
Champions Tour 2024: Masters Madrid,All Stages,All Match Types,d4v41,Paper Rex,"fade, omen, sage, skye, viper",366,0.98,182,0.9,70%,122,0.64,0.39,0.04,0.05,28%,13%,8/62,25,234,259,143,16,17
Champions Tour 2024: Masters Madrid,All Stages,All Match Types,something,Paper Rex,gekko,150,1.16,219,1.21,75%,142,0.77,0.3,0.14,0.07,22%,22%,4/18,22,116,96,45,21,10
Champions Tour 2024: Masters Madrid,All Stages,All Match Types,something,Paper Rex,jett,171,0.96,210,0.99,65%,134,0.73,0.17,0.15,0.16,26%,10%,2/20,24,125,126,29,26,27
Champions Tour 2024: Masters Madrid,All Stages,All Match Types,something,Paper Rex,reyna,45,0.99,199,1.03,69%,125,0.73,0.11,0.16,0.11,34%,,0/4,17,33,32,5,7,5
Champions Tour 2024: Masters Madrid,All Stages,All Match Types,something,Paper Rex,"gekko, jett, reyna",366,1.05,213,1.08,70%,137,0.75,0.22,0.15,0.11,25%,14%,6/42,24,274,254,79,54,42
Champions Tour 2024: Masters Madrid,All Stages,All Match Types,cauanzin,LOUD,breach,140,1.09,234,1.09,72%,146,0.81,0.33,0.09,0.12,25%,,0/9,22,113,104,46,12,17
Champions Tour 2024: Masters Madrid,All Stages,All Match Types,cauanzin,LOUD,sova,110,1.06,209,1.11,77%,139,0.75,0.24,0.11,0.07,24%,17%,1/6,19,82,74,26,12,8
Champions Tour 2024: Masters Madrid,All Stages,All Match Types,cauanzin,LOUD,"breach, sova",250,1.08,223,1.1,74%,143,0.78,0.29,0.1,0.1,25%,7%,1/15,22,195,178,72,24,25
Champions Tour 2024: Masters Madrid,All Stages,All Match Types,Less,LOUD,cypher,45,1.34,240,1.72,87%,158,0.96,0.24,0.09,0.0,25%,,0/5,24,43,25,11,4,0
Champions Tour 2024: Masters Madrid,All Stages,All Match Types,Less,LOUD,viper,205,1.18,208,1.24,79%,154,0.74,0.34,0.09,0.1,31%,3%,1/30,27,152,123,69,19,20
Champions Tour 2024: Masters Madrid,All Stages,All Match Types,Less,LOUD,"cypher, viper",250,1.21,213,1.32,80%,155,0.78,0.32,0.09,0.08,30%,3%,1/35,27,195,148,80,23,20
Champions Tour 2024: Masters Madrid,All Stages,All Match Types,tuyz,LOUD,harbor,65,1.06,152,1.14,71%,112,0.62,0.32,0.03,0.02,29%,25%,2/8,20,40,35,21,2,1
Champions Tour 2024: Masters Madrid,All Stages,All Match Types,tuyz,LOUD,omen,140,1.17,193,1.29,74%,126,0.77,0.24,0.07,0.06,28%,9%,2/23,20,108,84,34,10,9
Champions Tour 2024: Masters Madrid,All Stages,All Match Types,tuyz,LOUD,viper,45,1.39,239,1.52,80%,157,0.84,0.56,0.02,0.04,38%,,0/6,22,38,25,25,1,2
Champions Tour 2024: Masters Madrid,All Stages,All Match Types,tuyz,LOUD,"harbor, omen, viper",250,1.18,190,1.29,74%,128,0.74,0.32,0.05,0.05,30%,11%,4/37,22,186,144,80,13,12
Champions Tour 2024: Masters Madrid,All Stages,All Match Types,Quick,LOUD,jett,110,0.89,208,0.98,65%,136,0.73,0.12,0.23,0.2,32%,,0/3,23,80,82,13,25,22
Champions Tour 2024: Masters Madrid,All Stages,All Match Types,Quick,LOUD,phoenix,105,1.15,237,1.22,72%,152,0.85,0.21,0.13,0.1,34%,33%,3/9,27,89,73,22,14,11
Champions Tour 2024: Masters Madrid,All Stages,All Match Types,Quick,LOUD,raze,17,0.55,168,0.63,65%,109,0.59,0.12,0.06,0.18,19%,,,10,10,16,2,1,3
Champions Tour 2024: Masters Madrid,All Stages,All Match Types,Quick,LOUD,yoru,18,0.81,233,0.88,56%,136,0.78,0.11,0.06,0.11,24%,,0/4,14,14,16,2,1,2
Champions Tour 2024: Masters Madrid,All Stages,All Match Types,Quick,LOUD,"jett, phoenix, raze, yoru",250,0.96,218,1.03,67%,141,0.77,0.16,0.16,0.15,31%,19%,3/16,27,193,187,39,41,38
Champions Tour 2024: Masters Madrid,All Stages,All Match Types,saadhak,LOUD,kayo,87,0.9,172,0.82,74%,113,0.56,0.46,0.08,0.14,17%,11%,1/9,19,49,60,40,7,12
Champions Tour 2024: Masters Madrid,All Stages,All Match Types,saadhak,LOUD,killjoy,65,1.17,234,1.28,75%,157,0.78,0.29,0.11,0.14,17%,20%,1/5,19,51,40,19,7,9
Champions Tour 2024: Masters Madrid,All Stages,All Match Types,saadhak,LOUD,skye,17,0.47,126,0.47,53%,85,0.41,0.24,0.06,0.35,12%,,0/2,7,7,15,4,1,6
Champions Tour 2024: Masters Madrid,All Stages,All Match Types,saadhak,LOUD,sova,81,1.16,195,1.15,74%,130,0.68,0.38,0.09,0.07,17%,29%,2/7,21,55,48,31,7,6
Champions Tour 2024: Masters Madrid,All Stages,All Match Types,saadhak,LOUD,"kayo, killjoy, skye, sova",250,1.02,191,0.99,73%,128,0.65,0.38,0.09,0.13,17%,17%,4/23,21,162,163,94,22,33
Champions Tour 2024: Masters Madrid,All Stages,All Match Types,Smoggy,EDward Gaming,breach,40,0.98,188,1.0,78%,125,0.7,0.35,0.08,0.0,34%,10%,1/10,18,28,28,14,3,0
Champions Tour 2024: Masters Madrid,All Stages,All Match Types,Smoggy,EDward Gaming,kayo,92,0.99,192,0.95,71%,126,0.68,0.42,0.05,0.07,28%,9%,2/22,16,63,66,39,5,6
Champions Tour 2024: Masters Madrid,All Stages,All Match Types,Smoggy,EDward Gaming,raze,22,0.97,217,1.12,77%,142,0.86,0.14,0.27,0.14,26%,33%,1/3,19,19,17,3,6,3
Champions Tour 2024: Masters Madrid,All Stages,All Match Types,Smoggy,EDward Gaming,"breach, kayo, raze",154,0.98,194,0.99,73%,128,0.71,0.36,0.09,0.06,29%,11%,4/35,19,110,111,56,14,9
Champions Tour 2024: Masters Madrid,All Stages,All Match Types,CHICHOO,EDward Gaming,brimstone,22,1.47,271,1.64,82%,186,1.05,0.41,0.05,0.05,28%,,0/4,23,23,14,9,1,1
Champions Tour 2024: Masters Madrid,All Stages,All Match Types,CHICHOO,EDward Gaming,cypher,56,0.65,140,0.6,57%,96,0.48,0.16,0.04,0.09,29%,,0/12,13,27,45,9,2,5
Champions Tour 2024: Masters Madrid,All Stages,All Match Types,CHICHOO,EDward Gaming,killjoy,36,0.95,190,0.96,72%,137,0.67,0.19,0.08,0.11,29%,,0/2,16,24,25,7,3,4
Champions Tour 2024: Masters Madrid,All Stages,All Match Types,CHICHOO,EDward Gaming,viper,40,0.73,142,0.61,63%,100,0.48,0.28,0.13,0.03,28%,,0/5,13,19,31,11,5,1
Champions Tour 2024: Masters Madrid,All Stages,All Match Types,CHICHOO,EDward Gaming,"brimstone, cypher, killjoy, viper",154,0.85,169,0.81,66%,120,0.6,0.23,0.07,0.07,29%,,0/23,23,93,115,36,11,11
Champions Tour 2024: Masters Madrid,All Stages,All Match Types,Haodong,EDward Gaming,cypher,22,1.41,237,1.36,73%,162,0.86,0.27,0.14,0.09,28%,67%,2/3,19,19,14,6,3,2
Champions Tour 2024: Masters Madrid,All Stages,All Match Types,Haodong,EDward Gaming,omen,77,0.66,132,0.62,68%,90,0.47,0.23,0.04,0.1,28%,29%,2/7,13,36,58,18,3,8
Champions Tour 2024: Masters Madrid,All Stages,All Match Types,Haodong,EDward Gaming,viper,55,0.77,151,0.65,69%,117,0.51,0.31,0.07,0.11,25%,,0/1,13,28,43,17,4,6
Champions Tour 2024: Masters Madrid,All Stages,All Match Types,Haodong,EDward Gaming,"cypher, omen, viper",154,0.79,152,0.72,69%,110,0.54,0.27,0.06,0.1,27%,36%,4/11,19,83,115,41,10,16
Champions Tour 2024: Masters Madrid,All Stages,All Match Types,ZmjjKK,EDward Gaming,jett,55,0.84,204,1.0,64%,134,0.82,0.13,0.2,0.16,26%,,0/5,25,45,45,7,11,9
Champions Tour 2024: Masters Madrid,All Stages,All Match Types,ZmjjKK,EDward Gaming,kayo,22,1.18,221,1.0,77%,144,0.68,0.73,0.14,0.0,25%,50%,1/2,15,15,15,16,3,0
Champions Tour 2024: Masters Madrid,All Stages,All Match Types,ZmjjKK,EDward Gaming,raze,77,1.08,296,1.15,70%,192,0.97,0.21,0.19,0.1,25%,14%,1/7,30,75,65,16,15,8
Champions Tour 2024: Masters Madrid,All Stages,All Match Types,ZmjjKK,EDward Gaming,"jett, kayo, raze",154,1.0,252,1.08,69%,164,0.88,0.25,0.19,0.11,25%,14%,2/14,30,135,125,39,29,17
Champions Tour 2024: Masters Madrid,All Stages,All Match Types,nobody,EDward Gaming,skye,40,1.0,189,1.04,68%,137,0.7,0.4,0.13,0.18,30%,20%,1/5,20,28,27,16,5,7
Champions Tour 2024: Masters Madrid,All Stages,All Match Types,nobody,EDward Gaming,sova,114,0.85,168,0.75,66%,120,0.56,0.21,0.05,0.16,34%,8%,1/13,20,64,85,24,6,18
Champions Tour 2024: Masters Madrid,All Stages,All Match Types,nobody,EDward Gaming,"skye, sova",154,0.88,173,0.82,66%,124,0.6,0.26,0.07,0.16,33%,11%,2/18,20,92,112,40,11,25
Champions Tour 2024: Masters Madrid,All Stages,All Match Types,Zellsis,Sentinels,brimstone,50,1.2,213,1.2,78%,140,0.72,0.62,0.06,0.06,24%,25%,2/8,21,36,30,31,3,3
Champions Tour 2024: Masters Madrid,All Stages,All Match Types,Zellsis,Sentinels,kayo,100,0.87,146,0.61,72%,91,0.46,0.68,0.05,0.08,15%,,0/6,13,46,75,68,5,8
Champions Tour 2024: Masters Madrid,All Stages,All Match Types,Zellsis,Sentinels,killjoy,137,1.04,202,1.09,74%,131,0.68,0.2,0.07,0.09,15%,13%,2/15,19,93,85,28,10,13
Champions Tour 2024: Masters Madrid,All Stages,All Match Types,Zellsis,Sentinels,viper,134,1.02,200,0.96,67%,129,0.66,0.34,0.06,0.07,24%,14%,2/14,19,88,92,45,8,10
Champions Tour 2024: Masters Madrid,All Stages,All Match Types,Zellsis,Sentinels,"brimstone, kayo, killjoy, viper",421,1.01,188,0.93,72%,122,0.62,0.41,0.06,0.08,19%,14%,6/43,21,263,282,172,26,34
Champions Tour 2024: Masters Madrid,All Stages,All Match Types,johnqt,Sentinels,cypher,194,1.02,201,1.09,77%,129,0.72,0.23,0.1,0.04,28%,18%,7/38,21,140,129,44,20,8
Champions Tour 2024: Masters Madrid,All Stages,All Match Types,johnqt,Sentinels,killjoy,40,1.1,170,1.14,80%,121,0.63,0.2,0.08,0.05,15%,25%,1/4,13,25,22,8,3,2
Champions Tour 2024: Masters Madrid,All Stages,All Match Types,johnqt,Sentinels,viper,187,1.24,202,1.28,80%,135,0.68,0.35,0.07,0.04,22%,16%,6/38,21,128,100,65,13,8
Champions Tour 2024: Masters Madrid,All Stages,All Match Types,johnqt,Sentinels,"cypher, killjoy, viper",421,1.12,198,1.17,79%,131,0.7,0.28,0.09,0.04,24%,18%,14/80,21,293,251,117,36,18
Champions Tour 2024: Masters Madrid,All Stages,All Match Types,Sacy,Sentinels,fade,92,0.99,169,0.85,78%,123,0.57,0.57,0.02,0.1,25%,25%,2/8,17,52,61,52,2,9
Champions Tour 2024: Masters Madrid,All Stages,All Match Types,Sacy,Sentinels,gekko,105,0.92,167,0.84,66%,106,0.59,0.24,0.03,0.13,20%,11%,1/9,18,62,74,25,3,14
Champions Tour 2024: Masters Madrid,All Stages,All Match Types,Sacy,Sentinels,skye,147,0.95,160,0.83,73%,103,0.56,0.5,0.1,0.1,26%,13%,2/16,23,82,99,73,14,14
Champions Tour 2024: Masters Madrid,All Stages,All Match Types,Sacy,Sentinels,sova,77,1.03,210,0.96,75%,133,0.69,0.25,0.08,0.01,25%,,0/16,15,53,55,19,6,1
Champions Tour 2024: Masters Madrid,All Stages,All Match Types,Sacy,Sentinels,"fade, gekko, skye, sova",421,0.97,174,0.86,73%,114,0.59,0.4,0.06,0.09,24%,10%,5/49,23,249,289,169,25,38
Champions Tour 2024: Masters Madrid,All Stages,All Match Types,TenZ,Sentinels,gekko,50,1.06,202,1.06,76%,125,0.74,0.34,0.16,0.08,23%,,0/2,21,37,35,17,8,4
Champions Tour 2024: Masters Madrid,All Stages,All Match Types,TenZ,Sentinels,kayo,82,0.88,192,0.74,77%,122,0.61,0.67,0.07,0.07,22%,40%,2/5,16,50,68,55,6,6
Champions Tour 2024: Masters Madrid,All Stages,All Match Types,TenZ,Sentinels,omen,289,1.13,214,1.15,77%,135,0.79,0.53,0.08,0.08,32%,26%,6/23,25,227,197,154,22,22
Champions Tour 2024: Masters Madrid,All Stages,All Match Types,TenZ,Sentinels,"gekko, kayo, omen",421,1.07,208,1.05,77%,131,0.75,0.54,0.09,0.08,29%,27%,8/30,25,314,300,226,36,32
Champions Tour 2024: Masters Madrid,All Stages,All Match Types,zekken,Sentinels,jett,122,1.05,236,1.11,70%,150,0.84,0.16,0.25,0.25,26%,,0/7,25,103,93,19,31,30
Champions Tour 2024: Masters Madrid,All Stages,All Match Types,zekken,Sentinels,raze,299,1.16,269,1.26,75%,174,0.93,0.24,0.22,0.17,21%,22%,5/23,32,278,221,71,65,51
Champions Tour 2024: Masters Madrid,All Stages,All Match Types,zekken,Sentinels,"jett, raze",421,1.13,260,1.21,74%,167,0.9,0.21,0.23,0.19,22%,17%,5/30,32,381,314,90,96,81
Champions Tour 2024: EMEA Kickoff,Playoffs,Semifinals,sh1n,Karmine Corp,astra,21,1.2,159,1.3,76%,103,0.62,0.43,0.0,0.0,41%,20%,1/5,13,13,10,9,0,0
Champions Tour 2024: EMEA Kickoff,Playoffs,Semifinals,sh1n,Karmine Corp,omen,23,0.91,167,1.13,70%,110,0.74,0.3,0.04,0.09,41%,,0/4,17,17,15,7,1,2
Champions Tour 2024: EMEA Kickoff,Playoffs,Semifinals,sh1n,Karmine Corp,"astra, omen",44,1.05,163,1.2,73%,107,0.68,0.36,0.02,0.05,41%,11%,1/9,17,30,25,16,1,2
Champions Tour 2024: EMEA Kickoff,Playoffs,Semifinals,N4RRATE,Karmine Corp,fade,23,1.24,180,1.0,83%,127,0.65,0.48,0.04,0.09,33%,,0/4,15,15,15,11,1,2
Champions Tour 2024: EMEA Kickoff,Playoffs,Semifinals,N4RRATE,Karmine Corp,raze,21,1.16,268,1.12,86%,191,0.9,0.24,0.24,0.1,22%,,,19,19,17,5,5,2
Champions Tour 2024: EMEA Kickoff,Playoffs,Semifinals,N4RRATE,Karmine Corp,"fade, raze",44,1.2,224,1.06,84%,158,0.77,0.36,0.14,0.09,26%,,0/4,19,34,32,16,6,4
Champions Tour 2024: EMEA Kickoff,Playoffs,Semifinals,MAGNUM,Karmine Corp,fade,21,1.02,166,0.85,76%,93,0.52,0.43,0.1,0.14,38%,50%,1/2,11,11,13,9,2,3
Champions Tour 2024: EMEA Kickoff,Playoffs,Semifinals,MAGNUM,Karmine Corp,killjoy,23,0.64,118,0.4,70%,92,0.35,0.35,0.04,0.13,13%,,,8,8,20,8,1,3
Champions Tour 2024: EMEA Kickoff,Playoffs,Semifinals,MAGNUM,Karmine Corp,"fade, killjoy",44,0.83,142,0.58,73%,92,0.43,0.39,0.07,0.14,23%,50%,1/2,11,19,33,17,3,6
Champions Tour 2024: EMEA Kickoff,Playoffs,Semifinals,tomaszy,Karmine Corp,omen,21,0.92,151,0.79,71%,98,0.52,0.67,0.1,0.1,25%,,0/1,11,11,14,14,2,2
Champions Tour 2024: EMEA Kickoff,Playoffs,Semifinals,tomaszy,Karmine Corp,viper,23,1.75,278,2.0,78%,176,1.13,0.17,0.09,0.0,29%,100%,2/2,26,26,13,4,2,0
Champions Tour 2024: EMEA Kickoff,Playoffs,Semifinals,tomaszy,Karmine Corp,"omen, viper",44,1.33,214,1.37,75%,139,0.84,0.41,0.09,0.05,28%,67%,2/3,26,37,27,18,4,2
Champions Tour 2024: EMEA Kickoff,Playoffs,Semifinals,marteen,Karmine Corp,raze,23,1.07,216,1.06,65%,148,0.74,0.26,0.17,0.26,22%,,0/1,17,17,16,6,4,6
Champions Tour 2024: EMEA Kickoff,Playoffs,Semifinals,marteen,Karmine Corp,yoru,21,1.52,284,2.3,81%,193,1.1,0.33,0.19,0.05,30%,50%,1/2,23,23,10,7,4,1
Champions Tour 2024: EMEA Kickoff,Playoffs,Semifinals,marteen,Karmine Corp,"raze, yoru",44,1.3,250,1.54,73%,170,0.91,0.3,0.18,0.16,26%,33%,1/3,23,40,26,13,8,7
Champions Tour 2024: EMEA Kickoff,Playoffs,Semifinals,Zyppan,Natus Vincere,breach,30,1.11,230,1.19,80%,158,0.83,0.37,0.1,0.0,43%,,0/5,25,25,21,11,3,0
Champions Tour 2024: EMEA Kickoff,Playoffs,Semifinals,Zyppan,Natus Vincere,sova,17,0.48,113,0.5,59%,66,0.47,0.06,0.06,0.06,64%,,,8,8,16,1,1,1
Champions Tour 2024: EMEA Kickoff,Playoffs,Semifinals,Zyppan,Natus Vincere,"breach, sova",47,0.8,172,0.89,72%,124,0.7,0.26,0.09,0.02,46%,,0/5,25,33,37,12,4,1
Champions Tour 2024: EMEA Kickoff,Playoffs,Semifinals,ardiis,Natus Vincere,chamber,30,1.04,230,1.14,63%,135,0.83,0.0,0.23,0.1,26%,,0/5,25,25,22,0,7,3
Champions Tour 2024: EMEA Kickoff,Playoffs,Semifinals,ardiis,Natus Vincere,yoru,17,0.67,191,0.63,76%,128,0.59,0.41,0.12,0.06,15%,,0/2,10,10,16,7,2,1
Champions Tour 2024: EMEA Kickoff,Playoffs,Semifinals,ardiis,Natus Vincere,"chamber, yoru",47,0.86,210,0.92,68%,133,0.74,0.15,0.19,0.09,20%,,0/7,25,35,38,7,9,4
Champions Tour 2024: EMEA Kickoff,Playoffs,Semifinals,SUYGETSU,Natus Vincere,cypher,17,0.97,205,1.0,65%,149,0.76,0.06,0.0,0.06,46%,14%,1/7,13,13,13,1,0,1
Champions Tour 2024: EMEA Kickoff,Playoffs,Semifinals,SUYGETSU,Natus Vincere,viper,30,0.92,156,0.75,70%,111,0.5,0.23,0.0,0.07,34%,,0/3,15,15,20,7,0,2
Champions Tour 2024: EMEA Kickoff,Playoffs,Semifinals,SUYGETSU,Natus Vincere,"cypher, viper",47,0.95,180,0.85,68%,125,0.6,0.17,0.0,0.06,39%,10%,1/10,15,28,33,8,0,3
Champions Tour 2024: EMEA Kickoff,Playoffs,Semifinals,ANGE1,Natus Vincere,fade,30,0.91,202,1.0,60%,126,0.7,0.27,0.1,0.2,51%,,0/2,21,21,21,8,3,6
Champions Tour 2024: EMEA Kickoff,Playoffs,Semifinals,ANGE1,Natus Vincere,omen,17,0.43,131,0.44,41%,80,0.41,0.06,0.06,0.35,38%,,0/3,7,7,16,1,1,6
Champions Tour 2024: EMEA Kickoff,Playoffs,Semifinals,ANGE1,Natus Vincere,"fade, omen",47,0.67,166,0.76,53%,109,0.6,0.19,0.09,0.26,47%,,0/5,21,28,37,9,4,12
Champions Tour 2024: EMEA Kickoff,Playoffs,Semifinals,Shao,Natus Vincere,omen,30,0.8,179,0.87,60%,114,0.67,0.2,0.07,0.13,21%,,0/1,20,20,23,6,2,4
Champions Tour 2024: EMEA Kickoff,Playoffs,Semifinals,Shao,Natus Vincere,viper,17,0.63,120,0.5,53%,92,0.41,0.41,0.0,0.24,33%,50%,1/2,7,7,14,7,0,4
Champions Tour 2024: EMEA Kickoff,Playoffs,Semifinals,Shao,Natus Vincere,"omen, viper",47,0.71,150,0.73,57%,106,0.57,0.28,0.04,0.17,24%,33%,1/3,20,27,37,13,2,8
Champions Tour 2024: EMEA Kickoff,Playoffs,Semifinals,Chronicle,FNATIC,breach,21,0.89,167,0.8,57%,114,0.57,0.33,0.0,0.14,36%,50%,1/2,12,12,15,7,0,3
Champions Tour 2024: EMEA Kickoff,Playoffs,Semifinals,Chronicle,FNATIC,viper,23,1.07,266,1.24,78%,157,0.91,0.61,0.17,0.04,15%,,0/4,21,21,17,14,4,1
Champions Tour 2024: EMEA Kickoff,Playoffs,Semifinals,Chronicle,FNATIC,"breach, viper",44,0.98,216,1.03,68%,136,0.75,0.48,0.09,0.09,22%,17%,1/6,21,33,32,21,4,4
Champions Tour 2024: EMEA Kickoff,Playoffs,Semifinals,Alfajer,FNATIC,cypher,21,0.72,177,0.8,71%,125,0.57,0.14,0.05,0.05,17%,50%,1/2,12,12,15,3,1,1
Champions Tour 2024: EMEA Kickoff,Playoffs,Semifinals,Alfajer,FNATIC,killjoy,23,1.04,198,1.0,70%,138,0.7,0.17,0.13,0.04,33%,,0/5,16,16,16,4,3,1
Champions Tour 2024: EMEA Kickoff,Playoffs,Semifinals,Alfajer,FNATIC,"cypher, killjoy",44,0.88,188,0.9,70%,132,0.64,0.16,0.09,0.05,25%,14%,1/7,16,28,31,7,4,2
Champions Tour 2024: EMEA Kickoff,Playoffs,Semifinals,Leo,FNATIC,fade,23,0.95,185,0.93,78%,119,0.61,0.39,0.09,0.09,19%,,0/1,14,14,15,9,2,2
Champions Tour 2024: EMEA Kickoff,Playoffs,Semifinals,Leo,FNATIC,skye,21,0.84,147,0.79,67%,96,0.52,0.14,0.05,0.1,23%,,0/7,11,11,14,3,1,2
Champions Tour 2024: EMEA Kickoff,Playoffs,Semifinals,Leo,FNATIC,"fade, skye",44,0.9,166,0.86,73%,108,0.57,0.27,0.07,0.09,20%,,0/8,14,25,29,12,3,4
Champions Tour 2024: EMEA Kickoff,Playoffs,Semifinals,Boaster,FNATIC,omen,44,0.79,178,0.91,66%,124,0.68,0.32,0.07,0.09,24%,,0/4,16,30,33,14,3,4
Champions Tour 2024: EMEA Kickoff,Playoffs,Semifinals,Derke,FNATIC,raze,44,0.81,186,0.77,64%,126,0.61,0.09,0.16,0.18,21%,,0/3,15,27,35,4,7,8
Champions Tour 2024: EMEA Kickoff,Playoffs,Semifinals,benjyfishy,Team Heretics,cypher,47,1.13,226,1.16,81%,147,0.79,0.26,0.11,0.06,44%,25%,1/4,22,37,32,12,5,3
Champions Tour 2024: EMEA Kickoff,Playoffs,Semifinals,paTiTek,Team Heretics,kayo,47,1.1,201,0.97,83%,141,0.7,0.66,0.13,0.09,33%,25%,1/4,22,33,34,31,6,4
Champions Tour 2024: EMEA Kickoff,Playoffs,Semifinals,MiniBoo,Team Heretics,neon,30,1.05,231,1.09,67%,138,0.83,0.3,0.23,0.23,28%,100%,1/1,25,25,23,9,7,7
Champions Tour 2024: EMEA Kickoff,Playoffs,Semifinals,MiniBoo,Team Heretics,yoru,17,1.93,349,4.0,82%,219,1.41,0.12,0.18,0.12,29%,50%,1/2,24,24,6,2,3,2
Champions Tour 2024: EMEA Kickoff,Playoffs,Semifinals,MiniBoo,Team Heretics,"neon, yoru",47,1.49,290,1.69,72%,167,1.04,0.23,0.21,0.19,29%,67%,2/3,25,49,29,11,10,9
Champions Tour 2024: EMEA Kickoff,Playoffs,Semifinals,Boo,Team Heretics,omen,30,0.87,135,0.7,67%,82,0.47,0.53,0.03,0.1,18%,,0/4,14,14,20,16,1,3
Champions Tour 2024: EMEA Kickoff,Playoffs,Semifinals,Boo,Team Heretics,viper,17,1.05,127,1.0,88%,90,0.41,0.65,0.0,0.0,20%,,,7,7,7,11,0,0
Champions Tour 2024: EMEA Kickoff,Playoffs,Semifinals,Boo,Team Heretics,"omen, viper",47,0.96,131,0.78,74%,85,0.45,0.57,0.02,0.06,19%,,0/4,14,21,27,27,1,3
Champions Tour 2024: EMEA Kickoff,Playoffs,Semifinals,RieNs,Team Heretics,sova,47,1.38,253,1.45,81%,170,0.89,0.36,0.13,0.0,40%,,0/7,24,42,29,17,6,0
Champions Tour 2024: EMEA Kickoff,Playoffs,Grand Final,sh1n,Karmine Corp,astra,18,1.6,269,2.38,72%,170,1.06,0.44,0.06,0.11,36%,100%,2/2,19,19,8,8,1,2
Champions Tour 2024: EMEA Kickoff,Playoffs,Grand Final,sh1n,Karmine Corp,omen,42,1.11,171,1.08,71%,106,0.67,0.57,0.05,0.07,23%,14%,1/7,17,28,26,24,2,3
Champions Tour 2024: EMEA Kickoff,Playoffs,Grand Final,sh1n,Karmine Corp,sage,20,1.19,204,1.6,80%,140,0.8,0.35,0.05,0.1,41%,,,16,16,10,7,1,2
Champions Tour 2024: EMEA Kickoff,Playoffs,Grand Final,sh1n,Karmine Corp,"astra, omen, sage",80,1.25,204,1.43,74%,129,0.79,0.49,0.05,0.09,31%,33%,3/9,19,63,44,39,4,7
Champions Tour 2024: EMEA Kickoff,Playoffs,Grand Final,MAGNUM,Karmine Corp,cypher,22,0.9,184,0.94,55%,115,0.68,0.27,0.05,0.18,18%,,0/3,15,15,16,6,1,4
Champions Tour 2024: EMEA Kickoff,Playoffs,Grand Final,MAGNUM,Karmine Corp,fade,18,0.95,149,1.1,78%,102,0.61,0.33,0.0,0.06,19%,,0/1,11,11,10,6,0,1
Champions Tour 2024: EMEA Kickoff,Playoffs,Grand Final,MAGNUM,Karmine Corp,killjoy,40,1.13,207,1.04,83%,143,0.73,0.23,0.08,0.1,20%,25%,1/4,16,29,28,9,3,4
Champions Tour 2024: EMEA Kickoff,Playoffs,Grand Final,MAGNUM,Karmine Corp,"cypher, fade, killjoy",80,1.03,187,1.02,74%,126,0.69,0.26,0.05,0.11,19%,13%,1/8,16,55,54,21,4,9
Champions Tour 2024: EMEA Kickoff,Playoffs,Grand Final,N4RRATE,Karmine Corp,fade,20,1.7,336,2.0,85%,215,1.3,0.6,0.05,0.05,32%,,,26,26,13,12,1,1
Champions Tour 2024: EMEA Kickoff,Playoffs,Grand Final,N4RRATE,Karmine Corp,gekko,42,1.12,234,1.25,76%,159,0.83,0.4,0.07,0.05,33%,17%,1/6,19,35,28,17,3,2
Champions Tour 2024: EMEA Kickoff,Playoffs,Grand Final,N4RRATE,Karmine Corp,raze,18,1.07,251,1.33,78%,157,0.89,0.28,0.11,0.11,18%,,,16,16,12,5,2,2
Champions Tour 2024: EMEA Kickoff,Playoffs,Grand Final,N4RRATE,Karmine Corp,"fade, gekko, raze",80,1.25,264,1.45,79%,173,0.96,0.43,0.08,0.06,28%,17%,1/6,26,77,53,34,6,5
Champions Tour 2024: EMEA Kickoff,Playoffs,Grand Final,marteen,Karmine Corp,jett,20,1.35,313,1.64,85%,210,1.15,0.15,0.25,0.1,33%,,,23,23,14,3,5,2
Champions Tour 2024: EMEA Kickoff,Playoffs,Grand Final,marteen,Karmine Corp,raze,42,1.17,228,1.17,69%,144,0.81,0.21,0.19,0.21,24%,,0/3,22,34,29,9,8,9
Champions Tour 2024: EMEA Kickoff,Playoffs,Grand Final,marteen,Karmine Corp,yoru,18,1.28,304,1.58,83%,188,1.06,0.28,0.33,0.11,35%,,0/3,19,19,12,5,6,2
Champions Tour 2024: EMEA Kickoff,Playoffs,Grand Final,marteen,Karmine Corp,"jett, raze, yoru",80,1.24,268,1.38,76%,170,0.95,0.21,0.24,0.16,29%,,0/6,23,76,55,17,19,13
Champions Tour 2024: EMEA Kickoff,Playoffs,Grand Final,tomaszy,Karmine Corp,omen,18,0.96,130,1.0,72%,89,0.44,0.33,0.0,0.11,59%,50%,1/2,8,8,8,6,0,2
Champions Tour 2024: EMEA Kickoff,Playoffs,Grand Final,tomaszy,Karmine Corp,viper,62,0.94,183,0.93,81%,125,0.65,0.37,0.11,0.06,28%,14%,1/7,14,40,43,23,7,4
Champions Tour 2024: EMEA Kickoff,Playoffs,Grand Final,tomaszy,Karmine Corp,"omen, viper",80,0.94,170,0.94,79%,117,0.6,0.36,0.09,0.08,32%,22%,2/9,14,48,51,29,7,6
Champions Tour 2024: EMEA Kickoff,Playoffs,Grand Final,RieNs,Team Heretics,breach,18,0.69,137,0.4,56%,99,0.33,0.5,0.0,0.06,36%,,0/2,6,6,15,9,0,1
Champions Tour 2024: EMEA Kickoff,Playoffs,Grand Final,RieNs,Team Heretics,gekko,20,0.92,233,0.94,75%,169,0.8,0.3,0.15,0.0,45%,,0/2,16,16,17,6,3,0
Champions Tour 2024: EMEA Kickoff,Playoffs,Grand Final,RieNs,Team Heretics,sova,42,0.93,208,0.94,71%,147,0.74,0.24,0.12,0.05,38%,60%,3/5,19,31,33,10,5,2
Champions Tour 2024: EMEA Kickoff,Playoffs,Grand Final,RieNs,Team Heretics,"breach, gekko, sova",80,0.87,197,0.82,69%,142,0.66,0.31,0.1,0.04,40%,33%,3/9,19,53,65,25,8,3
Champions Tour 2024: EMEA Kickoff,Playoffs,Grand Final,benjyfishy,Team Heretics,cypher,40,0.97,199,0.91,75%,138,0.73,0.33,0.18,0.05,35%,,0/8,21,29,32,13,7,2
Champions Tour 2024: EMEA Kickoff,Playoffs,Grand Final,benjyfishy,Team Heretics,killjoy,40,0.88,206,0.97,63%,137,0.75,0.03,0.05,0.1,37%,21%,3/14,17,30,31,1,2,4
Champions Tour 2024: EMEA Kickoff,Playoffs,Grand Final,benjyfishy,Team Heretics,"cypher, killjoy",80,0.92,202,0.94,69%,137,0.74,0.18,0.11,0.08,36%,14%,3/22,21,59,63,14,9,6
Champions Tour 2024: EMEA Kickoff,Playoffs,Grand Final,paTiTek,Team Heretics,kayo,42,0.93,164,0.71,64%,102,0.52,0.6,0.05,0.1,23%,25%,1/4,11,22,31,25,2,4
Champions Tour 2024: EMEA Kickoff,Playoffs,Grand Final,paTiTek,Team Heretics,viper,38,0.85,200,0.83,58%,136,0.63,0.34,0.05,0.11,29%,,0/6,12,24,29,13,2,4
Champions Tour 2024: EMEA Kickoff,Playoffs,Grand Final,paTiTek,Team Heretics,"kayo, viper",80,0.89,182,0.77,61%,118,0.58,0.48,0.05,0.1,26%,10%,1/10,12,46,60,38,4,8
Champions Tour 2024: EMEA Kickoff,Playoffs,Grand Final,MiniBoo,Team Heretics,neon,42,0.93,230,1.0,64%,157,0.79,0.19,0.17,0.14,33%,33%,1/3,19,33,33,8,7,6
Champions Tour 2024: EMEA Kickoff,Playoffs,Grand Final,MiniBoo,Team Heretics,raze,38,0.84,196,0.73,55%,132,0.63,0.05,0.21,0.24,21%,33%,1/3,12,24,33,2,8,9
Champions Tour 2024: EMEA Kickoff,Playoffs,Grand Final,MiniBoo,Team Heretics,"neon, raze",80,0.88,213,0.86,60%,146,0.71,0.13,0.19,0.19,27%,33%,2/6,19,57,66,10,15,15
Champions Tour 2024: EMEA Kickoff,Playoffs,Grand Final,Boo,Team Heretics,omen,60,0.84,153,0.68,63%,99,0.53,0.3,0.05,0.07,27%,,0/7,14,32,47,18,3,4
Champions Tour 2024: EMEA Kickoff,Playoffs,Grand Final,Boo,Team Heretics,viper,20,0.66,153,0.56,60%,96,0.5,0.5,0.05,0.2,15%,25%,1/4,10,10,18,10,1,4
Champions Tour 2024: EMEA Kickoff,Playoffs,Grand Final,Boo,Team Heretics,"omen, viper",80,0.79,153,0.65,63%,98,0.53,0.35,0.05,0.1,24%,9%,1/11,14,42,65,28,4,8
Champions Tour 2024: EMEA Kickoff,Play-In Stage,Play-ins,Destrian,Team Vitality,astra,19,1.48,273,1.8,74%,186,0.95,0.47,0.05,0.05,22%,33%,1/3,18,18,10,9,1,1
Champions Tour 2024: EMEA Kickoff,Play-In Stage,Play-ins,Destrian,Team Vitality,cypher,43,0.6,96,0.41,63%,66,0.3,0.33,0.02,0.12,15%,,0/3,9,13,32,14,1,5
Champions Tour 2024: EMEA Kickoff,Play-In Stage,Play-ins,Destrian,Team Vitality,omen,28,0.94,163,0.83,79%,119,0.54,0.46,0.0,0.21,18%,25%,1/4,15,15,18,13,0,6
Champions Tour 2024: EMEA Kickoff,Play-In Stage,Play-ins,Destrian,Team Vitality,"astra, cypher, omen",90,0.91,157,0.77,70%,108,0.51,0.4,0.02,0.13,18%,20%,2/10,18,46,60,36,2,12
Champions Tour 2024: EMEA Kickoff,Play-In Stage,Play-ins,Sayf,Team Vitality,cypher,19,1.37,203,1.67,68%,144,0.79,0.21,0.21,0.05,52%,33%,1/3,15,15,9,4,4,1
Champions Tour 2024: EMEA Kickoff,Play-In Stage,Play-ins,Sayf,Team Vitality,kayo,28,1.49,267,1.59,82%,177,0.96,0.61,0.18,0.04,48%,,0/7,27,27,17,17,5,1
Champions Tour 2024: EMEA Kickoff,Play-In Stage,Play-ins,Sayf,Team Vitality,viper,43,1.21,267,1.38,72%,164,0.93,0.19,0.12,0.05,31%,13%,1/8,21,40,29,8,5,2
Champions Tour 2024: EMEA Kickoff,Play-In Stage,Play-ins,Sayf,Team Vitality,"cypher, kayo, viper",90,1.32,251,1.49,74%,164,0.91,0.32,0.16,0.04,39%,11%,2/18,27,82,55,29,14,4
Champions Tour 2024: EMEA Kickoff,Play-In Stage,Play-ins,runneR,Team Vitality,jett,47,1.04,230,1.08,66%,163,0.85,0.23,0.21,0.13,22%,25%,1/4,27,40,37,11,10,6
Champions Tour 2024: EMEA Kickoff,Play-In Stage,Play-ins,runneR,Team Vitality,raze,43,0.99,209,1.0,74%,138,0.7,0.21,0.16,0.19,13%,50%,1/2,19,30,30,9,7,8
Champions Tour 2024: EMEA Kickoff,Play-In Stage,Play-ins,runneR,Team Vitality,"jett, raze",90,1.01,220,1.04,70%,151,0.78,0.22,0.19,0.16,18%,33%,2/6,27,70,67,20,17,14
Champions Tour 2024: EMEA Kickoff,Play-In Stage,Play-ins,ceNder,Team Vitality,killjoy,28,0.79,140,0.63,68%,97,0.43,0.25,0.07,0.0,15%,,0/2,12,12,19,7,2,0
Champions Tour 2024: EMEA Kickoff,Play-In Stage,Play-ins,ceNder,Team Vitality,omen,43,0.91,164,0.93,74%,99,0.58,0.28,0.09,0.07,31%,67%,2/3,13,25,27,12,4,3
Champions Tour 2024: EMEA Kickoff,Play-In Stage,Play-ins,ceNder,Team Vitality,viper,19,1.11,183,1.56,68%,117,0.74,0.11,0.05,0.11,21%,100%,1/1,14,14,9,2,1,2
Champions Tour 2024: EMEA Kickoff,Play-In Stage,Play-ins,ceNder,Team Vitality,"killjoy, omen, viper",90,0.93,162,0.93,71%,102,0.57,0.23,0.08,0.06,23%,50%,3/6,14,51,55,21,7,5
Champions Tour 2024: EMEA Kickoff,Play-In Stage,Play-ins,Kicks,Team Vitality,skye,62,1.06,188,1.05,76%,115,0.68,0.37,0.05,0.13,20%,22%,2/9,15,42,40,23,3,8
Champions Tour 2024: EMEA Kickoff,Play-In Stage,Play-ins,Kicks,Team Vitality,sova,28,0.93,217,1.0,61%,139,0.71,0.25,0.07,0.11,17%,,,20,20,20,7,2,3
Champions Tour 2024: EMEA Kickoff,Play-In Stage,Play-ins,Kicks,Team Vitality,"skye, sova",90,1.03,195,1.03,71%,122,0.69,0.33,0.06,0.12,19%,22%,2/9,20,62,60,30,5,11
Champions Tour 2024: EMEA Kickoff,Play-In Stage,Play-ins,ShadoW,KOI,breach,39,0.55,120,0.45,64%,84,0.36,0.28,0.03,0.05,13%,,0/3,9,14,31,11,1,2
Champions Tour 2024: EMEA Kickoff,Play-In Stage,Play-ins,ShadoW,KOI,fade,20,0.49,120,0.47,40%,80,0.4,0.1,0.1,0.25,30%,,0/1,8,8,17,2,2,5
Champions Tour 2024: EMEA Kickoff,Play-In Stage,Play-ins,ShadoW,KOI,sova,19,1.2,264,1.29,68%,179,0.95,0.05,0.11,0.05,33%,,0/3,18,18,14,1,2,1
Champions Tour 2024: EMEA Kickoff,Play-In Stage,Play-ins,ShadoW,KOI,"breach, fade, sova",78,0.7,156,0.65,59%,106,0.51,0.18,0.06,0.1,23%,,0/7,18,40,62,14,5,8
Champions Tour 2024: EMEA Kickoff,Play-In Stage,Play-ins,grubinho,KOI,brimstone,20,1.22,186,1.27,80%,122,0.7,0.3,0.0,0.0,50%,33%,2/6,14,14,11,6,0,0
Champions Tour 2024: EMEA Kickoff,Play-In Stage,Play-ins,grubinho,KOI,omen,39,1.09,210,1.04,72%,133,0.74,0.28,0.1,0.08,45%,,0/5,15,29,28,11,4,3
Champions Tour 2024: EMEA Kickoff,Play-In Stage,Play-ins,grubinho,KOI,viper,19,0.91,167,1.0,58%,94,0.68,0.16,0.0,0.05,18%,,0/3,13,13,13,3,0,1
Champions Tour 2024: EMEA Kickoff,Play-In Stage,Play-ins,grubinho,KOI,"brimstone, omen, viper",78,1.08,193,1.08,71%,121,0.72,0.26,0.05,0.05,38%,14%,2/14,15,56,52,20,4,4
Champions Tour 2024: EMEA Kickoff,Play-In Stage,Play-ins,sheydos,KOI,cypher,58,0.71,141,0.71,62%,92,0.5,0.14,0.02,0.05,18%,,0/11,12,29,41,8,1,3
Champions Tour 2024: EMEA Kickoff,Play-In Stage,Play-ins,sheydos,KOI,viper,20,0.95,188,0.86,65%,120,0.6,0.15,0.0,0.05,33%,50%,1/2,12,12,14,3,0,1
Champions Tour 2024: EMEA Kickoff,Play-In Stage,Play-ins,sheydos,KOI,"cypher, viper",78,0.77,153,0.75,63%,99,0.53,0.14,0.01,0.05,23%,8%,1/13,12,41,55,11,1,4
Champions Tour 2024: EMEA Kickoff,Play-In Stage,Play-ins,starxo,KOI,fade,39,0.8,184,0.71,69%,123,0.56,0.28,0.05,0.15,21%,20%,2/10,12,22,31,11,2,6
Champions Tour 2024: EMEA Kickoff,Play-In Stage,Play-ins,starxo,KOI,kayo,19,0.49,98,0.35,53%,62,0.32,0.42,0.11,0.11,3%,,0/2,6,6,17,8,2,2
Champions Tour 2024: EMEA Kickoff,Play-In Stage,Play-ins,starxo,KOI,skye,20,0.85,185,0.87,60%,115,0.65,0.05,0.1,0.2,36%,,0/3,13,13,15,1,2,4
Champions Tour 2024: EMEA Kickoff,Play-In Stage,Play-ins,starxo,KOI,"fade, kayo, skye",78,0.73,163,0.65,63%,106,0.53,0.26,0.08,0.15,21%,13%,2/15,13,41,63,20,6,12
Champions Tour 2024: EMEA Kickoff,Play-In Stage,Play-ins,kamo,KOI,raze,59,0.72,168,0.69,63%,113,0.58,0.12,0.15,0.24,25%,,0/2,15,34,49,7,9,14
Champions Tour 2024: EMEA Kickoff,Play-In Stage,Play-ins,kamo,KOI,yoru,19,0.55,124,0.44,47%,93,0.37,0.16,0.21,0.32,32%,,,7,7,16,3,4,6
Champions Tour 2024: EMEA Kickoff,Play-In Stage,Play-ins,kamo,KOI,"raze, yoru",78,0.68,157,0.63,59%,108,0.53,0.13,0.17,0.26,26%,,0/2,15,41,65,10,13,20
Champions Tour 2024: EMEA Kickoff,Play-In Stage,Play-ins,MAGNUM,Karmine Corp,cypher,38,1.19,204,1.58,79%,132,0.79,0.21,0.13,0.11,26%,25%,1/4,15,30,19,8,5,4
Champions Tour 2024: EMEA Kickoff,Play-In Stage,Play-ins,MAGNUM,Karmine Corp,skye,48,1.16,184,1.07,75%,126,0.67,0.35,0.1,0.02,34%,,0/4,22,32,30,17,5,1
Champions Tour 2024: EMEA Kickoff,Play-In Stage,Play-ins,MAGNUM,Karmine Corp,"cypher, skye",86,1.17,194,1.27,77%,129,0.72,0.29,0.12,0.06,30%,13%,1/8,22,62,49,25,10,5
Champions Tour 2024: EMEA Kickoff,Play-In Stage,Play-ins,N4RRATE,Karmine Corp,gekko,38,1.64,298,2.14,87%,179,1.18,0.34,0.13,0.05,32%,40%,2/5,25,45,21,13,5,2
Champions Tour 2024: EMEA Kickoff,Play-In Stage,Play-ins,N4RRATE,Karmine Corp,raze,20,1.24,259,1.21,75%,164,0.85,0.2,0.35,0.0,22%,,0/1,17,17,14,4,7,0
Champions Tour 2024: EMEA Kickoff,Play-In Stage,Play-ins,N4RRATE,Karmine Corp,reyna,28,1.07,241,1.05,71%,166,0.82,0.32,0.11,0.14,24%,33%,1/3,23,23,22,9,3,4
Champions Tour 2024: EMEA Kickoff,Play-In Stage,Play-ins,N4RRATE,Karmine Corp,"gekko, raze, reyna",86,1.4,274,1.49,79%,171,0.99,0.3,0.17,0.07,27%,33%,3/9,25,85,57,26,15,6
Champions Tour 2024: EMEA Kickoff,Play-In Stage,Play-ins,sh1n,Karmine Corp,harbor,28,0.78,119,0.63,64%,97,0.43,0.14,0.04,0.04,28%,29%,2/7,12,12,19,4,1,1
Champions Tour 2024: EMEA Kickoff,Play-In Stage,Play-ins,sh1n,Karmine Corp,omen,58,1.05,175,1.28,79%,108,0.71,0.19,0.05,0.05,32%,,0/6,16,41,32,11,3,3
Champions Tour 2024: EMEA Kickoff,Play-In Stage,Play-ins,sh1n,Karmine Corp,"harbor, omen",86,0.98,161,1.04,74%,104,0.62,0.17,0.05,0.05,31%,15%,2/13,16,53,51,15,4,4
Champions Tour 2024: EMEA Kickoff,Play-In Stage,Play-ins,marteen,Karmine Corp,raze,66,1.27,271,1.31,76%,172,0.89,0.33,0.18,0.12,16%,,0/2,24,59,45,22,12,8
Champions Tour 2024: EMEA Kickoff,Play-In Stage,Play-ins,marteen,Karmine Corp,yoru,20,1.58,270,2.5,75%,187,1.0,0.2,0.15,0.15,37%,50%,1/2,20,20,8,4,3,3
Champions Tour 2024: EMEA Kickoff,Play-In Stage,Play-ins,marteen,Karmine Corp,"raze, yoru",86,1.35,270,1.49,76%,176,0.92,0.3,0.17,0.13,20%,25%,1/4,24,79,53,26,15,11
Champions Tour 2024: EMEA Kickoff,Play-In Stage,Play-ins,tomaszy,Karmine Corp,viper,86,0.83,161,0.86,73%,112,0.59,0.26,0.1,0.08,37%,29%,2/7,19,51,59,22,9,7
Champions Tour 2024: EMEA Kickoff,Group Stage,Opening (A),Boo,Team Heretics,astra,23,1.52,299,2.17,78%,204,1.13,0.3,0.17,0.09,45%,,0/2,26,26,12,7,4,2
Champions Tour 2024: EMEA Kickoff,Group Stage,Opening (A),Boo,Team Heretics,omen,24,1.38,297,1.53,71%,203,1.08,0.42,0.04,0.04,35%,,0/2,26,26,17,10,1,1
Champions Tour 2024: EMEA Kickoff,Group Stage,Opening (A),Boo,Team Heretics,"astra, omen",47,1.45,298,1.79,74%,203,1.11,0.36,0.11,0.06,40%,,0/4,26,52,29,17,5,3
Champions Tour 2024: EMEA Kickoff,Group Stage,Opening (A),RieNs,Team Heretics,gekko,24,0.84,143,0.73,79%,104,0.46,0.42,0.08,0.0,38%,,0/2,11,11,15,10,2,0
Champions Tour 2024: EMEA Kickoff,Group Stage,Opening (A),RieNs,Team Heretics,sova,23,0.6,111,0.53,65%,78,0.43,0.13,0.0,0.04,35%,,0/3,10,10,19,3,0,1
Champions Tour 2024: EMEA Kickoff,Group Stage,Opening (A),RieNs,Team Heretics,"gekko, sova",47,0.72,127,0.62,72%,91,0.45,0.28,0.04,0.02,37%,,0/5,11,21,34,13,2,1
Champions Tour 2024: EMEA Kickoff,Group Stage,Opening (A),paTiTek,Team Heretics,kayo,23,0.89,163,0.75,70%,102,0.52,0.57,0.04,0.09,19%,50%,1/2,12,12,16,13,1,2
Champions Tour 2024: EMEA Kickoff,Group Stage,Opening (A),paTiTek,Team Heretics,viper,24,0.81,114,0.59,75%,74,0.42,0.25,0.04,0.04,19%,25%,1/4,10,10,17,6,1,1
Champions Tour 2024: EMEA Kickoff,Group Stage,Opening (A),paTiTek,Team Heretics,"kayo, viper",47,0.85,138,0.67,72%,88,0.47,0.4,0.04,0.06,19%,33%,2/6,12,22,33,19,2,3
Champions Tour 2024: EMEA Kickoff,Group Stage,Opening (A),benjyfishy,Team Heretics,killjoy,24,0.88,181,1.07,67%,129,0.67,0.17,0.08,0.17,27%,67%,2/3,16,16,15,4,2,4
Champions Tour 2024: EMEA Kickoff,Group Stage,Opening (A),benjyfishy,Team Heretics,viper,23,0.97,195,0.84,74%,121,0.7,0.22,0.13,0.04,29%,,0/2,16,16,19,5,3,1
Champions Tour 2024: EMEA Kickoff,Group Stage,Opening (A),benjyfishy,Team Heretics,"killjoy, viper",47,0.93,188,0.94,70%,125,0.68,0.19,0.11,0.11,28%,40%,2/5,16,32,34,9,5,5
Champions Tour 2024: EMEA Kickoff,Group Stage,Opening (A),MiniBoo,Team Heretics,neon,24,1.3,269,1.29,63%,173,0.92,0.21,0.29,0.21,35%,33%,1/3,22,22,17,5,7,5
Champions Tour 2024: EMEA Kickoff,Group Stage,Opening (A),MiniBoo,Team Heretics,yoru,23,1.34,265,1.24,78%,195,0.91,0.26,0.17,0.22,33%,33%,1/3,21,21,17,6,4,5
Champions Tour 2024: EMEA Kickoff,Group Stage,Opening (A),MiniBoo,Team Heretics,"neon, yoru",47,1.32,267,1.26,70%,184,0.91,0.23,0.23,0.21,34%,33%,2/6,22,43,34,11,11,10
Champions Tour 2024: EMEA Kickoff,Group Stage,Opening (A),sh1n,Karmine Corp,astra,24,0.96,128,0.86,71%,72,0.5,0.29,0.17,0.04,28%,14%,1/7,12,12,14,7,4,1
Champions Tour 2024: EMEA Kickoff,Group Stage,Opening (A),sh1n,Karmine Corp,omen,40,0.87,132,0.76,80%,92,0.48,0.38,0.03,0.1,40%,,0/4,12,19,25,15,1,4
Champions Tour 2024: EMEA Kickoff,Group Stage,Opening (A),sh1n,Karmine Corp,"astra, omen",64,0.9,131,0.79,77%,85,0.48,0.34,0.08,0.08,35%,9%,1/11,12,31,39,22,5,5
Champions Tour 2024: EMEA Kickoff,Group Stage,Opening (A),MAGNUM,Karmine Corp,cypher,23,1.12,221,1.13,65%,152,0.78,0.17,0.09,0.13,25%,20%,1/5,18,18,16,4,2,3
Champions Tour 2024: EMEA Kickoff,Group Stage,Opening (A),MAGNUM,Karmine Corp,fade,24,1.13,186,1.29,67%,123,0.75,0.21,0.13,0.08,24%,33%,1/3,18,18,14,5,3,2
Champions Tour 2024: EMEA Kickoff,Group Stage,Opening (A),MAGNUM,Karmine Corp,killjoy,17,1.32,250,2.13,82%,189,1.0,0.18,0.12,0.18,30%,,0/1,17,17,8,3,2,3
Champions Tour 2024: EMEA Kickoff,Group Stage,Opening (A),MAGNUM,Karmine Corp,"cypher, fade, killjoy",64,1.19,219,1.39,70%,151,0.83,0.19,0.11,0.13,26%,22%,2/9,18,53,38,12,7,8
Champions Tour 2024: EMEA Kickoff,Group Stage,Opening (A),N4RRATE,Karmine Corp,fade,17,1.65,303,2.25,88%,205,1.06,0.35,0.06,0.0,30%,100%,1/1,18,18,8,6,1,0
Champions Tour 2024: EMEA Kickoff,Group Stage,Opening (A),N4RRATE,Karmine Corp,gekko,23,1.03,214,0.83,65%,150,0.65,0.3,0.09,0.09,28%,,,15,15,18,7,2,2
Champions Tour 2024: EMEA Kickoff,Group Stage,Opening (A),N4RRATE,Karmine Corp,raze,24,1.29,295,1.28,79%,179,0.96,0.17,0.13,0.13,20%,,,23,23,18,4,3,3
Champions Tour 2024: EMEA Kickoff,Group Stage,Opening (A),N4RRATE,Karmine Corp,"fade, gekko, raze",64,1.32,271,1.27,77%,176,0.88,0.27,0.09,0.08,25%,100%,1/1,23,56,44,17,6,5
Champions Tour 2024: EMEA Kickoff,Group Stage,Opening (A),tomaszy,Karmine Corp,omen,24,0.85,182,0.78,75%,126,0.58,0.33,0.04,0.04,39%,,0/3,14,14,18,8,1,1
Champions Tour 2024: EMEA Kickoff,Group Stage,Opening (A),tomaszy,Karmine Corp,viper,40,1.2,222,1.38,75%,142,0.83,0.25,0.18,0.05,37%,,0/7,19,33,24,10,7,2
Champions Tour 2024: EMEA Kickoff,Group Stage,Opening (A),tomaszy,Karmine Corp,"omen, viper",64,1.08,208,1.12,75%,136,0.73,0.28,0.13,0.05,37%,,0/10,19,47,42,18,8,3
Champions Tour 2024: EMEA Kickoff,Group Stage,Opening (A),marteen,Karmine Corp,raze,40,1.09,194,1.08,73%,120,0.68,0.18,0.15,0.13,16%,,,15,27,25,7,6,5
Champions Tour 2024: EMEA Kickoff,Group Stage,Opening (A),marteen,Karmine Corp,yoru,24,0.98,210,0.94,58%,138,0.67,0.25,0.13,0.13,29%,,,16,16,17,6,3,3
Champions Tour 2024: EMEA Kickoff,Group Stage,Opening (A),marteen,Karmine Corp,"raze, yoru",64,1.05,200,1.02,67%,127,0.67,0.2,0.14,0.13,21%,,,16,43,42,13,9,8
Champions Tour 2024: EMEA Kickoff,Group Stage,Opening (A),MrFaliN,FUT Esports,astra,24,0.92,184,0.83,75%,113,0.63,0.46,0.0,0.13,21%,,0/4,15,15,18,11,0,3
Champions Tour 2024: EMEA Kickoff,Group Stage,Opening (A),MrFaliN,FUT Esports,gekko,23,1.04,221,1.13,65%,154,0.78,0.13,0.26,0.04,25%,,0/3,18,18,16,3,6,1
Champions Tour 2024: EMEA Kickoff,Group Stage,Opening (A),MrFaliN,FUT Esports,"astra, gekko",47,0.98,202,0.97,70%,133,0.7,0.3,0.13,0.09,23%,,0/7,18,33,34,14,6,4
Champions Tour 2024: EMEA Kickoff,Group Stage,Opening (A),AtaKaptan,FUT Esports,breach,24,1.06,175,0.81,75%,112,0.54,0.71,0.04,0.08,24%,40%,2/5,13,13,16,17,1,2
Champions Tour 2024: EMEA Kickoff,Group Stage,Opening (A),AtaKaptan,FUT Esports,omen,23,1.32,217,1.27,87%,160,0.83,0.7,0.0,0.09,35%,,0/3,19,19,15,16,0,2
Champions Tour 2024: EMEA Kickoff,Group Stage,Opening (A),AtaKaptan,FUT Esports,"breach, omen",47,1.19,196,1.03,81%,136,0.68,0.7,0.02,0.09,30%,25%,2/8,19,32,31,33,1,4
Champions Tour 2024: EMEA Kickoff,Group Stage,Opening (A),qRaxs,FUT Esports,gekko,24,1.06,225,1.18,67%,139,0.83,0.38,0.04,0.08,28%,33%,1/3,20,20,17,9,1,2
Champions Tour 2024: EMEA Kickoff,Group Stage,Opening (A),qRaxs,FUT Esports,kayo,23,0.69,127,0.39,74%,92,0.3,0.78,0.09,0.04,13%,,0/1,7,7,18,18,2,1
Champions Tour 2024: EMEA Kickoff,Group Stage,Opening (A),qRaxs,FUT Esports,"gekko, kayo",47,0.88,176,0.77,70%,116,0.57,0.57,0.06,0.06,22%,25%,1/4,20,27,35,27,3,3
Champions Tour 2024: EMEA Kickoff,Group Stage,Opening (A),yetujey,FUT Esports,killjoy,24,0.8,183,0.71,75%,121,0.5,0.25,0.17,0.08,13%,25%,1/4,12,12,17,6,4,2
Champions Tour 2024: EMEA Kickoff,Group Stage,Opening (A),yetujey,FUT Esports,viper,23,0.97,218,1.06,78%,155,0.78,0.22,0.0,0.13,25%,,0/2,18,18,17,5,0,3
Champions Tour 2024: EMEA Kickoff,Group Stage,Opening (A),yetujey,FUT Esports,"killjoy, viper",47,0.89,200,0.88,77%,138,0.64,0.23,0.09,0.11,20%,17%,1/6,18,30,34,11,4,5
Champions Tour 2024: EMEA Kickoff,Group Stage,Opening (A),cNed,FUT Esports,neon,23,0.91,250,1.11,78%,160,0.91,0.22,0.13,0.22,24%,,0/4,21,21,19,5,3,5
Champions Tour 2024: EMEA Kickoff,Group Stage,Opening (A),cNed,FUT Esports,yoru,24,1.1,250,1.24,71%,158,0.88,0.38,0.21,0.17,38%,,,21,21,17,9,5,4
Champions Tour 2024: EMEA Kickoff,Group Stage,Opening (A),cNed,FUT Esports,"neon, yoru",47,1.01,250,1.17,74%,159,0.89,0.3,0.17,0.19,31%,,0/4,21,42,36,14,8,9
Champions Tour 2024: EMEA Kickoff,Group Stage,Opening (A),hoody,GIANTX,breach,23,1.24,203,1.25,78%,124,0.65,0.61,0.04,0.04,20%,33%,1/3,15,15,12,14,1,1
Champions Tour 2024: EMEA Kickoff,Group Stage,Opening (A),hoody,GIANTX,skye,24,0.84,144,0.69,71%,98,0.46,0.38,0.04,0.17,21%,,,11,11,16,9,1,4
Champions Tour 2024: EMEA Kickoff,Group Stage,Opening (A),hoody,GIANTX,viper,17,0.36,101,0.4,35%,71,0.35,0.0,0.06,0.35,18%,,0/3,6,6,15,0,1,6
Champions Tour 2024: EMEA Kickoff,Group Stage,Opening (A),hoody,GIANTX,"breach, skye, viper",64,0.81,149,0.74,64%,100,0.5,0.36,0.05,0.17,20%,17%,1/6,15,32,43,23,3,11
Champions Tour 2024: EMEA Kickoff,Group Stage,Opening (A),Cloud,GIANTX,breach,24,1.12,251,1.05,67%,152,0.88,0.54,0.04,0.08,37%,,0/3,21,21,20,13,1,2
Champions Tour 2024: EMEA Kickoff,Group Stage,Opening (A),Cloud,GIANTX,fade,23,1.16,254,1.38,70%,153,0.96,0.52,0.17,0.13,28%,,0/1,22,22,16,12,4,3
Champions Tour 2024: EMEA Kickoff,Group Stage,Opening (A),Cloud,GIANTX,skye,17,1.24,260,1.17,71%,172,0.82,0.47,0.06,0.0,24%,,0/1,14,14,12,8,1,0
Champions Tour 2024: EMEA Kickoff,Group Stage,Opening (A),Cloud,GIANTX,"breach, fade, skye",64,1.17,255,1.19,69%,157,0.89,0.52,0.09,0.08,29%,,0/5,22,57,48,33,6,5
Champions Tour 2024: EMEA Kickoff,Group Stage,Opening (A),nukkye,GIANTX,cypher,24,0.93,174,0.78,63%,117,0.58,0.38,0.13,0.17,33%,,0/4,14,14,18,9,3,4
Champions Tour 2024: EMEA Kickoff,Group Stage,Opening (A),nukkye,GIANTX,killjoy,17,0.8,171,0.77,71%,113,0.59,0.0,0.12,0.06,26%,,0/3,10,10,13,0,2,1
Champions Tour 2024: EMEA Kickoff,Group Stage,Opening (A),nukkye,GIANTX,sage,23,1.14,217,1.13,83%,140,0.74,0.57,0.13,0.04,33%,,0/2,17,17,15,13,3,1
Champions Tour 2024: EMEA Kickoff,Group Stage,Opening (A),nukkye,GIANTX,"cypher, killjoy, sage",64,0.96,187,0.89,72%,124,0.64,0.34,0.13,0.09,31%,,0/9,17,41,46,22,8,6
Champions Tour 2024: EMEA Kickoff,Group Stage,Opening (A),Redgar,GIANTX,omen,64,0.89,179,0.98,67%,123,0.66,0.2,0.09,0.13,29%,17%,2/12,22,42,43,13,6,8
Champions Tour 2024: EMEA Kickoff,Group Stage,Opening (A),Fit1nho,GIANTX,raze,64,0.69,160,0.66,64%,110,0.52,0.13,0.09,0.08,21%,,0/4,21,33,50,8,6,5
Champions Tour 2024: EMEA Kickoff,Group Stage,Winner's (A),sh1n,Karmine Corp,astra,17,0.79,153,0.63,65%,89,0.59,0.41,0.12,0.18,31%,,0/6,10,10,16,7,2,3
Champions Tour 2024: EMEA Kickoff,Group Stage,Winner's (A),sh1n,Karmine Corp,omen,17,1.02,171,1.0,71%,115,0.65,0.29,0.0,0.12,37%,20%,1/5,11,11,11,5,0,2
Champions Tour 2024: EMEA Kickoff,Group Stage,Winner's (A),sh1n,Karmine Corp,"astra, omen",34,0.9,162,0.78,68%,102,0.62,0.35,0.06,0.15,34%,9%,1/11,11,21,27,12,2,5
Champions Tour 2024: EMEA Kickoff,Group Stage,Winner's (A),N4RRATE,Karmine Corp,fade,17,0.76,197,0.73,65%,130,0.65,0.41,0.06,0.18,23%,,0/4,11,11,15,7,1,3
Champions Tour 2024: EMEA Kickoff,Group Stage,Winner's (A),N4RRATE,Karmine Corp,raze,17,0.94,255,0.87,71%,177,0.76,0.41,0.12,0.12,17%,,0/1,13,13,15,7,2,2
Champions Tour 2024: EMEA Kickoff,Group Stage,Winner's (A),N4RRATE,Karmine Corp,"fade, raze",34,0.85,226,0.8,68%,153,0.71,0.41,0.09,0.15,19%,,0/5,13,24,30,14,3,5
Champions Tour 2024: EMEA Kickoff,Group Stage,Winner's (A),MAGNUM,Karmine Corp,fade,17,0.7,169,0.53,94%,114,0.47,0.47,0.06,0.12,18%,50%,1/2,8,8,15,8,1,2
Champions Tour 2024: EMEA Kickoff,Group Stage,Winner's (A),MAGNUM,Karmine Corp,killjoy,17,0.11,30,0.0,29%,30,0.0,0.18,0.0,0.18,10%,,0/2,0,0,15,3,0,3
Champions Tour 2024: EMEA Kickoff,Group Stage,Winner's (A),MAGNUM,Karmine Corp,"fade, killjoy",34,0.41,100,0.27,62%,72,0.24,0.32,0.03,0.15,17%,25%,1/4,8,8,30,11,1,5
Champions Tour 2024: EMEA Kickoff,Group Stage,Winner's (A),tomaszy,Karmine Corp,omen,17,0.67,145,0.44,76%,114,0.41,0.35,0.06,0.0,33%,25%,1/4,7,7,16,6,1,0
Champions Tour 2024: EMEA Kickoff,Group Stage,Winner's (A),tomaszy,Karmine Corp,viper,17,0.86,191,0.79,59%,122,0.65,0.29,0.06,0.06,30%,,0/3,11,11,14,5,1,1
Champions Tour 2024: EMEA Kickoff,Group Stage,Winner's (A),tomaszy,Karmine Corp,"omen, viper",34,0.77,168,0.6,68%,118,0.53,0.32,0.06,0.03,32%,14%,1/7,11,18,30,11,2,1
Champions Tour 2024: EMEA Kickoff,Group Stage,Winner's (A),marteen,Karmine Corp,raze,17,0.6,148,0.53,65%,96,0.47,0.24,0.06,0.29,11%,,,8,8,15,4,1,5
Champions Tour 2024: EMEA Kickoff,Group Stage,Winner's (A),marteen,Karmine Corp,yoru,17,0.65,149,0.71,71%,94,0.59,0.12,0.12,0.12,13%,33%,1/3,10,10,14,2,2,2
Champions Tour 2024: EMEA Kickoff,Group Stage,Winner's (A),marteen,Karmine Corp,"raze, yoru",34,0.62,148,0.62,68%,95,0.53,0.18,0.09,0.21,12%,33%,1/3,10,18,29,6,3,7
Champions Tour 2024: EMEA Kickoff,Group Stage,Winner's (A),RieNs,Team Heretics,breach,17,1.17,227,1.44,88%,135,0.76,0.35,0.06,0.06,35%,,,13,13,9,6,1,1
Champions Tour 2024: EMEA Kickoff,Group Stage,Winner's (A),RieNs,Team Heretics,gekko,17,1.37,250,2.13,76%,179,1.0,0.24,0.24,0.0,37%,100%,1/1,17,17,8,4,4,0
Champions Tour 2024: EMEA Kickoff,Group Stage,Winner's (A),RieNs,Team Heretics,"breach, gekko",34,1.27,238,1.76,82%,157,0.88,0.29,0.15,0.03,36%,100%,1/1,17,30,17,10,5,1
Champions Tour 2024: EMEA Kickoff,Group Stage,Winner's (A),benjyfishy,Team Heretics,cypher,17,1.12,227,1.5,82%,136,0.88,0.18,0.0,0.24,42%,,0/1,15,15,10,3,0,4
Champions Tour 2024: EMEA Kickoff,Group Stage,Winner's (A),benjyfishy,Team Heretics,killjoy,17,1.58,281,2.29,88%,199,0.94,0.24,0.06,0.0,27%,,0/1,16,16,7,4,1,0
Champions Tour 2024: EMEA Kickoff,Group Stage,Winner's (A),benjyfishy,Team Heretics,"cypher, killjoy",34,1.35,254,1.82,85%,168,0.91,0.21,0.03,0.12,32%,,0/2,16,31,17,7,1,4
Champions Tour 2024: EMEA Kickoff,Group Stage,Winner's (A),MiniBoo,Team Heretics,neon,17,1.04,188,0.92,76%,125,0.65,0.18,0.24,0.12,22%,,,11,11,12,3,4,2
Champions Tour 2024: EMEA Kickoff,Group Stage,Winner's (A),MiniBoo,Team Heretics,raze,17,1.74,393,2.4,88%,241,1.41,0.24,0.29,0.0,24%,,,24,24,10,4,5,0
Champions Tour 2024: EMEA Kickoff,Group Stage,Winner's (A),MiniBoo,Team Heretics,"neon, raze",34,1.39,290,1.59,82%,183,1.03,0.21,0.26,0.06,23%,,,24,35,22,7,9,2
Champions Tour 2024: EMEA Kickoff,Group Stage,Winner's (A),Boo,Team Heretics,omen,34,1.37,203,1.87,85%,137,0.82,0.35,0.15,0.03,29%,,0/4,18,28,15,12,5,1
Champions Tour 2024: EMEA Kickoff,Group Stage,Winner's (A),paTiTek,Team Heretics,viper,34,1.13,182,1.22,85%,118,0.65,0.38,0.09,0.09,28%,,0/2,14,22,18,13,3,3
Champions Tour 2024: EMEA Kickoff,Group Stage,Elimination (A),Cloud,GIANTX,breach,19,1.19,303,1.43,84%,195,1.05,0.32,0.11,0.0,31%,,0/3,20,20,14,6,2,0
Champions Tour 2024: EMEA Kickoff,Group Stage,Elimination (A),Cloud,GIANTX,fade,20,0.81,157,0.71,65%,100,0.5,0.2,0.0,0.1,25%,,0/3,10,10,14,4,0,2
Champions Tour 2024: EMEA Kickoff,Group Stage,Elimination (A),Cloud,GIANTX,sova,21,1.36,223,1.31,71%,167,0.81,0.1,0.1,0.05,33%,40%,2/5,17,17,13,2,2,1
Champions Tour 2024: EMEA Kickoff,Group Stage,Elimination (A),Cloud,GIANTX,"breach, fade, sova",60,1.12,228,1.15,73%,154,0.78,0.2,0.07,0.05,30%,18%,2/11,20,47,41,12,4,3
Champions Tour 2024: EMEA Kickoff,Group Stage,Elimination (A),hoody,GIANTX,breach,20,0.78,158,0.69,55%,101,0.55,0.35,0.1,0.05,37%,,0/5,11,11,16,7,2,1
Champions Tour 2024: EMEA Kickoff,Group Stage,Elimination (A),hoody,GIANTX,skye,19,0.5,117,0.44,53%,75,0.37,0.21,0.05,0.21,14%,,0/5,7,7,16,4,1,4
Champions Tour 2024: EMEA Kickoff,Group Stage,Elimination (A),hoody,GIANTX,viper,21,1.03,235,1.07,81%,167,0.76,0.52,0.05,0.05,28%,50%,1/2,16,16,15,11,1,1
Champions Tour 2024: EMEA Kickoff,Group Stage,Elimination (A),hoody,GIANTX,"breach, skye, viper",60,0.77,170,0.72,63%,116,0.57,0.37,0.07,0.1,26%,8%,1/12,16,34,47,22,4,6
Champions Tour 2024: EMEA Kickoff,Group Stage,Elimination (A),nukkye,GIANTX,cypher,19,0.91,179,0.85,68%,118,0.58,0.21,0.0,0.0,30%,,0/2,11,11,13,4,0,0
Champions Tour 2024: EMEA Kickoff,Group Stage,Elimination (A),nukkye,GIANTX,killjoy,21,1.34,265,1.75,86%,199,1.0,0.19,0.1,0.0,31%,50%,1/2,21,21,12,4,2,0
Champions Tour 2024: EMEA Kickoff,Group Stage,Elimination (A),nukkye,GIANTX,sage,20,0.9,207,0.81,70%,133,0.65,0.35,0.15,0.05,19%,,,13,13,16,7,3,1
Champions Tour 2024: EMEA Kickoff,Group Stage,Elimination (A),nukkye,GIANTX,"cypher, killjoy, sage",60,1.05,217,1.1,75%,151,0.75,0.25,0.08,0.02,27%,25%,1/4,21,45,41,15,5,1
Champions Tour 2024: EMEA Kickoff,Group Stage,Elimination (A),Redgar,GIANTX,omen,60,0.58,117,0.49,60%,74,0.4,0.32,0.08,0.18,33%,25%,1/4,9,24,49,19,5,11
Champions Tour 2024: EMEA Kickoff,Group Stage,Elimination (A),Fit1nho,GIANTX,raze,60,0.8,201,0.84,60%,133,0.68,0.1,0.13,0.22,25%,,0/7,21,41,49,6,8,13
Champions Tour 2024: EMEA Kickoff,Group Stage,Elimination (A),cNed,FUT Esports,chamber,40,0.99,190,0.96,68%,132,0.68,0.1,0.18,0.1,25%,,0/5,14,27,28,4,7,4
Champions Tour 2024: EMEA Kickoff,Group Stage,Elimination (A),cNed,FUT Esports,raze,20,1.38,269,1.67,75%,164,1.0,0.2,0.2,0.1,24%,,0/2,20,20,12,4,4,2
Champions Tour 2024: EMEA Kickoff,Group Stage,Elimination (A),cNed,FUT Esports,"chamber, raze",60,1.12,216,1.18,70%,143,0.78,0.13,0.18,0.1,24%,,0/7,20,47,40,8,11,6
Champions Tour 2024: EMEA Kickoff,Group Stage,Elimination (A),yetujey,FUT Esports,cypher,20,1.27,201,2.0,75%,135,0.8,0.1,0.25,0.1,47%,,0/2,16,16,8,2,5,2
Champions Tour 2024: EMEA Kickoff,Group Stage,Elimination (A),yetujey,FUT Esports,phoenix,21,1.07,221,1.13,76%,148,0.81,0.24,0.19,0.1,28%,50%,1/2,17,17,15,5,4,2
Champions Tour 2024: EMEA Kickoff,Group Stage,Elimination (A),yetujey,FUT Esports,viper,19,1.58,262,2.71,100%,178,1.0,0.26,0.05,0.05,21%,,0/2,19,19,7,5,1,1
Champions Tour 2024: EMEA Kickoff,Group Stage,Elimination (A),yetujey,FUT Esports,"cypher, phoenix, viper",60,1.31,228,1.73,83%,154,0.87,0.2,0.17,0.08,30%,17%,1/6,19,52,30,12,10,5
Champions Tour 2024: EMEA Kickoff,Group Stage,Elimination (A),qRaxs,FUT Esports,fade,41,1.14,233,1.11,88%,146,0.76,0.54,0.07,0.05,30%,,0/4,19,31,28,22,3,2
Champions Tour 2024: EMEA Kickoff,Group Stage,Elimination (A),qRaxs,FUT Esports,raze,19,0.76,180,0.65,74%,119,0.58,0.32,0.16,0.11,19%,,0/2,11,11,17,6,3,2
Champions Tour 2024: EMEA Kickoff,Group Stage,Elimination (A),qRaxs,FUT Esports,"fade, raze",60,1.01,215,0.93,83%,138,0.7,0.47,0.1,0.07,27%,,0/6,19,42,45,28,6,4
Champions Tour 2024: EMEA Kickoff,Group Stage,Elimination (A),AtaKaptan,FUT Esports,omen,19,1.19,213,1.25,74%,126,0.79,0.26,0.05,0.0,37%,,,15,15,12,5,1,0
Champions Tour 2024: EMEA Kickoff,Group Stage,Elimination (A),AtaKaptan,FUT Esports,viper,41,1.29,218,1.55,78%,138,0.83,0.34,0.02,0.07,35%,20%,1/5,20,34,22,14,1,3
Champions Tour 2024: EMEA Kickoff,Group Stage,Elimination (A),AtaKaptan,FUT Esports,"omen, viper",60,1.26,216,1.44,77%,134,0.82,0.32,0.03,0.05,36%,20%,1/5,20,49,34,19,2,3
Champions Tour 2024: EMEA Kickoff,Group Stage,Elimination (A),MrFaliN,FUT Esports,omen,20,0.86,109,0.5,80%,67,0.3,0.7,0.0,0.15,6%,,,6,6,12,14,0,3
Champions Tour 2024: EMEA Kickoff,Group Stage,Elimination (A),MrFaliN,FUT Esports,skye,19,1.32,222,1.45,84%,129,0.84,0.42,0.16,0.11,19%,,,16,16,11,8,3,2
Champions Tour 2024: EMEA Kickoff,Group Stage,Elimination (A),MrFaliN,FUT Esports,sova,21,0.84,220,0.79,67%,141,0.71,0.48,0.1,0.14,23%,,0/4,15,15,19,10,2,3
Champions Tour 2024: EMEA Kickoff,Group Stage,Elimination (A),MrFaliN,FUT Esports,"omen, skye, sova",60,1.01,184,0.88,77%,113,0.62,0.53,0.08,0.13,17%,,0/4,16,37,42,32,5,8
Champions Tour 2024: EMEA Kickoff,Group Stage,Decider (A),AtaKaptan,FUT Esports,breach,38,1.32,226,1.25,74%,145,0.79,0.55,0.05,0.08,26%,20%,1/5,30,30,24,21,2,3
Champions Tour 2024: EMEA Kickoff,Group Stage,Decider (A),AtaKaptan,FUT Esports,omen,17,1.62,301,2.22,88%,180,1.18,0.35,0.12,0.0,33%,,0/3,20,20,9,6,2,0
Champions Tour 2024: EMEA Kickoff,Group Stage,Decider (A),AtaKaptan,FUT Esports,viper,20,0.71,168,0.56,60%,128,0.45,0.65,0.0,0.15,21%,,0/2,9,9,16,13,0,3
Champions Tour 2024: EMEA Kickoff,Group Stage,Decider (A),AtaKaptan,FUT Esports,"breach, omen, viper",75,1.21,232,1.2,73%,148,0.79,0.53,0.05,0.08,27%,10%,1/10,30,59,49,40,4,6
Champions Tour 2024: EMEA Kickoff,Group Stage,Decider (A),yetujey,FUT Esports,cypher,58,0.94,209,0.93,72%,144,0.72,0.31,0.14,0.12,22%,14%,2/14,30,42,45,18,8,7
Champions Tour 2024: EMEA Kickoff,Group Stage,Decider (A),yetujey,FUT Esports,viper,17,1.25,177,1.57,88%,120,0.65,0.29,0.0,0.0,33%,100%,1/1,11,11,7,5,0,0
Champions Tour 2024: EMEA Kickoff,Group Stage,Decider (A),yetujey,FUT Esports,"cypher, viper",75,1.04,198,1.02,76%,139,0.71,0.31,0.11,0.09,24%,20%,3/15,30,53,52,23,8,7
Champions Tour 2024: EMEA Kickoff,Group Stage,Decider (A),qRaxs,FUT Esports,fade,20,0.82,169,0.75,45%,128,0.6,0.2,0.2,0.15,30%,,0/2,12,12,16,4,4,3
Champions Tour 2024: EMEA Kickoff,Group Stage,Decider (A),qRaxs,FUT Esports,gekko,38,0.89,162,0.69,68%,118,0.53,0.29,0.03,0.05,27%,33%,1/3,20,20,29,11,1,2
Champions Tour 2024: EMEA Kickoff,Group Stage,Decider (A),qRaxs,FUT Esports,kayo,17,1.64,284,2.25,82%,177,1.06,0.47,0.06,0.12,21%,50%,1/2,18,18,8,8,1,2
Champions Tour 2024: EMEA Kickoff,Group Stage,Decider (A),qRaxs,FUT Esports,"fade, gekko, kayo",75,1.11,205,0.94,65%,134,0.67,0.31,0.08,0.09,26%,29%,2/7,20,50,53,23,6,7
Champions Tour 2024: EMEA Kickoff,Group Stage,Decider (A),MrFaliN,FUT Esports,gekko,17,1.09,229,1.4,82%,160,0.82,0.47,0.12,0.18,19%,,,14,14,10,8,2,3
Champions Tour 2024: EMEA Kickoff,Group Stage,Decider (A),MrFaliN,FUT Esports,omen,58,0.96,212,0.93,72%,134,0.69,0.41,0.1,0.07,21%,29%,2/7,23,40,43,24,6,4
Champions Tour 2024: EMEA Kickoff,Group Stage,Decider (A),MrFaliN,FUT Esports,"gekko, omen",75,1.01,217,1.02,75%,140,0.72,0.43,0.11,0.09,20%,29%,2/7,23,54,53,32,8,7
Champions Tour 2024: EMEA Kickoff,Group Stage,Decider (A),cNed,FUT Esports,raze,75,0.78,194,0.78,71%,129,0.63,0.15,0.11,0.19,26%,20%,1/5,22,47,60,11,8,14
Champions Tour 2024: EMEA Kickoff,Group Stage,Decider (A),MAGNUM,Karmine Corp,cypher,20,1.45,250,1.38,80%,162,0.9,0.45,0.1,0.05,33%,,0/2,18,18,13,9,2,1
Champions Tour 2024: EMEA Kickoff,Group Stage,Decider (A),MAGNUM,Karmine Corp,killjoy,38,1.13,199,1.19,76%,143,0.66,0.16,0.05,0.13,26%,29%,2/7,25,25,21,6,2,5
Champions Tour 2024: EMEA Kickoff,Group Stage,Decider (A),MAGNUM,Karmine Corp,skye,17,0.81,130,0.58,59%,86,0.41,0.53,0.0,0.06,27%,,0/6,7,7,12,9,0,1
Champions Tour 2024: EMEA Kickoff,Group Stage,Decider (A),MAGNUM,Karmine Corp,"cypher, killjoy, skye",75,1.13,193,1.09,73%,135,0.67,0.32,0.05,0.09,28%,13%,2/15,25,50,46,24,4,7
Champions Tour 2024: EMEA Kickoff,Group Stage,Decider (A),N4RRATE,Karmine Corp,fade,38,1.34,280,1.67,92%,184,1.05,0.34,0.16,0.05,28%,,0/2,40,40,24,13,6,2
Champions Tour 2024: EMEA Kickoff,Group Stage,Decider (A),N4RRATE,Karmine Corp,gekko,20,0.88,147,0.87,70%,123,0.65,0.25,0.05,0.05,35%,,0/2,13,13,15,5,1,1
Champions Tour 2024: EMEA Kickoff,Group Stage,Decider (A),N4RRATE,Karmine Corp,raze,17,0.87,209,0.93,59%,134,0.76,0.0,0.24,0.18,24%,,0/4,13,13,14,0,4,3
Champions Tour 2024: EMEA Kickoff,Group Stage,Decider (A),N4RRATE,Karmine Corp,"fade, gekko, raze",75,1.03,212,1.25,79%,157,0.88,0.24,0.15,0.08,28%,,0/8,40,66,53,18,11,6
Champions Tour 2024: EMEA Kickoff,Group Stage,Decider (A),sh1n,Karmine Corp,omen,75,0.85,140,0.77,80%,88,0.49,0.37,0.05,0.03,26%,14%,1/7,16,37,48,28,4,2
Champions Tour 2024: EMEA Kickoff,Group Stage,Decider (A),marteen,Karmine Corp,raze,58,1.12,282,1.16,74%,170,0.9,0.21,0.21,0.17,25%,33%,1/3,31,52,45,12,12,10
Champions Tour 2024: EMEA Kickoff,Group Stage,Decider (A),marteen,Karmine Corp,yoru,17,0.89,225,0.75,65%,147,0.71,0.47,0.24,0.06,27%,,0/1,12,12,16,8,4,1
Champions Tour 2024: EMEA Kickoff,Group Stage,Decider (A),marteen,Karmine Corp,"raze, yoru",75,1.05,263,1.05,72%,164,0.85,0.27,0.21,0.15,25%,25%,1/4,31,64,61,20,16,11
Champions Tour 2024: EMEA Kickoff,Group Stage,Decider (A),tomaszy,Karmine Corp,viper,75,0.93,203,0.91,75%,153,0.67,0.41,0.08,0.11,33%,13%,1/8,30,50,55,31,6,8
Champions Tour 2024: EMEA Kickoff,Group Stage,Opening (B),pAura,BBL Esports,breach,21,1.17,238,1.33,86%,143,0.95,0.14,0.19,0.1,37%,25%,1/4,20,20,15,3,4,2
Champions Tour 2024: EMEA Kickoff,Group Stage,Opening (B),pAura,BBL Esports,kayo,38,0.79,142,0.53,68%,84,0.45,0.66,0.08,0.05,38%,,0/6,12,17,32,25,3,2
Champions Tour 2024: EMEA Kickoff,Group Stage,Opening (B),pAura,BBL Esports,"breach, kayo",59,0.92,174,0.79,75%,105,0.63,0.47,0.12,0.07,38%,10%,1/10,20,37,47,28,7,4
Champions Tour 2024: EMEA Kickoff,Group Stage,Opening (B),Brave,BBL Esports,brimstone,21,1.1,229,1.0,76%,150,0.81,0.48,0.05,0.14,35%,100%,3/3,17,17,17,10,1,3
Champions Tour 2024: EMEA Kickoff,Group Stage,Opening (B),Brave,BBL Esports,omen,19,1.06,227,1.0,79%,141,0.79,0.37,0.16,0.0,50%,,0/3,15,15,15,7,3,0
Champions Tour 2024: EMEA Kickoff,Group Stage,Opening (B),Brave,BBL Esports,viper,19,0.63,100,0.38,63%,70,0.32,0.26,0.05,0.16,23%,,0/5,6,6,16,5,1,3
Champions Tour 2024: EMEA Kickoff,Group Stage,Opening (B),Brave,BBL Esports,"brimstone, omen, viper",59,0.93,185,0.79,73%,121,0.64,0.37,0.08,0.1,37%,27%,3/11,17,38,48,22,5,6
Champions Tour 2024: EMEA Kickoff,Group Stage,Opening (B),Elite,BBL Esports,cypher,19,0.98,195,1.07,53%,128,0.79,0.05,0.0,0.05,68%,,0/1,15,15,14,1,0,1
Champions Tour 2024: EMEA Kickoff,Group Stage,Opening (B),Elite,BBL Esports,killjoy,19,0.5,145,0.44,68%,111,0.37,0.21,0.05,0.05,41%,,0/1,7,7,16,4,1,1
Champions Tour 2024: EMEA Kickoff,Group Stage,Opening (B),Elite,BBL Esports,viper,21,1.06,209,1.0,76%,122,0.71,0.48,0.14,0.05,50%,,0/3,15,15,15,10,3,1
Champions Tour 2024: EMEA Kickoff,Group Stage,Opening (B),Elite,BBL Esports,"cypher, killjoy, viper",59,0.85,183,0.82,66%,120,0.63,0.25,0.07,0.05,52%,,0/5,15,37,45,15,4,3
Champions Tour 2024: EMEA Kickoff,Group Stage,Opening (B),QutionerX,BBL Esports,jett,38,0.84,209,0.88,58%,132,0.76,0.11,0.21,0.32,31%,100%,1/1,15,29,33,4,8,12
Champions Tour 2024: EMEA Kickoff,Group Stage,Opening (B),QutionerX,BBL Esports,raze,21,1.05,224,0.94,71%,143,0.76,0.24,0.19,0.14,20%,,,16,16,17,5,4,3
Champions Tour 2024: EMEA Kickoff,Group Stage,Opening (B),QutionerX,BBL Esports,"jett, raze",59,0.91,214,0.9,63%,136,0.76,0.15,0.2,0.25,27%,100%,1/1,16,45,50,9,12,15
Champions Tour 2024: EMEA Kickoff,Group Stage,Opening (B),reazy,BBL Esports,skye,21,0.86,153,0.79,71%,112,0.52,0.52,0.0,0.0,16%,50%,2/4,11,11,14,11,0,0
Champions Tour 2024: EMEA Kickoff,Group Stage,Opening (B),reazy,BBL Esports,sova,38,0.93,206,0.83,74%,150,0.63,0.34,0.05,0.03,22%,9%,1/11,14,24,29,13,2,1
Champions Tour 2024: EMEA Kickoff,Group Stage,Opening (B),reazy,BBL Esports,"skye, sova",59,0.9,188,0.81,73%,136,0.59,0.41,0.03,0.02,20%,20%,3/15,14,35,43,24,2,1
Champions Tour 2024: EMEA Kickoff,Group Stage,Opening (B),Shao,Natus Vincere,brimstone,21,1.36,249,1.29,86%,179,0.86,0.52,0.0,0.1,31%,,0/3,18,18,14,11,0,2
Champions Tour 2024: EMEA Kickoff,Group Stage,Opening (B),Shao,Natus Vincere,omen,19,1.27,204,1.09,84%,133,0.63,0.53,0.11,0.11,37%,,0/2,12,12,11,10,2,2
Champions Tour 2024: EMEA Kickoff,Group Stage,Opening (B),Shao,Natus Vincere,viper,19,1.16,171,1.22,79%,108,0.58,0.74,0.0,0.16,18%,,,11,11,9,14,0,3
Champions Tour 2024: EMEA Kickoff,Group Stage,Opening (B),Shao,Natus Vincere,"brimstone, omen, viper",59,1.26,208,1.21,83%,141,0.69,0.59,0.03,0.12,29%,,0/5,18,41,34,35,2,7
Champions Tour 2024: EMEA Kickoff,Group Stage,Opening (B),SUYGETSU,Natus Vincere,cypher,38,1.17,199,1.47,74%,142,0.74,0.13,0.05,0.11,41%,33%,1/3,17,28,19,5,2,4
Champions Tour 2024: EMEA Kickoff,Group Stage,Opening (B),SUYGETSU,Natus Vincere,viper,21,0.84,204,0.93,76%,141,0.67,0.24,0.14,0.14,36%,33%,2/6,14,14,15,5,3,3
Champions Tour 2024: EMEA Kickoff,Group Stage,Opening (B),SUYGETSU,Natus Vincere,"cypher, viper",59,1.06,201,1.24,75%,141,0.71,0.17,0.08,0.12,39%,33%,3/9,17,42,34,10,5,7
Champions Tour 2024: EMEA Kickoff,Group Stage,Opening (B),ANGE1,Natus Vincere,gekko,21,0.78,172,0.78,67%,121,0.67,0.14,0.1,0.1,32%,,0/1,14,14,18,3,2,2
Champions Tour 2024: EMEA Kickoff,Group Stage,Opening (B),ANGE1,Natus Vincere,omen,19,0.53,131,0.44,74%,92,0.37,0.47,0.16,0.11,29%,,0/1,7,7,16,9,3,2
Champions Tour 2024: EMEA Kickoff,Group Stage,Opening (B),ANGE1,Natus Vincere,sova,19,1.1,213,1.27,79%,140,0.74,0.16,0.16,0.05,50%,,0/2,14,14,11,3,3,1
Champions Tour 2024: EMEA Kickoff,Group Stage,Opening (B),ANGE1,Natus Vincere,"gekko, omen, sova",59,0.81,172,0.78,73%,118,0.59,0.25,0.14,0.08,36%,,0/4,14,35,45,15,8,5
Champions Tour 2024: EMEA Kickoff,Group Stage,Opening (B),ardiis,Natus Vincere,jett,19,0.88,184,1.0,58%,137,0.68,0.11,0.11,0.11,19%,,,13,13,13,2,2,2
Champions Tour 2024: EMEA Kickoff,Group Stage,Opening (B),ardiis,Natus Vincere,kayo,21,1.09,232,1.06,76%,151,0.86,0.62,0.0,0.05,22%,,0/4,18,18,17,13,0,1
Champions Tour 2024: EMEA Kickoff,Group Stage,Opening (B),ardiis,Natus Vincere,yoru,19,1.67,382,2.33,95%,248,1.47,0.11,0.32,0.11,24%,33%,1/3,28,28,12,2,6,2
Champions Tour 2024: EMEA Kickoff,Group Stage,Opening (B),ardiis,Natus Vincere,"jett, kayo, yoru",59,1.21,266,1.4,76%,178,1.0,0.29,0.14,0.08,22%,14%,1/7,28,59,42,17,8,5
Champions Tour 2024: EMEA Kickoff,Group Stage,Opening (B),Zyppan,Natus Vincere,kayo,19,1.48,280,1.67,84%,161,1.05,0.84,0.11,0.11,30%,,0/1,20,20,12,16,2,2
Champions Tour 2024: EMEA Kickoff,Group Stage,Opening (B),Zyppan,Natus Vincere,raze,21,0.78,211,0.82,71%,158,0.67,0.24,0.19,0.19,20%,,0/1,14,14,17,5,4,4
Champions Tour 2024: EMEA Kickoff,Group Stage,Opening (B),Zyppan,Natus Vincere,sova,19,1.59,299,2.1,74%,204,1.11,0.32,0.0,0.0,40%,,0/2,21,21,10,6,0,0
Champions Tour 2024: EMEA Kickoff,Group Stage,Opening (B),Zyppan,Natus Vincere,"kayo, raze, sova",59,1.28,263,1.41,76%,174,0.93,0.46,0.1,0.1,29%,,0/4,21,55,39,27,6,6
Champions Tour 2024: EMEA Kickoff,Group Stage,Opening (B),grubinho,KOI,brimstone,24,0.92,214,0.89,67%,130,0.71,0.29,0.08,0.0,31%,,0/3,17,17,19,7,2,0
Champions Tour 2024: EMEA Kickoff,Group Stage,Opening (B),grubinho,KOI,viper,23,0.89,198,1.14,65%,112,0.7,0.3,0.09,0.09,27%,33%,1/3,16,16,14,7,2,2
Champions Tour 2024: EMEA Kickoff,Group Stage,Opening (B),grubinho,KOI,"brimstone, viper",47,0.9,206,1.0,66%,121,0.7,0.3,0.09,0.04,29%,17%,1/6,17,33,33,14,4,2
Champions Tour 2024: EMEA Kickoff,Group Stage,Opening (B),ShadoW,KOI,fade,24,0.81,167,0.88,42%,99,0.63,0.04,0.04,0.08,22%,50%,2/4,15,15,17,1,1,2
Champions Tour 2024: EMEA Kickoff,Group Stage,Opening (B),ShadoW,KOI,sova,23,0.9,219,0.8,70%,157,0.7,0.35,0.09,0.09,38%,33%,1/3,16,16,20,8,2,2
Champions Tour 2024: EMEA Kickoff,Group Stage,Opening (B),ShadoW,KOI,"fade, sova",47,0.86,193,0.84,55%,128,0.66,0.19,0.06,0.09,29%,43%,3/7,16,31,37,9,3,4
Champions Tour 2024: EMEA Kickoff,Group Stage,Opening (B),starxo,KOI,harbor,23,0.74,171,0.72,65%,113,0.57,0.39,0.0,0.09,38%,,0/3,13,13,18,9,0,2
Champions Tour 2024: EMEA Kickoff,Group Stage,Opening (B),starxo,KOI,skye,24,0.8,176,0.84,58%,102,0.67,0.38,0.13,0.17,25%,,,16,16,19,9,3,4
Champions Tour 2024: EMEA Kickoff,Group Stage,Opening (B),starxo,KOI,"harbor, skye",47,0.77,174,0.78,62%,107,0.62,0.38,0.06,0.13,31%,,0/3,16,29,37,18,3,6
Champions Tour 2024: EMEA Kickoff,Group Stage,Opening (B),sheydos,KOI,killjoy,23,0.79,123,0.79,78%,93,0.48,0.09,0.0,0.0,18%,33%,1/3,11,11,14,2,0,0
Champions Tour 2024: EMEA Kickoff,Group Stage,Opening (B),sheydos,KOI,viper,24,1.27,212,1.31,75%,151,0.71,0.29,0.08,0.0,30%,,0/6,17,17,13,7,2,0
Champions Tour 2024: EMEA Kickoff,Group Stage,Opening (B),sheydos,KOI,"killjoy, viper",47,1.03,168,1.04,77%,122,0.6,0.19,0.04,0.0,24%,11%,1/9,17,28,27,9,2,0
Champions Tour 2024: EMEA Kickoff,Group Stage,Opening (B),kamo,KOI,raze,24,0.98,192,0.89,79%,135,0.67,0.29,0.25,0.17,24%,,0/1,16,16,18,7,6,4
Champions Tour 2024: EMEA Kickoff,Group Stage,Opening (B),kamo,KOI,yoru,23,1.09,251,1.11,83%,169,0.91,0.09,0.35,0.22,36%,,0/2,21,21,19,2,8,5
Champions Tour 2024: EMEA Kickoff,Group Stage,Opening (B),kamo,KOI,"raze, yoru",47,1.03,222,1.0,81%,152,0.79,0.19,0.3,0.19,30%,,0/3,21,37,37,9,14,9
Champions Tour 2024: EMEA Kickoff,Group Stage,Opening (B),Mistic,Team Liquid,brimstone,24,0.83,168,0.68,83%,112,0.54,0.42,0.04,0.13,36%,50%,1/2,13,13,19,10,1,3
Champions Tour 2024: EMEA Kickoff,Group Stage,Opening (B),Mistic,Team Liquid,sage,23,0.79,103,0.56,78%,75,0.39,0.43,0.0,0.22,26%,,0/1,9,9,16,10,0,5
Champions Tour 2024: EMEA Kickoff,Group Stage,Opening (B),Mistic,Team Liquid,"brimstone, sage",47,0.81,136,0.63,81%,94,0.47,0.43,0.02,0.17,31%,33%,1/3,13,22,35,20,1,8
Champions Tour 2024: EMEA Kickoff,Group Stage,Opening (B),Enzo,Team Liquid,gekko,24,0.87,146,0.73,71%,93,0.46,0.33,0.04,0.13,21%,,0/3,11,11,15,8,1,3
Champions Tour 2024: EMEA Kickoff,Group Stage,Opening (B),Enzo,Team Liquid,sova,23,0.82,141,0.56,74%,104,0.39,0.39,0.09,0.09,21%,,0/2,9,9,16,9,2,2
Champions Tour 2024: EMEA Kickoff,Group Stage,Opening (B),Enzo,Team Liquid,"gekko, sova",47,0.84,144,0.65,72%,98,0.43,0.36,0.06,0.11,21%,,0/5,11,20,31,17,3,5
Champions Tour 2024: EMEA Kickoff,Group Stage,Opening (B),Keiko,Team Liquid,jett,23,1.86,427,2.31,91%,282,1.61,0.09,0.26,0.09,31%,20%,1/5,37,37,16,2,6,2
Champions Tour 2024: EMEA Kickoff,Group Stage,Opening (B),Keiko,Team Liquid,raze,24,0.99,172,1.0,71%,122,0.58,0.17,0.08,0.13,42%,,0/1,14,14,14,4,2,3
Champions Tour 2024: EMEA Kickoff,Group Stage,Opening (B),Keiko,Team Liquid,"jett, raze",47,1.42,300,1.7,81%,201,1.09,0.13,0.17,0.11,34%,17%,1/6,37,51,30,6,8,5
Champions Tour 2024: EMEA Kickoff,Group Stage,Opening (B),Jamppi,Team Liquid,killjoy,23,0.95,158,0.93,65%,105,0.57,0.17,0.09,0.04,41%,,,13,13,14,4,2,1
Champions Tour 2024: EMEA Kickoff,Group Stage,Opening (B),Jamppi,Team Liquid,skye,24,1.05,229,1.05,79%,148,0.83,0.17,0.25,0.08,49%,,0/2,20,20,19,4,6,2
Champions Tour 2024: EMEA Kickoff,Group Stage,Opening (B),Jamppi,Team Liquid,"killjoy, skye",47,1.0,194,1.0,72%,127,0.7,0.17,0.17,0.06,46%,,0/2,20,33,33,8,8,3
Champions Tour 2024: EMEA Kickoff,Group Stage,Opening (B),nAts,Team Liquid,viper,47,1.28,256,1.5,79%,182,0.96,0.23,0.02,0.11,30%,,0/7,28,45,30,11,1,5
Champions Tour 2024: EMEA Kickoff,Group Stage,Winner's (B),ardiis,Natus Vincere,breach,20,1.2,214,1.15,80%,121,0.75,0.55,0.05,0.15,25%,100%,1/1,15,15,13,11,1,3
Champions Tour 2024: EMEA Kickoff,Group Stage,Winner's (B),ardiis,Natus Vincere,yoru,20,1.33,289,1.77,75%,180,1.15,0.3,0.15,0.15,17%,40%,2/5,23,23,13,6,3,3
Champions Tour 2024: EMEA Kickoff,Group Stage,Winner's (B),ardiis,Natus Vincere,"breach, yoru",40,1.26,252,1.46,78%,150,0.95,0.43,0.1,0.15,20%,50%,3/6,23,38,26,17,4,6
Champions Tour 2024: EMEA Kickoff,Group Stage,Winner's (B),SUYGETSU,Natus Vincere,cypher,20,0.88,137,0.83,70%,92,0.5,0.3,0.0,0.1,33%,,0/3,10,10,12,6,0,2
Champions Tour 2024: EMEA Kickoff,Group Stage,Winner's (B),SUYGETSU,Natus Vincere,viper,20,1.1,171,1.36,70%,106,0.75,0.1,0.05,0.15,32%,33%,1/3,15,15,11,2,1,3
Champions Tour 2024: EMEA Kickoff,Group Stage,Winner's (B),SUYGETSU,Natus Vincere,"cypher, viper",40,0.99,154,1.09,70%,99,0.63,0.2,0.03,0.13,33%,17%,1/6,15,25,23,8,1,5
Champions Tour 2024: EMEA Kickoff,Group Stage,Winner's (B),ANGE1,Natus Vincere,fade,20,0.97,157,0.83,70%,106,0.5,0.5,0.05,0.05,25%,,,10,10,12,10,1,1
Champions Tour 2024: EMEA Kickoff,Group Stage,Winner's (B),ANGE1,Natus Vincere,omen,20,0.65,164,0.75,40%,127,0.6,0.15,0.15,0.15,22%,,0/1,12,12,16,3,3,3
Champions Tour 2024: EMEA Kickoff,Group Stage,Winner's (B),ANGE1,Natus Vincere,"fade, omen",40,0.81,160,0.79,55%,116,0.55,0.33,0.1,0.1,24%,,0/1,12,22,28,13,4,4
Champions Tour 2024: EMEA Kickoff,Group Stage,Winner's (B),Shao,Natus Vincere,omen,20,1.39,267,1.82,85%,188,1.0,0.3,0.1,0.05,42%,,0/2,20,20,11,6,2,1
Champions Tour 2024: EMEA Kickoff,Group Stage,Winner's (B),Shao,Natus Vincere,viper,20,0.78,159,0.92,65%,108,0.55,0.15,0.05,0.15,32%,,,11,11,12,3,1,3
Champions Tour 2024: EMEA Kickoff,Group Stage,Winner's (B),Shao,Natus Vincere,"omen, viper",40,1.08,213,1.35,75%,148,0.78,0.23,0.08,0.1,38%,,0/2,20,31,23,9,3,4
Champions Tour 2024: EMEA Kickoff,Group Stage,Winner's (B),Zyppan,Natus Vincere,raze,20,1.06,251,1.06,60%,162,0.85,0.2,0.15,0.2,27%,,0/3,17,17,16,4,3,4
Champions Tour 2024: EMEA Kickoff,Group Stage,Winner's (B),Zyppan,Natus Vincere,sova,20,1.51,276,2.0,70%,176,1.0,0.2,0.1,0.0,41%,,,20,20,10,4,2,0
Champions Tour 2024: EMEA Kickoff,Group Stage,Winner's (B),Zyppan,Natus Vincere,"raze, sova",40,1.29,264,1.42,65%,169,0.93,0.2,0.13,0.1,33%,,0/3,20,37,26,8,5,4
Champions Tour 2024: EMEA Kickoff,Group Stage,Winner's (B),nAts,Team Liquid,cypher,40,0.92,202,0.87,63%,131,0.65,0.15,0.15,0.15,31%,,0/6,17,26,30,6,6,6
Champions Tour 2024: EMEA Kickoff,Group Stage,Winner's (B),Jamppi,Team Liquid,kayo,20,1.22,212,1.14,80%,144,0.8,0.25,0.1,0.05,38%,50%,2/4,16,16,14,5,2,1
Champions Tour 2024: EMEA Kickoff,Group Stage,Winner's (B),Jamppi,Team Liquid,viper,20,0.77,192,0.75,75%,145,0.6,0.3,0.1,0.15,47%,,0/3,12,12,16,6,2,3
Champions Tour 2024: EMEA Kickoff,Group Stage,Winner's (B),Jamppi,Team Liquid,"kayo, viper",40,1.0,202,0.93,78%,144,0.7,0.28,0.1,0.1,43%,29%,2/7,16,28,30,11,4,4
Champions Tour 2024: EMEA Kickoff,Group Stage,Winner's (B),Mistic,Team Liquid,omen,20,0.81,190,0.88,65%,138,0.7,0.2,0.0,0.05,43%,20%,1/5,14,14,16,4,0,1
Champions Tour 2024: EMEA Kickoff,Group Stage,Winner's (B),Mistic,Team Liquid,viper,20,0.96,213,0.88,65%,133,0.75,0.1,0.05,0.05,42%,,0/4,15,15,17,2,1,1
Champions Tour 2024: EMEA Kickoff,Group Stage,Winner's (B),Mistic,Team Liquid,"omen, viper",40,0.88,202,0.88,65%,135,0.73,0.15,0.03,0.05,42%,11%,1/9,15,29,33,6,1,2
Champions Tour 2024: EMEA Kickoff,Group Stage,Winner's (B),Keiko,Team Liquid,raze,20,1.37,312,1.64,80%,201,1.15,0.1,0.35,0.05,32%,,0/3,23,23,14,2,7,1
Champions Tour 2024: EMEA Kickoff,Group Stage,Winner's (B),Keiko,Team Liquid,yoru,20,0.69,114,0.53,60%,73,0.4,0.2,0.1,0.15,27%,,0/2,8,8,15,4,2,3
Champions Tour 2024: EMEA Kickoff,Group Stage,Winner's (B),Keiko,Team Liquid,"raze, yoru",40,1.03,213,1.07,70%,137,0.78,0.15,0.23,0.1,30%,,0/5,23,31,29,6,9,4
Champions Tour 2024: EMEA Kickoff,Group Stage,Winner's (B),Enzo,Team Liquid,skye,20,0.52,91,0.31,55%,68,0.25,0.25,0.05,0.0,17%,,,5,5,16,5,1,0
Champions Tour 2024: EMEA Kickoff,Group Stage,Winner's (B),Enzo,Team Liquid,sova,20,0.7,115,0.47,60%,88,0.35,0.25,0.1,0.05,15%,,0/2,7,7,15,5,2,1
Champions Tour 2024: EMEA Kickoff,Group Stage,Winner's (B),Enzo,Team Liquid,"skye, sova",40,0.61,103,0.39,58%,78,0.3,0.25,0.08,0.03,16%,,0/2,7,12,31,10,3,1
Champions Tour 2024: EMEA Kickoff,Group Stage,Elimination (B),ShadoW,KOI,breach,23,1.15,216,1.13,87%,127,0.78,0.43,0.09,0.13,19%,,0/1,18,18,16,10,2,3
Champions Tour 2024: EMEA Kickoff,Group Stage,Elimination (B),ShadoW,KOI,fade,18,1.36,217,1.78,83%,131,0.89,0.5,0.11,0.17,13%,50%,1/2,16,16,9,9,2,3
Champions Tour 2024: EMEA Kickoff,Group Stage,Elimination (B),ShadoW,KOI,"breach, fade",41,1.25,216,1.36,85%,129,0.83,0.46,0.1,0.15,16%,33%,1/3,18,34,25,19,4,6
Champions Tour 2024: EMEA Kickoff,Group Stage,Elimination (B),grubinho,KOI,brimstone,18,1.09,179,0.83,83%,105,0.56,0.83,0.11,0.0,19%,,0/1,10,10,12,15,2,0
Champions Tour 2024: EMEA Kickoff,Group Stage,Elimination (B),grubinho,KOI,omen,23,0.69,137,0.67,83%,82,0.52,0.26,0.09,0.04,38%,,0/2,12,12,18,6,2,1
Champions Tour 2024: EMEA Kickoff,Group Stage,Elimination (B),grubinho,KOI,"brimstone, omen",41,0.89,158,0.73,83%,92,0.54,0.51,0.1,0.02,28%,,0/3,12,22,30,21,4,1
Champions Tour 2024: EMEA Kickoff,Group Stage,Elimination (B),starxo,KOI,fade,23,1.23,200,1.29,74%,134,0.78,0.39,0.13,0.04,25%,33%,1/3,18,18,14,9,3,1
Champions Tour 2024: EMEA Kickoff,Group Stage,Elimination (B),starxo,KOI,skye,18,1.34,216,1.88,78%,141,0.83,0.39,0.11,0.0,32%,50%,1/2,15,15,8,7,2,0
Champions Tour 2024: EMEA Kickoff,Group Stage,Elimination (B),starxo,KOI,"fade, skye",41,1.29,208,1.5,76%,137,0.8,0.39,0.12,0.02,28%,40%,2/5,18,33,22,16,5,1
Champions Tour 2024: EMEA Kickoff,Group Stage,Elimination (B),kamo,KOI,raze,41,1.29,290,1.23,73%,198,0.9,0.37,0.22,0.17,18%,,0/2,24,37,30,15,9,7
Champions Tour 2024: EMEA Kickoff,Group Stage,Elimination (B),sheydos,KOI,viper,41,1.22,184,1.38,88%,132,0.71,0.24,0.05,0.05,26%,33%,2/6,15,29,21,10,2,2
Champions Tour 2024: EMEA Kickoff,Group Stage,Elimination (B),pAura,BBL Esports,breach,41,0.78,128,0.61,68%,84,0.46,0.32,0.05,0.07,27%,,0/4,12,19,31,13,2,3
Champions Tour 2024: EMEA Kickoff,Group Stage,Elimination (B),Brave,BBL Esports,brimstone,18,0.64,128,0.62,61%,91,0.44,0.11,0.0,0.11,35%,,0/1,8,8,13,2,0,2
Champions Tour 2024: EMEA Kickoff,Group Stage,Elimination (B),Brave,BBL Esports,omen,23,0.52,92,0.47,57%,69,0.35,0.09,0.0,0.09,38%,33%,1/3,8,8,17,2,0,2
Champions Tour 2024: EMEA Kickoff,Group Stage,Elimination (B),Brave,BBL Esports,"brimstone, omen",41,0.58,110,0.53,59%,79,0.39,0.1,0.0,0.1,36%,25%,1/4,8,16,30,4,0,4
Champions Tour 2024: EMEA Kickoff,Group Stage,Elimination (B),QutionerX,BBL Esports,raze,41,0.73,206,0.77,71%,146,0.66,0.17,0.17,0.17,24%,,0/3,18,27,35,7,7,7
Champions Tour 2024: EMEA Kickoff,Group Stage,Elimination (B),reazy,BBL Esports,skye,41,0.97,210,1.07,73%,133,0.76,0.24,0.05,0.07,34%,9%,1/11,18,31,29,10,2,3
Champions Tour 2024: EMEA Kickoff,Group Stage,Elimination (B),Elite,BBL Esports,viper,41,1.05,250,1.17,63%,156,0.85,0.2,0.15,0.17,49%,,0/5,20,35,30,8,6,7
Champions Tour 2024: EMEA Kickoff,Group Stage,Decider (B),ShadoW,KOI,breach,47,0.91,164,0.87,70%,97,0.57,0.43,0.04,0.06,21%,,0/2,14,27,31,20,2,3
Champions Tour 2024: EMEA Kickoff,Group Stage,Decider (B),ShadoW,KOI,sova,26,1.04,218,1.05,65%,142,0.81,0.19,0.08,0.08,17%,,0/2,21,21,20,5,2,2
Champions Tour 2024: EMEA Kickoff,Group Stage,Decider (B),ShadoW,KOI,"breach, sova",73,0.95,182,0.94,68%,113,0.66,0.34,0.05,0.07,19%,,0/4,21,48,51,25,4,5
Champions Tour 2024: EMEA Kickoff,Group Stage,Decider (B),sheydos,KOI,cypher,24,1.09,149,1.08,71%,110,0.54,0.21,0.04,0.0,29%,,0/4,13,13,12,5,1,0
Champions Tour 2024: EMEA Kickoff,Group Stage,Decider (B),sheydos,KOI,killjoy,26,0.9,148,0.83,69%,116,0.58,0.15,0.04,0.08,29%,33%,1/3,15,15,18,4,1,2
Champions Tour 2024: EMEA Kickoff,Group Stage,Decider (B),sheydos,KOI,viper,23,1.16,180,1.14,70%,130,0.7,0.17,0.0,0.13,31%,40%,2/5,16,16,14,4,0,3
Champions Tour 2024: EMEA Kickoff,Group Stage,Decider (B),sheydos,KOI,"cypher, killjoy, viper",73,1.05,159,1.0,70%,119,0.6,0.18,0.03,0.07,29%,25%,3/12,16,44,44,13,2,5
Champions Tour 2024: EMEA Kickoff,Group Stage,Decider (B),starxo,KOI,fade,47,1.13,222,1.21,79%,151,0.74,0.4,0.04,0.11,19%,25%,1/4,22,35,29,19,2,5
Champions Tour 2024: EMEA Kickoff,Group Stage,Decider (B),starxo,KOI,harbor,26,0.99,231,1.11,65%,142,0.81,0.19,0.04,0.15,25%,50%,1/2,21,21,19,5,1,4
Champions Tour 2024: EMEA Kickoff,Group Stage,Decider (B),starxo,KOI,"fade, harbor",73,1.08,225,1.17,74%,148,0.77,0.33,0.04,0.12,21%,33%,2/6,22,56,48,24,3,9
Champions Tour 2024: EMEA Kickoff,Group Stage,Decider (B),grubinho,KOI,omen,47,1.07,172,1.04,74%,112,0.6,0.38,0.09,0.11,45%,20%,1/5,17,28,27,18,4,5
Champions Tour 2024: EMEA Kickoff,Group Stage,Decider (B),grubinho,KOI,viper,26,0.91,199,0.84,65%,130,0.62,0.46,0.04,0.15,31%,20%,1/5,16,16,19,12,1,4
Champions Tour 2024: EMEA Kickoff,Group Stage,Decider (B),grubinho,KOI,"omen, viper",73,1.02,181,0.96,71%,118,0.6,0.41,0.07,0.12,39%,20%,2/10,17,44,46,30,5,9
Champions Tour 2024: EMEA Kickoff,Group Stage,Decider (B),kamo,KOI,raze,47,1.13,244,1.08,66%,148,0.83,0.17,0.26,0.21,23%,67%,2/3,21,39,36,8,12,10
Champions Tour 2024: EMEA Kickoff,Group Stage,Decider (B),kamo,KOI,yoru,26,0.86,193,0.85,62%,146,0.65,0.15,0.15,0.19,27%,33%,1/3,17,17,20,4,4,5
Champions Tour 2024: EMEA Kickoff,Group Stage,Decider (B),kamo,KOI,"raze, yoru",73,1.04,227,1.0,64%,147,0.77,0.16,0.22,0.21,24%,50%,3/6,21,56,56,12,16,15
Champions Tour 2024: EMEA Kickoff,Group Stage,Decider (B),Jamppi,Team Liquid,breach,24,0.83,187,0.88,58%,114,0.63,0.21,0.04,0.04,30%,,0/2,15,15,17,5,1,1
Champions Tour 2024: EMEA Kickoff,Group Stage,Decider (B),Jamppi,Team Liquid,killjoy,26,0.96,238,1.05,77%,151,0.81,0.23,0.27,0.08,36%,,0/2,21,21,20,6,7,2
Champions Tour 2024: EMEA Kickoff,Group Stage,Decider (B),Jamppi,Team Liquid,viper,23,0.99,241,1.13,78%,162,0.78,0.22,0.17,0.09,30%,33%,1/3,18,18,16,5,4,2
Champions Tour 2024: EMEA Kickoff,Group Stage,Decider (B),Jamppi,Team Liquid,"breach, killjoy, viper",73,0.93,222,1.02,71%,142,0.74,0.22,0.16,0.07,32%,14%,1/7,21,54,53,16,12,5
Champions Tour 2024: EMEA Kickoff,Group Stage,Decider (B),nAts,Team Liquid,cypher,47,0.85,140,0.68,70%,111,0.45,0.28,0.06,0.09,26%,29%,2/7,14,21,31,13,3,4
Champions Tour 2024: EMEA Kickoff,Group Stage,Decider (B),nAts,Team Liquid,viper,26,0.91,190,0.89,69%,123,0.65,0.23,0.04,0.12,23%,,0/5,17,17,19,6,1,3
Champions Tour 2024: EMEA Kickoff,Group Stage,Decider (B),nAts,Team Liquid,"cypher, viper",73,0.87,157,0.76,70%,115,0.52,0.26,0.05,0.1,24%,17%,2/12,17,38,50,19,4,7
Champions Tour 2024: EMEA Kickoff,Group Stage,Decider (B),Enzo,Team Liquid,fade,24,0.82,124,0.71,71%,86,0.42,0.17,0.0,0.08,17%,,0/3,10,10,14,4,0,2
Champions Tour 2024: EMEA Kickoff,Group Stage,Decider (B),Enzo,Team Liquid,skye,23,0.88,166,1.0,74%,117,0.61,0.3,0.09,0.0,28%,,0/3,14,14,14,7,2,0
Champions Tour 2024: EMEA Kickoff,Group Stage,Decider (B),Enzo,Team Liquid,sova,26,0.95,184,1.06,69%,135,0.65,0.15,0.08,0.04,23%,,0/2,17,17,16,4,2,1
Champions Tour 2024: EMEA Kickoff,Group Stage,Decider (B),Enzo,Team Liquid,"fade, skye, sova",73,0.88,158,0.93,71%,113,0.56,0.21,0.05,0.04,23%,,0/8,17,41,44,15,4,3
Champions Tour 2024: EMEA Kickoff,Group Stage,Decider (B),Keiko,Team Liquid,jett,26,1.23,203,1.25,69%,130,0.77,0.12,0.27,0.12,40%,,0/2,20,20,16,3,7,3
Champions Tour 2024: EMEA Kickoff,Group Stage,Decider (B),Keiko,Team Liquid,raze,47,0.94,188,0.97,64%,124,0.66,0.06,0.19,0.15,19%,,0/6,16,31,32,3,9,7
Champions Tour 2024: EMEA Kickoff,Group Stage,Decider (B),Keiko,Team Liquid,"jett, raze",73,1.03,193,1.06,66%,126,0.7,0.08,0.22,0.14,25%,,0/8,20,51,48,6,16,10
Champions Tour 2024: EMEA Kickoff,Group Stage,Decider (B),Mistic,Team Liquid,omen,47,1.01,232,1.18,68%,144,0.85,0.28,0.15,0.11,20%,,0/4,20,40,34,13,7,5
Champions Tour 2024: EMEA Kickoff,Group Stage,Decider (B),Mistic,Team Liquid,sage,26,1.22,232,1.11,85%,165,0.81,0.38,0.0,0.0,41%,50%,1/2,21,21,19,10,0,0
Champions Tour 2024: EMEA Kickoff,Group Stage,Decider (B),Mistic,Team Liquid,"omen, sage",73,1.08,232,1.15,74%,151,0.84,0.32,0.1,0.07,27%,17%,1/6,21,61,53,23,7,5
Champions Tour 2024: EMEA Kickoff,Group Stage,Opening (C),beyAz,Gentle Mates,breach,43,0.78,112,0.57,79%,76,0.37,0.47,0.02,0.0,21%,,0/7,9,16,28,20,1,0
Champions Tour 2024: EMEA Kickoff,Group Stage,Opening (C),logaN,Gentle Mates,cypher,23,0.95,114,0.83,70%,77,0.43,0.17,0.0,0.13,27%,,,10,10,12,4,0,3
Champions Tour 2024: EMEA Kickoff,Group Stage,Opening (C),logaN,Gentle Mates,killjoy,20,0.8,214,0.94,70%,155,0.75,0.05,0.0,0.1,27%,,0/5,15,15,16,1,0,2
Champions Tour 2024: EMEA Kickoff,Group Stage,Opening (C),logaN,Gentle Mates,"cypher, killjoy",43,0.87,164,0.89,70%,113,0.58,0.12,0.0,0.12,27%,,0/5,15,25,28,5,0,5
Champions Tour 2024: EMEA Kickoff,Group Stage,Opening (C),Wailers,Gentle Mates,omen,43,0.82,148,0.79,74%,97,0.51,0.26,0.0,0.0,29%,,0/7,12,22,28,11,0,0
Champions Tour 2024: EMEA Kickoff,Group Stage,Opening (C),nataNk,Gentle Mates,phoenix,20,0.47,134,0.47,45%,88,0.4,0.2,0.1,0.45,31%,,0/2,8,8,17,4,2,9
Champions Tour 2024: EMEA Kickoff,Group Stage,Opening (C),nataNk,Gentle Mates,raze,23,1.23,301,1.35,74%,188,1.0,0.13,0.3,0.13,30%,,0/1,23,23,17,3,7,3
Champions Tour 2024: EMEA Kickoff,Group Stage,Opening (C),nataNk,Gentle Mates,"phoenix, raze",43,0.85,218,0.91,60%,141,0.72,0.16,0.21,0.28,30%,,0/3,23,31,34,7,9,12
Champions Tour 2024: EMEA Kickoff,Group Stage,Opening (C),TakaS,Gentle Mates,raze,20,1.03,213,1.0,60%,148,0.7,0.2,0.15,0.15,22%,,,14,14,14,4,3,3
Champions Tour 2024: EMEA Kickoff,Group Stage,Opening (C),TakaS,Gentle Mates,yoru,23,0.78,221,0.95,61%,132,0.78,0.13,0.26,0.17,20%,,0/1,18,18,19,3,6,4
Champions Tour 2024: EMEA Kickoff,Group Stage,Opening (C),TakaS,Gentle Mates,"raze, yoru",43,0.9,217,0.97,60%,140,0.74,0.16,0.21,0.16,21%,,0/1,18,32,33,7,9,7
Champions Tour 2024: EMEA Kickoff,Group Stage,Opening (C),Destrian,Team Vitality,cypher,23,1.03,182,1.08,70%,132,0.61,0.3,0.04,0.04,24%,,,14,14,13,7,1,1
Champions Tour 2024: EMEA Kickoff,Group Stage,Opening (C),Destrian,Team Vitality,killjoy,20,0.87,114,0.67,70%,92,0.4,0.15,0.05,0.05,27%,,0/3,8,8,12,3,1,1
Champions Tour 2024: EMEA Kickoff,Group Stage,Opening (C),Destrian,Team Vitality,"cypher, killjoy",43,0.95,148,0.88,70%,113,0.51,0.23,0.05,0.05,26%,,0/3,14,22,25,10,2,2
Champions Tour 2024: EMEA Kickoff,Group Stage,Opening (C),Sayf,Team Vitality,omen,20,1.02,132,0.73,75%,94,0.4,0.5,0.05,0.1,23%,,0/2,8,8,11,10,1,2
Champions Tour 2024: EMEA Kickoff,Group Stage,Opening (C),Sayf,Team Vitality,viper,23,1.06,187,1.25,74%,142,0.65,0.26,0.04,0.09,58%,,0/6,15,15,12,6,1,2
Champions Tour 2024: EMEA Kickoff,Group Stage,Opening (C),Sayf,Team Vitality,"omen, viper",43,1.04,160,1.0,74%,119,0.53,0.37,0.05,0.09,41%,,0/8,15,23,23,16,2,4
Champions Tour 2024: EMEA Kickoff,Group Stage,Opening (C),ceNder,Team Vitality,omen,23,0.88,116,0.79,74%,80,0.48,0.3,0.09,0.09,42%,,0/2,11,11,14,7,2,2
Champions Tour 2024: EMEA Kickoff,Group Stage,Opening (C),ceNder,Team Vitality,viper,20,1.66,308,2.3,90%,193,1.15,0.25,0.3,0.05,35%,50%,1/2,23,23,10,5,6,1
Champions Tour 2024: EMEA Kickoff,Group Stage,Opening (C),ceNder,Team Vitality,"omen, viper",43,1.27,212,1.42,81%,133,0.79,0.28,0.19,0.07,37%,25%,1/4,23,34,24,12,8,3
Champions Tour 2024: EMEA Kickoff,Group Stage,Opening (C),runneR,Team Vitality,raze,43,1.23,267,1.39,74%,164,0.91,0.23,0.19,0.14,21%,100%,1/1,23,39,28,10,8,6
Champions Tour 2024: EMEA Kickoff,Group Stage,Opening (C),Kicks,Team Vitality,skye,43,1.33,228,1.27,77%,155,0.77,0.47,0.09,0.09,23%,,,20,33,26,20,4,4
Champions Tour 2024: EMEA Kickoff,Group Stage,Winner's (C),ceNder,Team Vitality,cypher,18,0.42,106,0.33,44%,76,0.33,0.17,0.06,0.06,23%,,0/2,6,6,18,3,1,1
Champions Tour 2024: EMEA Kickoff,Group Stage,Winner's (C),ceNder,Team Vitality,viper,26,1.02,230,0.86,73%,139,0.73,0.46,0.12,0.12,16%,,0/5,19,19,22,12,3,3
Champions Tour 2024: EMEA Kickoff,Group Stage,Winner's (C),ceNder,Team Vitality,"cypher, viper",44,0.72,168,0.63,61%,113,0.57,0.34,0.09,0.09,18%,,0/7,19,25,40,15,4,4
Champions Tour 2024: EMEA Kickoff,Group Stage,Winner's (C),runneR,Team Vitality,jett,18,0.7,205,0.65,72%,131,0.61,0.22,0.11,0.17,22%,,0/2,11,11,17,4,2,3
Champions Tour 2024: EMEA Kickoff,Group Stage,Winner's (C),runneR,Team Vitality,raze,26,0.81,191,0.71,81%,138,0.58,0.42,0.12,0.27,13%,,,15,15,21,11,3,7
Champions Tour 2024: EMEA Kickoff,Group Stage,Winner's (C),runneR,Team Vitality,"jett, raze",44,0.75,198,0.68,77%,135,0.59,0.34,0.11,0.23,16%,,0/2,15,26,38,15,5,10
Champions Tour 2024: EMEA Kickoff,Group Stage,Winner's (C),Sayf,Team Vitality,kayo,18,0.93,188,0.86,61%,117,0.67,0.28,0.11,0.06,27%,50%,2/4,12,12,14,5,2,1
Champions Tour 2024: EMEA Kickoff,Group Stage,Winner's (C),Sayf,Team Vitality,omen,26,1.25,232,1.44,65%,145,0.88,0.23,0.15,0.08,38%,,0/3,23,23,16,6,4,2
Champions Tour 2024: EMEA Kickoff,Group Stage,Winner's (C),Sayf,Team Vitality,"kayo, omen",44,1.09,210,1.17,64%,134,0.8,0.25,0.14,0.07,33%,29%,2/7,23,35,30,11,6,3
Champions Tour 2024: EMEA Kickoff,Group Stage,Winner's (C),Destrian,Team Vitality,killjoy,26,0.84,155,0.79,62%,111,0.58,0.15,0.04,0.04,28%,20%,1/5,15,15,19,4,1,1
Champions Tour 2024: EMEA Kickoff,Group Stage,Winner's (C),Destrian,Team Vitality,omen,18,0.5,90,0.31,61%,54,0.28,0.56,0.0,0.17,17%,,0/3,5,5,16,10,0,3
Champions Tour 2024: EMEA Kickoff,Group Stage,Winner's (C),Destrian,Team Vitality,"killjoy, omen",44,0.67,122,0.57,61%,88,0.45,0.32,0.02,0.09,25%,13%,1/8,15,20,35,14,1,4
Champions Tour 2024: EMEA Kickoff,Group Stage,Winner's (C),Kicks,Team Vitality,skye,26,0.87,151,0.94,54%,85,0.62,0.35,0.0,0.08,23%,50%,1/2,16,16,17,9,0,2
Champions Tour 2024: EMEA Kickoff,Group Stage,Winner's (C),Kicks,Team Vitality,sova,18,0.95,209,0.8,56%,144,0.67,0.28,0.06,0.22,22%,,0/4,12,12,15,5,1,4
Champions Tour 2024: EMEA Kickoff,Group Stage,Winner's (C),Kicks,Team Vitality,"skye, sova",44,0.91,180,0.88,55%,109,0.64,0.32,0.02,0.14,22%,17%,1/6,16,28,32,14,1,6
Champions Tour 2024: EMEA Kickoff,Group Stage,Winner's (C),Leo,FNATIC,fade,26,1.23,237,1.6,81%,148,0.92,0.31,0.08,0.0,27%,,0/2,24,24,15,8,2,0
Champions Tour 2024: EMEA Kickoff,Group Stage,Winner's (C),Leo,FNATIC,sova,18,1.17,178,1.25,83%,140,0.56,0.5,0.06,0.0,19%,,0/1,10,10,8,9,1,0
Champions Tour 2024: EMEA Kickoff,Group Stage,Winner's (C),Leo,FNATIC,"fade, sova",44,1.2,208,1.48,82%,145,0.77,0.39,0.07,0.0,24%,,0/3,24,34,23,17,3,0
Champions Tour 2024: EMEA Kickoff,Group Stage,Winner's (C),Derke,FNATIC,jett,18,1.13,255,1.31,72%,160,0.94,0.11,0.28,0.22,47%,,,17,17,13,2,5,4
Champions Tour 2024: EMEA Kickoff,Group Stage,Winner's (C),Derke,FNATIC,raze,26,0.57,127,0.65,54%,78,0.5,0.04,0.19,0.19,25%,,,13,13,20,1,5,5
Champions Tour 2024: EMEA Kickoff,Group Stage,Winner's (C),Derke,FNATIC,"jett, raze",44,0.85,191,0.91,61%,111,0.68,0.07,0.23,0.2,36%,,,17,30,33,3,10,9
Champions Tour 2024: EMEA Kickoff,Group Stage,Winner's (C),Chronicle,FNATIC,kayo,18,1.36,219,1.88,89%,127,0.83,0.78,0.11,0.0,28%,100%,2/2,15,15,8,14,2,0
Champions Tour 2024: EMEA Kickoff,Group Stage,Winner's (C),Chronicle,FNATIC,viper,26,1.29,220,1.21,81%,156,0.65,0.58,0.08,0.0,19%,50%,2/4,17,17,14,15,2,0
Champions Tour 2024: EMEA Kickoff,Group Stage,Winner's (C),Chronicle,FNATIC,"kayo, viper",44,1.33,220,1.45,84%,144,0.73,0.66,0.09,0.0,22%,67%,4/6,17,32,22,29,4,0
Champions Tour 2024: EMEA Kickoff,Group Stage,Winner's (C),Alfajer,FNATIC,killjoy,44,1.28,264,1.67,77%,161,1.02,0.05,0.16,0.07,37%,,0/2,24,45,27,2,7,3
Champions Tour 2024: EMEA Kickoff,Group Stage,Winner's (C),Boaster,FNATIC,omen,44,1.22,222,1.17,75%,145,0.77,0.55,0.07,0.11,32%,,0/8,20,34,29,24,3,5
Champions Tour 2024: EMEA Kickoff,Group Stage,Decider (C),Destrian,Team Vitality,astra,17,1.01,250,0.93,76%,194,0.82,0.29,0.12,0.0,32%,,0/3,14,14,15,5,2,0
Champions Tour 2024: EMEA Kickoff,Group Stage,Decider (C),Destrian,Team Vitality,cypher,16,0.75,141,0.64,75%,99,0.44,0.38,0.06,0.06,18%,,,7,7,11,6,1,1
Champions Tour 2024: EMEA Kickoff,Group Stage,Decider (C),Destrian,Team Vitality,killjoy,28,0.95,185,0.95,64%,118,0.68,0.18,0.21,0.07,13%,,0/5,19,19,20,5,6,2
Champions Tour 2024: EMEA Kickoff,Group Stage,Decider (C),Destrian,Team Vitality,"astra, cypher, killjoy",61,0.9,192,0.87,70%,134,0.66,0.26,0.15,0.05,19%,,0/8,19,40,46,16,9,3
Champions Tour 2024: EMEA Kickoff,Group Stage,Decider (C),Sayf,Team Vitality,cypher,17,0.51,118,0.47,47%,78,0.41,0.12,0.06,0.12,37%,,0/1,7,7,15,2,1,2
Champions Tour 2024: EMEA Kickoff,Group Stage,Decider (C),Sayf,Team Vitality,omen,28,1.0,202,1.16,57%,117,0.79,0.21,0.0,0.11,23%,,0/2,22,22,19,6,0,3
Champions Tour 2024: EMEA Kickoff,Group Stage,Decider (C),Sayf,Team Vitality,viper,16,1.32,238,1.75,69%,144,0.88,0.19,0.19,0.19,58%,100%,1/1,14,14,8,3,3,3
Champions Tour 2024: EMEA Kickoff,Group Stage,Decider (C),Sayf,Team Vitality,"cypher, omen, viper",61,0.94,186,1.02,57%,113,0.7,0.18,0.07,0.13,34%,25%,1/4,22,43,42,11,4,8
Champions Tour 2024: EMEA Kickoff,Group Stage,Decider (C),runneR,Team Vitality,jett,17,0.93,230,0.93,59%,147,0.76,0.18,0.12,0.18,34%,,0/3,13,13,14,3,2,3
Champions Tour 2024: EMEA Kickoff,Group Stage,Decider (C),runneR,Team Vitality,raze,44,1.24,234,1.17,75%,167,0.77,0.34,0.16,0.09,19%,100%,1/1,21,34,29,15,7,4
Champions Tour 2024: EMEA Kickoff,Group Stage,Decider (C),runneR,Team Vitality,"jett, raze",61,1.13,232,1.09,70%,162,0.77,0.3,0.15,0.11,22%,25%,1/4,21,47,43,18,9,7
Champions Tour 2024: EMEA Kickoff,Group Stage,Decider (C),ceNder,Team Vitality,omen,16,0.96,177,0.83,69%,114,0.63,0.31,0.06,0.19,23%,33%,1/3,10,10,12,5,1,3
Champions Tour 2024: EMEA Kickoff,Group Stage,Decider (C),ceNder,Team Vitality,viper,45,0.68,123,0.53,56%,92,0.38,0.24,0.07,0.13,16%,,0/4,12,17,32,11,3,6
Champions Tour 2024: EMEA Kickoff,Group Stage,Decider (C),ceNder,Team Vitality,"omen, viper",61,0.77,141,0.61,59%,98,0.44,0.26,0.07,0.15,18%,14%,1/7,12,27,44,16,4,9
Champions Tour 2024: EMEA Kickoff,Group Stage,Decider (C),Kicks,Team Vitality,skye,61,1.11,206,1.25,82%,128,0.82,0.44,0.03,0.1,22%,27%,3/11,26,50,40,27,2,6
Champions Tour 2024: EMEA Kickoff,Group Stage,Decider (C),beyAz,Gentle Mates,breach,44,0.77,155,0.68,70%,98,0.48,0.5,0.09,0.09,35%,,0/1,14,21,31,22,4,4
Champions Tour 2024: EMEA Kickoff,Group Stage,Decider (C),beyAz,Gentle Mates,sova,17,0.89,113,0.6,65%,92,0.35,0.53,0.0,0.06,37%,50%,1/2,6,6,10,9,0,1
Champions Tour 2024: EMEA Kickoff,Group Stage,Decider (C),beyAz,Gentle Mates,"breach, sova",61,0.81,141,0.66,69%,96,0.44,0.51,0.07,0.08,36%,33%,1/3,14,27,41,31,4,5
Champions Tour 2024: EMEA Kickoff,Group Stage,Decider (C),logaN,Gentle Mates,cypher,33,1.1,200,1.21,67%,131,0.7,0.24,0.12,0.0,44%,,0/3,13,23,19,8,4,0
Champions Tour 2024: EMEA Kickoff,Group Stage,Decider (C),logaN,Gentle Mates,killjoy,28,0.88,142,0.81,71%,110,0.46,0.11,0.04,0.21,19%,,0/7,13,13,16,3,1,6
Champions Tour 2024: EMEA Kickoff,Group Stage,Decider (C),logaN,Gentle Mates,"cypher, killjoy",61,1.03,180,1.03,69%,121,0.59,0.18,0.08,0.1,32%,,0/10,13,36,35,11,5,6
Champions Tour 2024: EMEA Kickoff,Group Stage,Decider (C),Wailers,Gentle Mates,omen,44,0.95,196,1.0,75%,124,0.7,0.3,0.02,0.02,31%,,0/7,17,31,31,13,1,1
Champions Tour 2024: EMEA Kickoff,Group Stage,Decider (C),Wailers,Gentle Mates,viper,17,0.85,156,0.75,82%,114,0.53,0.35,0.06,0.0,24%,50%,2/4,9,9,12,6,1,0
Champions Tour 2024: EMEA Kickoff,Group Stage,Decider (C),Wailers,Gentle Mates,"omen, viper",61,0.92,182,0.93,77%,121,0.66,0.31,0.03,0.02,30%,18%,2/11,17,40,43,19,2,1
Champions Tour 2024: EMEA Kickoff,Group Stage,Decider (C),nataNk,Gentle Mates,phoenix,45,1.2,269,1.24,76%,176,0.93,0.22,0.27,0.2,25%,50%,2/4,24,42,34,10,12,9
Champions Tour 2024: EMEA Kickoff,Group Stage,Decider (C),nataNk,Gentle Mates,raze,16,0.66,110,0.55,69%,74,0.38,0.06,0.19,0.13,25%,,,6,6,11,1,3,2
Champions Tour 2024: EMEA Kickoff,Group Stage,Decider (C),nataNk,Gentle Mates,"phoenix, raze",61,1.02,216,1.07,74%,150,0.79,0.18,0.25,0.18,25%,50%,2/4,24,48,45,11,15,11
Champions Tour 2024: EMEA Kickoff,Group Stage,Decider (C),TakaS,Gentle Mates,raze,28,1.09,256,1.18,68%,171,0.93,0.14,0.07,0.04,18%,25%,1/4,26,26,22,4,2,1
Champions Tour 2024: EMEA Kickoff,Group Stage,Decider (C),TakaS,Gentle Mates,yoru,33,1.33,307,1.73,73%,193,1.15,0.3,0.15,0.12,27%,,0/2,26,38,22,10,5,4
Champions Tour 2024: EMEA Kickoff,Group Stage,Decider (C),TakaS,Gentle Mates,"raze, yoru",61,1.25,290,1.45,70%,183,1.05,0.23,0.11,0.08,23%,17%,1/6,26,64,44,14,7,5
Champions Tour 2024: EMEA Kickoff,All Stages,All Match Types,Boo,Team Heretics,astra,23,1.52,299,2.17,78%,204,1.13,0.3,0.17,0.09,45%,,0/2,26,26,12,7,4,2
Champions Tour 2024: EMEA Kickoff,All Stages,All Match Types,Boo,Team Heretics,omen,148,1.07,185,1.01,70%,121,0.68,0.38,0.07,0.06,28%,,0/17,26,100,99,56,10,9
Champions Tour 2024: EMEA Kickoff,All Stages,All Match Types,Boo,Team Heretics,viper,37,0.85,140,0.68,73%,93,0.46,0.57,0.03,0.11,17%,25%,1/4,10,17,25,21,1,4
Champions Tour 2024: EMEA Kickoff,All Stages,All Match Types,Boo,Team Heretics,"astra, omen, viper",208,1.07,188,1.05,72%,125,0.69,0.4,0.07,0.07,29%,4%,1/23,26,143,136,84,15,15
Champions Tour 2024: EMEA Kickoff,All Stages,All Match Types,RieNs,Team Heretics,breach,35,0.93,182,0.79,71%,116,0.54,0.43,0.03,0.06,35%,,0/2,13,19,24,15,1,2
Champions Tour 2024: EMEA Kickoff,All Stages,All Match Types,RieNs,Team Heretics,gekko,61,1.05,209,1.1,77%,146,0.72,0.33,0.15,0.0,40%,20%,1/5,17,44,40,20,9,0
Champions Tour 2024: EMEA Kickoff,All Stages,All Match Types,RieNs,Team Heretics,sova,112,1.04,207,1.02,74%,142,0.74,0.27,0.1,0.03,39%,20%,3/15,24,83,81,30,11,3
Champions Tour 2024: EMEA Kickoff,All Stages,All Match Types,RieNs,Team Heretics,"breach, gekko, sova",208,1.02,202,1.01,75%,139,0.7,0.31,0.1,0.02,39%,18%,4/22,24,146,145,65,21,5
Champions Tour 2024: EMEA Kickoff,All Stages,All Match Types,benjyfishy,Team Heretics,cypher,104,1.06,215,1.09,79%,142,0.78,0.27,0.12,0.09,40%,8%,1/13,22,81,74,28,12,9
Champions Tour 2024: EMEA Kickoff,All Stages,All Match Types,benjyfishy,Team Heretics,killjoy,81,1.05,218,1.17,69%,148,0.77,0.11,0.06,0.1,31%,28%,5/18,17,62,53,9,5,8
Champions Tour 2024: EMEA Kickoff,All Stages,All Match Types,benjyfishy,Team Heretics,viper,23,0.97,195,0.84,74%,121,0.7,0.22,0.13,0.04,29%,,0/2,16,16,19,5,3,1
Champions Tour 2024: EMEA Kickoff,All Stages,All Match Types,benjyfishy,Team Heretics,"cypher, killjoy, viper",208,1.05,214,1.09,75%,142,0.76,0.2,0.1,0.09,35%,18%,6/33,22,159,146,42,20,18
Champions Tour 2024: EMEA Kickoff,All Stages,All Match Types,paTiTek,Team Heretics,kayo,112,0.99,179,0.83,73%,118,0.6,0.62,0.08,0.09,26%,30%,3/10,22,67,81,69,9,10
Champions Tour 2024: EMEA Kickoff,All Stages,All Match Types,paTiTek,Team Heretics,viper,96,0.95,176,0.88,72%,114,0.58,0.33,0.06,0.08,27%,8%,1/12,14,56,64,32,6,8
Champions Tour 2024: EMEA Kickoff,All Stages,All Match Types,paTiTek,Team Heretics,"kayo, viper",208,0.97,177,0.85,73%,116,0.59,0.49,0.07,0.09,27%,18%,4/22,22,123,145,101,15,18
Champions Tour 2024: EMEA Kickoff,All Stages,All Match Types,MiniBoo,Team Heretics,neon,113,1.05,230,1.07,66%,151,0.81,0.22,0.22,0.18,31%,43%,3/7,25,91,85,25,25,20
Champions Tour 2024: EMEA Kickoff,All Stages,All Match Types,MiniBoo,Team Heretics,raze,55,1.14,262,1.12,65%,166,0.87,0.11,0.24,0.16,22%,33%,1/3,24,48,43,6,13,9
Champions Tour 2024: EMEA Kickoff,All Stages,All Match Types,MiniBoo,Team Heretics,yoru,40,1.63,307,1.96,80%,205,1.13,0.2,0.18,0.18,31%,40%,2/5,24,45,23,8,7,7
Champions Tour 2024: EMEA Kickoff,All Stages,All Match Types,MiniBoo,Team Heretics,"neon, raze, yoru",208,1.19,255,1.22,69%,165,0.88,0.19,0.22,0.17,28%,40%,6/15,25,184,151,39,45,36
Champions Tour 2024: EMEA Kickoff,All Stages,All Match Types,Destrian,Team Vitality,astra,36,1.25,262,1.28,75%,190,0.89,0.39,0.08,0.03,26%,17%,1/6,18,32,25,14,3,1
Champions Tour 2024: EMEA Kickoff,All Stages,All Match Types,Destrian,Team Vitality,cypher,82,0.75,129,0.61,67%,91,0.41,0.33,0.04,0.09,19%,,0/3,14,34,56,27,3,7
Champions Tour 2024: EMEA Kickoff,All Stages,All Match Types,Destrian,Team Vitality,killjoy,74,0.89,151,0.82,65%,109,0.57,0.16,0.11,0.05,20%,8%,1/13,19,42,51,12,8,4
Champions Tour 2024: EMEA Kickoff,All Stages,All Match Types,Destrian,Team Vitality,omen,46,0.72,126,0.59,72%,94,0.43,0.5,0.0,0.2,18%,14%,1/7,15,20,34,23,0,9
Champions Tour 2024: EMEA Kickoff,All Stages,All Match Types,Destrian,Team Vitality,"astra, cypher, killjoy, omen",238,0.87,159,0.77,68%,112,0.54,0.32,0.06,0.09,21%,10%,3/29,19,128,166,76,14,21
Champions Tour 2024: EMEA Kickoff,All Stages,All Match Types,Sayf,Team Vitality,cypher,36,0.94,160,0.92,58%,113,0.61,0.17,0.14,0.08,46%,25%,1/4,15,22,24,6,5,3
Champions Tour 2024: EMEA Kickoff,All Stages,All Match Types,Sayf,Team Vitality,kayo,46,1.21,228,1.26,74%,154,0.85,0.48,0.15,0.04,40%,18%,2/11,27,39,31,22,7,2
Champions Tour 2024: EMEA Kickoff,All Stages,All Match Types,Sayf,Team Vitality,omen,74,1.09,189,1.15,65%,121,0.72,0.3,0.07,0.09,28%,,0/7,23,53,46,22,5,7
Champions Tour 2024: EMEA Kickoff,All Stages,All Match Types,Sayf,Team Vitality,viper,82,1.2,240,1.41,72%,154,0.84,0.21,0.11,0.09,40%,13%,2/15,21,69,49,17,9,7
Champions Tour 2024: EMEA Kickoff,All Stages,All Match Types,Sayf,Team Vitality,"cypher, kayo, omen, viper",238,1.12,209,1.22,68%,137,0.77,0.28,0.11,0.08,37%,14%,5/37,27,183,150,67,26,19
Champions Tour 2024: EMEA Kickoff,All Stages,All Match Types,ceNder,Team Vitality,cypher,18,0.42,106,0.33,44%,76,0.33,0.17,0.06,0.06,23%,,0/2,6,6,18,3,1,1
Champions Tour 2024: EMEA Kickoff,All Stages,All Match Types,ceNder,Team Vitality,killjoy,28,0.79,140,0.63,68%,97,0.43,0.25,0.07,0.0,15%,,0/2,12,12,19,7,2,0
Champions Tour 2024: EMEA Kickoff,All Stages,All Match Types,ceNder,Team Vitality,omen,82,0.92,155,0.87,73%,97,0.56,0.29,0.09,0.1,31%,38%,3/8,13,46,53,24,7,8
Champions Tour 2024: EMEA Kickoff,All Stages,All Match Types,ceNder,Team Vitality,viper,110,1.03,193,1.0,68%,126,0.66,0.27,0.12,0.11,21%,17%,2/12,23,73,73,30,13,12
Champions Tour 2024: EMEA Kickoff,All Stages,All Match Types,ceNder,Team Vitality,"cypher, killjoy, omen, viper",238,0.91,167,0.84,68%,109,0.58,0.27,0.1,0.09,23%,21%,5/24,23,137,163,64,23,21
Champions Tour 2024: EMEA Kickoff,All Stages,All Match Types,runneR,Team Vitality,jett,82,0.92,224,0.94,66%,153,0.78,0.22,0.17,0.15,24%,11%,1/9,27,64,68,18,14,12
Champions Tour 2024: EMEA Kickoff,All Stages,All Match Types,runneR,Team Vitality,raze,156,1.1,230,1.09,76%,153,0.76,0.29,0.16,0.16,17%,75%,3/4,23,118,108,45,25,25
Champions Tour 2024: EMEA Kickoff,All Stages,All Match Types,runneR,Team Vitality,"jett, raze",238,1.04,228,1.03,72%,153,0.76,0.26,0.16,0.16,19%,31%,4/13,27,182,176,63,39,37
Champions Tour 2024: EMEA Kickoff,All Stages,All Match Types,Kicks,Team Vitality,skye,192,1.12,199,1.15,75%,124,0.73,0.41,0.05,0.1,22%,27%,6/22,26,141,123,79,9,20
Champions Tour 2024: EMEA Kickoff,All Stages,All Match Types,Kicks,Team Vitality,sova,46,0.94,213,0.91,59%,141,0.7,0.26,0.07,0.15,19%,,0/4,20,32,35,12,3,7
Champions Tour 2024: EMEA Kickoff,All Stages,All Match Types,Kicks,Team Vitality,"skye, sova",238,1.08,201,1.09,72%,127,0.73,0.38,0.05,0.11,21%,23%,6/26,26,173,158,91,12,27
Champions Tour 2024: EMEA Kickoff,All Stages,All Match Types,sh1n,Karmine Corp,astra,80,1.14,177,1.13,71%,106,0.68,0.39,0.09,0.08,34%,20%,4/20,19,54,48,31,7,6
Champions Tour 2024: EMEA Kickoff,All Stages,All Match Types,sh1n,Karmine Corp,harbor,28,0.78,119,0.63,64%,97,0.43,0.14,0.04,0.04,28%,29%,2/7,12,12,19,4,1,1
Champions Tour 2024: EMEA Kickoff,All Stages,All Match Types,sh1n,Karmine Corp,omen,255,0.97,157,0.97,77%,100,0.6,0.35,0.04,0.06,31%,9%,3/33,17,153,157,90,11,16
Champions Tour 2024: EMEA Kickoff,All Stages,All Match Types,sh1n,Karmine Corp,sage,20,1.19,204,1.6,80%,140,0.8,0.35,0.05,0.1,41%,,,16,16,10,7,1,2
Champions Tour 2024: EMEA Kickoff,All Stages,All Match Types,sh1n,Karmine Corp,"astra, harbor, omen, sage",383,1.01,162,1.0,75%,103,0.61,0.34,0.05,0.07,32%,15%,9/60,19,235,234,132,20,25
Champions Tour 2024: EMEA Kickoff,All Stages,All Match Types,MAGNUM,Karmine Corp,cypher,103,1.17,212,1.27,71%,139,0.79,0.26,0.1,0.12,25%,14%,2/14,18,81,64,27,10,12
Champions Tour 2024: EMEA Kickoff,All Stages,All Match Types,MAGNUM,Karmine Corp,fade,80,0.95,168,0.92,78%,108,0.6,0.35,0.08,0.1,24%,38%,3/8,18,48,52,28,6,8
Champions Tour 2024: EMEA Kickoff,All Stages,All Match Types,MAGNUM,Karmine Corp,killjoy,135,0.91,168,0.86,72%,126,0.59,0.21,0.06,0.13,22%,21%,3/14,25,79,92,29,8,18
Champions Tour 2024: EMEA Kickoff,All Stages,All Match Types,MAGNUM,Karmine Corp,skye,65,1.04,166,0.93,71%,115,0.6,0.4,0.08,0.03,33%,,0/10,22,39,42,26,5,2
Champions Tour 2024: EMEA Kickoff,All Stages,All Match Types,MAGNUM,Karmine Corp,"cypher, fade, killjoy, skye",383,1.01,180,0.99,73%,124,0.64,0.29,0.08,0.1,25%,17%,8/46,25,247,250,110,29,40
Champions Tour 2024: EMEA Kickoff,All Stages,All Match Types,N4RRATE,Karmine Corp,fade,115,1.34,259,1.47,84%,173,0.96,0.43,0.09,0.07,29%,9%,1/11,40,110,75,49,10,8
Champions Tour 2024: EMEA Kickoff,All Stages,All Match Types,N4RRATE,Karmine Corp,gekko,123,1.24,237,1.32,76%,158,0.88,0.34,0.09,0.06,32%,23%,3/13,25,108,82,42,11,7
Champions Tour 2024: EMEA Kickoff,All Stages,All Match Types,N4RRATE,Karmine Corp,raze,117,1.09,256,1.12,75%,168,0.86,0.21,0.2,0.1,20%,,0/6,23,101,90,25,23,12
Champions Tour 2024: EMEA Kickoff,All Stages,All Match Types,N4RRATE,Karmine Corp,reyna,28,1.07,241,1.05,71%,166,0.82,0.32,0.11,0.14,24%,33%,1/3,23,23,22,9,3,4
Champions Tour 2024: EMEA Kickoff,All Stages,All Match Types,N4RRATE,Karmine Corp,"fade, gekko, raze, reyna",383,1.21,250,1.27,78%,166,0.89,0.33,0.12,0.08,26%,15%,5/33,40,342,269,125,47,31
Champions Tour 2024: EMEA Kickoff,All Stages,All Match Types,marteen,Karmine Corp,jett,20,1.35,313,1.64,85%,210,1.15,0.15,0.25,0.1,33%,,,23,23,14,3,5,2
Champions Tour 2024: EMEA Kickoff,All Stages,All Match Types,marteen,Karmine Corp,raze,246,1.11,235,1.13,72%,151,0.8,0.24,0.17,0.17,20%,11%,1/9,31,197,175,60,43,43
Champions Tour 2024: EMEA Kickoff,All Stages,All Match Types,marteen,Karmine Corp,yoru,117,1.15,240,1.3,72%,159,0.85,0.27,0.19,0.1,29%,27%,3/11,23,100,77,32,22,12
Champions Tour 2024: EMEA Kickoff,All Stages,All Match Types,marteen,Karmine Corp,"jett, raze, yoru",383,1.14,241,1.2,73%,156,0.84,0.25,0.18,0.15,23%,20%,4/20,31,320,266,95,70,57
Champions Tour 2024: EMEA Kickoff,All Stages,All Match Types,tomaszy,Karmine Corp,omen,80,0.85,152,0.71,74%,108,0.5,0.43,0.05,0.06,36%,20%,2/10,14,40,56,34,4,5
Champions Tour 2024: EMEA Kickoff,All Stages,All Match Types,tomaszy,Karmine Corp,viper,303,0.99,194,1.01,75%,134,0.7,0.31,0.11,0.07,33%,18%,6/34,30,211,208,95,32,22
Champions Tour 2024: EMEA Kickoff,All Stages,All Match Types,tomaszy,Karmine Corp,"omen, viper",383,0.96,185,0.95,75%,129,0.66,0.34,0.09,0.07,33%,18%,8/44,30,251,264,129,36,27
Champions Tour 2024: EMEA Kickoff,All Stages,All Match Types,MrFaliN,FUT Esports,astra,24,0.92,184,0.83,75%,113,0.63,0.46,0.0,0.13,21%,,0/4,15,15,18,11,0,3
Champions Tour 2024: EMEA Kickoff,All Stages,All Match Types,MrFaliN,FUT Esports,gekko,40,1.06,225,1.23,73%,157,0.8,0.28,0.2,0.1,22%,,0/3,18,32,26,11,8,4
Champions Tour 2024: EMEA Kickoff,All Stages,All Match Types,MrFaliN,FUT Esports,omen,78,0.93,177,0.84,74%,117,0.59,0.49,0.08,0.09,18%,29%,2/7,23,46,55,38,6,7
Champions Tour 2024: EMEA Kickoff,All Stages,All Match Types,MrFaliN,FUT Esports,skye,19,1.32,222,1.45,84%,129,0.84,0.42,0.16,0.11,19%,,,16,16,11,8,3,2
Champions Tour 2024: EMEA Kickoff,All Stages,All Match Types,MrFaliN,FUT Esports,sova,21,0.84,220,0.79,67%,141,0.71,0.48,0.1,0.14,23%,,0/4,15,15,19,10,2,3
Champions Tour 2024: EMEA Kickoff,All Stages,All Match Types,MrFaliN,FUT Esports,"astra, gekko, omen, skye, sova",182,1.0,201,0.96,74%,129,0.68,0.43,0.1,0.1,20%,11%,2/18,23,124,129,78,19,19
Champions Tour 2024: EMEA Kickoff,All Stages,All Match Types,AtaKaptan,FUT Esports,breach,62,1.19,200,1.08,74%,132,0.69,0.61,0.05,0.08,25%,30%,3/10,30,43,40,38,3,5
Champions Tour 2024: EMEA Kickoff,All Stages,All Match Types,AtaKaptan,FUT Esports,omen,59,1.37,244,1.5,83%,155,0.92,0.46,0.05,0.03,35%,,0/6,20,54,36,27,3,2
Champions Tour 2024: EMEA Kickoff,All Stages,All Match Types,AtaKaptan,FUT Esports,viper,61,1.1,201,1.13,72%,134,0.7,0.44,0.02,0.1,30%,14%,1/7,20,43,38,27,1,6
Champions Tour 2024: EMEA Kickoff,All Stages,All Match Types,AtaKaptan,FUT Esports,"breach, omen, viper",182,1.22,217,1.23,76%,140,0.77,0.51,0.04,0.07,30%,17%,4/23,30,140,114,92,7,13
Champions Tour 2024: EMEA Kickoff,All Stages,All Match Types,cNed,FUT Esports,chamber,40,0.99,190,0.96,68%,132,0.68,0.1,0.18,0.1,25%,,0/5,14,27,28,4,7,4
Champions Tour 2024: EMEA Kickoff,All Stages,All Match Types,cNed,FUT Esports,neon,23,0.91,250,1.11,78%,160,0.91,0.22,0.13,0.22,24%,,0/4,21,21,19,5,3,5
Champions Tour 2024: EMEA Kickoff,All Stages,All Match Types,cNed,FUT Esports,raze,95,0.93,213,0.93,72%,137,0.71,0.16,0.13,0.17,25%,14%,1/7,22,67,72,15,12,16
Champions Tour 2024: EMEA Kickoff,All Stages,All Match Types,cNed,FUT Esports,yoru,24,1.1,250,1.24,71%,158,0.88,0.38,0.21,0.17,38%,,,21,21,17,9,5,4
Champions Tour 2024: EMEA Kickoff,All Stages,All Match Types,cNed,FUT Esports,"chamber, neon, raze, yoru",182,0.96,216,1.0,71%,141,0.75,0.18,0.15,0.16,27%,6%,1/16,22,136,136,33,27,29
Champions Tour 2024: EMEA Kickoff,All Stages,All Match Types,yetujey,FUT Esports,cypher,78,1.05,206,1.09,73%,142,0.74,0.26,0.17,0.12,26%,13%,2/16,30,58,53,20,13,9
Champions Tour 2024: EMEA Kickoff,All Stages,All Match Types,yetujey,FUT Esports,killjoy,24,0.8,183,0.71,75%,121,0.5,0.25,0.17,0.08,13%,25%,1/4,12,12,17,6,4,2
Champions Tour 2024: EMEA Kickoff,All Stages,All Match Types,yetujey,FUT Esports,phoenix,21,1.07,221,1.13,76%,148,0.81,0.24,0.19,0.1,28%,50%,1/2,17,17,15,5,4,2
Champions Tour 2024: EMEA Kickoff,All Stages,All Match Types,yetujey,FUT Esports,viper,59,1.27,219,1.55,88%,152,0.81,0.25,0.02,0.07,25%,20%,1/5,19,48,31,15,1,4
Champions Tour 2024: EMEA Kickoff,All Stages,All Match Types,yetujey,FUT Esports,"cypher, killjoy, phoenix, viper",182,1.1,210,1.16,79%,143,0.74,0.25,0.12,0.09,24%,19%,5/27,30,135,116,46,22,17
Champions Tour 2024: EMEA Kickoff,All Stages,All Match Types,qRaxs,FUT Esports,fade,61,1.03,212,0.98,74%,140,0.7,0.43,0.11,0.08,30%,,0/6,19,43,44,26,7,5
Champions Tour 2024: EMEA Kickoff,All Stages,All Match Types,qRaxs,FUT Esports,gekko,62,0.97,194,0.87,68%,126,0.65,0.32,0.03,0.06,28%,33%,2/6,20,40,46,20,2,4
Champions Tour 2024: EMEA Kickoff,All Stages,All Match Types,qRaxs,FUT Esports,kayo,40,1.16,206,0.96,78%,128,0.63,0.65,0.08,0.08,17%,33%,1/3,18,25,26,26,3,3
Champions Tour 2024: EMEA Kickoff,All Stages,All Match Types,qRaxs,FUT Esports,raze,19,0.76,180,0.65,74%,119,0.58,0.32,0.16,0.11,19%,,0/2,11,11,17,6,3,2
Champions Tour 2024: EMEA Kickoff,All Stages,All Match Types,qRaxs,FUT Esports,"fade, gekko, kayo, raze",182,1.02,202,0.89,73%,130,0.65,0.43,0.08,0.08,25%,18%,3/17,20,119,133,78,15,14
Champions Tour 2024: EMEA Kickoff,All Stages,All Match Types,ardiis,Natus Vincere,breach,20,1.2,214,1.15,80%,121,0.75,0.55,0.05,0.15,25%,100%,1/1,15,15,13,11,1,3
Champions Tour 2024: EMEA Kickoff,All Stages,All Match Types,ardiis,Natus Vincere,chamber,30,1.04,230,1.14,63%,135,0.83,0.0,0.23,0.1,26%,,0/5,25,25,22,0,7,3
Champions Tour 2024: EMEA Kickoff,All Stages,All Match Types,ardiis,Natus Vincere,jett,19,0.88,184,1.0,58%,137,0.68,0.11,0.11,0.11,19%,,,13,13,13,2,2,2
Champions Tour 2024: EMEA Kickoff,All Stages,All Match Types,ardiis,Natus Vincere,kayo,21,1.09,232,1.06,76%,151,0.86,0.62,0.0,0.05,22%,,0/4,18,18,17,13,0,1
Champions Tour 2024: EMEA Kickoff,All Stages,All Match Types,ardiis,Natus Vincere,yoru,56,1.22,287,1.49,82%,187,1.09,0.27,0.2,0.11,19%,30%,3/10,28,61,41,15,11,6
Champions Tour 2024: EMEA Kickoff,All Stages,All Match Types,ardiis,Natus Vincere,"breach, chamber, jett, kayo, yoru",146,1.13,246,1.25,74%,156,0.9,0.28,0.14,0.1,21%,20%,4/20,28,132,106,41,21,15
Champions Tour 2024: EMEA Kickoff,All Stages,All Match Types,Zyppan,Natus Vincere,breach,30,1.11,230,1.19,80%,158,0.83,0.37,0.1,0.0,43%,,0/5,25,25,21,11,3,0
Champions Tour 2024: EMEA Kickoff,All Stages,All Match Types,Zyppan,Natus Vincere,kayo,19,1.48,280,1.67,84%,161,1.05,0.84,0.11,0.11,30%,,0/1,20,20,12,16,2,2
Champions Tour 2024: EMEA Kickoff,All Stages,All Match Types,Zyppan,Natus Vincere,raze,41,0.92,231,0.94,66%,160,0.76,0.22,0.17,0.2,23%,,0/4,17,31,33,9,7,8
Champions Tour 2024: EMEA Kickoff,All Stages,All Match Types,Zyppan,Natus Vincere,sova,56,1.19,229,1.36,68%,152,0.88,0.2,0.05,0.02,43%,,0/2,21,49,36,11,3,1
Champions Tour 2024: EMEA Kickoff,All Stages,All Match Types,Zyppan,Natus Vincere,"breach, kayo, raze, sova",146,1.14,237,1.23,72%,156,0.86,0.32,0.1,0.08,34%,,0/12,25,125,102,47,15,11
Champions Tour 2024: EMEA Kickoff,All Stages,All Match Types,Shao,Natus Vincere,brimstone,21,1.36,249,1.29,86%,179,0.86,0.52,0.0,0.1,31%,,0/3,18,18,14,11,0,2
Champions Tour 2024: EMEA Kickoff,All Stages,All Match Types,Shao,Natus Vincere,omen,69,1.15,217,1.16,74%,141,0.75,0.32,0.09,0.1,32%,,0/5,20,52,45,22,6,7
Champions Tour 2024: EMEA Kickoff,All Stages,All Match Types,Shao,Natus Vincere,viper,56,0.85,150,0.83,66%,103,0.52,0.43,0.02,0.18,27%,50%,1/2,11,29,35,24,1,10
Champions Tour 2024: EMEA Kickoff,All Stages,All Match Types,Shao,Natus Vincere,"brimstone, omen, viper",146,1.05,193,1.05,73%,132,0.68,0.39,0.05,0.13,30%,10%,1/10,20,99,94,57,7,19
Champions Tour 2024: EMEA Kickoff,All Stages,All Match Types,SUYGETSU,Natus Vincere,cypher,75,1.05,185,1.16,71%,130,0.68,0.16,0.03,0.09,40%,15%,2/13,17,51,44,12,2,7
Champions Tour 2024: EMEA Kickoff,All Stages,All Match Types,SUYGETSU,Natus Vincere,viper,71,0.95,177,0.96,72%,118,0.62,0.2,0.06,0.11,34%,25%,3/12,15,44,46,14,4,8
Champions Tour 2024: EMEA Kickoff,All Stages,All Match Types,SUYGETSU,Natus Vincere,"cypher, viper",146,1.01,182,1.06,71%,124,0.65,0.18,0.04,0.1,38%,20%,5/25,17,95,90,26,6,15
Champions Tour 2024: EMEA Kickoff,All Stages,All Match Types,ANGE1,Natus Vincere,fade,50,0.94,180,0.94,64%,118,0.62,0.36,0.08,0.14,40%,,0/2,21,31,33,18,4,7
Champions Tour 2024: EMEA Kickoff,All Stages,All Match Types,ANGE1,Natus Vincere,gekko,21,0.78,172,0.78,67%,121,0.67,0.14,0.1,0.1,32%,,0/1,14,14,18,3,2,2
Champions Tour 2024: EMEA Kickoff,All Stages,All Match Types,ANGE1,Natus Vincere,omen,56,0.54,142,0.54,52%,101,0.46,0.23,0.13,0.2,28%,,0/5,12,26,48,13,7,11
Champions Tour 2024: EMEA Kickoff,All Stages,All Match Types,ANGE1,Natus Vincere,sova,19,1.1,213,1.27,79%,140,0.74,0.16,0.16,0.05,50%,,0/2,14,14,11,3,3,1
Champions Tour 2024: EMEA Kickoff,All Stages,All Match Types,ANGE1,Natus Vincere,"fade, gekko, omen, sova",146,0.77,167,0.77,62%,115,0.58,0.25,0.11,0.14,35%,,0/10,21,85,110,37,16,21
Champions Tour 2024: EMEA Kickoff,All Stages,All Match Types,Cloud,GIANTX,breach,43,1.15,277,1.21,74%,171,0.95,0.44,0.07,0.05,34%,,0/6,21,41,34,19,3,2
Champions Tour 2024: EMEA Kickoff,All Stages,All Match Types,Cloud,GIANTX,fade,43,0.99,206,1.07,67%,128,0.74,0.37,0.09,0.12,27%,,0/4,22,32,30,16,4,5
Champions Tour 2024: EMEA Kickoff,All Stages,All Match Types,Cloud,GIANTX,skye,17,1.24,260,1.17,71%,172,0.82,0.47,0.06,0.0,24%,,0/1,14,14,12,8,1,0
Champions Tour 2024: EMEA Kickoff,All Stages,All Match Types,Cloud,GIANTX,sova,21,1.36,223,1.31,71%,167,0.81,0.1,0.1,0.05,33%,40%,2/5,17,17,13,2,2,1
Champions Tour 2024: EMEA Kickoff,All Stages,All Match Types,Cloud,GIANTX,"breach, fade, skye, sova",124,1.15,241,1.17,71%,156,0.84,0.36,0.08,0.06,30%,13%,2/16,22,104,89,45,10,8
Champions Tour 2024: EMEA Kickoff,All Stages,All Match Types,hoody,GIANTX,breach,43,1.01,180,0.93,67%,114,0.6,0.49,0.07,0.05,27%,13%,1/8,15,26,28,21,3,2
Champions Tour 2024: EMEA Kickoff,All Stages,All Match Types,hoody,GIANTX,skye,43,0.67,130,0.56,63%,88,0.42,0.3,0.05,0.19,18%,,0/5,11,18,32,13,2,8
Champions Tour 2024: EMEA Kickoff,All Stages,All Match Types,hoody,GIANTX,viper,38,0.7,168,0.73,61%,124,0.58,0.29,0.05,0.18,25%,20%,1/5,16,22,30,11,2,7
Champions Tour 2024: EMEA Kickoff,All Stages,All Match Types,hoody,GIANTX,"breach, skye, viper",124,0.79,160,0.73,64%,108,0.53,0.36,0.06,0.14,23%,11%,2/18,16,66,90,45,7,17
Champions Tour 2024: EMEA Kickoff,All Stages,All Match Types,nukkye,GIANTX,cypher,43,0.92,176,0.81,65%,118,0.58,0.3,0.07,0.09,32%,,0/6,14,25,31,13,3,4
Champions Tour 2024: EMEA Kickoff,All Stages,All Match Types,nukkye,GIANTX,killjoy,38,1.07,218,1.24,79%,161,0.82,0.11,0.11,0.03,29%,20%,1/5,21,31,25,4,4,1
Champions Tour 2024: EMEA Kickoff,All Stages,All Match Types,nukkye,GIANTX,sage,43,1.02,212,0.97,77%,137,0.7,0.47,0.14,0.05,26%,,0/2,17,30,31,20,6,2
Champions Tour 2024: EMEA Kickoff,All Stages,All Match Types,nukkye,GIANTX,"cypher, killjoy, sage",124,1.0,202,0.99,73%,137,0.69,0.3,0.1,0.06,29%,8%,1/13,21,86,87,37,13,7
Champions Tour 2024: EMEA Kickoff,All Stages,All Match Types,Redgar,GIANTX,omen,124,0.74,148,0.72,64%,99,0.53,0.26,0.09,0.15,30%,19%,3/16,22,66,92,32,11,19
Champions Tour 2024: EMEA Kickoff,All Stages,All Match Types,Fit1nho,GIANTX,raze,124,0.75,180,0.75,62%,121,0.6,0.11,0.11,0.15,23%,,0/11,21,74,99,14,14,18
Champions Tour 2024: EMEA Kickoff,All Stages,All Match Types,pAura,BBL Esports,breach,62,0.91,165,0.85,74%,104,0.63,0.26,0.1,0.08,31%,13%,1/8,20,39,46,16,6,5
Champions Tour 2024: EMEA Kickoff,All Stages,All Match Types,pAura,BBL Esports,kayo,38,0.79,142,0.53,68%,84,0.45,0.66,0.08,0.05,38%,,0/6,12,17,32,25,3,2
Champions Tour 2024: EMEA Kickoff,All Stages,All Match Types,pAura,BBL Esports,"breach, kayo",100,0.86,156,0.72,72%,96,0.56,0.41,0.09,0.07,33%,7%,1/14,20,56,78,41,9,7
Champions Tour 2024: EMEA Kickoff,All Stages,All Match Types,Brave,BBL Esports,brimstone,39,0.87,178,0.83,69%,123,0.64,0.31,0.03,0.13,35%,75%,3/4,17,25,30,12,1,5
Champions Tour 2024: EMEA Kickoff,All Stages,All Match Types,Brave,BBL Esports,omen,42,0.79,160,0.72,67%,101,0.55,0.21,0.07,0.05,45%,17%,1/6,15,23,32,9,3,2
Champions Tour 2024: EMEA Kickoff,All Stages,All Match Types,Brave,BBL Esports,viper,19,0.63,100,0.38,63%,70,0.32,0.26,0.05,0.16,23%,,0/5,6,6,16,5,1,3
Champions Tour 2024: EMEA Kickoff,All Stages,All Match Types,Brave,BBL Esports,"brimstone, omen, viper",100,0.79,155,0.69,67%,104,0.54,0.26,0.05,0.1,37%,27%,4/15,17,54,78,26,5,10
Champions Tour 2024: EMEA Kickoff,All Stages,All Match Types,Elite,BBL Esports,cypher,19,0.98,195,1.07,53%,128,0.79,0.05,0.0,0.05,68%,,0/1,15,15,14,1,0,1
Champions Tour 2024: EMEA Kickoff,All Stages,All Match Types,Elite,BBL Esports,killjoy,19,0.5,145,0.44,68%,111,0.37,0.21,0.05,0.05,41%,,0/1,7,7,16,4,1,1
Champions Tour 2024: EMEA Kickoff,All Stages,All Match Types,Elite,BBL Esports,viper,62,1.05,237,1.11,68%,144,0.81,0.29,0.15,0.13,49%,,0/8,20,50,45,18,9,8
Champions Tour 2024: EMEA Kickoff,All Stages,All Match Types,Elite,BBL Esports,"cypher, killjoy, viper",100,0.93,210,0.96,65%,135,0.72,0.23,0.1,0.1,50%,,0/10,20,72,75,23,10,10
Champions Tour 2024: EMEA Kickoff,All Stages,All Match Types,QutionerX,BBL Esports,jett,38,0.84,209,0.88,58%,132,0.76,0.11,0.21,0.32,31%,100%,1/1,15,29,33,4,8,12
Champions Tour 2024: EMEA Kickoff,All Stages,All Match Types,QutionerX,BBL Esports,raze,62,0.84,212,0.83,71%,145,0.69,0.19,0.18,0.16,23%,,0/3,18,43,52,12,11,10
Champions Tour 2024: EMEA Kickoff,All Stages,All Match Types,QutionerX,BBL Esports,"jett, raze",100,0.84,211,0.85,66%,140,0.72,0.16,0.19,0.22,26%,25%,1/4,18,72,85,16,19,22
Champions Tour 2024: EMEA Kickoff,All Stages,All Match Types,reazy,BBL Esports,skye,62,0.94,191,0.98,73%,126,0.68,0.34,0.03,0.05,28%,20%,3/15,18,42,43,21,2,3
Champions Tour 2024: EMEA Kickoff,All Stages,All Match Types,reazy,BBL Esports,sova,38,0.93,206,0.83,74%,150,0.63,0.34,0.05,0.03,22%,9%,1/11,14,24,29,13,2,1
Champions Tour 2024: EMEA Kickoff,All Stages,All Match Types,reazy,BBL Esports,"skye, sova",100,0.93,197,0.92,73%,135,0.66,0.34,0.04,0.04,25%,15%,4/26,18,66,72,34,4,4
Champions Tour 2024: EMEA Kickoff,All Stages,All Match Types,Chronicle,FNATIC,breach,21,0.89,167,0.8,57%,114,0.57,0.33,0.0,0.14,36%,50%,1/2,12,12,15,7,0,3
Champions Tour 2024: EMEA Kickoff,All Stages,All Match Types,Chronicle,FNATIC,kayo,18,1.36,219,1.88,89%,127,0.83,0.78,0.11,0.0,28%,100%,2/2,15,15,8,14,2,0
Champions Tour 2024: EMEA Kickoff,All Stages,All Match Types,Chronicle,FNATIC,viper,49,1.18,243,1.23,80%,157,0.78,0.59,0.12,0.02,17%,25%,2/8,21,38,31,29,6,1
Champions Tour 2024: EMEA Kickoff,All Stages,All Match Types,Chronicle,FNATIC,"breach, kayo, viper",88,1.15,218,1.2,76%,140,0.74,0.57,0.09,0.05,22%,42%,5/12,21,65,54,50,8,4
Champions Tour 2024: EMEA Kickoff,All Stages,All Match Types,Alfajer,FNATIC,cypher,21,0.72,177,0.8,71%,125,0.57,0.14,0.05,0.05,17%,50%,1/2,12,12,15,3,1,1
Champions Tour 2024: EMEA Kickoff,All Stages,All Match Types,Alfajer,FNATIC,killjoy,67,1.2,242,1.42,75%,153,0.91,0.09,0.15,0.06,36%,,0/7,24,61,43,6,10,4
Champions Tour 2024: EMEA Kickoff,All Stages,All Match Types,Alfajer,FNATIC,"cypher, killjoy",88,1.08,226,1.26,74%,147,0.83,0.1,0.13,0.06,31%,11%,1/9,24,73,58,9,11,5
Champions Tour 2024: EMEA Kickoff,All Stages,All Match Types,Leo,FNATIC,fade,49,1.09,211,1.27,80%,134,0.78,0.35,0.08,0.04,23%,,0/3,24,38,30,17,4,2
Champions Tour 2024: EMEA Kickoff,All Stages,All Match Types,Leo,FNATIC,skye,21,0.84,147,0.79,67%,96,0.52,0.14,0.05,0.1,23%,,0/7,11,11,14,3,1,2
Champions Tour 2024: EMEA Kickoff,All Stages,All Match Types,Leo,FNATIC,sova,18,1.17,178,1.25,83%,140,0.56,0.5,0.06,0.0,19%,,0/1,10,10,8,9,1,0
Champions Tour 2024: EMEA Kickoff,All Stages,All Match Types,Leo,FNATIC,"fade, skye, sova",88,1.05,187,1.13,77%,126,0.67,0.33,0.07,0.05,22%,,0/11,24,59,52,29,6,4
Champions Tour 2024: EMEA Kickoff,All Stages,All Match Types,Derke,FNATIC,jett,18,1.13,255,1.31,72%,160,0.94,0.11,0.28,0.22,47%,,,17,17,13,2,5,4
Champions Tour 2024: EMEA Kickoff,All Stages,All Match Types,Derke,FNATIC,raze,70,0.73,166,0.73,60%,108,0.57,0.07,0.17,0.19,22%,,0/3,15,40,55,5,12,13
Champions Tour 2024: EMEA Kickoff,All Stages,All Match Types,Derke,FNATIC,"jett, raze",88,0.83,188,0.84,63%,119,0.65,0.08,0.19,0.19,27%,,0/3,17,57,68,7,17,17
Champions Tour 2024: EMEA Kickoff,All Stages,All Match Types,Boaster,FNATIC,omen,88,1.01,200,1.03,70%,135,0.73,0.43,0.07,0.1,28%,,0/12,20,64,62,38,6,9
Champions Tour 2024: EMEA Kickoff,All Stages,All Match Types,Jamppi,Team Liquid,breach,24,0.83,187,0.88,58%,114,0.63,0.21,0.04,0.04,30%,,0/2,15,15,17,5,1,1
Champions Tour 2024: EMEA Kickoff,All Stages,All Match Types,Jamppi,Team Liquid,kayo,20,1.22,212,1.14,80%,144,0.8,0.25,0.1,0.05,38%,50%,2/4,16,16,14,5,2,1
Champions Tour 2024: EMEA Kickoff,All Stages,All Match Types,Jamppi,Team Liquid,killjoy,49,0.96,198,1.0,71%,130,0.69,0.2,0.18,0.06,37%,,0/2,21,34,34,10,9,3
Champions Tour 2024: EMEA Kickoff,All Stages,All Match Types,Jamppi,Team Liquid,skye,24,1.05,229,1.05,79%,148,0.83,0.17,0.25,0.08,49%,,0/2,20,20,19,4,6,2
Champions Tour 2024: EMEA Kickoff,All Stages,All Match Types,Jamppi,Team Liquid,viper,43,0.88,216,0.94,77%,154,0.7,0.26,0.14,0.12,36%,17%,1/6,18,30,32,11,6,5
Champions Tour 2024: EMEA Kickoff,All Stages,All Match Types,Jamppi,Team Liquid,"breach, kayo, killjoy, skye, viper",160,0.97,208,0.99,73%,138,0.72,0.22,0.15,0.08,38%,19%,3/16,21,115,116,35,24,12
Champions Tour 2024: EMEA Kickoff,All Stages,All Match Types,Mistic,Team Liquid,brimstone,24,0.83,168,0.68,83%,112,0.54,0.42,0.04,0.13,36%,50%,1/2,13,13,19,10,1,3
Champions Tour 2024: EMEA Kickoff,All Stages,All Match Types,Mistic,Team Liquid,omen,67,0.95,218,1.08,67%,142,0.81,0.25,0.1,0.09,25%,11%,1/9,20,54,50,17,7,6
Champions Tour 2024: EMEA Kickoff,All Stages,All Match Types,Mistic,Team Liquid,sage,49,1.01,168,0.86,82%,123,0.61,0.41,0.0,0.1,36%,33%,1/3,21,30,35,20,0,5
Champions Tour 2024: EMEA Kickoff,All Stages,All Match Types,Mistic,Team Liquid,viper,20,0.96,213,0.88,65%,133,0.75,0.1,0.05,0.05,42%,,0/4,15,15,17,2,1,1
Champions Tour 2024: EMEA Kickoff,All Stages,All Match Types,Mistic,Team Liquid,"brimstone, omen, sage, viper",160,0.95,196,0.93,74%,130,0.7,0.31,0.06,0.09,31%,17%,3/18,21,112,121,49,9,15
Champions Tour 2024: EMEA Kickoff,All Stages,All Match Types,nAts,Team Liquid,cypher,87,0.89,171,0.77,67%,120,0.54,0.22,0.1,0.11,28%,15%,2/13,17,47,61,19,9,10
Champions Tour 2024: EMEA Kickoff,All Stages,All Match Types,nAts,Team Liquid,viper,73,1.16,234,1.27,75%,161,0.85,0.23,0.03,0.11,28%,,0/12,28,62,49,17,2,8
Champions Tour 2024: EMEA Kickoff,All Stages,All Match Types,nAts,Team Liquid,"cypher, viper",160,1.0,198,0.99,71%,139,0.68,0.23,0.07,0.11,28%,8%,2/25,28,109,110,36,11,18
Champions Tour 2024: EMEA Kickoff,All Stages,All Match Types,Enzo,Team Liquid,fade,24,0.82,124,0.71,71%,86,0.42,0.17,0.0,0.08,17%,,0/3,10,10,14,4,0,2
Champions Tour 2024: EMEA Kickoff,All Stages,All Match Types,Enzo,Team Liquid,gekko,24,0.87,146,0.73,71%,93,0.46,0.33,0.04,0.13,21%,,0/3,11,11,15,8,1,3
Champions Tour 2024: EMEA Kickoff,All Stages,All Match Types,Enzo,Team Liquid,skye,43,0.7,128,0.63,65%,94,0.44,0.28,0.07,0.0,23%,,0/3,14,19,30,12,3,0
Champions Tour 2024: EMEA Kickoff,All Stages,All Match Types,Enzo,Team Liquid,sova,69,0.82,147,0.7,68%,111,0.48,0.26,0.09,0.06,21%,,0/6,17,33,47,18,6,4
Champions Tour 2024: EMEA Kickoff,All Stages,All Match Types,Enzo,Team Liquid,"fade, gekko, skye, sova",160,0.79,138,0.69,68%,100,0.46,0.26,0.06,0.06,21%,,0/15,17,73,106,42,10,9
Champions Tour 2024: EMEA Kickoff,All Stages,All Match Types,Keiko,Team Liquid,jett,49,1.54,315,1.78,80%,202,1.16,0.1,0.27,0.1,34%,14%,1/7,37,57,32,5,13,5
Champions Tour 2024: EMEA Kickoff,All Stages,All Match Types,Keiko,Team Liquid,raze,91,1.06,215,1.13,69%,140,0.75,0.1,0.2,0.12,27%,,0/10,23,68,60,9,18,11
Champions Tour 2024: EMEA Kickoff,All Stages,All Match Types,Keiko,Team Liquid,yoru,20,0.69,114,0.53,60%,73,0.4,0.2,0.1,0.15,27%,,0/2,8,8,15,4,2,3
Champions Tour 2024: EMEA Kickoff,All Stages,All Match Types,Keiko,Team Liquid,"jett, raze, yoru",160,1.14,229,1.24,71%,151,0.83,0.11,0.21,0.12,30%,5%,1/19,37,133,107,18,33,19
Champions Tour 2024: EMEA Kickoff,All Stages,All Match Types,ShadoW,KOI,breach,109,0.82,157,0.76,72%,98,0.54,0.38,0.05,0.07,18%,,0/6,18,59,78,41,5,8
Champions Tour 2024: EMEA Kickoff,All Stages,All Match Types,ShadoW,KOI,fade,62,0.89,168,0.91,53%,102,0.63,0.19,0.08,0.16,21%,43%,3/7,16,39,43,12,5,10
Champions Tour 2024: EMEA Kickoff,All Stages,All Match Types,ShadoW,KOI,sova,68,1.05,234,1.02,68%,158,0.81,0.21,0.09,0.07,27%,13%,1/8,21,55,54,14,6,5
Champions Tour 2024: EMEA Kickoff,All Stages,All Match Types,ShadoW,KOI,"breach, fade, sova",239,0.9,181,0.87,66%,116,0.64,0.28,0.07,0.1,22%,19%,4/21,21,153,175,67,16,23
Champions Tour 2024: EMEA Kickoff,All Stages,All Match Types,grubinho,KOI,brimstone,62,1.08,193,0.98,76%,120,0.66,0.45,0.06,0.0,32%,20%,2/10,17,41,42,28,4,0
Champions Tour 2024: EMEA Kickoff,All Stages,All Match Types,grubinho,KOI,omen,109,1.0,180,0.95,75%,113,0.63,0.32,0.09,0.08,44%,8%,1/12,17,69,73,35,10,9
Champions Tour 2024: EMEA Kickoff,All Stages,All Match Types,grubinho,KOI,viper,68,0.9,188,0.98,63%,114,0.66,0.32,0.04,0.1,26%,18%,2/11,16,45,46,22,3,7
Champions Tour 2024: EMEA Kickoff,All Stages,All Match Types,grubinho,KOI,"brimstone, omen, viper",239,1.0,186,0.96,72%,115,0.65,0.36,0.07,0.07,35%,15%,5/33,17,155,161,85,17,16
Champions Tour 2024: EMEA Kickoff,All Stages,All Match Types,sheydos,KOI,cypher,82,0.81,143,0.79,65%,97,0.51,0.16,0.02,0.04,21%,,0/15,13,42,53,13,2,3
Champions Tour 2024: EMEA Kickoff,All Stages,All Match Types,sheydos,KOI,killjoy,49,0.85,136,0.81,73%,105,0.53,0.12,0.02,0.04,24%,33%,2/6,15,26,32,6,1,2
Champions Tour 2024: EMEA Kickoff,All Stages,All Match Types,sheydos,KOI,viper,108,1.16,190,1.19,77%,134,0.69,0.22,0.04,0.06,29%,26%,5/19,17,74,62,24,4,6
Champions Tour 2024: EMEA Kickoff,All Stages,All Match Types,sheydos,KOI,"cypher, killjoy, viper",239,0.97,163,0.97,72%,115,0.59,0.18,0.03,0.05,26%,18%,7/40,17,142,147,43,7,11
Champions Tour 2024: EMEA Kickoff,All Stages,All Match Types,starxo,KOI,fade,109,1.02,202,1.01,74%,137,0.69,0.36,0.06,0.11,21%,24%,4/17,22,75,74,39,7,12
Champions Tour 2024: EMEA Kickoff,All Stages,All Match Types,starxo,KOI,harbor,49,0.87,201,0.92,65%,128,0.69,0.29,0.02,0.12,30%,20%,1/5,21,34,37,14,1,6
Champions Tour 2024: EMEA Kickoff,All Stages,All Match Types,starxo,KOI,kayo,19,0.49,98,0.35,53%,62,0.32,0.42,0.11,0.11,3%,,0/2,6,6,17,8,2,2
Champions Tour 2024: EMEA Kickoff,All Stages,All Match Types,starxo,KOI,skye,62,1.0,192,1.05,65%,118,0.71,0.27,0.11,0.13,31%,20%,1/5,16,44,42,17,7,8
Champions Tour 2024: EMEA Kickoff,All Stages,All Match Types,starxo,KOI,"fade, harbor, kayo, skye",239,0.94,190,0.94,68%,124,0.67,0.33,0.07,0.12,24%,21%,6/29,22,159,170,78,17,28
Champions Tour 2024: EMEA Kickoff,All Stages,All Match Types,kamo,KOI,raze,171,1.0,221,0.95,68%,146,0.74,0.22,0.21,0.2,22%,25%,2/8,24,126,133,37,36,35
Champions Tour 2024: EMEA Kickoff,All Stages,All Match Types,kamo,KOI,yoru,68,0.83,189,0.82,65%,139,0.66,0.13,0.24,0.24,32%,20%,1/5,21,45,55,9,16,16
Champions Tour 2024: EMEA Kickoff,All Stages,All Match Types,kamo,KOI,"raze, yoru",239,0.95,212,0.91,67%,144,0.72,0.19,0.22,0.21,24%,23%,3/13,24,171,188,46,52,51
Champions Tour 2024: EMEA Kickoff,All Stages,All Match Types,beyAz,Gentle Mates,breach,87,0.77,134,0.63,75%,87,0.43,0.48,0.06,0.05,29%,,0/8,14,37,59,42,5,4
Champions Tour 2024: EMEA Kickoff,All Stages,All Match Types,beyAz,Gentle Mates,sova,17,0.89,113,0.6,65%,92,0.35,0.53,0.0,0.06,37%,50%,1/2,6,6,10,9,0,1
Champions Tour 2024: EMEA Kickoff,All Stages,All Match Types,beyAz,Gentle Mates,"breach, sova",104,0.8,130,0.62,73%,87,0.41,0.49,0.05,0.05,30%,10%,1/10,14,43,69,51,5,5
Champions Tour 2024: EMEA Kickoff,All Stages,All Match Types,logaN,Gentle Mates,cypher,56,1.05,171,1.06,68%,108,0.59,0.21,0.07,0.05,39%,,0/3,13,33,31,12,4,3
Champions Tour 2024: EMEA Kickoff,All Stages,All Match Types,logaN,Gentle Mates,killjoy,48,0.84,178,0.88,71%,129,0.58,0.08,0.02,0.17,23%,,0/12,15,28,32,4,1,8
Champions Tour 2024: EMEA Kickoff,All Stages,All Match Types,logaN,Gentle Mates,"cypher, killjoy",104,0.96,174,0.97,69%,118,0.59,0.15,0.05,0.11,30%,,0/15,15,61,63,16,5,11
Champions Tour 2024: EMEA Kickoff,All Stages,All Match Types,Wailers,Gentle Mates,omen,87,0.88,172,0.9,75%,110,0.61,0.28,0.01,0.01,30%,,0/14,17,53,59,24,1,1
Champions Tour 2024: EMEA Kickoff,All Stages,All Match Types,Wailers,Gentle Mates,viper,17,0.85,156,0.75,82%,114,0.53,0.35,0.06,0.0,24%,50%,2/4,9,9,12,6,1,0
Champions Tour 2024: EMEA Kickoff,All Stages,All Match Types,Wailers,Gentle Mates,"omen, viper",104,0.88,169,0.87,76%,111,0.6,0.29,0.02,0.01,30%,11%,2/18,17,62,71,30,2,1
Champions Tour 2024: EMEA Kickoff,All Stages,All Match Types,nataNk,Gentle Mates,phoenix,65,0.96,224,0.98,66%,149,0.77,0.22,0.22,0.28,26%,33%,2/6,24,50,51,14,14,18
Champions Tour 2024: EMEA Kickoff,All Stages,All Match Types,nataNk,Gentle Mates,raze,39,0.94,206,1.04,72%,141,0.74,0.1,0.26,0.13,29%,,0/1,23,29,28,4,10,5
Champions Tour 2024: EMEA Kickoff,All Stages,All Match Types,nataNk,Gentle Mates,"phoenix, raze",104,0.95,217,1.0,68%,146,0.76,0.17,0.23,0.22,27%,29%,2/7,24,79,79,18,24,23
Champions Tour 2024: EMEA Kickoff,All Stages,All Match Types,TakaS,Gentle Mates,raze,48,1.06,234,1.11,65%,161,0.83,0.17,0.1,0.08,20%,25%,1/4,26,40,36,8,5,4
Champions Tour 2024: EMEA Kickoff,All Stages,All Match Types,TakaS,Gentle Mates,yoru,56,1.15,278,1.37,68%,168,1.0,0.23,0.2,0.14,24%,,0/3,26,56,41,13,11,8
Champions Tour 2024: EMEA Kickoff,All Stages,All Match Types,TakaS,Gentle Mates,"raze, yoru",104,1.11,261,1.25,66%,165,0.92,0.2,0.15,0.12,22%,14%,1/7,26,96,77,21,16,12
Champions Tour 2024: Pacific Kickoff,Playoffs,Semifinals,xccurate,T1,astra,30,0.83,176,0.75,77%,118,0.6,0.27,0.07,0.0,30%,,0/3,18,18,24,8,2,0
Champions Tour 2024: Pacific Kickoff,Playoffs,Semifinals,xccurate,T1,cypher,19,1.23,228,1.42,74%,163,0.89,0.32,0.0,0.0,35%,,0/5,17,17,12,6,0,0
Champions Tour 2024: Pacific Kickoff,Playoffs,Semifinals,xccurate,T1,"astra, cypher",49,1.03,202,0.97,76%,136,0.71,0.29,0.04,0.0,32%,,0/8,18,35,36,14,2,0
Champions Tour 2024: Pacific Kickoff,Playoffs,Semifinals,Carpe,T1,fade,19,0.5,110,0.31,58%,77,0.26,0.32,0.11,0.26,17%,,0/1,5,5,16,6,2,5
Champions Tour 2024: Pacific Kickoff,Playoffs,Semifinals,Carpe,T1,skye,30,0.54,129,0.56,70%,89,0.47,0.17,0.03,0.07,26%,25%,1/4,14,14,25,5,1,2
Champions Tour 2024: Pacific Kickoff,Playoffs,Semifinals,Carpe,T1,"fade, skye",49,0.52,120,0.46,65%,84,0.39,0.22,0.06,0.14,22%,20%,1/5,14,19,41,11,3,7
Champions Tour 2024: Pacific Kickoff,Playoffs,Semifinals,Sayaplayer,T1,jett,49,0.96,216,1.15,73%,123,0.8,0.06,0.29,0.1,16%,,0/5,26,39,34,3,14,5
Champions Tour 2024: Pacific Kickoff,Playoffs,Semifinals,iZu,T1,omen,19,0.81,161,0.83,68%,104,0.53,0.58,0.0,0.05,31%,,0/3,10,10,12,11,0,1
Champions Tour 2024: Pacific Kickoff,Playoffs,Semifinals,iZu,T1,raze,30,1.09,255,1.13,70%,170,0.9,0.07,0.2,0.13,33%,,0/1,27,27,24,2,6,4
Champions Tour 2024: Pacific Kickoff,Playoffs,Semifinals,iZu,T1,"omen, raze",49,0.95,208,1.03,69%,144,0.76,0.27,0.12,0.1,33%,,0/4,27,37,36,13,6,5
Champions Tour 2024: Pacific Kickoff,Playoffs,Semifinals,Rossy,T1,viper,49,1.07,227,1.12,86%,140,0.76,0.31,0.08,0.06,24%,22%,2/9,23,37,33,15,4,3
Champions Tour 2024: Pacific Kickoff,Playoffs,Semifinals,Karon,Gen.G,brimstone,26,1.46,250,1.64,85%,180,0.88,0.38,0.0,0.04,23%,33%,1/3,23,23,14,10,0,1
Champions Tour 2024: Pacific Kickoff,Playoffs,Semifinals,Karon,Gen.G,omen,21,1.16,198,1.15,81%,134,0.71,0.38,0.0,0.0,39%,100%,1/1,15,15,13,8,0,0
Champions Tour 2024: Pacific Kickoff,Playoffs,Semifinals,Karon,Gen.G,"brimstone, omen",47,1.31,224,1.41,83%,160,0.81,0.38,0.0,0.02,28%,50%,2/4,23,38,27,18,0,1
Champions Tour 2024: Pacific Kickoff,Playoffs,Semifinals,Meteor,Gen.G,cypher,26,0.89,176,0.86,69%,115,0.69,0.19,0.08,0.08,34%,,,18,18,21,5,2,2
Champions Tour 2024: Pacific Kickoff,Playoffs,Semifinals,Meteor,Gen.G,killjoy,21,1.14,216,1.31,67%,151,0.81,0.14,0.05,0.05,33%,,0/2,17,17,13,3,1,1
Champions Tour 2024: Pacific Kickoff,Playoffs,Semifinals,Meteor,Gen.G,"cypher, killjoy",47,1.02,196,1.03,68%,131,0.74,0.17,0.06,0.06,33%,,0/2,18,35,34,8,3,3
Champions Tour 2024: Pacific Kickoff,Playoffs,Semifinals,Lakia,Gen.G,fade,21,0.87,172,0.94,67%,116,0.71,0.14,0.0,0.1,32%,67%,2/3,15,15,16,3,0,2
Champions Tour 2024: Pacific Kickoff,Playoffs,Semifinals,Lakia,Gen.G,skye,26,0.84,146,0.72,85%,100,0.5,0.42,0.04,0.23,15%,,0/2,13,13,18,11,1,6
Champions Tour 2024: Pacific Kickoff,Playoffs,Semifinals,Lakia,Gen.G,"fade, skye",47,0.86,159,0.82,77%,107,0.6,0.3,0.02,0.17,22%,40%,2/5,15,28,34,14,1,8
Champions Tour 2024: Pacific Kickoff,Playoffs,Semifinals,t3xture,Gen.G,raze,47,1.15,263,1.32,83%,174,0.96,0.23,0.11,0.23,29%,25%,2/8,28,45,34,11,5,11
Champions Tour 2024: Pacific Kickoff,Playoffs,Semifinals,Munchkin,Gen.G,viper,47,1.11,206,1.26,81%,142,0.72,0.36,0.23,0.09,18%,,0/5,20,34,27,17,11,4
Champions Tour 2024: Pacific Kickoff,Playoffs,Semifinals,MaKo,DRX,brimstone,26,1.02,202,0.8,81%,134,0.62,0.69,0.04,0.08,17%,,0/2,16,16,20,18,1,2
Champions Tour 2024: Pacific Kickoff,Playoffs,Semifinals,MaKo,DRX,omen,21,1.27,270,1.31,81%,177,1.0,0.19,0.24,0.0,42%,,0/4,21,21,16,4,5,0
Champions Tour 2024: Pacific Kickoff,Playoffs,Semifinals,MaKo,DRX,"brimstone, omen",47,1.14,236,1.03,81%,153,0.79,0.47,0.13,0.04,28%,,0/6,21,37,36,22,6,2
Champions Tour 2024: Pacific Kickoff,Playoffs,Semifinals,Flashback,DRX,cypher,47,0.91,174,0.97,64%,121,0.68,0.19,0.09,0.15,30%,20%,1/5,21,32,33,9,4,7
Champions Tour 2024: Pacific Kickoff,Playoffs,Semifinals,stax,DRX,fade,21,1.12,206,1.21,71%,138,0.81,0.24,0.05,0.0,38%,25%,1/4,17,17,14,5,1,0
Champions Tour 2024: Pacific Kickoff,Playoffs,Semifinals,stax,DRX,gekko,26,0.78,149,0.63,77%,106,0.46,0.54,0.12,0.0,26%,,0/4,12,12,19,14,3,0
Champions Tour 2024: Pacific Kickoff,Playoffs,Semifinals,stax,DRX,"fade, gekko",47,0.95,178,0.88,74%,120,0.62,0.4,0.09,0.0,32%,13%,1/8,17,29,33,19,4,0
Champions Tour 2024: Pacific Kickoff,Playoffs,Semifinals,BuZz,DRX,raze,21,0.8,184,0.6,71%,105,0.57,0.14,0.24,0.14,9%,,0/2,12,12,20,3,5,3
Champions Tour 2024: Pacific Kickoff,Playoffs,Semifinals,BuZz,DRX,yoru,26,0.92,246,1.0,69%,150,0.85,0.38,0.08,0.04,26%,50%,1/2,22,22,22,10,2,1
Champions Tour 2024: Pacific Kickoff,Playoffs,Semifinals,BuZz,DRX,"raze, yoru",47,0.86,215,0.81,70%,130,0.72,0.28,0.15,0.09,20%,25%,1/4,22,34,42,13,7,4
Champions Tour 2024: Pacific Kickoff,Playoffs,Semifinals,Foxy9,DRX,viper,47,0.79,156,0.67,62%,102,0.51,0.32,0.13,0.15,32%,13%,1/8,14,24,36,15,6,7
Champions Tour 2024: Pacific Kickoff,Playoffs,Semifinals,f0rsakeN,Paper Rex,fade,19,1.52,286,1.91,95%,153,1.11,0.58,0.16,0.05,23%,,,21,21,11,11,3,1
Champions Tour 2024: Pacific Kickoff,Playoffs,Semifinals,f0rsakeN,Paper Rex,yoru,30,1.18,297,1.38,83%,186,1.1,0.17,0.1,0.23,42%,,,33,33,24,5,3,7
Champions Tour 2024: Pacific Kickoff,Playoffs,Semifinals,f0rsakeN,Paper Rex,"fade, yoru",49,1.35,292,1.54,88%,173,1.1,0.33,0.12,0.16,34%,,,33,54,35,16,6,8
Champions Tour 2024: Pacific Kickoff,Playoffs,Semifinals,something,Paper Rex,gekko,19,1.36,205,1.78,84%,116,0.84,0.32,0.11,0.11,29%,25%,1/4,16,16,9,6,2,2
Champions Tour 2024: Pacific Kickoff,Playoffs,Semifinals,something,Paper Rex,jett,30,0.84,165,0.9,70%,99,0.63,0.1,0.07,0.2,19%,,0/2,19,19,21,3,2,6
Champions Tour 2024: Pacific Kickoff,Playoffs,Semifinals,something,Paper Rex,"gekko, jett",49,1.1,185,1.17,76%,106,0.71,0.18,0.08,0.16,23%,17%,1/6,19,35,30,9,4,8
Champions Tour 2024: Pacific Kickoff,Playoffs,Semifinals,mindfreak,Paper Rex,omen,30,1.32,246,1.61,77%,156,0.97,0.2,0.03,0.0,27%,29%,2/7,29,29,18,6,1,0
Champions Tour 2024: Pacific Kickoff,Playoffs,Semifinals,mindfreak,Paper Rex,viper,19,1.22,148,1.22,68%,108,0.58,0.32,0.0,0.05,23%,40%,2/5,11,11,9,6,0,1
Champions Tour 2024: Pacific Kickoff,Playoffs,Semifinals,mindfreak,Paper Rex,"omen, viper",49,1.27,197,1.48,73%,137,0.82,0.24,0.02,0.02,25%,33%,4/12,29,40,27,12,1,1
Champions Tour 2024: Pacific Kickoff,Playoffs,Semifinals,d4v41,Paper Rex,omen,19,1.07,197,0.92,89%,120,0.63,0.74,0.0,0.16,26%,,,12,12,13,14,0,3
Champions Tour 2024: Pacific Kickoff,Playoffs,Semifinals,d4v41,Paper Rex,viper,30,1.07,188,0.8,73%,133,0.53,0.63,0.07,0.03,25%,33%,1/3,16,16,20,19,2,1
Champions Tour 2024: Pacific Kickoff,Playoffs,Semifinals,d4v41,Paper Rex,"omen, viper",49,1.07,192,0.85,80%,128,0.57,0.67,0.04,0.08,25%,33%,1/3,16,28,33,33,2,4
Champions Tour 2024: Pacific Kickoff,Playoffs,Semifinals,Monyet,Paper Rex,raze,49,0.73,160,0.55,63%,115,0.47,0.37,0.14,0.16,15%,33%,1/3,15,23,42,18,7,8
Champions Tour 2024: Pacific Kickoff,Playoffs,Grand Final,Karon,Gen.G,astra,17,1.05,214,1.15,76%,138,0.88,0.24,0.0,0.06,36%,,0/4,15,15,13,4,0,1
Champions Tour 2024: Pacific Kickoff,Playoffs,Grand Final,Karon,Gen.G,brimstone,17,1.2,217,1.4,82%,140,0.82,0.65,0.06,0.0,26%,50%,1/2,14,14,10,11,1,0
Champions Tour 2024: Pacific Kickoff,Playoffs,Grand Final,Karon,Gen.G,omen,42,1.35,212,1.75,86%,146,0.83,0.24,0.07,0.1,43%,20%,1/5,18,35,20,10,3,4
Champions Tour 2024: Pacific Kickoff,Playoffs,Grand Final,Karon,Gen.G,"astra, brimstone, omen",76,1.24,214,1.49,83%,143,0.84,0.33,0.05,0.07,36%,18%,2/11,18,64,43,25,4,5
Champions Tour 2024: Pacific Kickoff,Playoffs,Grand Final,Meteor,Gen.G,cypher,17,1.43,269,2.25,88%,171,1.06,0.12,0.18,0.0,37%,,,18,18,8,2,3,0
Champions Tour 2024: Pacific Kickoff,Playoffs,Grand Final,Meteor,Gen.G,jett,17,0.55,168,0.6,65%,135,0.53,0.24,0.0,0.24,28%,,0/2,9,9,15,4,0,4
Champions Tour 2024: Pacific Kickoff,Playoffs,Grand Final,Meteor,Gen.G,killjoy,42,0.89,191,0.83,74%,129,0.57,0.24,0.14,0.1,19%,,0/4,12,24,29,10,6,4
Champions Tour 2024: Pacific Kickoff,Playoffs,Grand Final,Meteor,Gen.G,"cypher, jett, killjoy",76,0.94,205,0.98,75%,140,0.67,0.21,0.12,0.11,25%,,0/6,18,51,52,16,9,8
Champions Tour 2024: Pacific Kickoff,Playoffs,Grand Final,Lakia,Gen.G,fade,24,1.12,246,1.11,83%,164,0.83,0.42,0.13,0.08,29%,,0/2,20,20,18,10,3,2
Champions Tour 2024: Pacific Kickoff,Playoffs,Grand Final,Lakia,Gen.G,skye,34,0.79,152,0.79,82%,90,0.56,0.35,0.09,0.12,25%,50%,1/2,10,19,24,12,3,4
Champions Tour 2024: Pacific Kickoff,Playoffs,Grand Final,Lakia,Gen.G,sova,18,0.78,154,0.69,72%,109,0.5,0.33,0.06,0.06,24%,,0/1,9,9,13,6,1,1
Champions Tour 2024: Pacific Kickoff,Playoffs,Grand Final,Lakia,Gen.G,"fade, skye, sova",76,0.87,176,0.87,80%,118,0.63,0.37,0.09,0.09,26%,20%,1/5,20,48,55,28,7,7
Champions Tour 2024: Pacific Kickoff,Playoffs,Grand Final,t3xture,Gen.G,jett,18,1.59,335,2.56,72%,209,1.28,0.17,0.17,0.22,26%,100%,1/1,23,23,9,3,3,4
Champions Tour 2024: Pacific Kickoff,Playoffs,Grand Final,t3xture,Gen.G,raze,58,1.09,220,1.08,78%,148,0.72,0.24,0.14,0.12,33%,20%,1/5,16,42,39,14,8,7
Champions Tour 2024: Pacific Kickoff,Playoffs,Grand Final,t3xture,Gen.G,"jett, raze",76,1.21,248,1.35,76%,163,0.86,0.22,0.14,0.14,31%,33%,2/6,23,65,48,17,11,11
Champions Tour 2024: Pacific Kickoff,Playoffs,Grand Final,Munchkin,Gen.G,kayo,18,1.19,193,1.27,89%,128,0.78,0.56,0.17,0.06,29%,,0/1,14,14,11,10,3,1
Champions Tour 2024: Pacific Kickoff,Playoffs,Grand Final,Munchkin,Gen.G,viper,58,1.11,225,1.24,74%,149,0.81,0.21,0.1,0.07,24%,,0/8,24,47,38,12,6,4
Champions Tour 2024: Pacific Kickoff,Playoffs,Grand Final,Munchkin,Gen.G,"kayo, viper",76,1.13,217,1.24,78%,144,0.8,0.29,0.12,0.07,25%,,0/9,24,61,49,22,9,5
Champions Tour 2024: Pacific Kickoff,Playoffs,Grand Final,mindfreak,Paper Rex,brimstone,17,1.22,233,1.0,71%,163,0.76,0.41,0.0,0.06,42%,,,13,13,13,7,0,1
Champions Tour 2024: Pacific Kickoff,Playoffs,Grand Final,mindfreak,Paper Rex,omen,41,1.17,198,1.29,76%,126,0.76,0.27,0.05,0.05,30%,43%,3/7,16,31,24,11,2,2
Champions Tour 2024: Pacific Kickoff,Playoffs,Grand Final,mindfreak,Paper Rex,viper,18,0.98,236,1.0,61%,166,0.78,0.06,0.06,0.06,29%,,0/5,14,14,14,1,1,1
Champions Tour 2024: Pacific Kickoff,Playoffs,Grand Final,mindfreak,Paper Rex,"brimstone, omen, viper",76,1.14,216,1.14,71%,144,0.76,0.25,0.04,0.05,32%,25%,3/12,16,58,51,19,3,4
Champions Tour 2024: Pacific Kickoff,Playoffs,Grand Final,f0rsakeN,Paper Rex,cypher,24,0.74,166,0.75,71%,114,0.5,0.25,0.04,0.08,24%,,0/3,12,12,16,6,1,2
Champions Tour 2024: Pacific Kickoff,Playoffs,Grand Final,f0rsakeN,Paper Rex,fade,18,0.67,124,0.6,61%,64,0.5,0.22,0.06,0.11,33%,,0/1,9,9,15,4,1,2
Champions Tour 2024: Pacific Kickoff,Playoffs,Grand Final,f0rsakeN,Paper Rex,yoru,34,0.88,212,0.82,59%,134,0.68,0.15,0.18,0.12,22%,33%,1/3,15,23,28,5,6,4
Champions Tour 2024: Pacific Kickoff,Playoffs,Grand Final,f0rsakeN,Paper Rex,"cypher, fade, yoru",76,0.79,178,0.75,63%,111,0.58,0.2,0.11,0.11,24%,14%,1/7,15,44,59,15,8,8
Champions Tour 2024: Pacific Kickoff,Playoffs,Grand Final,d4v41,Paper Rex,fade,17,0.79,149,0.57,59%,103,0.47,0.35,0.06,0.12,30%,,0/6,8,8,14,6,1,2
Champions Tour 2024: Pacific Kickoff,Playoffs,Grand Final,d4v41,Paper Rex,omen,18,0.9,137,0.5,78%,101,0.39,0.56,0.06,0.0,24%,25%,1/4,7,7,14,10,1,0
Champions Tour 2024: Pacific Kickoff,Playoffs,Grand Final,d4v41,Paper Rex,skye,24,1.12,204,1.19,75%,129,0.79,0.46,0.08,0.08,37%,20%,1/5,19,19,16,11,2,2
Champions Tour 2024: Pacific Kickoff,Playoffs,Grand Final,d4v41,Paper Rex,viper,17,0.94,198,0.92,82%,144,0.71,0.47,0.0,0.0,30%,,0/2,12,12,13,8,0,0
Champions Tour 2024: Pacific Kickoff,Playoffs,Grand Final,d4v41,Paper Rex,"fade, omen, skye, viper",76,0.94,172,0.81,74%,120,0.61,0.46,0.05,0.05,31%,12%,2/17,19,46,57,35,4,4
Champions Tour 2024: Pacific Kickoff,Playoffs,Grand Final,something,Paper Rex,gekko,35,0.84,168,0.67,74%,105,0.57,0.26,0.09,0.11,29%,,0/4,12,20,30,9,3,4
Champions Tour 2024: Pacific Kickoff,Playoffs,Grand Final,something,Paper Rex,jett,17,1.3,264,1.5,76%,171,1.06,0.12,0.35,0.06,19%,,,18,18,12,2,6,1
Champions Tour 2024: Pacific Kickoff,Playoffs,Grand Final,something,Paper Rex,reyna,24,1.12,253,0.95,67%,162,0.83,0.25,0.29,0.04,26%,,0/1,20,20,21,6,7,1
Champions Tour 2024: Pacific Kickoff,Playoffs,Grand Final,something,Paper Rex,"gekko, jett, reyna",76,1.03,213,0.92,72%,138,0.76,0.22,0.21,0.08,25%,,0/5,20,58,63,17,16,6
Champions Tour 2024: Pacific Kickoff,Playoffs,Grand Final,Monyet,Paper Rex,raze,76,0.72,162,0.69,66%,108,0.54,0.14,0.07,0.24,20%,13%,1/8,11,41,59,11,5,18
Champions Tour 2024: Pacific Kickoff,Play-Ins,Play-ins,Karon,Gen.G,astra,18,0.71,177,0.59,56%,104,0.56,0.39,0.17,0.06,24%,,0/2,10,10,17,7,3,1
Champions Tour 2024: Pacific Kickoff,Play-Ins,Play-ins,Karon,Gen.G,omen,39,1.26,193,1.19,85%,130,0.64,0.67,0.05,0.05,42%,29%,2/7,16,25,21,26,2,2
Champions Tour 2024: Pacific Kickoff,Play-Ins,Play-ins,Karon,Gen.G,viper,47,1.3,232,1.48,79%,159,0.79,0.34,0.13,0.0,44%,33%,2/6,23,37,25,16,6,0
Champions Tour 2024: Pacific Kickoff,Play-Ins,Play-ins,Karon,Gen.G,"astra, omen, viper",104,1.17,205,1.14,77%,138,0.69,0.47,0.11,0.03,40%,27%,4/15,23,72,63,49,11,3
Champions Tour 2024: Pacific Kickoff,Play-Ins,Play-ins,Meteor,Gen.G,cypher,18,0.63,145,0.56,44%,94,0.5,0.06,0.06,0.22,23%,,0/3,9,9,16,1,1,4
Champions Tour 2024: Pacific Kickoff,Play-Ins,Play-ins,Meteor,Gen.G,killjoy,86,1.33,282,1.56,72%,180,1.0,0.1,0.12,0.09,27%,20%,2/10,23,86,55,9,10,8
Champions Tour 2024: Pacific Kickoff,Play-Ins,Play-ins,Meteor,Gen.G,"cypher, killjoy",104,1.19,255,1.34,67%,165,0.91,0.1,0.11,0.12,27%,15%,2/13,23,95,71,10,11,12
Champions Tour 2024: Pacific Kickoff,Play-Ins,Play-ins,Lakia,Gen.G,fade,22,0.82,139,0.67,64%,84,0.45,0.18,0.0,0.09,21%,50%,1/2,10,10,15,4,0,2
Champions Tour 2024: Pacific Kickoff,Play-Ins,Play-ins,Lakia,Gen.G,gekko,47,0.92,180,0.97,72%,116,0.64,0.28,0.02,0.09,34%,50%,1/2,19,30,31,13,1,4
Champions Tour 2024: Pacific Kickoff,Play-Ins,Play-ins,Lakia,Gen.G,skye,18,0.66,158,0.53,61%,109,0.44,0.28,0.06,0.22,38%,,0/3,8,8,15,5,1,4
Champions Tour 2024: Pacific Kickoff,Play-Ins,Play-ins,Lakia,Gen.G,sova,17,1.24,197,1.1,76%,124,0.65,0.53,0.18,0.0,12%,,,11,11,10,9,3,0
Champions Tour 2024: Pacific Kickoff,Play-Ins,Play-ins,Lakia,Gen.G,"fade, gekko, skye, sova",104,0.91,171,0.83,69%,109,0.57,0.3,0.05,0.1,26%,29%,2/7,19,59,71,31,5,10
Champions Tour 2024: Pacific Kickoff,Play-Ins,Play-ins,t3xture,Gen.G,jett,82,1.01,198,0.95,68%,129,0.67,0.2,0.13,0.13,36%,29%,2/7,19,55,58,16,11,11
Champions Tour 2024: Pacific Kickoff,Play-Ins,Play-ins,t3xture,Gen.G,raze,22,0.96,223,1.0,68%,155,0.73,0.09,0.18,0.18,35%,,0/2,16,16,16,2,4,4
Champions Tour 2024: Pacific Kickoff,Play-Ins,Play-ins,t3xture,Gen.G,"jett, raze",104,1.0,203,0.96,68%,134,0.68,0.17,0.14,0.14,36%,22%,2/9,19,71,74,18,15,15
Champions Tour 2024: Pacific Kickoff,Play-Ins,Play-ins,Munchkin,Gen.G,kayo,64,1.08,215,1.25,78%,147,0.78,0.47,0.16,0.13,23%,17%,1/6,27,50,40,30,10,8
Champions Tour 2024: Pacific Kickoff,Play-Ins,Play-ins,Munchkin,Gen.G,viper,40,0.93,167,0.82,63%,103,0.58,0.3,0.0,0.1,23%,20%,1/5,12,23,28,12,0,4
Champions Tour 2024: Pacific Kickoff,Play-Ins,Play-ins,Munchkin,Gen.G,"kayo, viper",104,1.02,196,1.07,72%,130,0.7,0.4,0.1,0.12,23%,18%,2/11,27,73,68,42,10,12
Champions Tour 2024: Pacific Kickoff,Play-Ins,Play-ins,NDG,Team Secret,cypher,18,1.13,192,1.22,78%,129,0.61,0.39,0.11,0.06,13%,,0/2,11,11,9,7,2,1
Champions Tour 2024: Pacific Kickoff,Play-Ins,Play-ins,NDG,Team Secret,killjoy,85,1.14,193,1.29,76%,134,0.74,0.11,0.02,0.08,21%,38%,3/8,23,63,49,9,2,7
Champions Tour 2024: Pacific Kickoff,Play-Ins,Play-ins,NDG,Team Secret,"cypher, killjoy",103,1.14,193,1.28,77%,133,0.72,0.16,0.04,0.08,19%,30%,3/10,23,74,58,16,4,8
Champions Tour 2024: Pacific Kickoff,Play-Ins,Play-ins,Jremy,Team Secret,jett,81,1.28,287,1.19,80%,176,0.93,0.27,0.3,0.16,27%,,0/3,22,75,63,22,24,13
Champions Tour 2024: Pacific Kickoff,Play-Ins,Play-ins,Jremy,Team Secret,raze,22,1.2,264,1.19,68%,169,0.86,0.18,0.32,0.23,22%,,0/1,19,19,16,4,7,5
Champions Tour 2024: Pacific Kickoff,Play-Ins,Play-ins,Jremy,Team Secret,"jett, raze",103,1.27,283,1.19,78%,175,0.91,0.25,0.3,0.17,26%,,0/4,22,94,79,26,31,18
Champions Tour 2024: Pacific Kickoff,Play-Ins,Play-ins,invy,Team Secret,kayo,39,1.47,262,1.81,82%,174,0.97,0.54,0.15,0.03,36%,33%,1/3,21,38,21,21,6,1
Champions Tour 2024: Pacific Kickoff,Play-Ins,Play-ins,invy,Team Secret,sage,42,1.24,205,1.26,76%,144,0.81,0.38,0.02,0.1,33%,,0/1,24,34,27,16,1,4
Champions Tour 2024: Pacific Kickoff,Play-Ins,Play-ins,invy,Team Secret,viper,22,1.26,231,1.38,77%,164,0.82,0.27,0.0,0.05,38%,,0/4,18,18,13,6,0,1
Champions Tour 2024: Pacific Kickoff,Play-Ins,Play-ins,invy,Team Secret,"kayo, sage, viper",103,1.33,233,1.48,79%,160,0.87,0.42,0.07,0.06,35%,13%,1/8,24,90,61,43,7,6
Champions Tour 2024: Pacific Kickoff,Play-Ins,Play-ins,BORKUM,Team Secret,omen,43,0.87,170,0.83,67%,96,0.58,0.47,0.09,0.07,18%,20%,1/5,15,25,30,20,4,3
Champions Tour 2024: Pacific Kickoff,Play-Ins,Play-ins,BORKUM,Team Secret,viper,60,1.18,204,1.22,77%,129,0.73,0.38,0.12,0.05,17%,14%,1/7,22,44,36,23,7,3
Champions Tour 2024: Pacific Kickoff,Play-Ins,Play-ins,BORKUM,Team Secret,"omen, viper",103,1.06,190,1.05,73%,115,0.67,0.42,0.11,0.06,17%,17%,2/12,22,69,66,43,11,6
Champions Tour 2024: Pacific Kickoff,Play-Ins,Play-ins,JessieVash,Team Secret,skye,22,1.01,213,1.23,77%,141,0.73,0.45,0.0,0.09,22%,,0/2,16,16,13,10,0,2
Champions Tour 2024: Pacific Kickoff,Play-Ins,Play-ins,JessieVash,Team Secret,sova,81,1.15,198,1.15,79%,131,0.65,0.41,0.06,0.06,25%,,0/8,18,53,46,33,5,5
Champions Tour 2024: Pacific Kickoff,Play-Ins,Play-ins,JessieVash,Team Secret,"skye, sova",103,1.13,201,1.17,79%,133,0.67,0.42,0.05,0.07,24%,,0/10,18,69,59,43,5,7
Champions Tour 2024: Pacific Kickoff,Play-Ins,Play-ins,SugarZ3ro,ZETA DIVISION,harbor,33,0.54,108,0.39,58%,68,0.33,0.27,0.0,0.12,24%,33%,1/3,6,11,28,9,0,4
Champions Tour 2024: Pacific Kickoff,Play-Ins,Play-ins,SugarZ3ro,ZETA DIVISION,omen,38,0.9,228,0.94,68%,144,0.76,0.39,0.03,0.03,27%,,0/6,17,29,31,15,1,1
Champions Tour 2024: Pacific Kickoff,Play-Ins,Play-ins,SugarZ3ro,ZETA DIVISION,"harbor, omen",71,0.72,168,0.68,63%,109,0.56,0.34,0.01,0.07,26%,11%,1/9,17,40,59,24,1,5
Champions Tour 2024: Pacific Kickoff,Play-Ins,Play-ins,Dep,ZETA DIVISION,jett,71,0.72,211,0.79,56%,127,0.7,0.08,0.15,0.24,31%,,0/7,15,50,63,6,11,17
Champions Tour 2024: Pacific Kickoff,Play-Ins,Play-ins,hiroronn,ZETA DIVISION,kayo,38,0.86,193,0.76,76%,118,0.66,0.5,0.13,0.13,27%,17%,1/6,16,25,33,19,5,5
Champions Tour 2024: Pacific Kickoff,Play-Ins,Play-ins,hiroronn,ZETA DIVISION,sova,33,0.57,143,0.48,52%,104,0.45,0.12,0.0,0.03,24%,25%,2/8,11,15,31,4,0,1
Champions Tour 2024: Pacific Kickoff,Play-Ins,Play-ins,hiroronn,ZETA DIVISION,"kayo, sova",71,0.71,168,0.63,65%,112,0.56,0.32,0.07,0.08,26%,21%,3/14,16,40,64,23,5,6
Champions Tour 2024: Pacific Kickoff,Play-Ins,Play-ins,Laz,ZETA DIVISION,killjoy,71,0.79,174,0.76,61%,118,0.62,0.1,0.11,0.08,26%,6%,1/18,14,44,58,7,8,6
Champions Tour 2024: Pacific Kickoff,Play-Ins,Play-ins,yuran,ZETA DIVISION,sova,38,0.54,122,0.47,68%,90,0.39,0.29,0.03,0.11,26%,,0/4,12,15,32,11,1,4
Champions Tour 2024: Pacific Kickoff,Play-Ins,Play-ins,yuran,ZETA DIVISION,viper,33,0.82,200,0.69,73%,136,0.61,0.39,0.09,0.12,23%,,0/4,13,20,29,13,3,4
Champions Tour 2024: Pacific Kickoff,Play-Ins,Play-ins,yuran,ZETA DIVISION,"sova, viper",71,0.68,161,0.57,70%,112,0.49,0.34,0.06,0.11,24%,,0/8,13,35,61,24,4,8
Champions Tour 2024: Pacific Kickoff,Group Stage,Opening (B),Flashback,DRX,cypher,21,1.41,261,1.75,71%,169,1.0,0.14,0.1,0.19,46%,,,21,21,12,3,2,4
Champions Tour 2024: Pacific Kickoff,Group Stage,Opening (B),Flashback,DRX,killjoy,21,1.05,176,1.45,71%,122,0.76,0.1,0.0,0.1,33%,,0/1,16,16,11,2,0,2
Champions Tour 2024: Pacific Kickoff,Group Stage,Opening (B),Flashback,DRX,"cypher, killjoy",42,1.23,218,1.61,71%,146,0.88,0.12,0.05,0.14,39%,,0/1,21,37,23,5,2,6
Champions Tour 2024: Pacific Kickoff,Group Stage,Opening (B),stax,DRX,fade,21,1.16,214,1.38,76%,135,0.86,0.1,0.14,0.14,32%,,0/3,18,18,13,2,3,3
Champions Tour 2024: Pacific Kickoff,Group Stage,Opening (B),stax,DRX,sova,21,1.07,149,1.2,67%,102,0.57,0.24,0.05,0.0,33%,25%,1/4,12,12,10,5,1,0
Champions Tour 2024: Pacific Kickoff,Group Stage,Opening (B),stax,DRX,"fade, sova",42,1.11,182,1.3,71%,119,0.71,0.17,0.1,0.07,32%,14%,1/7,18,30,23,7,4,3
Champions Tour 2024: Pacific Kickoff,Group Stage,Opening (B),Foxy9,DRX,jett,21,0.96,187,1.0,71%,111,0.67,0.14,0.29,0.19,18%,,,14,14,14,3,6,4
Champions Tour 2024: Pacific Kickoff,Group Stage,Opening (B),Foxy9,DRX,viper,21,1.06,230,1.38,86%,140,0.86,0.05,0.05,0.1,35%,,0/1,18,18,13,1,1,2
Champions Tour 2024: Pacific Kickoff,Group Stage,Opening (B),Foxy9,DRX,"jett, viper",42,1.01,208,1.19,79%,126,0.76,0.1,0.17,0.14,26%,,0/1,18,32,27,4,7,6
Champions Tour 2024: Pacific Kickoff,Group Stage,Opening (B),MaKo,DRX,omen,21,1.14,201,1.14,86%,144,0.76,0.33,0.14,0.0,28%,,0/2,16,16,14,7,3,0
Champions Tour 2024: Pacific Kickoff,Group Stage,Opening (B),MaKo,DRX,viper,21,1.19,224,1.46,76%,143,0.9,0.24,0.1,0.0,31%,,0/3,19,19,13,5,2,0
Champions Tour 2024: Pacific Kickoff,Group Stage,Opening (B),MaKo,DRX,"omen, viper",42,1.16,212,1.3,81%,144,0.83,0.29,0.12,0.0,30%,,0/5,19,35,27,12,5,0
Champions Tour 2024: Pacific Kickoff,Group Stage,Opening (B),BuZz,DRX,raze,21,1.23,269,1.25,86%,174,0.95,0.19,0.24,0.1,24%,,0/1,20,20,16,4,5,2
Champions Tour 2024: Pacific Kickoff,Group Stage,Opening (B),BuZz,DRX,yoru,21,0.97,217,1.07,86%,138,0.76,0.38,0.0,0.1,33%,,0/1,16,16,15,8,0,2
Champions Tour 2024: Pacific Kickoff,Group Stage,Opening (B),BuZz,DRX,"raze, yoru",42,1.1,243,1.16,86%,156,0.86,0.29,0.12,0.1,28%,,0/2,20,36,31,12,5,4
Champions Tour 2024: Pacific Kickoff,Group Stage,Opening (B),Medusa,DetonatioN FocusMe,cypher,21,1.3,240,1.36,67%,162,0.9,0.05,0.14,0.05,49%,20%,1/5,19,19,14,1,3,1
Champions Tour 2024: Pacific Kickoff,Group Stage,Opening (B),Medusa,DetonatioN FocusMe,killjoy,21,0.45,96,0.44,52%,68,0.38,0.05,0.0,0.1,29%,,0/2,8,8,18,1,0,2
Champions Tour 2024: Pacific Kickoff,Group Stage,Opening (B),Medusa,DetonatioN FocusMe,"cypher, killjoy",42,0.88,168,0.84,60%,115,0.64,0.05,0.07,0.07,41%,14%,1/7,19,27,32,2,3,3
Champions Tour 2024: Pacific Kickoff,Group Stage,Opening (B),neth,DetonatioN FocusMe,harbor,21,0.55,134,0.5,48%,87,0.43,0.14,0.05,0.1,28%,,0/3,9,9,18,3,1,2
Champions Tour 2024: Pacific Kickoff,Group Stage,Opening (B),neth,DetonatioN FocusMe,viper,21,0.87,176,0.82,62%,117,0.67,0.24,0.05,0.14,32%,20%,1/5,14,14,17,5,1,3
Champions Tour 2024: Pacific Kickoff,Group Stage,Opening (B),neth,DetonatioN FocusMe,"harbor, viper",42,0.71,155,0.66,55%,102,0.55,0.19,0.05,0.12,30%,13%,1/8,14,23,35,8,2,5
Champions Tour 2024: Pacific Kickoff,Group Stage,Opening (B),SSeeS,DetonatioN FocusMe,omen,21,0.86,212,0.94,81%,122,0.81,0.24,0.05,0.1,31%,33%,1/3,17,17,18,5,1,2
Champions Tour 2024: Pacific Kickoff,Group Stage,Opening (B),SSeeS,DetonatioN FocusMe,viper,21,0.63,147,0.65,71%,90,0.52,0.24,0.05,0.1,55%,,0/1,11,11,17,5,1,2
Champions Tour 2024: Pacific Kickoff,Group Stage,Opening (B),SSeeS,DetonatioN FocusMe,"omen, viper",42,0.75,180,0.8,76%,106,0.67,0.24,0.05,0.1,39%,25%,1/4,17,28,35,10,2,4
Champions Tour 2024: Pacific Kickoff,Group Stage,Opening (B),Meiy,DetonatioN FocusMe,raze,21,1.04,252,0.89,76%,173,0.76,0.33,0.29,0.14,20%,,0/1,16,16,18,7,6,3
Champions Tour 2024: Pacific Kickoff,Group Stage,Opening (B),Meiy,DetonatioN FocusMe,yoru,21,0.85,240,0.94,71%,160,0.81,0.19,0.19,0.19,30%,25%,1/4,17,17,18,4,4,4
Champions Tour 2024: Pacific Kickoff,Group Stage,Opening (B),Meiy,DetonatioN FocusMe,"raze, yoru",42,0.95,246,0.92,74%,166,0.79,0.26,0.24,0.17,24%,20%,1/5,17,33,36,11,10,7
Champions Tour 2024: Pacific Kickoff,Group Stage,Opening (B),Anthem,DetonatioN FocusMe,skye,21,0.8,173,0.71,81%,114,0.57,0.43,0.05,0.1,23%,40%,2/5,12,12,17,9,1,2
Champions Tour 2024: Pacific Kickoff,Group Stage,Opening (B),Anthem,DetonatioN FocusMe,sova,21,0.83,125,0.53,62%,96,0.38,0.43,0.05,0.1,30%,,0/2,8,8,15,9,1,2
Champions Tour 2024: Pacific Kickoff,Group Stage,Opening (B),Anthem,DetonatioN FocusMe,"skye, sova",42,0.81,149,0.63,71%,105,0.48,0.43,0.05,0.1,26%,29%,2/7,12,20,32,18,2,4
Champions Tour 2024: Pacific Kickoff,Group Stage,Opening (B),NDG,Team Secret,cypher,21,0.66,97,0.33,81%,74,0.24,0.33,0.05,0.05,19%,,0/1,5,5,15,7,1,1
Champions Tour 2024: Pacific Kickoff,Group Stage,Opening (B),NDG,Team Secret,killjoy,16,0.26,91,0.27,38%,68,0.25,0.06,0.0,0.19,33%,,0/3,4,4,15,1,0,3
Champions Tour 2024: Pacific Kickoff,Group Stage,Opening (B),NDG,Team Secret,"cypher, killjoy",37,0.46,94,0.3,62%,71,0.24,0.22,0.03,0.11,24%,,0/4,5,9,30,8,1,4
Champions Tour 2024: Pacific Kickoff,Group Stage,Opening (B),Jremy,Team Secret,jett,37,0.93,223,0.93,65%,152,0.76,0.16,0.14,0.22,31%,,0/4,16,28,30,6,5,8
Champions Tour 2024: Pacific Kickoff,Group Stage,Opening (B),invy,Team Secret,kayo,37,0.65,124,0.57,59%,85,0.46,0.27,0.05,0.11,20%,,0/4,12,17,30,10,2,4
Champions Tour 2024: Pacific Kickoff,Group Stage,Opening (B),BORKUM,Team Secret,omen,16,0.41,119,0.31,50%,85,0.31,0.44,0.06,0.25,9%,,0/2,5,5,16,7,1,4
Champions Tour 2024: Pacific Kickoff,Group Stage,Opening (B),BORKUM,Team Secret,viper,21,1.03,191,0.86,71%,129,0.57,0.33,0.1,0.0,23%,,0/3,12,12,14,7,2,0
Champions Tour 2024: Pacific Kickoff,Group Stage,Opening (B),BORKUM,Team Secret,"omen, viper",37,0.72,155,0.57,62%,110,0.46,0.38,0.08,0.11,18%,,0/5,12,17,30,14,3,4
Champions Tour 2024: Pacific Kickoff,Group Stage,Opening (B),JessieVash,Team Secret,sova,37,0.87,176,0.82,54%,125,0.62,0.22,0.05,0.11,32%,18%,2/11,16,23,28,8,2,4
Champions Tour 2024: Pacific Kickoff,Group Stage,Opening (B),Crws,Talon Esports,harbor,21,0.98,175,1.0,81%,114,0.62,0.29,0.05,0.1,29%,100%,1/1,13,13,13,6,1,2
Champions Tour 2024: Pacific Kickoff,Group Stage,Opening (B),Crws,Talon Esports,omen,16,0.81,100,0.75,81%,63,0.38,0.38,0.06,0.06,10%,,,6,6,8,6,1,1
Champions Tour 2024: Pacific Kickoff,Group Stage,Opening (B),Crws,Talon Esports,"harbor, omen",37,0.9,138,0.9,81%,92,0.51,0.32,0.05,0.08,21%,100%,1/1,13,19,21,12,2,3
Champions Tour 2024: Pacific Kickoff,Group Stage,Opening (B),Governor,Talon Esports,jett,16,2.16,399,4.17,94%,243,1.56,0.13,0.44,0.06,28%,,,25,25,6,2,7,1
Champions Tour 2024: Pacific Kickoff,Group Stage,Opening (B),Governor,Talon Esports,neon,21,1.35,282,1.62,76%,176,1.0,0.48,0.19,0.24,17%,,0/2,21,21,13,10,4,5
Champions Tour 2024: Pacific Kickoff,Group Stage,Opening (B),Governor,Talon Esports,"jett, neon",37,1.76,340,2.42,84%,205,1.24,0.32,0.3,0.16,22%,,0/2,25,46,19,12,11,6
Champions Tour 2024: Pacific Kickoff,Group Stage,Opening (B),ban,Talon Esports,kayo,16,1.04,205,1.09,88%,120,0.75,0.69,0.13,0.0,38%,,0/2,12,12,11,11,2,0
Champions Tour 2024: Pacific Kickoff,Group Stage,Opening (B),ban,Talon Esports,yoru,21,1.32,289,1.69,76%,171,1.05,0.19,0.14,0.05,22%,50%,1/2,22,22,13,4,3,1
Champions Tour 2024: Pacific Kickoff,Group Stage,Opening (B),ban,Talon Esports,"kayo, yoru",37,1.18,247,1.42,81%,149,0.92,0.41,0.14,0.03,27%,25%,1/4,22,34,24,15,5,1
Champions Tour 2024: Pacific Kickoff,Group Stage,Opening (B),JitBoyS,Talon Esports,killjoy,16,1.51,230,2.8,88%,152,0.88,0.13,0.0,0.0,21%,,,14,14,5,2,0,0
Champions Tour 2024: Pacific Kickoff,Group Stage,Opening (B),JitBoyS,Talon Esports,viper,21,0.96,140,0.73,71%,105,0.38,0.43,0.1,0.05,40%,,0/2,8,8,11,9,2,1
Champions Tour 2024: Pacific Kickoff,Group Stage,Opening (B),JitBoyS,Talon Esports,"killjoy, viper",37,1.24,185,1.38,78%,126,0.59,0.3,0.05,0.03,26%,,0/2,14,22,16,11,2,1
Champions Tour 2024: Pacific Kickoff,Group Stage,Opening (B),lenne,Talon Esports,sova,37,1.49,216,1.93,89%,136,0.73,0.49,0.11,0.05,15%,,0/2,17,27,14,18,4,2
Champions Tour 2024: Pacific Kickoff,Group Stage,Winner's (B),Crws,Talon Esports,astra,23,0.76,154,0.76,65%,106,0.57,0.35,0.04,0.13,20%,,0/2,13,13,17,8,1,3
Champions Tour 2024: Pacific Kickoff,Group Stage,Winner's (B),Crws,Talon Esports,omen,21,0.9,151,0.85,67%,100,0.52,0.24,0.0,0.14,23%,,0/2,11,11,13,5,0,3
Champions Tour 2024: Pacific Kickoff,Group Stage,Winner's (B),Crws,Talon Esports,"astra, omen",44,0.83,152,0.8,66%,103,0.55,0.3,0.02,0.14,21%,,0/4,13,24,30,13,1,6
Champions Tour 2024: Pacific Kickoff,Group Stage,Winner's (B),JitBoyS,Talon Esports,cypher,23,1.39,282,1.73,87%,179,1.13,0.17,0.04,0.04,36%,50%,3/6,26,26,15,4,1,1
Champions Tour 2024: Pacific Kickoff,Group Stage,Winner's (B),JitBoyS,Talon Esports,killjoy,21,1.03,233,0.94,62%,147,0.76,0.05,0.1,0.1,55%,,0/3,16,16,17,1,2,2
Champions Tour 2024: Pacific Kickoff,Group Stage,Winner's (B),JitBoyS,Talon Esports,"cypher, killjoy",44,1.21,258,1.31,75%,164,0.95,0.11,0.07,0.07,43%,33%,3/9,26,42,32,5,3,3
Champions Tour 2024: Pacific Kickoff,Group Stage,Winner's (B),Governor,Talon Esports,jett,21,0.67,175,0.88,62%,100,0.71,0.05,0.19,0.24,14%,,0/1,15,15,17,1,4,5
Champions Tour 2024: Pacific Kickoff,Group Stage,Winner's (B),Governor,Talon Esports,raze,23,0.98,248,0.9,83%,171,0.78,0.26,0.22,0.17,13%,,0/2,18,18,20,6,5,4
Champions Tour 2024: Pacific Kickoff,Group Stage,Winner's (B),Governor,Talon Esports,"jett, raze",44,0.83,212,0.89,73%,138,0.75,0.16,0.2,0.2,13%,,0/3,18,33,37,7,9,9
Champions Tour 2024: Pacific Kickoff,Group Stage,Winner's (B),ban,Talon Esports,kayo,21,0.88,126,0.67,62%,75,0.38,0.52,0.0,0.1,43%,,0/3,8,8,12,11,0,2
Champions Tour 2024: Pacific Kickoff,Group Stage,Winner's (B),ban,Talon Esports,skye,23,0.82,150,0.71,78%,95,0.52,0.22,0.13,0.09,24%,,0/3,12,12,17,5,3,2
Champions Tour 2024: Pacific Kickoff,Group Stage,Winner's (B),ban,Talon Esports,"kayo, skye",44,0.85,138,0.69,70%,86,0.45,0.36,0.07,0.09,31%,,0/6,12,20,29,16,3,4
Champions Tour 2024: Pacific Kickoff,Group Stage,Winner's (B),lenne,Talon Esports,sova,44,0.6,116,0.39,64%,90,0.32,0.32,0.05,0.09,18%,,0/6,8,14,36,14,2,4
Champions Tour 2024: Pacific Kickoff,Group Stage,Winner's (B),stax,DRX,breach,23,1.28,242,1.47,70%,145,0.96,0.3,0.09,0.04,34%,,0/2,22,22,15,7,2,1
Champions Tour 2024: Pacific Kickoff,Group Stage,Winner's (B),stax,DRX,sova,21,0.82,86,0.7,57%,66,0.33,0.29,0.0,0.14,30%,,,7,7,10,6,0,3
Champions Tour 2024: Pacific Kickoff,Group Stage,Winner's (B),stax,DRX,"breach, sova",44,1.05,164,1.16,64%,108,0.66,0.3,0.05,0.09,33%,,0/2,22,29,25,13,2,4
Champions Tour 2024: Pacific Kickoff,Group Stage,Winner's (B),Flashback,DRX,cypher,23,1.08,165,1.15,70%,137,0.65,0.13,0.0,0.09,47%,,0/3,15,15,13,3,0,2
Champions Tour 2024: Pacific Kickoff,Group Stage,Winner's (B),Flashback,DRX,killjoy,21,1.06,251,1.13,67%,171,0.86,0.19,0.14,0.1,35%,,0/2,18,18,16,4,3,2
Champions Tour 2024: Pacific Kickoff,Group Stage,Winner's (B),Flashback,DRX,"cypher, killjoy",44,1.07,208,1.14,68%,153,0.75,0.16,0.07,0.09,40%,,0/5,18,33,29,7,3,4
Champions Tour 2024: Pacific Kickoff,Group Stage,Winner's (B),BuZz,DRX,jett,21,1.36,294,1.4,81%,187,1.0,0.19,0.33,0.0,22%,,0/1,21,21,15,4,7,0
Champions Tour 2024: Pacific Kickoff,Group Stage,Winner's (B),BuZz,DRX,raze,23,0.92,198,0.88,83%,138,0.61,0.39,0.17,0.17,21%,,,14,14,16,9,4,4
Champions Tour 2024: Pacific Kickoff,Group Stage,Winner's (B),BuZz,DRX,"jett, raze",44,1.14,246,1.13,82%,162,0.8,0.3,0.25,0.09,22%,,0/1,21,35,31,13,11,4
Champions Tour 2024: Pacific Kickoff,Group Stage,Winner's (B),Foxy9,DRX,kayo,21,1.5,225,2.11,90%,137,0.9,0.29,0.14,0.1,47%,,0/2,19,19,9,6,3,2
Champions Tour 2024: Pacific Kickoff,Group Stage,Winner's (B),Foxy9,DRX,viper,23,1.07,250,1.24,78%,145,0.91,0.22,0.22,0.13,27%,,0/1,21,21,17,5,5,3
Champions Tour 2024: Pacific Kickoff,Group Stage,Winner's (B),Foxy9,DRX,"kayo, viper",44,1.29,238,1.54,84%,141,0.91,0.25,0.18,0.11,35%,,0/3,21,40,26,11,8,5
Champions Tour 2024: Pacific Kickoff,Group Stage,Winner's (B),MaKo,DRX,omen,44,1.16,175,1.23,91%,128,0.61,0.48,0.05,0.02,35%,20%,1/5,17,27,22,21,2,1
Champions Tour 2024: Pacific Kickoff,Group Stage,Elimination (B),Medusa,DetonatioN FocusMe,cypher,24,0.98,187,0.83,58%,132,0.63,0.25,0.17,0.08,43%,,0/4,15,15,18,6,4,2
Champions Tour 2024: Pacific Kickoff,Group Stage,Elimination (B),Medusa,DetonatioN FocusMe,killjoy,20,0.8,185,0.86,65%,128,0.6,0.05,0.15,0.1,32%,,0/3,12,12,14,1,3,2
Champions Tour 2024: Pacific Kickoff,Group Stage,Elimination (B),Medusa,DetonatioN FocusMe,"cypher, killjoy",44,0.89,186,0.84,61%,130,0.61,0.16,0.16,0.09,38%,,0/7,15,27,32,7,7,4
Champions Tour 2024: Pacific Kickoff,Group Stage,Elimination (B),neth,DetonatioN FocusMe,harbor,24,0.77,156,0.82,58%,97,0.58,0.13,0.04,0.21,29%,,0/2,14,14,17,3,1,5
Champions Tour 2024: Pacific Kickoff,Group Stage,Elimination (B),neth,DetonatioN FocusMe,viper,20,1.03,221,0.87,80%,164,0.65,0.4,0.05,0.0,22%,,0/5,13,13,15,8,1,0
Champions Tour 2024: Pacific Kickoff,Group Stage,Elimination (B),neth,DetonatioN FocusMe,"harbor, viper",44,0.9,188,0.84,68%,127,0.61,0.25,0.05,0.11,25%,,0/7,14,27,32,11,2,5
Champions Tour 2024: Pacific Kickoff,Group Stage,Elimination (B),SSeeS,DetonatioN FocusMe,omen,20,0.93,150,0.71,65%,105,0.5,0.5,0.05,0.1,43%,50%,1/2,10,10,14,10,1,2
Champions Tour 2024: Pacific Kickoff,Group Stage,Elimination (B),SSeeS,DetonatioN FocusMe,viper,24,1.16,169,1.07,67%,109,0.63,0.38,0.0,0.04,27%,33%,2/6,15,15,14,9,0,1
Champions Tour 2024: Pacific Kickoff,Group Stage,Elimination (B),SSeeS,DetonatioN FocusMe,"omen, viper",44,1.05,160,0.89,66%,108,0.57,0.43,0.02,0.07,33%,38%,3/8,15,25,28,19,1,3
Champions Tour 2024: Pacific Kickoff,Group Stage,Elimination (B),Meiy,DetonatioN FocusMe,raze,20,1.28,278,1.4,65%,162,1.05,0.05,0.2,0.25,31%,33%,1/3,21,21,15,1,4,5
Champions Tour 2024: Pacific Kickoff,Group Stage,Elimination (B),Meiy,DetonatioN FocusMe,yoru,24,1.12,244,1.24,67%,159,0.88,0.13,0.17,0.08,24%,,0/2,21,21,17,3,4,2
Champions Tour 2024: Pacific Kickoff,Group Stage,Elimination (B),Meiy,DetonatioN FocusMe,"raze, yoru",44,1.2,261,1.31,66%,161,0.95,0.09,0.18,0.16,27%,20%,1/5,21,42,32,4,8,7
Champions Tour 2024: Pacific Kickoff,Group Stage,Elimination (B),Anthem,DetonatioN FocusMe,skye,20,0.57,91,0.31,55%,78,0.25,0.5,0.0,0.1,29%,,0/2,5,5,16,10,0,2
Champions Tour 2024: Pacific Kickoff,Group Stage,Elimination (B),Anthem,DetonatioN FocusMe,sova,24,0.8,165,0.68,71%,117,0.54,0.5,0.13,0.08,33%,,0/1,13,13,19,12,3,2
Champions Tour 2024: Pacific Kickoff,Group Stage,Elimination (B),Anthem,DetonatioN FocusMe,"skye, sova",44,0.68,128,0.51,64%,99,0.41,0.5,0.07,0.09,31%,,0/3,13,18,35,22,3,4
Champions Tour 2024: Pacific Kickoff,Group Stage,Elimination (B),NDG,Team Secret,cypher,24,0.9,153,1.0,67%,109,0.58,0.17,0.08,0.17,35%,25%,1/4,14,14,14,4,2,4
Champions Tour 2024: Pacific Kickoff,Group Stage,Elimination (B),NDG,Team Secret,killjoy,20,1.24,253,1.58,85%,161,0.95,0.25,0.1,0.05,23%,,0/2,19,19,12,5,2,1
Champions Tour 2024: Pacific Kickoff,Group Stage,Elimination (B),NDG,Team Secret,"cypher, killjoy",44,1.07,203,1.27,75%,133,0.75,0.2,0.09,0.11,27%,17%,1/6,19,33,26,9,4,5
Champions Tour 2024: Pacific Kickoff,Group Stage,Elimination (B),Jremy,Team Secret,jett,24,1.19,287,1.5,79%,180,1.13,0.13,0.21,0.17,30%,,,27,27,18,3,5,4
Champions Tour 2024: Pacific Kickoff,Group Stage,Elimination (B),Jremy,Team Secret,raze,20,1.31,237,1.73,70%,156,0.95,0.1,0.25,0.2,28%,100%,2/2,19,19,11,2,5,4
Champions Tour 2024: Pacific Kickoff,Group Stage,Elimination (B),Jremy,Team Secret,"jett, raze",44,1.25,262,1.59,75%,169,1.05,0.11,0.23,0.18,29%,100%,2/2,27,46,29,5,10,8
Champions Tour 2024: Pacific Kickoff,Group Stage,Elimination (B),invy,Team Secret,kayo,24,1.11,189,1.0,79%,124,0.63,0.42,0.04,0.0,22%,,0/3,15,15,15,10,1,0
Champions Tour 2024: Pacific Kickoff,Group Stage,Elimination (B),invy,Team Secret,viper,20,0.93,174,0.86,70%,112,0.6,0.3,0.05,0.1,20%,,0/1,12,12,14,6,1,2
Champions Tour 2024: Pacific Kickoff,Group Stage,Elimination (B),invy,Team Secret,"kayo, viper",44,1.02,182,0.93,75%,118,0.61,0.36,0.05,0.05,21%,,0/4,15,27,29,16,2,2
Champions Tour 2024: Pacific Kickoff,Group Stage,Elimination (B),BORKUM,Team Secret,omen,20,1.0,188,1.08,80%,121,0.65,0.3,0.05,0.05,32%,,,13,13,12,6,1,1
Champions Tour 2024: Pacific Kickoff,Group Stage,Elimination (B),BORKUM,Team Secret,viper,24,1.02,190,0.94,54%,140,0.63,0.33,0.17,0.13,28%,,0/2,15,15,16,8,4,3
Champions Tour 2024: Pacific Kickoff,Group Stage,Elimination (B),BORKUM,Team Secret,"omen, viper",44,1.01,189,1.0,66%,132,0.64,0.32,0.11,0.09,30%,,0/2,15,28,28,14,5,4
Champions Tour 2024: Pacific Kickoff,Group Stage,Elimination (B),JessieVash,Team Secret,skye,20,0.98,139,0.92,75%,93,0.55,0.2,0.1,0.05,31%,,0/3,11,11,12,4,2,1
Champions Tour 2024: Pacific Kickoff,Group Stage,Elimination (B),JessieVash,Team Secret,sova,24,1.03,169,0.93,67%,124,0.58,0.29,0.0,0.04,30%,40%,2/5,14,14,15,7,0,1
Champions Tour 2024: Pacific Kickoff,Group Stage,Elimination (B),JessieVash,Team Secret,"skye, sova",44,1.0,154,0.93,70%,110,0.57,0.25,0.05,0.05,31%,25%,2/8,14,25,27,11,2,2
Champions Tour 2024: Pacific Kickoff,Group Stage,Decider (B),NDG,Team Secret,cypher,21,1.09,185,1.17,95%,130,0.67,0.29,0.05,0.1,28%,50%,1/2,14,14,12,6,1,2
Champions Tour 2024: Pacific Kickoff,Group Stage,Decider (B),NDG,Team Secret,killjoy,20,1.16,222,1.08,100%,170,0.65,0.5,0.05,0.05,13%,,0/1,13,13,12,10,1,1
Champions Tour 2024: Pacific Kickoff,Group Stage,Decider (B),NDG,Team Secret,"cypher, killjoy",41,1.12,204,1.13,98%,149,0.66,0.39,0.05,0.07,17%,33%,1/3,14,27,24,16,2,3
Champions Tour 2024: Pacific Kickoff,Group Stage,Decider (B),Jremy,Team Secret,jett,41,1.19,220,1.36,78%,139,0.83,0.12,0.24,0.1,32%,,0/3,18,34,25,5,10,4
Champions Tour 2024: Pacific Kickoff,Group Stage,Decider (B),invy,Team Secret,kayo,41,1.49,276,1.96,83%,189,1.15,0.37,0.12,0.02,27%,,0/5,28,47,24,15,5,1
Champions Tour 2024: Pacific Kickoff,Group Stage,Decider (B),BORKUM,Team Secret,omen,20,1.28,158,0.83,80%,101,0.5,1.15,0.0,0.0,15%,,0/1,10,10,12,23,0,0
Champions Tour 2024: Pacific Kickoff,Group Stage,Decider (B),BORKUM,Team Secret,viper,21,1.56,308,1.85,86%,188,1.14,0.57,0.24,0.1,31%,,0/1,24,24,13,12,5,2
Champions Tour 2024: Pacific Kickoff,Group Stage,Decider (B),BORKUM,Team Secret,"omen, viper",41,1.42,233,1.36,83%,146,0.83,0.85,0.12,0.05,24%,,0/2,24,34,25,35,5,2
Champions Tour 2024: Pacific Kickoff,Group Stage,Decider (B),JessieVash,Team Secret,sova,41,1.12,193,1.17,83%,125,0.66,0.46,0.12,0.1,22%,40%,2/5,14,27,23,19,5,4
Champions Tour 2024: Pacific Kickoff,Group Stage,Decider (B),Crws,Talon Esports,harbor,21,0.37,75,0.28,43%,55,0.24,0.19,0.0,0.14,28%,,0/3,5,5,18,4,0,3
Champions Tour 2024: Pacific Kickoff,Group Stage,Decider (B),Crws,Talon Esports,omen,20,0.64,120,0.6,70%,76,0.45,0.3,0.05,0.0,31%,,0/3,9,9,15,6,1,0
Champions Tour 2024: Pacific Kickoff,Group Stage,Decider (B),Crws,Talon Esports,"harbor, omen",41,0.5,98,0.42,56%,65,0.34,0.24,0.02,0.07,30%,,0/6,9,14,33,10,1,3
Champions Tour 2024: Pacific Kickoff,Group Stage,Decider (B),Governor,Talon Esports,jett,20,0.71,188,0.65,65%,127,0.55,0.25,0.1,0.25,12%,,0/1,11,11,17,5,2,5
Champions Tour 2024: Pacific Kickoff,Group Stage,Decider (B),Governor,Talon Esports,neon,21,0.87,190,0.81,48%,121,0.62,0.19,0.05,0.29,18%,50%,2/4,13,13,16,4,1,6
Champions Tour 2024: Pacific Kickoff,Group Stage,Decider (B),Governor,Talon Esports,"jett, neon",41,0.79,189,0.73,56%,124,0.59,0.22,0.07,0.27,15%,40%,2/5,13,24,33,9,3,11
Champions Tour 2024: Pacific Kickoff,Group Stage,Decider (B),ban,Talon Esports,kayo,20,0.76,175,0.59,75%,123,0.5,0.35,0.1,0.1,16%,,,10,10,17,7,2,2
Champions Tour 2024: Pacific Kickoff,Group Stage,Decider (B),ban,Talon Esports,yoru,21,0.91,228,0.89,62%,137,0.76,0.19,0.24,0.19,28%,25%,1/4,16,16,18,4,5,4
Champions Tour 2024: Pacific Kickoff,Group Stage,Decider (B),ban,Talon Esports,"kayo, yoru",41,0.84,202,0.74,68%,130,0.63,0.27,0.17,0.15,22%,25%,1/4,16,26,35,11,7,6
Champions Tour 2024: Pacific Kickoff,Group Stage,Decider (B),JitBoyS,Talon Esports,killjoy,20,1.01,220,1.06,55%,156,0.85,0.05,0.1,0.15,31%,25%,1/4,17,17,16,1,2,3
Champions Tour 2024: Pacific Kickoff,Group Stage,Decider (B),JitBoyS,Talon Esports,viper,21,1.04,266,1.18,86%,170,0.95,0.14,0.0,0.05,48%,33%,2/6,20,20,17,3,0,1
Champions Tour 2024: Pacific Kickoff,Group Stage,Decider (B),JitBoyS,Talon Esports,"killjoy, viper",41,1.03,243,1.12,71%,163,0.9,0.1,0.05,0.1,38%,30%,3/10,20,37,33,4,2,4
Champions Tour 2024: Pacific Kickoff,Group Stage,Decider (B),lenne,Talon Esports,sova,41,0.65,154,0.57,66%,104,0.49,0.22,0.02,0.07,19%,14%,1/7,12,20,35,9,1,3
Champions Tour 2024: Pacific Kickoff,Group Stage,Opening (A),crazyguy,BLEED,breach,19,1.2,260,1.0,63%,153,0.84,0.42,0.16,0.05,38%,,0/2,16,16,16,8,3,1
Champions Tour 2024: Pacific Kickoff,Group Stage,Opening (A),crazyguy,BLEED,sova,34,0.64,150,0.6,53%,102,0.44,0.26,0.06,0.09,26%,,0/2,15,15,25,9,2,3
Champions Tour 2024: Pacific Kickoff,Group Stage,Opening (A),crazyguy,BLEED,"breach, sova",53,0.92,205,0.76,57%,120,0.58,0.32,0.09,0.08,32%,,0/4,16,31,41,17,5,4
Champions Tour 2024: Pacific Kickoff,Group Stage,Opening (A),Deryeon,BLEED,harbor,34,0.9,245,1.04,85%,154,0.85,0.18,0.18,0.03,27%,20%,1/5,29,29,28,6,6,1
Champions Tour 2024: Pacific Kickoff,Group Stage,Opening (A),Deryeon,BLEED,raze,19,0.51,120,0.4,58%,90,0.32,0.16,0.11,0.26,12%,,,6,6,15,3,2,5
Champions Tour 2024: Pacific Kickoff,Group Stage,Opening (A),Deryeon,BLEED,"harbor, raze",53,0.71,182,0.81,75%,131,0.66,0.17,0.15,0.11,23%,20%,1/5,29,35,43,9,8,6
Champions Tour 2024: Pacific Kickoff,Group Stage,Opening (A),Egoist,BLEED,killjoy,19,1.03,200,0.93,68%,141,0.68,0.11,0.16,0.11,22%,33%,1/3,13,13,14,2,3,2
Champions Tour 2024: Pacific Kickoff,Group Stage,Opening (A),Egoist,BLEED,skye,34,0.64,140,0.65,74%,90,0.5,0.26,0.06,0.06,27%,,0/4,17,17,26,9,2,2
Champions Tour 2024: Pacific Kickoff,Group Stage,Opening (A),Egoist,BLEED,"killjoy, skye",53,0.84,170,0.75,72%,108,0.57,0.21,0.09,0.08,24%,14%,1/7,17,30,40,11,5,4
Champions Tour 2024: Pacific Kickoff,Group Stage,Opening (A),yay,BLEED,neon,34,0.88,213,1.04,71%,130,0.79,0.18,0.18,0.21,26%,100%,1/1,27,27,26,6,6,7
Champions Tour 2024: Pacific Kickoff,Group Stage,Opening (A),yay,BLEED,skye,19,0.81,183,0.69,74%,136,0.58,0.32,0.0,0.05,35%,,0/1,11,11,16,6,0,1
Champions Tour 2024: Pacific Kickoff,Group Stage,Opening (A),yay,BLEED,"neon, skye",53,0.84,198,0.9,72%,132,0.72,0.23,0.11,0.15,29%,50%,1/2,27,38,42,12,6,8
Champions Tour 2024: Pacific Kickoff,Group Stage,Opening (A),sScary,BLEED,omen,19,0.92,196,0.93,58%,124,0.68,0.26,0.0,0.11,15%,13%,1/8,13,13,14,5,0,2
Champions Tour 2024: Pacific Kickoff,Group Stage,Opening (A),sScary,BLEED,viper,34,1.14,215,1.33,82%,152,0.82,0.29,0.09,0.06,27%,27%,3/11,28,28,21,10,3,2
Champions Tour 2024: Pacific Kickoff,Group Stage,Opening (A),sScary,BLEED,"omen, viper",53,1.03,206,1.17,74%,142,0.77,0.28,0.06,0.08,21%,21%,4/19,28,41,35,15,3,4
Champions Tour 2024: Pacific Kickoff,Group Stage,Opening (A),SugarZ3ro,ZETA DIVISION,brimstone,23,1.23,228,1.36,78%,153,0.83,0.43,0.04,0.04,26%,,0/1,19,19,14,10,1,1
Champions Tour 2024: Pacific Kickoff,Group Stage,Opening (A),SugarZ3ro,ZETA DIVISION,harbor,20,1.12,107,1.0,85%,71,0.35,0.4,0.0,0.15,25%,,0/2,7,7,7,8,0,3
Champions Tour 2024: Pacific Kickoff,Group Stage,Opening (A),SugarZ3ro,ZETA DIVISION,"brimstone, harbor",43,1.18,168,1.24,81%,115,0.6,0.42,0.02,0.09,26%,,0/3,19,26,21,18,1,4
Champions Tour 2024: Pacific Kickoff,Group Stage,Opening (A),Laz,ZETA DIVISION,cypher,23,0.85,176,0.94,61%,114,0.7,0.17,0.13,0.0,28%,,0/3,16,16,17,4,3,0
Champions Tour 2024: Pacific Kickoff,Group Stage,Opening (A),Laz,ZETA DIVISION,killjoy,20,1.01,161,1.2,75%,118,0.6,0.1,0.1,0.15,37%,,,12,12,10,2,2,3
Champions Tour 2024: Pacific Kickoff,Group Stage,Opening (A),Laz,ZETA DIVISION,"cypher, killjoy",43,0.93,168,1.04,67%,116,0.65,0.14,0.12,0.07,31%,,0/3,16,28,27,6,5,3
Champions Tour 2024: Pacific Kickoff,Group Stage,Opening (A),Dep,ZETA DIVISION,jett,20,1.26,231,1.31,75%,140,0.85,0.25,0.15,0.1,22%,,0/1,17,17,13,5,3,2
Champions Tour 2024: Pacific Kickoff,Group Stage,Opening (A),Dep,ZETA DIVISION,raze,23,1.15,243,1.33,70%,166,0.87,0.04,0.17,0.17,33%,,0/1,20,20,15,1,4,4
Champions Tour 2024: Pacific Kickoff,Group Stage,Opening (A),Dep,ZETA DIVISION,"jett, raze",43,1.2,237,1.32,72%,154,0.86,0.14,0.16,0.14,27%,,0/2,20,37,28,6,7,6
Champions Tour 2024: Pacific Kickoff,Group Stage,Opening (A),hiroronn,ZETA DIVISION,skye,23,1.05,181,1.17,70%,116,0.61,0.26,0.09,0.04,24%,,0/3,14,14,12,6,2,1
Champions Tour 2024: Pacific Kickoff,Group Stage,Opening (A),hiroronn,ZETA DIVISION,sova,20,1.6,245,2.0,75%,197,0.9,0.5,0.0,0.15,29%,,0/1,18,18,9,10,0,3
Champions Tour 2024: Pacific Kickoff,Group Stage,Opening (A),hiroronn,ZETA DIVISION,"skye, sova",43,1.33,213,1.52,72%,154,0.74,0.37,0.05,0.09,27%,,0/4,18,32,21,16,2,4
Champions Tour 2024: Pacific Kickoff,Group Stage,Opening (A),yuran,ZETA DIVISION,viper,43,1.37,240,1.65,74%,159,0.88,0.28,0.16,0.09,28%,33%,1/3,20,38,23,12,7,4
Champions Tour 2024: Pacific Kickoff,Group Stage,Opening (A),xccurate,T1,chamber,19,1.04,187,1.4,79%,117,0.74,0.11,0.0,0.05,17%,,0/4,14,14,10,2,0,1
Champions Tour 2024: Pacific Kickoff,Group Stage,Opening (A),xccurate,T1,harbor,34,1.22,254,1.21,71%,169,0.85,0.21,0.03,0.06,29%,,0/5,29,29,24,7,1,2
Champions Tour 2024: Pacific Kickoff,Group Stage,Opening (A),xccurate,T1,"chamber, harbor",53,1.13,220,1.26,74%,150,0.81,0.17,0.02,0.06,26%,,0/9,29,43,34,9,1,3
Champions Tour 2024: Pacific Kickoff,Group Stage,Opening (A),Carpe,T1,fade,19,1.47,294,2.0,79%,187,1.05,0.42,0.16,0.0,20%,100%,2/2,20,20,10,8,3,0
Champions Tour 2024: Pacific Kickoff,Group Stage,Opening (A),Carpe,T1,sova,34,1.12,203,0.92,82%,131,0.68,0.32,0.09,0.09,28%,,0/3,23,23,25,11,3,3
Champions Tour 2024: Pacific Kickoff,Group Stage,Opening (A),Carpe,T1,"fade, sova",53,1.29,248,1.23,81%,151,0.81,0.36,0.11,0.06,24%,40%,2/5,23,43,35,19,6,3
Champions Tour 2024: Pacific Kickoff,Group Stage,Opening (A),Sayaplayer,T1,jett,34,1.48,284,1.71,79%,191,1.06,0.03,0.24,0.12,36%,100%,1/1,36,36,21,1,8,4
Champions Tour 2024: Pacific Kickoff,Group Stage,Opening (A),Sayaplayer,T1,raze,19,0.54,126,0.57,58%,92,0.42,0.21,0.11,0.21,35%,,,8,8,14,4,2,4
Champions Tour 2024: Pacific Kickoff,Group Stage,Opening (A),Sayaplayer,T1,"jett, raze",53,1.01,205,1.26,72%,155,0.83,0.09,0.19,0.15,36%,100%,1/1,36,44,35,5,10,8
Champions Tour 2024: Pacific Kickoff,Group Stage,Opening (A),iZu,T1,omen,19,1.2,229,1.42,74%,151,0.89,0.47,0.11,0.11,39%,,0/1,17,17,12,9,2,2
Champions Tour 2024: Pacific Kickoff,Group Stage,Opening (A),iZu,T1,yoru,34,1.01,194,0.92,68%,136,0.65,0.26,0.09,0.24,26%,33%,1/3,22,22,24,9,3,8
Champions Tour 2024: Pacific Kickoff,Group Stage,Opening (A),iZu,T1,"omen, yoru",53,1.11,212,1.08,70%,141,0.74,0.34,0.09,0.19,30%,25%,1/4,22,39,36,18,5,10
Champions Tour 2024: Pacific Kickoff,Group Stage,Opening (A),Rossy,T1,viper,53,1.11,204,0.91,72%,124,0.6,0.4,0.08,0.06,19%,,0/6,16,32,35,21,4,3
Champions Tour 2024: Pacific Kickoff,Group Stage,Opening (A),Benkai,Global Esports,cypher,23,0.92,156,0.87,61%,112,0.57,0.17,0.0,0.09,30%,50%,2/4,13,13,15,4,0,2
Champions Tour 2024: Pacific Kickoff,Group Stage,Opening (A),Benkai,Global Esports,killjoy,20,0.44,69,0.29,45%,55,0.2,0.05,0.0,0.15,17%,25%,1/4,4,4,14,1,0,3
Champions Tour 2024: Pacific Kickoff,Group Stage,Opening (A),Benkai,Global Esports,"cypher, killjoy",43,0.68,112,0.59,53%,85,0.4,0.12,0.0,0.12,24%,38%,3/8,13,17,29,5,0,5
Champions Tour 2024: Pacific Kickoff,Group Stage,Opening (A),blaZek1ng,Global Esports,gekko,23,0.87,185,0.79,74%,128,0.65,0.04,0.04,0.13,37%,,0/3,15,15,19,1,1,3
Champions Tour 2024: Pacific Kickoff,Group Stage,Opening (A),blaZek1ng,Global Esports,sova,20,0.71,145,0.64,70%,105,0.45,0.3,0.05,0.0,40%,,0/3,9,9,14,6,1,0
Champions Tour 2024: Pacific Kickoff,Group Stage,Opening (A),blaZek1ng,Global Esports,"gekko, sova",43,0.79,165,0.73,72%,117,0.56,0.16,0.05,0.07,38%,,0/6,15,24,33,7,2,3
Champions Tour 2024: Pacific Kickoff,Group Stage,Opening (A),Polvi,Global Esports,jett,20,1.08,232,1.07,75%,161,0.8,0.0,0.35,0.15,27%,,0/2,16,16,15,0,7,3
Champions Tour 2024: Pacific Kickoff,Group Stage,Opening (A),Polvi,Global Esports,raze,23,0.78,210,0.79,61%,145,0.65,0.13,0.17,0.22,18%,,,15,15,19,3,4,5
Champions Tour 2024: Pacific Kickoff,Group Stage,Opening (A),Polvi,Global Esports,"jett, raze",43,0.93,221,0.91,67%,152,0.72,0.07,0.26,0.19,21%,,0/2,16,31,34,3,11,8
Champions Tour 2024: Pacific Kickoff,Group Stage,Opening (A),Russ,Global Esports,kayo,43,0.66,144,0.66,65%,88,0.49,0.3,0.07,0.05,23%,,0/5,15,21,32,13,3,2
Champions Tour 2024: Pacific Kickoff,Group Stage,Opening (A),Lightningfast,Global Esports,viper,43,0.79,182,0.82,60%,117,0.63,0.12,0.12,0.09,35%,14%,1/7,14,27,33,5,5,4
Champions Tour 2024: Pacific Kickoff,Group Stage,Winner's (A),yuran,ZETA DIVISION,breach,20,0.85,158,0.67,85%,108,0.5,0.45,0.05,0.0,22%,,0/4,10,10,15,9,1,0
Champions Tour 2024: Pacific Kickoff,Group Stage,Winner's (A),yuran,ZETA DIVISION,sova,24,1.07,208,0.94,71%,144,0.71,0.46,0.08,0.04,25%,,0/4,17,17,18,11,2,1
Champions Tour 2024: Pacific Kickoff,Group Stage,Winner's (A),yuran,ZETA DIVISION,viper,17,0.38,132,0.41,41%,70,0.41,0.29,0.0,0.18,19%,,0/1,7,7,17,5,0,3
Champions Tour 2024: Pacific Kickoff,Group Stage,Winner's (A),yuran,ZETA DIVISION,"breach, sova, viper",61,0.77,166,0.68,67%,111,0.56,0.41,0.05,0.07,23%,,0/9,17,34,50,25,3,4
Champions Tour 2024: Pacific Kickoff,Group Stage,Winner's (A),Laz,ZETA DIVISION,cypher,20,0.54,117,0.44,50%,87,0.4,0.1,0.0,0.05,33%,,0/4,8,8,18,2,0,1
Champions Tour 2024: Pacific Kickoff,Group Stage,Winner's (A),Laz,ZETA DIVISION,killjoy,41,0.93,198,0.86,73%,142,0.61,0.27,0.02,0.07,20%,29%,2/7,15,25,29,11,1,3
Champions Tour 2024: Pacific Kickoff,Group Stage,Winner's (A),Laz,ZETA DIVISION,"cypher, killjoy",61,0.8,171,0.7,66%,124,0.54,0.21,0.02,0.07,22%,18%,2/11,15,33,47,13,1,4
Champions Tour 2024: Pacific Kickoff,Group Stage,Winner's (A),hiroronn,ZETA DIVISION,fade,37,0.72,162,0.76,54%,109,0.59,0.22,0.11,0.19,37%,25%,1/4,15,22,29,8,4,7
Champions Tour 2024: Pacific Kickoff,Group Stage,Winner's (A),hiroronn,ZETA DIVISION,kayo,24,0.85,201,0.79,63%,129,0.63,0.58,0.08,0.21,26%,,0/2,15,15,19,14,2,5
Champions Tour 2024: Pacific Kickoff,Group Stage,Winner's (A),hiroronn,ZETA DIVISION,"fade, kayo",61,0.77,175,0.77,57%,117,0.61,0.36,0.1,0.2,31%,17%,1/6,15,37,48,22,6,12
Champions Tour 2024: Pacific Kickoff,Group Stage,Winner's (A),Dep,ZETA DIVISION,jett,24,1.15,265,1.33,71%,155,1.0,0.04,0.38,0.08,37%,,0/2,24,24,18,1,9,2
Champions Tour 2024: Pacific Kickoff,Group Stage,Winner's (A),Dep,ZETA DIVISION,raze,37,0.94,218,0.96,59%,143,0.73,0.19,0.16,0.3,20%,20%,1/5,16,27,28,7,6,11
Champions Tour 2024: Pacific Kickoff,Group Stage,Winner's (A),Dep,ZETA DIVISION,"jett, raze",61,1.01,233,1.11,64%,148,0.84,0.13,0.25,0.21,25%,14%,1/7,24,51,46,8,15,13
Champions Tour 2024: Pacific Kickoff,Group Stage,Winner's (A),SugarZ3ro,ZETA DIVISION,omen,61,0.94,163,0.88,59%,109,0.59,0.39,0.0,0.05,33%,,0/8,17,36,41,24,0,3
Champions Tour 2024: Pacific Kickoff,Group Stage,Winner's (A),xccurate,T1,chamber,17,1.71,359,2.44,76%,219,1.29,0.24,0.35,0.0,26%,,,22,22,9,4,6,0
Champions Tour 2024: Pacific Kickoff,Group Stage,Winner's (A),xccurate,T1,cypher,44,1.08,216,1.13,73%,138,0.8,0.18,0.09,0.07,29%,,0/3,18,35,31,8,4,3
Champions Tour 2024: Pacific Kickoff,Group Stage,Winner's (A),xccurate,T1,"chamber, cypher",61,1.29,263,1.43,74%,160,0.93,0.2,0.16,0.05,28%,,0/3,22,57,40,12,10,3
Champions Tour 2024: Pacific Kickoff,Group Stage,Winner's (A),Carpe,T1,fade,41,0.81,144,0.58,78%,100,0.44,0.44,0.07,0.15,17%,,0/1,10,18,31,18,3,6
Champions Tour 2024: Pacific Kickoff,Group Stage,Winner's (A),Carpe,T1,sova,20,1.09,238,1.31,85%,158,0.85,0.2,0.15,0.05,28%,50%,1/2,17,17,13,4,3,1
Champions Tour 2024: Pacific Kickoff,Group Stage,Winner's (A),Carpe,T1,"fade, sova",61,0.91,175,0.8,80%,119,0.57,0.36,0.1,0.11,20%,33%,1/3,17,35,44,22,6,7
Champions Tour 2024: Pacific Kickoff,Group Stage,Winner's (A),Sayaplayer,T1,jett,24,1.09,221,1.25,71%,143,0.83,0.04,0.13,0.17,43%,,0/2,20,20,16,1,3,4
Champions Tour 2024: Pacific Kickoff,Group Stage,Winner's (A),Sayaplayer,T1,raze,37,1.32,222,1.63,81%,153,0.84,0.11,0.19,0.14,32%,20%,1/5,18,31,19,4,7,5
Champions Tour 2024: Pacific Kickoff,Group Stage,Winner's (A),Sayaplayer,T1,"jett, raze",61,1.24,222,1.46,77%,149,0.84,0.08,0.16,0.15,35%,14%,1/7,20,51,35,5,10,9
Champions Tour 2024: Pacific Kickoff,Group Stage,Winner's (A),iZu,T1,omen,61,1.12,194,1.11,80%,121,0.67,0.51,0.1,0.05,28%,13%,1/8,16,41,37,31,6,3
Champions Tour 2024: Pacific Kickoff,Group Stage,Winner's (A),Rossy,T1,viper,61,1.16,211,1.37,80%,126,0.79,0.2,0.07,0.05,17%,40%,4/10,20,48,35,12,4,3
Champions Tour 2024: Pacific Kickoff,Group Stage,Elimination (A),Russ,Global Esports,breach,24,0.97,167,0.93,63%,111,0.58,0.29,0.04,0.13,30%,67%,2/3,14,14,15,7,1,3
Champions Tour 2024: Pacific Kickoff,Group Stage,Elimination (A),Russ,Global Esports,gekko,22,0.86,143,0.86,73%,90,0.55,0.18,0.0,0.05,52%,,0/4,12,12,14,4,0,1
Champions Tour 2024: Pacific Kickoff,Group Stage,Elimination (A),Russ,Global Esports,kayo,23,1.26,234,1.21,83%,149,0.74,0.7,0.22,0.13,30%,,0/2,17,17,14,16,5,3
Champions Tour 2024: Pacific Kickoff,Group Stage,Elimination (A),Russ,Global Esports,"breach, gekko, kayo",69,1.03,181,1.0,72%,117,0.62,0.39,0.09,0.1,35%,22%,2/9,17,43,43,27,6,7
Champions Tour 2024: Pacific Kickoff,Group Stage,Elimination (A),Benkai,Global Esports,cypher,24,1.48,279,2.0,79%,178,1.08,0.0,0.04,0.04,27%,,0/3,26,26,13,0,1,1
Champions Tour 2024: Pacific Kickoff,Group Stage,Elimination (A),Benkai,Global Esports,killjoy,23,0.96,175,1.07,70%,120,0.65,0.09,0.0,0.09,30%,,0/5,15,15,14,2,0,2
Champions Tour 2024: Pacific Kickoff,Group Stage,Elimination (A),Benkai,Global Esports,viper,22,0.89,197,0.81,73%,122,0.59,0.36,0.14,0.05,24%,,0/2,13,13,16,8,3,1
Champions Tour 2024: Pacific Kickoff,Group Stage,Elimination (A),Benkai,Global Esports,"cypher, killjoy, viper",69,1.11,217,1.26,74%,141,0.78,0.14,0.06,0.06,27%,,0/10,26,54,43,10,4,4
Champions Tour 2024: Pacific Kickoff,Group Stage,Elimination (A),blaZek1ng,Global Esports,fade,22,1.43,292,2.18,59%,175,1.09,0.36,0.09,0.14,20%,100%,1/1,24,24,11,8,2,3
Champions Tour 2024: Pacific Kickoff,Group Stage,Elimination (A),blaZek1ng,Global Esports,gekko,24,0.94,196,1.21,79%,127,0.71,0.21,0.0,0.08,31%,,0/2,17,17,14,5,0,2
Champions Tour 2024: Pacific Kickoff,Group Stage,Elimination (A),blaZek1ng,Global Esports,sova,23,1.02,196,0.94,78%,136,0.65,0.3,0.09,0.09,27%,,0/3,15,15,16,7,2,2
Champions Tour 2024: Pacific Kickoff,Group Stage,Elimination (A),blaZek1ng,Global Esports,"fade, gekko, sova",69,1.13,228,1.37,72%,145,0.81,0.29,0.06,0.1,25%,17%,1/6,24,56,41,20,4,7
Champions Tour 2024: Pacific Kickoff,Group Stage,Elimination (A),Polvi,Global Esports,jett,23,0.84,192,0.74,74%,122,0.61,0.22,0.17,0.17,20%,,0/2,14,14,19,5,4,4
Champions Tour 2024: Pacific Kickoff,Group Stage,Elimination (A),Polvi,Global Esports,raze,46,0.97,213,0.91,70%,149,0.7,0.17,0.28,0.2,23%,,0/2,16,32,35,8,13,9
Champions Tour 2024: Pacific Kickoff,Group Stage,Elimination (A),Polvi,Global Esports,"jett, raze",69,0.92,206,0.85,71%,140,0.67,0.19,0.25,0.19,22%,,0/4,16,46,54,13,17,13
Champions Tour 2024: Pacific Kickoff,Group Stage,Elimination (A),Lightningfast,Global Esports,omen,46,0.88,136,0.79,70%,96,0.48,0.3,0.07,0.04,33%,,0/3,13,22,28,14,3,2
Champions Tour 2024: Pacific Kickoff,Group Stage,Elimination (A),Lightningfast,Global Esports,viper,23,0.72,145,0.76,74%,98,0.57,0.17,0.0,0.04,59%,,,13,13,17,4,0,1
Champions Tour 2024: Pacific Kickoff,Group Stage,Elimination (A),Lightningfast,Global Esports,"omen, viper",69,0.83,139,0.78,71%,96,0.51,0.26,0.04,0.04,40%,,0/3,13,35,45,18,3,3
Champions Tour 2024: Pacific Kickoff,Group Stage,Elimination (A),Egoist,BLEED,cypher,46,1.28,229,1.52,78%,141,0.89,0.22,0.07,0.04,31%,38%,3/8,27,41,27,10,3,2
Champions Tour 2024: Pacific Kickoff,Group Stage,Elimination (A),Egoist,BLEED,killjoy,23,1.04,244,1.11,78%,169,0.87,0.3,0.09,0.04,21%,,0/2,20,20,18,7,2,1
Champions Tour 2024: Pacific Kickoff,Group Stage,Elimination (A),Egoist,BLEED,"cypher, killjoy",69,1.2,234,1.36,78%,150,0.88,0.25,0.07,0.04,27%,30%,3/10,27,61,45,17,5,3
Champions Tour 2024: Pacific Kickoff,Group Stage,Elimination (A),Deryeon,BLEED,harbor,23,1.21,185,1.14,70%,143,0.7,0.35,0.0,0.09,25%,50%,1/2,16,16,14,8,0,2
Champions Tour 2024: Pacific Kickoff,Group Stage,Elimination (A),Deryeon,BLEED,raze,46,1.08,281,1.11,70%,163,0.91,0.22,0.28,0.17,16%,,0/4,23,42,38,10,13,8
Champions Tour 2024: Pacific Kickoff,Group Stage,Elimination (A),Deryeon,BLEED,"harbor, raze",69,1.12,249,1.12,70%,156,0.84,0.26,0.19,0.14,19%,17%,1/6,23,58,52,18,13,10
Champions Tour 2024: Pacific Kickoff,Group Stage,Elimination (A),yay,BLEED,jett,23,0.94,204,1.0,65%,146,0.74,0.26,0.13,0.17,27%,,0/1,17,17,17,6,3,4
Champions Tour 2024: Pacific Kickoff,Group Stage,Elimination (A),yay,BLEED,viper,46,0.71,120,0.56,63%,80,0.39,0.26,0.02,0.09,27%,,0/4,12,18,32,12,1,4
Champions Tour 2024: Pacific Kickoff,Group Stage,Elimination (A),yay,BLEED,"jett, viper",69,0.79,148,0.71,64%,102,0.51,0.26,0.06,0.12,27%,,0/5,17,35,49,18,4,8
Champions Tour 2024: Pacific Kickoff,Group Stage,Elimination (A),sScary,BLEED,omen,46,1.02,171,0.87,74%,112,0.57,0.48,0.09,0.11,25%,,0/9,15,26,30,22,4,5
Champions Tour 2024: Pacific Kickoff,Group Stage,Elimination (A),sScary,BLEED,viper,23,1.23,136,1.25,91%,107,0.43,0.43,0.13,0.04,29%,50%,3/6,10,10,8,10,3,1
Champions Tour 2024: Pacific Kickoff,Group Stage,Elimination (A),sScary,BLEED,"omen, viper",69,1.09,159,0.95,80%,110,0.52,0.46,0.1,0.09,26%,20%,3/15,15,36,38,32,7,6
Champions Tour 2024: Pacific Kickoff,Group Stage,Elimination (A),crazyguy,BLEED,skye,24,0.66,94,0.47,63%,74,0.29,0.29,0.0,0.17,28%,,,7,7,15,7,0,4
Champions Tour 2024: Pacific Kickoff,Group Stage,Elimination (A),crazyguy,BLEED,sova,45,0.86,186,0.8,67%,126,0.62,0.22,0.13,0.09,32%,,0/1,17,28,35,10,6,4
Champions Tour 2024: Pacific Kickoff,Group Stage,Elimination (A),crazyguy,BLEED,"skye, sova",69,0.79,155,0.7,65%,108,0.51,0.25,0.09,0.12,31%,,0/1,17,35,50,17,6,8
Champions Tour 2024: Pacific Kickoff,Group Stage,Decider (A),SugarZ3ro,ZETA DIVISION,brimstone,21,0.73,104,0.54,62%,79,0.33,0.43,0.05,0.19,22%,,0/1,7,7,13,9,1,4
Champions Tour 2024: Pacific Kickoff,Group Stage,Decider (A),SugarZ3ro,ZETA DIVISION,omen,16,1.21,118,1.5,81%,85,0.56,0.56,0.0,0.0,35%,100%,1/1,9,9,6,9,0,0
Champions Tour 2024: Pacific Kickoff,Group Stage,Decider (A),SugarZ3ro,ZETA DIVISION,"brimstone, omen",37,0.97,111,0.84,70%,82,0.43,0.49,0.03,0.11,28%,50%,1/2,9,16,19,18,1,4
Champions Tour 2024: Pacific Kickoff,Group Stage,Decider (A),Laz,ZETA DIVISION,cypher,21,1.29,190,2.0,67%,126,0.76,0.33,0.05,0.05,29%,,0/1,16,16,8,7,1,1
Champions Tour 2024: Pacific Kickoff,Group Stage,Decider (A),Laz,ZETA DIVISION,killjoy,16,1.4,252,2.29,94%,157,1.0,0.06,0.13,0.06,25%,,0/1,16,16,7,1,2,1
Champions Tour 2024: Pacific Kickoff,Group Stage,Decider (A),Laz,ZETA DIVISION,"cypher, killjoy",37,1.34,221,2.13,78%,139,0.86,0.22,0.08,0.05,27%,,0/2,16,32,15,8,3,2
Champions Tour 2024: Pacific Kickoff,Group Stage,Decider (A),hiroronn,ZETA DIVISION,fade,16,1.33,141,1.8,81%,101,0.56,0.25,0.13,0.06,33%,,0/1,9,9,5,4,2,1
Champions Tour 2024: Pacific Kickoff,Group Stage,Decider (A),hiroronn,ZETA DIVISION,skye,21,1.17,207,1.7,76%,125,0.81,0.14,0.05,0.05,39%,,,17,17,10,3,1,1
Champions Tour 2024: Pacific Kickoff,Group Stage,Decider (A),hiroronn,ZETA DIVISION,"fade, skye",37,1.25,174,1.73,78%,115,0.7,0.19,0.08,0.05,37%,,0/1,17,26,15,7,3,2
Champions Tour 2024: Pacific Kickoff,Group Stage,Decider (A),Dep,ZETA DIVISION,raze,37,1.44,338,2.09,84%,218,1.24,0.16,0.35,0.08,25%,,0/3,27,46,22,6,13,3
Champions Tour 2024: Pacific Kickoff,Group Stage,Decider (A),yuran,ZETA DIVISION,viper,37,1.29,248,1.68,78%,156,0.86,0.19,0.14,0.03,35%,,0/2,17,32,19,7,5,1
Champions Tour 2024: Pacific Kickoff,Group Stage,Decider (A),Benkai,Global Esports,cypher,37,0.76,162,0.62,54%,97,0.49,0.14,0.0,0.16,22%,20%,1/5,11,18,29,5,0,6
Champions Tour 2024: Pacific Kickoff,Group Stage,Decider (A),blaZek1ng,Global Esports,fade,16,0.84,152,0.67,56%,124,0.5,0.13,0.0,0.13,43%,,0/6,8,8,12,2,0,2
Champions Tour 2024: Pacific Kickoff,Group Stage,Decider (A),blaZek1ng,Global Esports,gekko,21,0.9,149,0.64,57%,105,0.43,0.19,0.1,0.05,26%,10%,1/10,9,9,14,4,2,1
Champions Tour 2024: Pacific Kickoff,Group Stage,Decider (A),blaZek1ng,Global Esports,"fade, gekko",37,0.87,150,0.65,57%,113,0.46,0.16,0.05,0.08,32%,6%,1/16,9,17,26,6,2,3
Champions Tour 2024: Pacific Kickoff,Group Stage,Decider (A),Russ,Global Esports,gekko,16,0.68,176,0.67,63%,108,0.63,0.19,0.06,0.19,36%,,0/2,10,10,15,3,1,3
Champions Tour 2024: Pacific Kickoff,Group Stage,Decider (A),Russ,Global Esports,kayo,21,0.68,137,0.59,52%,76,0.48,0.29,0.05,0.1,38%,,0/2,10,10,17,6,1,2
Champions Tour 2024: Pacific Kickoff,Group Stage,Decider (A),Russ,Global Esports,"gekko, kayo",37,0.68,156,0.63,57%,90,0.54,0.24,0.05,0.14,37%,,0/4,10,20,32,9,2,5
Champions Tour 2024: Pacific Kickoff,Group Stage,Decider (A),Lightningfast,Global Esports,omen,16,0.59,97,0.38,56%,55,0.31,0.25,0.06,0.06,22%,,0/2,5,5,13,4,1,1
Champions Tour 2024: Pacific Kickoff,Group Stage,Decider (A),Lightningfast,Global Esports,viper,21,0.8,197,0.68,52%,143,0.62,0.29,0.0,0.05,44%,33%,1/3,13,13,19,6,0,1
Champions Tour 2024: Pacific Kickoff,Group Stage,Decider (A),Lightningfast,Global Esports,"omen, viper",37,0.69,147,0.56,54%,105,0.49,0.27,0.03,0.05,38%,20%,1/5,13,18,32,10,1,2
Champions Tour 2024: Pacific Kickoff,Group Stage,Decider (A),Polvi,Global Esports,raze,37,0.61,160,0.52,43%,109,0.46,0.14,0.19,0.24,16%,,,11,17,33,5,7,9
Champions Tour 2024: Pacific Kickoff,Group Stage,Opening (C),Karon,Gen.G,astra,24,1.11,223,1.12,83%,131,0.79,0.38,0.13,0.04,46%,,0/5,19,19,17,9,3,1
Champions Tour 2024: Pacific Kickoff,Group Stage,Opening (C),Karon,Gen.G,omen,21,0.53,81,0.31,67%,59,0.24,0.33,0.0,0.1,21%,25%,1/4,5,5,16,7,0,2
Champions Tour 2024: Pacific Kickoff,Group Stage,Opening (C),Karon,Gen.G,viper,24,0.87,136,0.65,67%,100,0.46,0.25,0.17,0.13,46%,50%,1/2,11,11,17,6,4,3
Champions Tour 2024: Pacific Kickoff,Group Stage,Opening (C),Karon,Gen.G,"astra, omen, viper",69,0.84,147,0.7,72%,98,0.51,0.32,0.1,0.09,39%,18%,2/11,19,35,50,22,7,6
Champions Tour 2024: Pacific Kickoff,Group Stage,Opening (C),Meteor,Gen.G,cypher,21,0.83,226,1.12,71%,150,0.9,0.14,0.14,0.0,41%,,0/1,19,19,17,3,3,0
Champions Tour 2024: Pacific Kickoff,Group Stage,Opening (C),Meteor,Gen.G,jett,24,1.17,257,1.41,75%,146,1.0,0.13,0.29,0.13,20%,,0/1,24,24,17,3,7,3
Champions Tour 2024: Pacific Kickoff,Group Stage,Opening (C),Meteor,Gen.G,killjoy,24,1.17,238,1.5,75%,150,0.88,0.04,0.13,0.08,32%,25%,1/4,21,21,14,1,3,2
Champions Tour 2024: Pacific Kickoff,Group Stage,Opening (C),Meteor,Gen.G,"cypher, jett, killjoy",69,1.05,240,1.33,74%,149,0.93,0.1,0.19,0.07,31%,17%,1/6,24,64,48,7,13,5
Champions Tour 2024: Pacific Kickoff,Group Stage,Opening (C),Lakia,Gen.G,gekko,24,0.49,89,0.39,67%,73,0.29,0.17,0.04,0.08,19%,,0/1,7,7,18,4,1,2
Champions Tour 2024: Pacific Kickoff,Group Stage,Opening (C),Lakia,Gen.G,skye,45,1.18,210,1.0,80%,142,0.69,0.62,0.09,0.07,30%,33%,2/6,17,31,31,28,4,3
Champions Tour 2024: Pacific Kickoff,Group Stage,Opening (C),Lakia,Gen.G,"gekko, skye",69,0.95,170,0.78,75%,118,0.55,0.46,0.07,0.07,27%,29%,2/7,17,38,49,32,5,5
Champions Tour 2024: Pacific Kickoff,Group Stage,Opening (C),t3xture,Gen.G,jett,24,1.54,377,2.06,79%,244,1.38,0.04,0.29,0.08,31%,20%,1/5,33,33,16,1,7,2
Champions Tour 2024: Pacific Kickoff,Group Stage,Opening (C),t3xture,Gen.G,raze,45,1.2,280,1.3,71%,184,0.96,0.2,0.2,0.11,22%,33%,1/3,27,43,33,9,9,5
Champions Tour 2024: Pacific Kickoff,Group Stage,Opening (C),t3xture,Gen.G,"jett, raze",69,1.31,312,1.55,74%,205,1.1,0.14,0.23,0.1,25%,25%,2/8,33,76,49,10,16,7
Champions Tour 2024: Pacific Kickoff,Group Stage,Opening (C),Munchkin,Gen.G,kayo,24,1.02,185,0.88,83%,113,0.63,0.67,0.0,0.0,17%,,0/2,15,15,17,16,0,0
Champions Tour 2024: Pacific Kickoff,Group Stage,Opening (C),Munchkin,Gen.G,viper,45,1.04,193,0.97,78%,130,0.67,0.49,0.04,0.07,11%,17%,1/6,16,30,31,22,2,3
Champions Tour 2024: Pacific Kickoff,Group Stage,Opening (C),Munchkin,Gen.G,"kayo, viper",69,1.03,190,0.94,80%,124,0.65,0.55,0.03,0.04,13%,13%,1/8,16,45,48,38,2,3
Champions Tour 2024: Pacific Kickoff,Group Stage,Opening (C),xffero,Rex Regum Qeon,astra,24,0.83,207,0.71,67%,133,0.63,0.33,0.13,0.04,20%,,0/1,15,15,21,8,3,1
Champions Tour 2024: Pacific Kickoff,Group Stage,Opening (C),xffero,Rex Regum Qeon,harbor,21,0.92,175,0.94,71%,98,0.71,0.43,0.0,0.1,26%,33%,1/3,15,15,16,9,0,2
Champions Tour 2024: Pacific Kickoff,Group Stage,Opening (C),xffero,Rex Regum Qeon,viper,24,1.21,269,1.29,79%,176,0.92,0.5,0.04,0.08,28%,,0/5,22,22,17,12,1,2
Champions Tour 2024: Pacific Kickoff,Group Stage,Opening (C),xffero,Rex Regum Qeon,"astra, harbor, viper",69,0.99,217,0.96,72%,137,0.75,0.42,0.06,0.07,24%,11%,1/9,22,52,54,29,4,5
Champions Tour 2024: Pacific Kickoff,Group Stage,Opening (C),Lmemore,Rex Regum Qeon,cypher,45,0.89,176,0.94,62%,119,0.67,0.11,0.09,0.18,37%,33%,1/3,20,30,32,5,4,8
Champions Tour 2024: Pacific Kickoff,Group Stage,Opening (C),Lmemore,Rex Regum Qeon,killjoy,24,0.86,219,0.9,63%,148,0.75,0.08,0.08,0.17,38%,,,18,18,20,2,2,4
Champions Tour 2024: Pacific Kickoff,Group Stage,Opening (C),Lmemore,Rex Regum Qeon,"cypher, killjoy",69,0.88,190,0.92,62%,129,0.7,0.1,0.09,0.17,37%,33%,1/3,20,48,52,7,6,12
Champions Tour 2024: Pacific Kickoff,Group Stage,Opening (C),Estrella,Rex Regum Qeon,fade,21,1.27,245,1.46,71%,156,0.9,0.38,0.05,0.05,36%,,0/6,19,19,13,8,1,1
Champions Tour 2024: Pacific Kickoff,Group Stage,Opening (C),Estrella,Rex Regum Qeon,skye,24,1.08,207,1.13,67%,149,0.75,0.38,0.0,0.13,33%,,0/5,18,18,16,9,0,3
Champions Tour 2024: Pacific Kickoff,Group Stage,Opening (C),Estrella,Rex Regum Qeon,sova,24,0.82,115,0.59,75%,71,0.42,0.21,0.04,0.04,28%,,0/3,10,10,17,5,1,1
Champions Tour 2024: Pacific Kickoff,Group Stage,Opening (C),Estrella,Rex Regum Qeon,"fade, skye, sova",69,1.06,189,1.02,71%,124,0.68,0.32,0.03,0.07,33%,,0/14,19,47,46,22,2,5
Champions Tour 2024: Pacific Kickoff,Group Stage,Opening (C),fl1pzjder,Rex Regum Qeon,gekko,24,0.89,169,0.76,71%,109,0.54,0.29,0.08,0.17,38%,33%,1/3,13,13,17,7,2,4
Champions Tour 2024: Pacific Kickoff,Group Stage,Opening (C),fl1pzjder,Rex Regum Qeon,omen,21,0.73,185,0.6,76%,112,0.57,0.48,0.05,0.19,26%,,0/3,12,12,20,10,1,4
Champions Tour 2024: Pacific Kickoff,Group Stage,Opening (C),fl1pzjder,Rex Regum Qeon,viper,24,1.2,204,1.2,83%,133,0.75,0.33,0.04,0.04,33%,,0/4,18,18,15,8,1,1
Champions Tour 2024: Pacific Kickoff,Group Stage,Opening (C),fl1pzjder,Rex Regum Qeon,"gekko, omen, viper",69,0.94,186,0.83,77%,118,0.62,0.36,0.06,0.13,32%,10%,1/10,18,43,52,25,4,9
Champions Tour 2024: Pacific Kickoff,Group Stage,Opening (C),Jemkin,Rex Regum Qeon,jett,24,1.04,195,1.19,58%,118,0.79,0.0,0.13,0.17,28%,33%,1/3,19,19,16,0,3,4
Champions Tour 2024: Pacific Kickoff,Group Stage,Opening (C),Jemkin,Rex Regum Qeon,raze,45,0.86,225,0.92,71%,137,0.78,0.13,0.16,0.18,29%,50%,1/2,20,35,38,6,7,8
Champions Tour 2024: Pacific Kickoff,Group Stage,Opening (C),Jemkin,Rex Regum Qeon,"jett, raze",69,0.92,215,1.0,67%,130,0.78,0.09,0.14,0.17,28%,40%,2/5,20,54,54,6,10,12
Champions Tour 2024: Pacific Kickoff,Group Stage,Winner's (C),Karon,Gen.G,astra,23,1.25,226,1.33,78%,134,0.87,0.3,0.04,0.0,44%,25%,1/4,20,20,15,7,1,0
Champions Tour 2024: Pacific Kickoff,Group Stage,Winner's (C),Karon,Gen.G,omen,43,0.92,215,1.0,74%,137,0.77,0.4,0.07,0.07,33%,14%,1/7,17,33,33,17,3,3
Champions Tour 2024: Pacific Kickoff,Group Stage,Winner's (C),Karon,Gen.G,"astra, omen",66,1.03,219,1.1,76%,136,0.8,0.36,0.06,0.05,37%,18%,2/11,20,53,48,24,4,3
Champions Tour 2024: Pacific Kickoff,Group Stage,Winner's (C),Meteor,Gen.G,cypher,43,0.64,148,0.66,58%,105,0.53,0.12,0.07,0.05,23%,,0/6,18,23,35,5,3,2
Champions Tour 2024: Pacific Kickoff,Group Stage,Winner's (C),Meteor,Gen.G,killjoy,23,1.22,269,1.47,83%,190,0.96,0.13,0.22,0.04,40%,,0/7,22,22,15,3,5,1
Champions Tour 2024: Pacific Kickoff,Group Stage,Winner's (C),Meteor,Gen.G,"cypher, killjoy",66,0.83,188,0.9,67%,135,0.68,0.12,0.12,0.05,29%,,0/13,22,45,50,8,8,3
Champions Tour 2024: Pacific Kickoff,Group Stage,Winner's (C),Lakia,Gen.G,fade,23,0.79,142,0.63,65%,95,0.43,0.39,0.0,0.0,18%,100%,1/1,10,10,16,9,0,0
Champions Tour 2024: Pacific Kickoff,Group Stage,Winner's (C),Lakia,Gen.G,skye,43,0.81,198,0.76,65%,121,0.65,0.3,0.12,0.16,32%,20%,1/5,19,28,37,13,5,7
Champions Tour 2024: Pacific Kickoff,Group Stage,Winner's (C),Lakia,Gen.G,"fade, skye",66,0.8,179,0.72,65%,112,0.58,0.33,0.08,0.11,27%,33%,2/6,19,38,53,22,5,7
Champions Tour 2024: Pacific Kickoff,Group Stage,Winner's (C),t3xture,Gen.G,jett,23,1.38,319,1.65,74%,201,1.22,0.13,0.17,0.09,40%,,0/2,28,28,17,3,4,2
Champions Tour 2024: Pacific Kickoff,Group Stage,Winner's (C),t3xture,Gen.G,raze,43,0.9,230,1.09,72%,148,0.86,0.19,0.16,0.21,22%,25%,1/4,23,37,34,8,7,9
Champions Tour 2024: Pacific Kickoff,Group Stage,Winner's (C),t3xture,Gen.G,"jett, raze",66,1.06,260,1.27,73%,167,0.98,0.17,0.17,0.17,27%,17%,1/6,28,65,51,11,11,11
Champions Tour 2024: Pacific Kickoff,Group Stage,Winner's (C),Munchkin,Gen.G,viper,66,0.68,149,0.67,50%,103,0.52,0.26,0.03,0.18,24%,33%,2/6,14,34,51,17,2,12
Champions Tour 2024: Pacific Kickoff,Group Stage,Winner's (C),f0rsakeN,Paper Rex,cypher,23,0.78,174,0.83,57%,113,0.65,0.17,0.09,0.17,25%,,,15,15,18,4,2,4
Champions Tour 2024: Pacific Kickoff,Group Stage,Winner's (C),f0rsakeN,Paper Rex,harbor,23,0.88,203,0.94,78%,142,0.74,0.35,0.09,0.09,46%,,0/2,17,17,18,8,2,2
Champions Tour 2024: Pacific Kickoff,Group Stage,Winner's (C),f0rsakeN,Paper Rex,kayo,20,1.46,309,1.5,85%,196,1.05,0.4,0.3,0.05,24%,,0/1,21,21,14,8,6,1
Champions Tour 2024: Pacific Kickoff,Group Stage,Winner's (C),f0rsakeN,Paper Rex,"cypher, harbor, kayo",66,1.04,229,1.06,73%,148,0.8,0.3,0.15,0.11,31%,,0/3,21,53,50,20,10,7
Champions Tour 2024: Pacific Kickoff,Group Stage,Winner's (C),something,Paper Rex,gekko,20,1.75,284,2.11,90%,181,0.95,0.45,0.25,0.0,22%,,0/2,19,19,9,9,5,0
Champions Tour 2024: Pacific Kickoff,Group Stage,Winner's (C),something,Paper Rex,jett,23,1.36,282,1.35,83%,180,1.0,0.26,0.17,0.22,16%,,0/2,23,23,17,6,4,5
Champions Tour 2024: Pacific Kickoff,Group Stage,Winner's (C),something,Paper Rex,yoru,23,1.0,233,1.0,78%,174,0.78,0.26,0.17,0.09,19%,,0/1,18,18,18,6,4,2
Champions Tour 2024: Pacific Kickoff,Group Stage,Winner's (C),something,Paper Rex,"gekko, jett, yoru",66,1.37,266,1.36,83%,178,0.91,0.32,0.2,0.11,19%,,0/5,23,60,44,21,13,7
Champions Tour 2024: Pacific Kickoff,Group Stage,Winner's (C),Monyet,Paper Rex,omen,43,0.96,181,0.91,74%,113,0.7,0.3,0.14,0.16,30%,17%,1/6,15,30,33,13,6,7
Champions Tour 2024: Pacific Kickoff,Group Stage,Winner's (C),Monyet,Paper Rex,raze,23,1.25,255,1.11,91%,187,0.87,0.35,0.04,0.04,23%,,0/2,20,20,18,8,1,1
Champions Tour 2024: Pacific Kickoff,Group Stage,Winner's (C),Monyet,Paper Rex,"omen, raze",66,1.06,206,0.98,80%,139,0.76,0.32,0.11,0.12,27%,13%,1/8,20,50,51,21,7,8
Champions Tour 2024: Pacific Kickoff,Group Stage,Winner's (C),mindfreak,Paper Rex,omen,23,0.67,86,0.47,43%,61,0.35,0.22,0.04,0.09,21%,43%,3/7,8,8,17,5,1,2
Champions Tour 2024: Pacific Kickoff,Group Stage,Winner's (C),mindfreak,Paper Rex,sova,23,0.92,203,0.74,78%,143,0.61,0.43,0.04,0.0,17%,,0/3,14,14,19,10,1,0
Champions Tour 2024: Pacific Kickoff,Group Stage,Winner's (C),mindfreak,Paper Rex,viper,20,0.92,158,0.92,70%,119,0.6,0.1,0.05,0.05,41%,,0/1,12,12,13,2,1,1
Champions Tour 2024: Pacific Kickoff,Group Stage,Winner's (C),mindfreak,Paper Rex,"omen, sova, viper",66,0.84,149,0.69,64%,107,0.52,0.26,0.05,0.05,24%,27%,3/11,14,34,49,17,3,3
Champions Tour 2024: Pacific Kickoff,Group Stage,Winner's (C),d4v41,Paper Rex,sage,20,1.3,246,1.73,75%,180,0.95,0.2,0.05,0.0,31%,,0/1,19,19,11,4,1,0
Champions Tour 2024: Pacific Kickoff,Group Stage,Winner's (C),d4v41,Paper Rex,skye,23,1.19,220,1.07,74%,154,0.7,0.52,0.04,0.09,30%,33%,1/3,16,16,15,12,1,2
Champions Tour 2024: Pacific Kickoff,Group Stage,Winner's (C),d4v41,Paper Rex,viper,23,1.24,224,1.4,57%,167,0.91,0.04,0.04,0.13,43%,50%,3/6,21,21,15,1,1,3
Champions Tour 2024: Pacific Kickoff,Group Stage,Winner's (C),d4v41,Paper Rex,"sage, skye, viper",66,1.24,230,1.37,68%,166,0.85,0.26,0.05,0.08,34%,40%,4/10,21,56,41,17,3,5
Champions Tour 2024: Pacific Kickoff,Group Stage,Decider (C),Karon,Gen.G,astra,23,0.95,163,0.75,74%,111,0.52,0.35,0.09,0.04,24%,,0/4,12,12,16,8,2,1
Champions Tour 2024: Pacific Kickoff,Group Stage,Decider (C),Karon,Gen.G,omen,20,1.22,206,1.36,65%,138,0.75,0.35,0.1,0.15,50%,,0/3,15,15,11,7,2,3
Champions Tour 2024: Pacific Kickoff,Group Stage,Decider (C),Karon,Gen.G,viper,24,1.27,190,1.07,79%,121,0.63,0.63,0.13,0.04,33%,,0/4,15,15,14,15,3,1
Champions Tour 2024: Pacific Kickoff,Group Stage,Decider (C),Karon,Gen.G,"astra, omen, viper",67,1.15,186,1.02,73%,123,0.63,0.45,0.1,0.07,35%,,0/11,15,42,41,30,7,5
Champions Tour 2024: Pacific Kickoff,Group Stage,Decider (C),Meteor,Gen.G,cypher,23,0.94,197,1.0,65%,127,0.74,0.09,0.04,0.13,23%,33%,2/6,17,17,17,2,1,3
Champions Tour 2024: Pacific Kickoff,Group Stage,Decider (C),Meteor,Gen.G,killjoy,44,1.15,236,1.41,89%,156,0.86,0.2,0.09,0.07,32%,,0/7,20,38,27,9,4,3
Champions Tour 2024: Pacific Kickoff,Group Stage,Decider (C),Meteor,Gen.G,"cypher, killjoy",67,1.08,223,1.25,81%,146,0.82,0.16,0.07,0.09,29%,15%,2/13,20,55,44,11,5,6
Champions Tour 2024: Pacific Kickoff,Group Stage,Decider (C),Lakia,Gen.G,fade,20,0.88,171,0.86,90%,113,0.6,0.2,0.05,0.15,29%,100%,2/2,12,12,14,4,1,3
Champions Tour 2024: Pacific Kickoff,Group Stage,Decider (C),Lakia,Gen.G,gekko,24,1.27,217,1.36,83%,132,0.79,0.5,0.17,0.0,29%,50%,1/2,19,19,14,12,4,0
Champions Tour 2024: Pacific Kickoff,Group Stage,Decider (C),Lakia,Gen.G,skye,23,0.8,168,0.75,65%,130,0.52,0.22,0.09,0.17,38%,33%,1/3,12,12,16,5,2,4
Champions Tour 2024: Pacific Kickoff,Group Stage,Decider (C),Lakia,Gen.G,"fade, gekko, skye",67,0.98,185,0.98,79%,126,0.64,0.31,0.1,0.1,32%,57%,4/7,19,43,44,21,7,7
Champions Tour 2024: Pacific Kickoff,Group Stage,Decider (C),t3xture,Gen.G,jett,47,1.28,272,1.5,70%,171,1.02,0.02,0.17,0.11,27%,,0/3,25,48,32,1,8,5
Champions Tour 2024: Pacific Kickoff,Group Stage,Decider (C),t3xture,Gen.G,raze,20,1.16,222,1.38,75%,137,0.9,0.05,0.2,0.1,25%,,0/1,18,18,13,1,4,2
Champions Tour 2024: Pacific Kickoff,Group Stage,Decider (C),t3xture,Gen.G,"jett, raze",67,1.24,255,1.47,72%,161,0.99,0.03,0.18,0.1,27%,,0/4,25,66,45,2,12,7
Champions Tour 2024: Pacific Kickoff,Group Stage,Decider (C),Munchkin,Gen.G,kayo,24,0.87,148,0.81,71%,88,0.54,0.54,0.08,0.13,13%,,,13,13,16,13,2,3
Champions Tour 2024: Pacific Kickoff,Group Stage,Decider (C),Munchkin,Gen.G,viper,43,0.86,162,0.79,74%,114,0.53,0.35,0.05,0.09,23%,,0/1,12,23,29,15,2,4
Champions Tour 2024: Pacific Kickoff,Group Stage,Decider (C),Munchkin,Gen.G,"kayo, viper",67,0.86,158,0.8,73%,105,0.54,0.42,0.06,0.1,20%,,0/1,13,36,45,28,4,7
Champions Tour 2024: Pacific Kickoff,Group Stage,Decider (C),Lmemore,Rex Regum Qeon,chamber,20,0.78,172,0.75,65%,112,0.6,0.1,0.1,0.2,18%,,0/2,12,12,16,2,2,4
Champions Tour 2024: Pacific Kickoff,Group Stage,Decider (C),Lmemore,Rex Regum Qeon,cypher,23,0.78,155,0.72,70%,105,0.57,0.17,0.17,0.13,35%,,0/3,13,13,18,4,4,3
Champions Tour 2024: Pacific Kickoff,Group Stage,Decider (C),Lmemore,Rex Regum Qeon,killjoy,24,0.69,210,0.76,63%,137,0.67,0.21,0.08,0.33,29%,,,16,16,21,5,2,8
Champions Tour 2024: Pacific Kickoff,Group Stage,Decider (C),Lmemore,Rex Regum Qeon,"chamber, cypher, killjoy",67,0.75,179,0.75,66%,118,0.61,0.16,0.12,0.22,28%,,0/5,16,41,55,11,8,15
Champions Tour 2024: Pacific Kickoff,Group Stage,Decider (C),Estrella,Rex Regum Qeon,fade,20,0.78,152,0.53,65%,94,0.45,0.55,0.1,0.15,24%,,0/4,9,9,17,11,2,3
Champions Tour 2024: Pacific Kickoff,Group Stage,Decider (C),Estrella,Rex Regum Qeon,sova,47,0.93,170,0.9,62%,108,0.57,0.17,0.06,0.06,27%,,0/5,17,27,30,8,3,3
Champions Tour 2024: Pacific Kickoff,Group Stage,Decider (C),Estrella,Rex Regum Qeon,"fade, sova",67,0.88,164,0.77,63%,104,0.54,0.28,0.07,0.09,26%,,0/9,17,36,47,19,5,6
Champions Tour 2024: Pacific Kickoff,Group Stage,Decider (C),fl1pzjder,Rex Regum Qeon,gekko,24,0.89,165,0.76,58%,110,0.54,0.17,0.04,0.04,19%,40%,2/5,13,13,17,4,1,1
Champions Tour 2024: Pacific Kickoff,Group Stage,Decider (C),fl1pzjder,Rex Regum Qeon,viper,20,0.9,153,0.92,60%,89,0.55,0.2,0.05,0.05,26%,,0/2,11,11,12,4,1,1
Champions Tour 2024: Pacific Kickoff,Group Stage,Decider (C),fl1pzjder,Rex Regum Qeon,yoru,23,0.67,111,0.56,65%,64,0.43,0.22,0.09,0.09,19%,,,10,10,18,5,2,2
Champions Tour 2024: Pacific Kickoff,Group Stage,Decider (C),fl1pzjder,Rex Regum Qeon,"gekko, viper, yoru",67,0.82,143,0.72,61%,88,0.51,0.19,0.06,0.06,21%,29%,2/7,13,34,47,13,4,4
Champions Tour 2024: Pacific Kickoff,Group Stage,Decider (C),Jemkin,Rex Regum Qeon,jett,47,1.17,258,1.47,70%,159,1.0,0.13,0.06,0.09,34%,,0/6,25,47,32,6,3,4
Champions Tour 2024: Pacific Kickoff,Group Stage,Decider (C),Jemkin,Rex Regum Qeon,raze,20,1.1,258,1.13,65%,173,0.85,0.25,0.25,0.0,23%,,0/2,17,17,15,5,5,0
Champions Tour 2024: Pacific Kickoff,Group Stage,Decider (C),Jemkin,Rex Regum Qeon,"jett, raze",67,1.15,258,1.36,69%,164,0.96,0.16,0.12,0.06,31%,,0/8,25,64,47,11,8,4
Champions Tour 2024: Pacific Kickoff,Group Stage,Decider (C),xffero,Rex Regum Qeon,omen,20,0.87,157,0.8,70%,106,0.6,0.35,0.0,0.1,40%,33%,1/3,12,12,15,7,0,2
Champions Tour 2024: Pacific Kickoff,Group Stage,Decider (C),xffero,Rex Regum Qeon,viper,47,1.04,197,1.03,72%,126,0.68,0.3,0.15,0.09,40%,43%,3/7,19,32,31,14,7,4
Champions Tour 2024: Pacific Kickoff,Group Stage,Decider (C),xffero,Rex Regum Qeon,"omen, viper",67,0.98,184,0.96,72%,120,0.66,0.31,0.1,0.09,40%,40%,4/10,19,44,46,21,7,6
Champions Tour 2024: Pacific Kickoff,All Stages,All Match Types,Karon,Gen.G,astra,105,1.02,201,0.97,74%,124,0.72,0.33,0.09,0.04,35%,5%,1/19,20,76,78,35,9,4
Champions Tour 2024: Pacific Kickoff,All Stages,All Match Types,Karon,Gen.G,brimstone,43,1.33,234,1.54,84%,164,0.86,0.49,0.02,0.02,24%,40%,2/5,23,37,24,21,1,1
Champions Tour 2024: Pacific Kickoff,All Stages,All Match Types,Karon,Gen.G,omen,186,1.11,192,1.12,78%,129,0.69,0.4,0.05,0.08,39%,22%,6/27,18,128,114,75,10,14
Champions Tour 2024: Pacific Kickoff,All Stages,All Match Types,Karon,Gen.G,viper,95,1.19,197,1.13,76%,134,0.66,0.39,0.14,0.04,41%,25%,3/12,23,63,56,37,13,4
Champions Tour 2024: Pacific Kickoff,All Stages,All Match Types,Karon,Gen.G,"astra, brimstone, omen, viper",429,1.12,199,1.12,77%,132,0.71,0.39,0.08,0.05,36%,19%,12/63,23,304,272,168,33,23
Champions Tour 2024: Pacific Kickoff,All Stages,All Match Types,Meteor,Gen.G,cypher,148,0.86,187,0.91,65%,123,0.7,0.12,0.09,0.07,30%,13%,2/16,19,104,114,18,13,11
Champions Tour 2024: Pacific Kickoff,All Stages,All Match Types,Meteor,Gen.G,jett,41,0.86,212,1.03,71%,142,0.8,0.17,0.17,0.17,23%,,0/3,24,33,32,7,7,7
Champions Tour 2024: Pacific Kickoff,All Stages,All Match Types,Meteor,Gen.G,killjoy,240,1.18,246,1.36,76%,162,0.87,0.15,0.12,0.08,28%,9%,3/34,23,208,153,35,29,19
Champions Tour 2024: Pacific Kickoff,All Stages,All Match Types,Meteor,Gen.G,"cypher, jett, killjoy",429,1.03,222,1.15,72%,147,0.8,0.14,0.11,0.09,28%,9%,5/53,24,345,299,60,49,37
Champions Tour 2024: Pacific Kickoff,All Stages,All Match Types,Lakia,Gen.G,fade,110,0.89,174,0.85,74%,115,0.61,0.27,0.04,0.08,26%,60%,6/10,20,67,79,30,4,9
Champions Tour 2024: Pacific Kickoff,All Stages,All Match Types,Lakia,Gen.G,gekko,95,0.9,166,0.89,74%,109,0.59,0.31,0.06,0.06,29%,40%,2/5,19,56,63,29,6,6
Champions Tour 2024: Pacific Kickoff,All Stages,All Match Types,Lakia,Gen.G,skye,189,0.87,177,0.79,74%,118,0.59,0.39,0.08,0.15,29%,24%,5/21,19,111,141,74,16,28
Champions Tour 2024: Pacific Kickoff,All Stages,All Match Types,Lakia,Gen.G,sova,35,1.01,176,0.87,74%,116,0.57,0.43,0.11,0.03,16%,,0/1,11,20,23,15,4,1
Champions Tour 2024: Pacific Kickoff,All Stages,All Match Types,Lakia,Gen.G,"fade, gekko, skye, sova",429,0.9,174,0.83,74%,115,0.59,0.34,0.07,0.1,27%,35%,13/37,20,254,306,148,30,44
Champions Tour 2024: Pacific Kickoff,All Stages,All Match Types,t3xture,Gen.G,jett,194,1.24,263,1.42,71%,170,0.96,0.12,0.17,0.12,32%,22%,4/18,33,187,132,24,33,24
Champions Tour 2024: Pacific Kickoff,All Stages,All Match Types,t3xture,Gen.G,raze,235,1.08,241,1.19,75%,160,0.86,0.19,0.16,0.16,27%,22%,5/23,28,201,169,45,37,38
Champions Tour 2024: Pacific Kickoff,All Stages,All Match Types,t3xture,Gen.G,"jett, raze",429,1.15,251,1.29,73%,164,0.9,0.16,0.16,0.14,29%,22%,9/41,33,388,301,69,70,62
Champions Tour 2024: Pacific Kickoff,All Stages,All Match Types,Munchkin,Gen.G,kayo,130,1.05,195,1.1,79%,127,0.71,0.53,0.12,0.09,21%,11%,1/9,27,92,84,69,15,12
Champions Tour 2024: Pacific Kickoff,All Stages,All Match Types,Munchkin,Gen.G,viper,299,0.95,184,0.94,69%,124,0.64,0.32,0.08,0.1,20%,13%,4/31,24,191,204,95,23,31
Champions Tour 2024: Pacific Kickoff,All Stages,All Match Types,Munchkin,Gen.G,"kayo, viper",429,0.98,188,0.98,72%,125,0.66,0.38,0.09,0.1,21%,13%,5/40,27,283,288,164,38,43
Champions Tour 2024: Pacific Kickoff,All Stages,All Match Types,xffero,Rex Regum Qeon,astra,24,0.83,207,0.71,67%,133,0.63,0.33,0.13,0.04,20%,,0/1,15,15,21,8,3,1
Champions Tour 2024: Pacific Kickoff,All Stages,All Match Types,xffero,Rex Regum Qeon,harbor,21,0.92,175,0.94,71%,98,0.71,0.43,0.0,0.1,26%,33%,1/3,15,15,16,9,0,2
Champions Tour 2024: Pacific Kickoff,All Stages,All Match Types,xffero,Rex Regum Qeon,omen,20,0.87,157,0.8,70%,106,0.6,0.35,0.0,0.1,40%,33%,1/3,12,12,15,7,0,2
Champions Tour 2024: Pacific Kickoff,All Stages,All Match Types,xffero,Rex Regum Qeon,viper,71,1.1,221,1.13,75%,143,0.76,0.37,0.11,0.08,34%,25%,3/12,22,54,48,26,8,6
Champions Tour 2024: Pacific Kickoff,All Stages,All Match Types,xffero,Rex Regum Qeon,"astra, harbor, omen, viper",136,0.98,200,0.96,72%,129,0.71,0.37,0.08,0.08,30%,26%,5/19,22,96,100,50,11,11
Champions Tour 2024: Pacific Kickoff,All Stages,All Match Types,Lmemore,Rex Regum Qeon,chamber,20,0.78,172,0.75,65%,112,0.6,0.1,0.1,0.2,18%,,0/2,12,12,16,2,2,4
Champions Tour 2024: Pacific Kickoff,All Stages,All Match Types,Lmemore,Rex Regum Qeon,cypher,68,0.85,169,0.86,65%,114,0.63,0.13,0.12,0.16,37%,17%,1/6,20,43,50,9,8,11
Champions Tour 2024: Pacific Kickoff,All Stages,All Match Types,Lmemore,Rex Regum Qeon,killjoy,48,0.78,214,0.83,63%,142,0.71,0.15,0.08,0.25,33%,,,18,34,41,7,4,12
Champions Tour 2024: Pacific Kickoff,All Stages,All Match Types,Lmemore,Rex Regum Qeon,"chamber, cypher, killjoy",136,0.82,184,0.83,64%,124,0.65,0.13,0.1,0.2,33%,13%,1/8,20,89,107,18,14,27
Champions Tour 2024: Pacific Kickoff,All Stages,All Match Types,Estrella,Rex Regum Qeon,fade,41,1.03,198,0.93,68%,126,0.68,0.46,0.07,0.1,31%,,0/10,19,28,30,19,3,4
Champions Tour 2024: Pacific Kickoff,All Stages,All Match Types,Estrella,Rex Regum Qeon,skye,24,1.08,207,1.13,67%,149,0.75,0.38,0.0,0.13,33%,,0/5,18,18,16,9,0,3
Champions Tour 2024: Pacific Kickoff,All Stages,All Match Types,Estrella,Rex Regum Qeon,sova,71,0.89,151,0.79,66%,96,0.52,0.18,0.06,0.06,27%,,0/8,17,37,47,13,4,4
Champions Tour 2024: Pacific Kickoff,All Stages,All Match Types,Estrella,Rex Regum Qeon,"fade, skye, sova",136,0.97,176,0.89,67%,114,0.61,0.3,0.05,0.08,30%,,0/23,19,83,93,41,7,11
Champions Tour 2024: Pacific Kickoff,All Stages,All Match Types,fl1pzjder,Rex Regum Qeon,gekko,48,0.89,167,0.76,65%,110,0.54,0.23,0.06,0.1,29%,38%,3/8,13,26,34,11,3,5
Champions Tour 2024: Pacific Kickoff,All Stages,All Match Types,fl1pzjder,Rex Regum Qeon,omen,21,0.73,185,0.6,76%,112,0.57,0.48,0.05,0.19,26%,,0/3,12,12,20,10,1,4
Champions Tour 2024: Pacific Kickoff,All Stages,All Match Types,fl1pzjder,Rex Regum Qeon,viper,44,1.05,178,1.07,73%,113,0.66,0.27,0.05,0.05,31%,,0/6,18,29,27,12,2,2
Champions Tour 2024: Pacific Kickoff,All Stages,All Match Types,fl1pzjder,Rex Regum Qeon,yoru,23,0.67,111,0.56,65%,64,0.43,0.22,0.09,0.09,19%,,,10,10,18,5,2,2
Champions Tour 2024: Pacific Kickoff,All Stages,All Match Types,fl1pzjder,Rex Regum Qeon,"gekko, omen, viper, yoru",136,0.88,164,0.78,69%,103,0.57,0.28,0.06,0.1,28%,18%,3/17,18,77,99,38,8,13
Champions Tour 2024: Pacific Kickoff,All Stages,All Match Types,Jemkin,Rex Regum Qeon,jett,71,1.13,237,1.38,66%,145,0.93,0.08,0.08,0.11,32%,11%,1/9,25,66,48,6,6,8
Champions Tour 2024: Pacific Kickoff,All Stages,All Match Types,Jemkin,Rex Regum Qeon,raze,65,0.94,236,0.98,69%,148,0.8,0.17,0.18,0.12,27%,25%,1/4,20,52,53,11,12,8
Champions Tour 2024: Pacific Kickoff,All Stages,All Match Types,Jemkin,Rex Regum Qeon,"jett, raze",136,1.03,236,1.17,68%,147,0.87,0.13,0.13,0.12,30%,15%,2/13,25,118,101,17,18,16
Champions Tour 2024: Pacific Kickoff,All Stages,All Match Types,xccurate,T1,astra,30,0.83,176,0.75,77%,118,0.6,0.27,0.07,0.0,30%,,0/3,18,18,24,8,2,0
Champions Tour 2024: Pacific Kickoff,All Stages,All Match Types,xccurate,T1,chamber,36,1.37,273,1.89,78%,165,1.0,0.17,0.17,0.03,22%,,0/4,22,36,19,6,6,1
Champions Tour 2024: Pacific Kickoff,All Stages,All Match Types,xccurate,T1,cypher,63,1.13,220,1.21,73%,146,0.83,0.22,0.06,0.05,31%,,0/8,18,52,43,14,4,3
Champions Tour 2024: Pacific Kickoff,All Stages,All Match Types,xccurate,T1,harbor,34,1.22,254,1.21,71%,169,0.85,0.21,0.03,0.06,29%,,0/5,29,29,24,7,1,2
Champions Tour 2024: Pacific Kickoff,All Stages,All Match Types,xccurate,T1,"astra, chamber, cypher, harbor",163,1.17,234,1.23,74%,150,0.83,0.21,0.08,0.04,29%,,0/20,29,135,110,35,13,6
Champions Tour 2024: Pacific Kickoff,All Stages,All Match Types,Carpe,T1,fade,79,0.9,173,0.75,73%,116,0.54,0.41,0.1,0.14,18%,50%,2/4,20,43,57,32,8,11
Champions Tour 2024: Pacific Kickoff,All Stages,All Match Types,Carpe,T1,skye,30,0.54,129,0.56,70%,89,0.47,0.17,0.03,0.07,26%,25%,1/4,14,14,25,5,1,2
Champions Tour 2024: Pacific Kickoff,All Stages,All Match Types,Carpe,T1,sova,54,1.1,220,1.05,83%,141,0.74,0.28,0.11,0.07,28%,20%,1/5,23,40,38,15,6,4
Champions Tour 2024: Pacific Kickoff,All Stages,All Match Types,Carpe,T1,"fade, skye, sova",163,0.91,180,0.81,76%,119,0.6,0.32,0.09,0.1,22%,31%,4/13,23,97,120,52,15,17
Champions Tour 2024: Pacific Kickoff,All Stages,All Match Types,Sayaplayer,T1,jett,107,1.12,234,1.34,75%,149,0.89,0.05,0.23,0.12,27%,13%,1/8,36,95,71,5,25,13
Champions Tour 2024: Pacific Kickoff,All Stages,All Match Types,Sayaplayer,T1,raze,56,1.06,190,1.18,73%,132,0.7,0.14,0.16,0.16,33%,20%,1/5,18,39,33,8,9,9
Champions Tour 2024: Pacific Kickoff,All Stages,All Match Types,Sayaplayer,T1,"jett, raze",163,1.1,215,1.29,74%,143,0.82,0.08,0.21,0.13,29%,15%,2/13,36,134,104,13,34,22
Champions Tour 2024: Pacific Kickoff,All Stages,All Match Types,iZu,T1,omen,99,1.07,195,1.11,77%,124,0.69,0.52,0.08,0.06,31%,8%,1/12,17,68,61,51,8,6
Champions Tour 2024: Pacific Kickoff,All Stages,All Match Types,iZu,T1,raze,30,1.09,255,1.13,70%,170,0.9,0.07,0.2,0.13,33%,,0/1,27,27,24,2,6,4
Champions Tour 2024: Pacific Kickoff,All Stages,All Match Types,iZu,T1,yoru,34,1.01,194,0.92,68%,136,0.65,0.26,0.09,0.24,26%,33%,1/3,22,22,24,9,3,8
Champions Tour 2024: Pacific Kickoff,All Stages,All Match Types,iZu,T1,"omen, raze, yoru",163,1.07,203,1.07,74%,135,0.72,0.38,0.1,0.11,30%,13%,2/16,27,117,109,62,17,18
Champions Tour 2024: Pacific Kickoff,All Stages,All Match Types,Rossy,T1,viper,163,1.12,213,1.14,79%,130,0.72,0.29,0.07,0.06,19%,24%,6/25,23,117,103,48,12,9
Champions Tour 2024: Pacific Kickoff,All Stages,All Match Types,Crws,Talon Esports,astra,23,0.76,154,0.76,65%,106,0.57,0.35,0.04,0.13,20%,,0/2,13,13,17,8,1,3
Champions Tour 2024: Pacific Kickoff,All Stages,All Match Types,Crws,Talon Esports,harbor,42,0.68,125,0.58,62%,84,0.43,0.24,0.02,0.12,28%,25%,1/4,13,18,31,10,1,5
Champions Tour 2024: Pacific Kickoff,All Stages,All Match Types,Crws,Talon Esports,omen,57,0.78,124,0.72,72%,81,0.46,0.3,0.04,0.07,22%,,0/5,11,26,36,17,2,4
Champions Tour 2024: Pacific Kickoff,All Stages,All Match Types,Crws,Talon Esports,"astra, harbor, omen",122,0.74,129,0.68,67%,87,0.47,0.29,0.03,0.1,23%,9%,1/11,13,57,84,35,4,12
Champions Tour 2024: Pacific Kickoff,All Stages,All Match Types,JitBoyS,Talon Esports,cypher,23,1.39,282,1.73,87%,179,1.13,0.17,0.04,0.04,36%,50%,3/6,26,26,15,4,1,1
Champions Tour 2024: Pacific Kickoff,All Stages,All Match Types,JitBoyS,Talon Esports,killjoy,57,1.18,228,1.24,67%,151,0.82,0.07,0.07,0.09,32%,14%,1/7,17,47,38,4,4,5
Champions Tour 2024: Pacific Kickoff,All Stages,All Match Types,JitBoyS,Talon Esports,viper,42,1.0,203,1.0,79%,138,0.67,0.29,0.05,0.05,45%,25%,2/8,20,28,28,12,2,2
Champions Tour 2024: Pacific Kickoff,All Stages,All Match Types,JitBoyS,Talon Esports,"cypher, killjoy, viper",122,1.16,228,1.25,75%,152,0.83,0.16,0.06,0.07,36%,29%,6/21,26,101,81,20,7,8
Champions Tour 2024: Pacific Kickoff,All Stages,All Match Types,Governor,Talon Esports,jett,57,1.18,254,1.28,72%,150,0.89,0.14,0.23,0.19,18%,,0/2,25,51,40,8,13,11
Champions Tour 2024: Pacific Kickoff,All Stages,All Match Types,Governor,Talon Esports,neon,42,1.11,236,1.17,62%,149,0.81,0.33,0.12,0.26,18%,33%,2/6,21,34,29,14,5,11
Champions Tour 2024: Pacific Kickoff,All Stages,All Match Types,Governor,Talon Esports,raze,23,0.98,248,0.9,83%,171,0.78,0.26,0.22,0.17,13%,,0/2,18,18,20,6,5,4
Champions Tour 2024: Pacific Kickoff,All Stages,All Match Types,Governor,Talon Esports,"jett, neon, raze",122,1.12,247,1.16,70%,153,0.84,0.23,0.19,0.21,17%,20%,2/10,25,103,89,28,23,26
Champions Tour 2024: Pacific Kickoff,All Stages,All Match Types,ban,Talon Esports,kayo,57,0.89,169,0.75,74%,104,0.53,0.51,0.07,0.07,29%,,0/5,12,30,40,29,4,4
Champions Tour 2024: Pacific Kickoff,All Stages,All Match Types,ban,Talon Esports,skye,23,0.82,150,0.71,78%,95,0.52,0.22,0.13,0.09,24%,,0/3,12,12,17,5,3,2
Champions Tour 2024: Pacific Kickoff,All Stages,All Match Types,ban,Talon Esports,yoru,42,1.12,258,1.23,69%,154,0.9,0.19,0.19,0.12,24%,33%,2/6,22,38,31,8,8,5
Champions Tour 2024: Pacific Kickoff,All Stages,All Match Types,ban,Talon Esports,"kayo, skye, yoru",122,0.96,196,0.91,73%,120,0.66,0.34,0.12,0.09,26%,14%,2/14,22,80,88,42,15,11
Champions Tour 2024: Pacific Kickoff,All Stages,All Match Types,lenne,Talon Esports,sova,122,0.92,162,0.72,72%,109,0.5,0.34,0.06,0.07,17%,7%,1/15,17,61,85,41,7,9
Champions Tour 2024: Pacific Kickoff,All Stages,All Match Types,stax,DRX,breach,23,1.28,242,1.47,70%,145,0.96,0.3,0.09,0.04,34%,,0/2,22,22,15,7,2,1
Champions Tour 2024: Pacific Kickoff,All Stages,All Match Types,stax,DRX,fade,42,1.14,210,1.3,74%,137,0.83,0.17,0.1,0.07,35%,14%,1/7,18,35,27,7,4,3
Champions Tour 2024: Pacific Kickoff,All Stages,All Match Types,stax,DRX,gekko,26,0.78,149,0.63,77%,106,0.46,0.54,0.12,0.0,26%,,0/4,12,12,19,14,3,0
Champions Tour 2024: Pacific Kickoff,All Stages,All Match Types,stax,DRX,sova,42,0.95,118,0.95,62%,84,0.45,0.26,0.02,0.07,32%,25%,1/4,12,19,20,11,1,3
Champions Tour 2024: Pacific Kickoff,All Stages,All Match Types,stax,DRX,"breach, fade, gekko, sova",133,1.04,174,1.09,70%,116,0.66,0.29,0.08,0.05,32%,12%,2/17,22,88,81,39,10,7
Champions Tour 2024: Pacific Kickoff,All Stages,All Match Types,MaKo,DRX,brimstone,26,1.02,202,0.8,81%,134,0.62,0.69,0.04,0.08,17%,,0/2,16,16,20,18,1,2
Champions Tour 2024: Pacific Kickoff,All Stages,All Match Types,MaKo,DRX,omen,86,1.18,205,1.23,87%,144,0.74,0.37,0.12,0.01,35%,9%,1/11,21,64,52,32,10,1
Champions Tour 2024: Pacific Kickoff,All Stages,All Match Types,MaKo,DRX,viper,21,1.19,224,1.46,76%,143,0.9,0.24,0.1,0.0,31%,,0/3,19,19,13,5,2,0
Champions Tour 2024: Pacific Kickoff,All Stages,All Match Types,MaKo,DRX,"brimstone, omen, viper",133,1.16,208,1.16,84%,142,0.74,0.41,0.1,0.02,31%,6%,1/16,21,99,85,55,13,3
Champions Tour 2024: Pacific Kickoff,All Stages,All Match Types,Flashback,DRX,cypher,91,1.08,194,1.17,67%,136,0.75,0.16,0.07,0.14,38%,13%,1/8,21,68,58,15,6,13
Champions Tour 2024: Pacific Kickoff,All Stages,All Match Types,Flashback,DRX,killjoy,42,1.05,214,1.26,69%,147,0.81,0.14,0.07,0.1,34%,,0/3,18,34,27,6,3,4
Champions Tour 2024: Pacific Kickoff,All Stages,All Match Types,Flashback,DRX,"cypher, killjoy",133,1.07,200,1.2,68%,140,0.77,0.16,0.07,0.13,36%,9%,1/11,21,102,85,21,9,17
Champions Tour 2024: Pacific Kickoff,All Stages,All Match Types,BuZz,DRX,jett,21,1.36,294,1.4,81%,187,1.0,0.19,0.33,0.0,22%,,0/1,21,21,15,4,7,0
Champions Tour 2024: Pacific Kickoff,All Stages,All Match Types,BuZz,DRX,raze,65,0.98,217,0.88,80%,139,0.71,0.25,0.22,0.14,20%,,0/3,20,46,52,16,14,9
Champions Tour 2024: Pacific Kickoff,All Stages,All Match Types,BuZz,DRX,yoru,47,0.94,232,1.03,77%,144,0.81,0.38,0.04,0.06,28%,33%,1/3,22,38,37,18,2,3
Champions Tour 2024: Pacific Kickoff,All Stages,All Match Types,BuZz,DRX,"jett, raze, yoru",133,1.03,235,1.01,79%,149,0.79,0.29,0.17,0.09,23%,14%,1/7,22,105,104,38,23,12
Champions Tour 2024: Pacific Kickoff,All Stages,All Match Types,Foxy9,DRX,jett,21,0.96,187,1.0,71%,111,0.67,0.14,0.29,0.19,18%,,,14,14,14,3,6,4
Champions Tour 2024: Pacific Kickoff,All Stages,All Match Types,Foxy9,DRX,kayo,21,1.5,225,2.11,90%,137,0.9,0.29,0.14,0.1,47%,,0/2,19,19,9,6,3,2
Champions Tour 2024: Pacific Kickoff,All Stages,All Match Types,Foxy9,DRX,viper,91,0.93,198,0.95,71%,122,0.69,0.23,0.13,0.13,31%,10%,1/10,21,63,66,21,12,12
Champions Tour 2024: Pacific Kickoff,All Stages,All Match Types,Foxy9,DRX,"jett, kayo, viper",133,1.03,201,1.08,74%,122,0.72,0.23,0.16,0.14,31%,8%,1/12,21,96,89,30,21,18
Champions Tour 2024: Pacific Kickoff,All Stages,All Match Types,crazyguy,BLEED,breach,19,1.2,260,1.0,63%,153,0.84,0.42,0.16,0.05,38%,,0/2,16,16,16,8,3,1
Champions Tour 2024: Pacific Kickoff,All Stages,All Match Types,crazyguy,BLEED,skye,24,0.66,94,0.47,63%,74,0.29,0.29,0.0,0.17,28%,,,7,7,15,7,0,4
Champions Tour 2024: Pacific Kickoff,All Stages,All Match Types,crazyguy,BLEED,sova,79,0.79,174,0.72,61%,116,0.54,0.24,0.1,0.09,30%,,0/3,17,43,60,19,8,7
Champions Tour 2024: Pacific Kickoff,All Stages,All Match Types,crazyguy,BLEED,"breach, skye, sova",122,0.85,175,0.73,61%,114,0.54,0.28,0.09,0.1,31%,,0/5,17,66,91,34,11,12
Champions Tour 2024: Pacific Kickoff,All Stages,All Match Types,Egoist,BLEED,cypher,46,1.28,229,1.52,78%,141,0.89,0.22,0.07,0.04,31%,38%,3/8,27,41,27,10,3,2
Champions Tour 2024: Pacific Kickoff,All Stages,All Match Types,Egoist,BLEED,killjoy,42,1.03,222,1.03,74%,156,0.79,0.21,0.12,0.07,21%,20%,1/5,20,33,32,9,5,3
Champions Tour 2024: Pacific Kickoff,All Stages,All Match Types,Egoist,BLEED,skye,34,0.64,140,0.65,74%,90,0.5,0.26,0.06,0.06,27%,,0/4,17,17,26,9,2,2
Champions Tour 2024: Pacific Kickoff,All Stages,All Match Types,Egoist,BLEED,"cypher, killjoy, skye",122,1.05,208,1.07,75%,132,0.75,0.23,0.08,0.06,26%,24%,4/17,27,91,85,28,10,7
Champions Tour 2024: Pacific Kickoff,All Stages,All Match Types,Deryeon,BLEED,harbor,57,1.05,215,1.07,79%,149,0.79,0.25,0.11,0.05,26%,29%,2/7,29,45,42,14,6,3
Champions Tour 2024: Pacific Kickoff,All Stages,All Match Types,Deryeon,BLEED,raze,65,0.89,227,0.91,66%,142,0.74,0.2,0.23,0.2,15%,,0/4,23,48,53,13,15,13
Champions Tour 2024: Pacific Kickoff,All Stages,All Match Types,Deryeon,BLEED,"harbor, raze",122,0.96,222,0.98,72%,145,0.76,0.22,0.17,0.13,21%,18%,2/11,29,93,95,27,21,16
Champions Tour 2024: Pacific Kickoff,All Stages,All Match Types,yay,BLEED,jett,23,0.94,204,1.0,65%,146,0.74,0.26,0.13,0.17,27%,,0/1,17,17,17,6,3,4
Champions Tour 2024: Pacific Kickoff,All Stages,All Match Types,yay,BLEED,neon,34,0.88,213,1.04,71%,130,0.79,0.18,0.18,0.21,26%,100%,1/1,27,27,26,6,6,7
Champions Tour 2024: Pacific Kickoff,All Stages,All Match Types,yay,BLEED,skye,19,0.81,183,0.69,74%,136,0.58,0.32,0.0,0.05,35%,,0/1,11,11,16,6,0,1
Champions Tour 2024: Pacific Kickoff,All Stages,All Match Types,yay,BLEED,viper,46,0.71,120,0.56,63%,80,0.39,0.26,0.02,0.09,27%,,0/4,12,18,32,12,1,4
Champions Tour 2024: Pacific Kickoff,All Stages,All Match Types,yay,BLEED,"jett, neon, skye, viper",122,0.81,168,0.8,67%,115,0.6,0.25,0.08,0.13,28%,14%,1/7,27,73,91,30,10,16
Champions Tour 2024: Pacific Kickoff,All Stages,All Match Types,sScary,BLEED,omen,65,0.98,179,0.89,69%,115,0.6,0.42,0.06,0.11,21%,6%,1/17,15,39,44,27,4,7
Champions Tour 2024: Pacific Kickoff,All Stages,All Match Types,sScary,BLEED,viper,57,1.18,176,1.31,86%,134,0.67,0.35,0.11,0.05,28%,35%,6/17,28,38,29,20,6,3
Champions Tour 2024: Pacific Kickoff,All Stages,All Match Types,sScary,BLEED,"omen, viper",122,1.06,178,1.05,77%,124,0.63,0.39,0.08,0.08,24%,21%,7/34,28,77,73,47,10,10
Champions Tour 2024: Pacific Kickoff,All Stages,All Match Types,Russ,Global Esports,breach,24,0.97,167,0.93,63%,111,0.58,0.29,0.04,0.13,30%,67%,2/3,14,14,15,7,1,3
Champions Tour 2024: Pacific Kickoff,All Stages,All Match Types,Russ,Global Esports,gekko,38,0.77,160,0.76,68%,98,0.58,0.18,0.03,0.11,44%,,0/6,12,22,29,7,1,4
Champions Tour 2024: Pacific Kickoff,All Stages,All Match Types,Russ,Global Esports,kayo,87,0.82,164,0.76,67%,102,0.55,0.4,0.1,0.08,28%,,0/9,17,48,63,35,9,7
Champions Tour 2024: Pacific Kickoff,All Stages,All Match Types,Russ,Global Esports,"breach, gekko, kayo",149,0.82,163,0.79,66%,102,0.56,0.33,0.07,0.09,32%,11%,2/18,17,84,107,49,11,14
Champions Tour 2024: Pacific Kickoff,All Stages,All Match Types,Benkai,Global Esports,cypher,84,0.98,190,1.0,63%,124,0.68,0.11,0.01,0.11,26%,25%,3/12,26,57,57,9,1,9
Champions Tour 2024: Pacific Kickoff,All Stages,All Match Types,Benkai,Global Esports,killjoy,43,0.7,122,0.68,58%,90,0.44,0.07,0.0,0.12,24%,11%,1/9,15,19,28,3,0,5
Champions Tour 2024: Pacific Kickoff,All Stages,All Match Types,Benkai,Global Esports,viper,22,0.89,197,0.81,73%,122,0.59,0.36,0.14,0.05,24%,,0/2,13,13,16,8,3,1
Champions Tour 2024: Pacific Kickoff,All Stages,All Match Types,Benkai,Global Esports,"cypher, killjoy, viper",149,0.89,172,0.88,63%,114,0.6,0.13,0.03,0.1,25%,17%,4/23,26,89,101,20,4,15
Champions Tour 2024: Pacific Kickoff,All Stages,All Match Types,blaZek1ng,Global Esports,fade,38,1.14,222,1.39,58%,153,0.84,0.26,0.05,0.13,26%,14%,1/7,24,32,23,10,2,5
Champions Tour 2024: Pacific Kickoff,All Stages,All Match Types,blaZek1ng,Global Esports,gekko,68,0.9,177,0.87,71%,120,0.6,0.15,0.04,0.09,31%,7%,1/15,17,41,47,10,3,6
Champions Tour 2024: Pacific Kickoff,All Stages,All Match Types,blaZek1ng,Global Esports,sova,43,0.87,170,0.8,74%,122,0.56,0.3,0.07,0.05,32%,,0/6,15,24,30,13,3,2
Champions Tour 2024: Pacific Kickoff,All Stages,All Match Types,blaZek1ng,Global Esports,"fade, gekko, sova",149,0.96,188,0.97,68%,129,0.65,0.22,0.05,0.09,29%,7%,2/28,24,97,100,33,8,13
Champions Tour 2024: Pacific Kickoff,All Stages,All Match Types,Polvi,Global Esports,jett,43,0.96,212,0.88,74%,140,0.7,0.12,0.26,0.16,23%,,0/4,16,30,34,5,11,7
Champions Tour 2024: Pacific Kickoff,All Stages,All Match Types,Polvi,Global Esports,raze,106,0.79,191,0.74,58%,134,0.6,0.15,0.23,0.22,20%,,0/2,16,64,87,16,24,23
Champions Tour 2024: Pacific Kickoff,All Stages,All Match Types,Polvi,Global Esports,"jett, raze",149,0.84,197,0.78,63%,136,0.63,0.14,0.23,0.2,21%,,0/6,16,94,121,21,35,30
Champions Tour 2024: Pacific Kickoff,All Stages,All Match Types,Lightningfast,Global Esports,omen,62,0.78,123,0.66,66%,85,0.44,0.29,0.06,0.05,31%,,0/5,13,27,41,18,4,3
Champions Tour 2024: Pacific Kickoff,All Stages,All Match Types,Lightningfast,Global Esports,viper,87,0.78,176,0.77,62%,118,0.61,0.17,0.06,0.07,42%,20%,2/10,14,53,69,15,5,6
Champions Tour 2024: Pacific Kickoff,All Stages,All Match Types,Lightningfast,Global Esports,"omen, viper",149,0.78,153,0.73,64%,104,0.54,0.22,0.06,0.06,38%,13%,2/15,14,80,110,33,9,9
Champions Tour 2024: Pacific Kickoff,All Stages,All Match Types,yuran,ZETA DIVISION,breach,20,0.85,158,0.67,85%,108,0.5,0.45,0.05,0.0,22%,,0/4,10,10,15,9,1,0
Champions Tour 2024: Pacific Kickoff,All Stages,All Match Types,yuran,ZETA DIVISION,sova,62,0.72,151,0.64,69%,111,0.52,0.35,0.05,0.08,26%,,0/8,17,32,50,22,3,5
Champions Tour 2024: Pacific Kickoff,All Stages,All Match Types,yuran,ZETA DIVISION,viper,130,1.05,215,1.1,71%,141,0.75,0.28,0.12,0.09,28%,10%,1/10,20,97,88,37,15,12
Champions Tour 2024: Pacific Kickoff,All Stages,All Match Types,yuran,ZETA DIVISION,"breach, sova, viper",212,0.94,192,0.91,72%,129,0.66,0.32,0.09,0.08,27%,5%,1/22,20,139,153,68,19,17
Champions Tour 2024: Pacific Kickoff,All Stages,All Match Types,SugarZ3ro,ZETA DIVISION,brimstone,44,0.98,166,0.96,70%,118,0.59,0.43,0.05,0.11,25%,,0/2,19,26,27,19,2,5
Champions Tour 2024: Pacific Kickoff,All Stages,All Match Types,SugarZ3ro,ZETA DIVISION,harbor,53,0.73,108,0.51,68%,70,0.34,0.32,0.0,0.13,24%,20%,1/5,7,18,35,17,0,7
Champions Tour 2024: Pacific Kickoff,All Stages,All Match Types,SugarZ3ro,ZETA DIVISION,omen,115,0.97,177,0.95,65%,117,0.64,0.42,0.01,0.03,30%,7%,1/15,17,74,78,48,1,4
Champions Tour 2024: Pacific Kickoff,All Stages,All Match Types,SugarZ3ro,ZETA DIVISION,"brimstone, harbor, omen",212,0.91,156,0.84,67%,105,0.56,0.4,0.01,0.08,28%,9%,2/22,19,118,140,84,3,16
Champions Tour 2024: Pacific Kickoff,All Stages,All Match Types,Laz,ZETA DIVISION,cypher,64,0.89,161,0.93,59%,109,0.63,0.2,0.06,0.03,29%,,0/8,16,40,43,13,4,2
Champions Tour 2024: Pacific Kickoff,All Stages,All Match Types,Laz,ZETA DIVISION,killjoy,148,0.93,188,0.93,70%,129,0.66,0.14,0.09,0.09,24%,12%,3/26,16,97,104,21,13,13
Champions Tour 2024: Pacific Kickoff,All Stages,All Match Types,Laz,ZETA DIVISION,"cypher, killjoy",212,0.92,180,0.93,67%,123,0.65,0.16,0.08,0.07,25%,9%,3/34,16,137,147,34,17,15
Champions Tour 2024: Pacific Kickoff,All Stages,All Match Types,hiroronn,ZETA DIVISION,fade,53,0.93,155,0.91,62%,106,0.58,0.23,0.11,0.15,36%,20%,1/5,15,31,34,12,6,8
Champions Tour 2024: Pacific Kickoff,All Stages,All Match Types,hiroronn,ZETA DIVISION,kayo,62,0.86,196,0.77,71%,122,0.65,0.53,0.11,0.16,27%,13%,1/8,16,40,52,33,7,10
Champions Tour 2024: Pacific Kickoff,All Stages,All Match Types,hiroronn,ZETA DIVISION,skye,44,1.11,194,1.41,73%,121,0.7,0.2,0.07,0.05,31%,,0/3,17,31,22,9,3,2
Champions Tour 2024: Pacific Kickoff,All Stages,All Match Types,hiroronn,ZETA DIVISION,sova,53,0.91,177,0.83,60%,139,0.62,0.26,0.0,0.08,27%,22%,2/9,18,33,40,14,0,4
Champions Tour 2024: Pacific Kickoff,All Stages,All Match Types,hiroronn,ZETA DIVISION,"fade, kayo, skye, sova",212,0.94,179,0.91,67%,122,0.64,0.32,0.08,0.11,30%,16%,4/25,18,135,148,68,16,24
Champions Tour 2024: Pacific Kickoff,All Stages,All Match Types,Dep,ZETA DIVISION,jett,115,0.88,223,0.97,63%,135,0.79,0.1,0.2,0.18,30%,,0/10,24,91,94,12,23,21
Champions Tour 2024: Pacific Kickoff,All Stages,All Match Types,Dep,ZETA DIVISION,raze,97,1.18,271,1.43,71%,177,0.96,0.14,0.24,0.19,24%,11%,1/9,27,93,65,14,23,18
Champions Tour 2024: Pacific Kickoff,All Stages,All Match Types,Dep,ZETA DIVISION,"jett, raze",212,1.02,245,1.16,67%,154,0.87,0.12,0.22,0.18,27%,5%,1/19,27,184,159,26,46,39
Champions Tour 2024: Pacific Kickoff,All Stages,All Match Types,mindfreak,Paper Rex,brimstone,17,1.22,233,1.0,71%,163,0.76,0.41,0.0,0.06,42%,,,13,13,13,7,0,1
Champions Tour 2024: Pacific Kickoff,All Stages,All Match Types,mindfreak,Paper Rex,omen,94,1.08,182,1.15,68%,120,0.72,0.23,0.04,0.04,27%,38%,8/21,29,68,59,22,4,4
Champions Tour 2024: Pacific Kickoff,All Stages,All Match Types,mindfreak,Paper Rex,sova,23,0.92,203,0.74,78%,143,0.61,0.43,0.04,0.0,17%,,0/3,14,14,19,10,1,0
Champions Tour 2024: Pacific Kickoff,All Stages,All Match Types,mindfreak,Paper Rex,viper,57,1.04,181,1.03,67%,130,0.65,0.16,0.04,0.05,30%,18%,2/11,14,37,36,9,2,3
Champions Tour 2024: Pacific Kickoff,All Stages,All Match Types,mindfreak,Paper Rex,"brimstone, omen, sova, viper",191,1.07,189,1.04,69%,129,0.69,0.25,0.04,0.04,28%,29%,10/35,29,132,127,48,7,8
Champions Tour 2024: Pacific Kickoff,All Stages,All Match Types,f0rsakeN,Paper Rex,cypher,47,0.76,170,0.79,64%,114,0.57,0.21,0.06,0.13,24%,,0/3,15,27,34,10,3,6
Champions Tour 2024: Pacific Kickoff,All Stages,All Match Types,f0rsakeN,Paper Rex,fade,37,1.09,205,1.15,78%,110,0.81,0.41,0.11,0.08,25%,,0/1,21,30,26,15,4,3
Champions Tour 2024: Pacific Kickoff,All Stages,All Match Types,f0rsakeN,Paper Rex,harbor,23,0.88,203,0.94,78%,142,0.74,0.35,0.09,0.09,46%,,0/2,17,17,18,8,2,2
Champions Tour 2024: Pacific Kickoff,All Stages,All Match Types,f0rsakeN,Paper Rex,kayo,20,1.46,309,1.5,85%,196,1.05,0.4,0.3,0.05,24%,,0/1,21,21,14,8,6,1
Champions Tour 2024: Pacific Kickoff,All Stages,All Match Types,f0rsakeN,Paper Rex,yoru,64,0.98,240,1.08,70%,158,0.88,0.16,0.14,0.17,32%,33%,1/3,33,56,52,10,9,11
Champions Tour 2024: Pacific Kickoff,All Stages,All Match Types,f0rsakeN,Paper Rex,"cypher, fade, harbor, kayo, yoru",191,1.0,220,1.05,73%,140,0.79,0.27,0.13,0.12,29%,10%,1/10,33,151,144,51,24,23
Champions Tour 2024: Pacific Kickoff,All Stages,All Match Types,d4v41,Paper Rex,fade,17,0.79,149,0.57,59%,103,0.47,0.35,0.06,0.12,30%,,0/6,8,8,14,6,1,2
Champions Tour 2024: Pacific Kickoff,All Stages,All Match Types,d4v41,Paper Rex,omen,37,0.99,167,0.7,84%,111,0.51,0.65,0.03,0.08,25%,25%,1/4,12,19,27,24,1,3
Champions Tour 2024: Pacific Kickoff,All Stages,All Match Types,d4v41,Paper Rex,sage,20,1.3,246,1.73,75%,180,0.95,0.2,0.05,0.0,31%,,0/1,19,19,11,4,1,0
Champions Tour 2024: Pacific Kickoff,All Stages,All Match Types,d4v41,Paper Rex,skye,47,1.15,212,1.13,74%,141,0.74,0.49,0.06,0.09,33%,25%,2/8,19,35,31,23,3,4
Champions Tour 2024: Pacific Kickoff,All Stages,All Match Types,d4v41,Paper Rex,viper,70,1.08,203,1.02,70%,147,0.7,0.4,0.04,0.06,32%,36%,4/11,21,49,48,28,3,4
Champions Tour 2024: Pacific Kickoff,All Stages,All Match Types,d4v41,Paper Rex,"fade, omen, sage, skye, viper",191,1.07,196,0.99,73%,138,0.68,0.45,0.05,0.07,31%,23%,7/30,21,130,131,85,9,13
Champions Tour 2024: Pacific Kickoff,All Stages,All Match Types,something,Paper Rex,gekko,74,1.2,206,1.15,81%,128,0.74,0.32,0.14,0.08,26%,10%,1/10,19,55,48,24,10,6
Champions Tour 2024: Pacific Kickoff,All Stages,All Match Types,something,Paper Rex,jett,70,1.17,237,1.2,76%,143,0.86,0.16,0.17,0.17,18%,,0/4,23,60,50,11,12,12
Champions Tour 2024: Pacific Kickoff,All Stages,All Match Types,something,Paper Rex,reyna,24,1.12,253,0.95,67%,162,0.83,0.25,0.29,0.04,26%,,0/1,20,20,21,6,7,1
Champions Tour 2024: Pacific Kickoff,All Stages,All Match Types,something,Paper Rex,yoru,23,1.0,233,1.0,78%,174,0.78,0.26,0.17,0.09,19%,,0/1,18,18,18,6,4,2
Champions Tour 2024: Pacific Kickoff,All Stages,All Match Types,something,Paper Rex,"gekko, jett, reyna, yoru",191,1.16,225,1.12,77%,144,0.8,0.25,0.17,0.11,22%,6%,1/16,23,153,137,47,33,21
Champions Tour 2024: Pacific Kickoff,All Stages,All Match Types,Monyet,Paper Rex,omen,43,0.96,181,0.91,74%,113,0.7,0.3,0.14,0.16,30%,17%,1/6,15,30,33,13,6,7
Champions Tour 2024: Pacific Kickoff,All Stages,All Match Types,Monyet,Paper Rex,raze,148,0.8,174,0.71,69%,122,0.57,0.25,0.09,0.18,19%,15%,2/13,20,84,119,37,13,27
Champions Tour 2024: Pacific Kickoff,All Stages,All Match Types,Monyet,Paper Rex,"omen, raze",191,0.83,176,0.75,70%,120,0.6,0.26,0.1,0.18,21%,16%,3/19,20,114,152,50,19,34
Champions Tour 2024: Pacific Kickoff,All Stages,All Match Types,Medusa,DetonatioN FocusMe,cypher,45,1.14,214,1.06,62%,146,0.76,0.16,0.16,0.07,46%,11%,1/9,19,34,32,7,7,3
Champions Tour 2024: Pacific Kickoff,All Stages,All Match Types,Medusa,DetonatioN FocusMe,killjoy,41,0.62,140,0.63,59%,97,0.49,0.05,0.07,0.1,31%,,0/5,12,20,32,2,3,4
Champions Tour 2024: Pacific Kickoff,All Stages,All Match Types,Medusa,DetonatioN FocusMe,"cypher, killjoy",86,0.88,177,0.84,60%,123,0.63,0.1,0.12,0.08,39%,7%,1/14,19,54,64,9,10,7
Champions Tour 2024: Pacific Kickoff,All Stages,All Match Types,neth,DetonatioN FocusMe,harbor,45,0.66,145,0.66,53%,92,0.51,0.13,0.04,0.16,29%,,0/5,14,23,35,6,2,7
Champions Tour 2024: Pacific Kickoff,All Stages,All Match Types,neth,DetonatioN FocusMe,viper,41,0.95,198,0.84,71%,140,0.66,0.32,0.05,0.07,26%,10%,1/10,14,27,32,13,2,3
Champions Tour 2024: Pacific Kickoff,All Stages,All Match Types,neth,DetonatioN FocusMe,"harbor, viper",86,0.81,172,0.75,62%,115,0.58,0.22,0.05,0.12,27%,7%,1/15,14,50,67,19,4,10
Champions Tour 2024: Pacific Kickoff,All Stages,All Match Types,SSeeS,DetonatioN FocusMe,omen,41,0.89,181,0.84,73%,114,0.66,0.37,0.05,0.1,35%,40%,2/5,17,27,32,15,2,4
Champions Tour 2024: Pacific Kickoff,All Stages,All Match Types,SSeeS,DetonatioN FocusMe,viper,45,0.9,158,0.84,69%,100,0.58,0.31,0.02,0.07,37%,29%,2/7,15,26,31,14,1,3
Champions Tour 2024: Pacific Kickoff,All Stages,All Match Types,SSeeS,DetonatioN FocusMe,"omen, viper",86,0.9,170,0.84,71%,107,0.62,0.34,0.03,0.08,36%,33%,4/12,17,53,63,29,3,7
Champions Tour 2024: Pacific Kickoff,All Stages,All Match Types,Meiy,DetonatioN FocusMe,raze,41,1.16,265,1.12,71%,168,0.9,0.2,0.24,0.2,25%,25%,1/4,21,37,33,8,10,8
Champions Tour 2024: Pacific Kickoff,All Stages,All Match Types,Meiy,DetonatioN FocusMe,yoru,45,0.98,242,1.09,69%,159,0.84,0.16,0.18,0.13,26%,17%,1/6,21,38,35,7,8,6
Champions Tour 2024: Pacific Kickoff,All Stages,All Match Types,Meiy,DetonatioN FocusMe,"raze, yoru",86,1.07,254,1.1,70%,163,0.87,0.17,0.21,0.16,26%,20%,2/10,21,75,68,15,18,14
Champions Tour 2024: Pacific Kickoff,All Stages,All Match Types,Anthem,DetonatioN FocusMe,skye,41,0.68,132,0.52,68%,96,0.41,0.46,0.02,0.1,25%,29%,2/7,12,17,33,19,1,4
Champions Tour 2024: Pacific Kickoff,All Stages,All Match Types,Anthem,DetonatioN FocusMe,sova,45,0.81,145,0.62,67%,108,0.47,0.47,0.09,0.09,32%,,0/3,13,21,34,21,4,4
Champions Tour 2024: Pacific Kickoff,All Stages,All Match Types,Anthem,DetonatioN FocusMe,"skye, sova",86,0.75,138,0.57,67%,102,0.44,0.47,0.06,0.09,28%,20%,2/10,13,38,67,40,5,8
Champions Tour 2024: Pacific Kickoff,All Stages,All Match Types,NDG,Team Secret,cypher,84,0.94,157,0.88,80%,110,0.52,0.29,0.07,0.1,23%,22%,2/9,14,44,50,24,6,8
Champions Tour 2024: Pacific Kickoff,All Stages,All Match Types,NDG,Team Secret,killjoy,141,1.03,191,1.13,77%,136,0.7,0.18,0.04,0.09,20%,21%,3/14,23,99,88,25,5,12
Champions Tour 2024: Pacific Kickoff,All Stages,All Match Types,NDG,Team Secret,"cypher, killjoy",225,1.0,179,1.04,78%,126,0.64,0.22,0.05,0.09,21%,22%,5/23,23,143,138,49,11,20
Champions Tour 2024: Pacific Kickoff,All Stages,All Match Types,Jremy,Team Secret,jett,183,1.17,258,1.21,77%,164,0.9,0.2,0.24,0.16,29%,,0/10,27,164,136,36,44,29
Champions Tour 2024: Pacific Kickoff,All Stages,All Match Types,Jremy,Team Secret,raze,42,1.26,250,1.41,69%,163,0.9,0.14,0.29,0.21,25%,67%,2/3,19,38,27,6,12,9
Champions Tour 2024: Pacific Kickoff,All Stages,All Match Types,Jremy,Team Secret,"jett, raze",225,1.19,257,1.24,75%,163,0.9,0.19,0.25,0.17,28%,15%,2/13,27,202,163,42,56,38
Champions Tour 2024: Pacific Kickoff,All Stages,All Match Types,invy,Team Secret,kayo,141,1.19,216,1.3,76%,146,0.83,0.4,0.1,0.04,28%,7%,1/15,28,117,90,56,14,6
Champions Tour 2024: Pacific Kickoff,All Stages,All Match Types,invy,Team Secret,sage,42,1.24,205,1.26,76%,144,0.81,0.38,0.02,0.1,33%,,0/1,24,34,27,16,1,4
Champions Tour 2024: Pacific Kickoff,All Stages,All Match Types,invy,Team Secret,viper,42,1.09,202,1.11,74%,139,0.71,0.29,0.02,0.07,29%,,0/5,18,30,27,12,1,3
Champions Tour 2024: Pacific Kickoff,All Stages,All Match Types,invy,Team Secret,"kayo, sage, viper",225,1.18,212,1.26,76%,145,0.8,0.37,0.07,0.06,29%,5%,1/21,28,181,144,84,16,13
Champions Tour 2024: Pacific Kickoff,All Stages,All Match Types,BORKUM,Team Secret,omen,99,0.89,161,0.76,70%,100,0.54,0.57,0.06,0.08,18%,13%,1/8,15,53,70,56,6,8
Champions Tour 2024: Pacific Kickoff,All Stages,All Match Types,BORKUM,Team Secret,viper,126,1.19,217,1.2,73%,141,0.75,0.4,0.14,0.06,22%,8%,1/13,24,95,79,50,18,8
Champions Tour 2024: Pacific Kickoff,All Stages,All Match Types,BORKUM,Team Secret,"omen, viper",225,1.05,191,0.99,72%,123,0.66,0.47,0.11,0.07,21%,10%,2/21,24,148,149,106,24,16
Champions Tour 2024: Pacific Kickoff,All Stages,All Match Types,JessieVash,Team Secret,skye,42,1.0,176,1.08,76%,118,0.64,0.33,0.05,0.07,25%,,0/5,16,27,25,14,2,3
Champions Tour 2024: Pacific Kickoff,All Stages,All Match Types,JessieVash,Team Secret,sova,183,1.07,189,1.04,73%,128,0.64,0.37,0.07,0.08,26%,21%,6/29,18,117,112,67,12,14
Champions Tour 2024: Pacific Kickoff,All Stages,All Match Types,JessieVash,Team Secret,"skye, sova",225,1.06,187,1.05,74%,126,0.64,0.36,0.06,0.08,26%,18%,6/34,18,144,137,81,14,17
Champions Tour 2024: Americas Kickoff,Playoffs,Semifinals,cauanzin,LOUD,breach,38,1.0,202,0.87,76%,120,0.68,0.5,0.18,0.08,42%,,0/4,13,26,30,19,7,3
Champions Tour 2024: Americas Kickoff,Playoffs,Semifinals,cauanzin,LOUD,sova,20,1.22,251,2.0,75%,147,1.0,0.2,0.15,0.1,22%,,,20,20,10,4,3,2
Champions Tour 2024: Americas Kickoff,Playoffs,Semifinals,cauanzin,LOUD,"breach, sova",58,1.07,218,1.15,76%,129,0.79,0.4,0.17,0.09,32%,,0/4,20,46,40,23,10,5
Champions Tour 2024: Americas Kickoff,Playoffs,Semifinals,tuyz,LOUD,harbor,20,1.36,225,1.9,90%,150,0.95,0.35,0.05,0.0,28%,33%,1/3,19,19,10,7,1,0
Champions Tour 2024: Americas Kickoff,Playoffs,Semifinals,tuyz,LOUD,omen,38,1.11,204,1.17,71%,142,0.71,0.29,0.05,0.0,33%,22%,2/9,15,27,23,11,2,0
Champions Tour 2024: Americas Kickoff,Playoffs,Semifinals,tuyz,LOUD,"harbor, omen",58,1.19,211,1.39,78%,145,0.79,0.31,0.05,0.0,31%,25%,3/12,19,46,33,18,3,0
Champions Tour 2024: Americas Kickoff,Playoffs,Semifinals,Quick,LOUD,jett,20,0.97,182,0.93,85%,133,0.65,0.3,0.25,0.15,28%,,0/1,13,13,14,6,5,3
Champions Tour 2024: Americas Kickoff,Playoffs,Semifinals,Quick,LOUD,phoenix,38,0.79,146,0.73,55%,105,0.5,0.18,0.13,0.21,36%,,0/2,13,19,26,7,5,8
Champions Tour 2024: Americas Kickoff,Playoffs,Semifinals,Quick,LOUD,"jett, phoenix",58,0.85,158,0.8,66%,115,0.55,0.22,0.17,0.19,33%,,0/3,13,32,40,13,10,11
Champions Tour 2024: Americas Kickoff,Playoffs,Semifinals,saadhak,LOUD,kayo,20,0.83,214,0.74,70%,128,0.7,0.5,0.15,0.15,13%,,0/2,14,14,19,10,3,3
Champions Tour 2024: Americas Kickoff,Playoffs,Semifinals,saadhak,LOUD,killjoy,20,0.86,168,0.67,85%,114,0.5,0.35,0.05,0.15,13%,,0/4,10,10,15,7,1,3
Champions Tour 2024: Americas Kickoff,Playoffs,Semifinals,saadhak,LOUD,sova,18,1.35,236,2.57,89%,138,1.0,0.22,0.06,0.06,22%,,0/1,18,18,7,4,1,1
Champions Tour 2024: Americas Kickoff,Playoffs,Semifinals,saadhak,LOUD,"kayo, killjoy, sova",58,1.01,206,1.02,81%,126,0.72,0.36,0.09,0.12,15%,,0/7,18,42,41,21,5,7
Champions Tour 2024: Americas Kickoff,Playoffs,Semifinals,Less,LOUD,viper,58,1.14,228,1.44,81%,144,0.84,0.21,0.07,0.05,24%,33%,1/3,20,49,34,12,4,3
Champions Tour 2024: Americas Kickoff,Playoffs,Semifinals,crashies,NRG Esports,breach,16,0.69,137,0.54,63%,87,0.44,0.5,0.0,0.13,22%,,0/5,7,7,13,8,0,2
Champions Tour 2024: Americas Kickoff,Playoffs,Semifinals,crashies,NRG Esports,sova,21,0.95,147,0.91,76%,96,0.48,0.29,0.1,0.19,25%,,0/1,10,10,11,6,2,4
Champions Tour 2024: Americas Kickoff,Playoffs,Semifinals,crashies,NRG Esports,viper,30,0.96,203,0.96,70%,118,0.73,0.23,0.03,0.07,27%,33%,1/3,22,22,23,7,1,2
Champions Tour 2024: Americas Kickoff,Playoffs,Semifinals,crashies,NRG Esports,"breach, sova, viper",67,0.86,162,0.83,70%,104,0.58,0.31,0.04,0.12,25%,11%,1/9,22,39,47,21,3,8
Champions Tour 2024: Americas Kickoff,Playoffs,Semifinals,Victor,NRG Esports,cypher,30,0.91,176,1.0,67%,103,0.63,0.17,0.1,0.03,44%,,0/4,19,19,19,5,3,1
Champions Tour 2024: Americas Kickoff,Playoffs,Semifinals,Victor,NRG Esports,killjoy,21,1.16,191,1.6,76%,136,0.76,0.1,0.1,0.05,22%,50%,1/2,16,16,10,2,2,1
Champions Tour 2024: Americas Kickoff,Playoffs,Semifinals,Victor,NRG Esports,raze,16,0.69,200,0.85,63%,136,0.69,0.0,0.0,0.38,15%,,,11,11,13,0,0,6
Champions Tour 2024: Americas Kickoff,Playoffs,Semifinals,Victor,NRG Esports,"cypher, killjoy, raze",67,0.92,189,1.1,69%,121,0.69,0.1,0.07,0.12,26%,17%,1/6,19,46,42,7,5,8
Champions Tour 2024: Americas Kickoff,Playoffs,Semifinals,Demon1,NRG Esports,jett,51,0.9,199,0.85,69%,138,0.65,0.16,0.18,0.24,38%,,0/1,17,33,39,8,9,12
Champions Tour 2024: Americas Kickoff,Playoffs,Semifinals,Demon1,NRG Esports,omen,16,0.7,183,0.71,63%,108,0.63,0.38,0.13,0.19,33%,,0/6,10,10,14,6,2,3
Champions Tour 2024: Americas Kickoff,Playoffs,Semifinals,Demon1,NRG Esports,"jett, omen",67,0.83,194,0.81,67%,131,0.64,0.21,0.16,0.22,37%,,0/7,17,43,53,14,11,15
Champions Tour 2024: Americas Kickoff,Playoffs,Semifinals,Ethan,NRG Esports,kayo,21,1.43,333,2.25,81%,187,1.29,0.43,0.05,0.0,28%,,0/1,27,27,12,9,1,0
Champions Tour 2024: Americas Kickoff,Playoffs,Semifinals,Ethan,NRG Esports,skye,46,0.6,128,0.42,70%,93,0.33,0.46,0.0,0.09,25%,14%,1/7,9,15,36,21,0,4
Champions Tour 2024: Americas Kickoff,Playoffs,Semifinals,Ethan,NRG Esports,"kayo, skye",67,0.88,196,0.88,73%,123,0.63,0.45,0.01,0.06,27%,13%,1/8,27,42,48,30,1,4
Champions Tour 2024: Americas Kickoff,Playoffs,Semifinals,Marved,NRG Esports,omen,51,0.91,164,0.81,73%,105,0.59,0.31,0.06,0.12,32%,,0/5,22,30,37,16,3,6
Champions Tour 2024: Americas Kickoff,Playoffs,Semifinals,Marved,NRG Esports,viper,16,0.93,281,0.93,63%,184,0.88,0.25,0.06,0.13,27%,,,14,14,15,4,1,2
Champions Tour 2024: Americas Kickoff,Playoffs,Semifinals,Marved,NRG Esports,"omen, viper",67,0.92,203,0.85,70%,124,0.66,0.3,0.06,0.12,30%,,0/5,22,44,52,20,4,8
Champions Tour 2024: Americas Kickoff,Playoffs,Semifinals,NaturE,Evil Geniuses,breach,18,0.66,140,0.56,56%,93,0.5,0.22,0.0,0.0,29%,,0/3,9,9,16,4,0,0
Champions Tour 2024: Americas Kickoff,Playoffs,Semifinals,NaturE,Evil Geniuses,kayo,40,0.7,146,0.59,70%,90,0.48,0.4,0.08,0.03,27%,,0/4,11,19,32,16,3,1
Champions Tour 2024: Americas Kickoff,Playoffs,Semifinals,NaturE,Evil Geniuses,"breach, kayo",58,0.69,144,0.58,66%,91,0.48,0.34,0.05,0.02,28%,,0/7,11,28,48,20,3,1
Champions Tour 2024: Americas Kickoff,Playoffs,Semifinals,Apoth,Evil Geniuses,cypher,38,0.94,192,0.93,58%,145,0.66,0.21,0.08,0.18,40%,100%,1/1,16,25,27,8,3,7
Champions Tour 2024: Americas Kickoff,Playoffs,Semifinals,Apoth,Evil Geniuses,killjoy,20,1.11,271,1.13,60%,179,0.9,0.2,0.05,0.2,24%,,0/2,18,18,16,4,1,4
Champions Tour 2024: Americas Kickoff,Playoffs,Semifinals,Apoth,Evil Geniuses,"cypher, killjoy",58,1.0,219,1.0,59%,157,0.74,0.21,0.07,0.19,33%,33%,1/3,18,43,43,12,4,11
Champions Tour 2024: Americas Kickoff,Playoffs,Semifinals,jawgemo,Evil Geniuses,deadlock,20,0.9,242,0.94,65%,144,0.85,0.05,0.25,0.15,28%,,0/1,17,17,18,1,5,3
Champions Tour 2024: Americas Kickoff,Playoffs,Semifinals,jawgemo,Evil Geniuses,jett,20,1.36,287,1.62,75%,194,1.05,0.35,0.15,0.25,22%,,,21,21,13,7,3,5
Champions Tour 2024: Americas Kickoff,Playoffs,Semifinals,jawgemo,Evil Geniuses,raze,18,0.55,108,0.38,56%,78,0.33,0.17,0.0,0.22,23%,,0/1,6,6,16,3,0,4
Champions Tour 2024: Americas Kickoff,Playoffs,Semifinals,jawgemo,Evil Geniuses,"deadlock, jett, raze",58,0.94,212,0.94,66%,140,0.76,0.19,0.14,0.21,24%,,0/2,21,44,47,11,8,12
Champions Tour 2024: Americas Kickoff,Playoffs,Semifinals,Derrek,Evil Geniuses,fade,18,1.23,319,1.54,72%,194,1.11,0.0,0.17,0.06,49%,11%,1/9,20,20,13,0,3,1
Champions Tour 2024: Americas Kickoff,Playoffs,Semifinals,Derrek,Evil Geniuses,gekko,20,0.8,141,0.5,60%,96,0.4,0.25,0.1,0.05,26%,,0/1,8,8,16,5,2,1
Champions Tour 2024: Americas Kickoff,Playoffs,Semifinals,Derrek,Evil Geniuses,sova,20,1.3,231,1.25,85%,158,0.75,0.5,0.05,0.0,24%,20%,1/5,15,15,12,10,1,0
Champions Tour 2024: Americas Kickoff,Playoffs,Semifinals,Derrek,Evil Geniuses,"fade, gekko, sova",58,1.11,230,1.05,72%,148,0.74,0.26,0.1,0.03,31%,13%,2/15,20,43,41,15,6,2
Champions Tour 2024: Americas Kickoff,Playoffs,Semifinals,supamen,Evil Geniuses,omen,38,1.08,163,0.96,74%,108,0.58,0.39,0.13,0.08,36%,25%,1/4,19,22,23,15,5,3
Champions Tour 2024: Americas Kickoff,Playoffs,Semifinals,supamen,Evil Geniuses,viper,20,0.77,130,0.62,55%,91,0.4,0.05,0.0,0.15,25%,17%,1/6,8,8,13,1,0,3
Champions Tour 2024: Americas Kickoff,Playoffs,Semifinals,supamen,Evil Geniuses,"omen, viper",58,0.98,152,0.83,67%,102,0.52,0.28,0.09,0.1,33%,20%,2/10,19,30,36,16,5,6
Champions Tour 2024: Americas Kickoff,Playoffs,Semifinals,johnqt,Sentinels,cypher,67,1.12,180,1.03,67%,117,0.61,0.28,0.01,0.04,27%,29%,2/7,18,41,40,19,1,3
Champions Tour 2024: Americas Kickoff,Playoffs,Semifinals,Sacy,Sentinels,gekko,30,1.04,153,0.79,73%,117,0.5,0.27,0.07,0.03,38%,,0/2,15,15,19,8,2,1
Champions Tour 2024: Americas Kickoff,Playoffs,Semifinals,Sacy,Sentinels,skye,16,1.26,224,1.44,75%,145,0.81,0.5,0.0,0.06,21%,100%,1/1,13,13,9,8,0,1
Champions Tour 2024: Americas Kickoff,Playoffs,Semifinals,Sacy,Sentinels,sova,21,0.95,208,0.76,62%,142,0.62,0.52,0.0,0.1,12%,50%,1/2,13,13,17,11,0,2
Champions Tour 2024: Americas Kickoff,Playoffs,Semifinals,Sacy,Sentinels,"gekko, skye, sova",67,1.08,195,0.91,70%,131,0.61,0.4,0.03,0.06,23%,40%,2/5,15,41,45,27,2,4
Champions Tour 2024: Americas Kickoff,Playoffs,Semifinals,zekken,Sentinels,jett,21,0.96,225,0.94,76%,147,0.76,0.14,0.29,0.14,17%,,0/7,16,16,17,3,6,3
Champions Tour 2024: Americas Kickoff,Playoffs,Semifinals,zekken,Sentinels,raze,46,1.05,238,1.32,72%,169,0.89,0.13,0.3,0.2,38%,,0/1,31,41,31,6,14,9
Champions Tour 2024: Americas Kickoff,Playoffs,Semifinals,zekken,Sentinels,"jett, raze",67,1.02,233,1.19,73%,162,0.85,0.13,0.3,0.18,31%,,0/8,31,57,48,9,20,12
Champions Tour 2024: Americas Kickoff,Playoffs,Semifinals,Zellsis,Sentinels,kayo,51,1.16,184,1.03,75%,113,0.61,0.49,0.08,0.06,23%,,0/7,17,31,30,25,4,3
Champions Tour 2024: Americas Kickoff,Playoffs,Semifinals,Zellsis,Sentinels,viper,16,1.56,273,1.88,88%,153,0.94,0.44,0.25,0.0,14%,,0/3,15,15,8,7,4,0
Champions Tour 2024: Americas Kickoff,Playoffs,Semifinals,Zellsis,Sentinels,"kayo, viper",67,1.29,214,1.21,78%,122,0.69,0.48,0.12,0.04,20%,,0/10,17,46,38,32,8,3
Champions Tour 2024: Americas Kickoff,Playoffs,Semifinals,TenZ,Sentinels,omen,67,1.21,242,1.33,85%,160,0.85,0.43,0.18,0.03,28%,,0/4,30,57,43,29,12,2
Champions Tour 2024: Americas Kickoff,Playoffs,Grand Final,cauanzin,LOUD,breach,76,0.84,175,0.82,67%,103,0.66,0.25,0.16,0.09,29%,,0/4,16,50,61,19,12,7
Champions Tour 2024: Americas Kickoff,Playoffs,Grand Final,cauanzin,LOUD,sova,24,1.19,218,1.29,71%,154,0.75,0.29,0.04,0.21,19%,,0/1,18,18,14,7,1,5
Champions Tour 2024: Americas Kickoff,Playoffs,Grand Final,cauanzin,LOUD,"breach, sova",100,0.91,183,0.91,68%,115,0.68,0.26,0.13,0.12,26%,,0/5,18,68,75,26,13,12
Champions Tour 2024: Americas Kickoff,Playoffs,Grand Final,tuyz,LOUD,brimstone,21,1.43,251,1.58,86%,158,0.9,0.76,0.05,0.0,32%,40%,2/5,19,19,12,16,1,0
Champions Tour 2024: Americas Kickoff,Playoffs,Grand Final,tuyz,LOUD,harbor,24,1.28,173,1.42,75%,123,0.71,0.54,0.0,0.08,25%,20%,1/5,17,17,12,13,0,2
Champions Tour 2024: Americas Kickoff,Playoffs,Grand Final,tuyz,LOUD,omen,55,0.88,191,0.86,64%,128,0.65,0.36,0.07,0.07,27%,17%,3/18,16,36,42,20,4,4
Champions Tour 2024: Americas Kickoff,Playoffs,Grand Final,tuyz,LOUD,"brimstone, harbor, omen",100,1.07,200,1.09,71%,133,0.72,0.49,0.05,0.06,27%,21%,6/28,19,72,66,49,5,6
Champions Tour 2024: Americas Kickoff,Playoffs,Grand Final,Quick,LOUD,jett,24,0.93,188,0.84,79%,117,0.67,0.08,0.21,0.13,33%,,,16,16,19,2,5,3
Champions Tour 2024: Americas Kickoff,Playoffs,Grand Final,Quick,LOUD,phoenix,60,1.06,254,1.15,67%,167,0.92,0.25,0.2,0.15,33%,17%,1/6,24,55,48,15,12,9
Champions Tour 2024: Americas Kickoff,Playoffs,Grand Final,Quick,LOUD,raze,16,0.55,136,0.54,50%,94,0.44,0.06,0.06,0.25,21%,,0/1,7,7,13,1,1,4
Champions Tour 2024: Americas Kickoff,Playoffs,Grand Final,Quick,LOUD,"jett, phoenix, raze",100,0.93,217,0.98,67%,143,0.78,0.18,0.18,0.16,31%,14%,1/7,24,78,80,18,18,16
Champions Tour 2024: Americas Kickoff,Playoffs,Grand Final,saadhak,LOUD,kayo,21,1.03,216,0.87,86%,152,0.62,0.71,0.19,0.05,24%,,0/1,13,13,15,15,4,1
Champions Tour 2024: Americas Kickoff,Playoffs,Grand Final,saadhak,LOUD,killjoy,24,1.07,214,1.0,71%,142,0.67,0.25,0.13,0.04,24%,,0/1,16,16,16,6,3,1
Champions Tour 2024: Americas Kickoff,Playoffs,Grand Final,saadhak,LOUD,skye,33,0.48,123,0.43,64%,78,0.39,0.24,0.03,0.09,18%,33%,1/3,10,13,30,8,1,3
Champions Tour 2024: Americas Kickoff,Playoffs,Grand Final,saadhak,LOUD,sova,22,0.63,164,0.53,68%,113,0.45,0.36,0.0,0.18,10%,,0/1,10,10,19,8,0,4
Champions Tour 2024: Americas Kickoff,Playoffs,Grand Final,saadhak,LOUD,"kayo, killjoy, skye, sova",100,0.74,168,0.65,71%,117,0.52,0.37,0.08,0.09,19%,17%,1/6,16,52,80,37,8,9
Champions Tour 2024: Americas Kickoff,Playoffs,Grand Final,Less,LOUD,viper,100,1.0,192,0.97,69%,136,0.66,0.21,0.05,0.08,38%,5%,1/19,18,66,68,21,5,8
Champions Tour 2024: Americas Kickoff,Playoffs,Grand Final,Zellsis,Sentinels,brimstone,21,0.89,183,1.0,57%,123,0.71,0.1,0.0,0.1,28%,,0/2,15,15,15,2,0,2
Champions Tour 2024: Americas Kickoff,Playoffs,Grand Final,Zellsis,Sentinels,kayo,22,0.99,183,0.71,73%,122,0.55,0.64,0.09,0.05,10%,,0/1,12,12,17,14,2,1
Champions Tour 2024: Americas Kickoff,Playoffs,Grand Final,Zellsis,Sentinels,killjoy,41,0.82,169,0.9,76%,104,0.66,0.27,0.07,0.1,7%,50%,1/2,17,27,30,11,3,4
Champions Tour 2024: Americas Kickoff,Playoffs,Grand Final,Zellsis,Sentinels,viper,16,1.21,178,1.38,75%,128,0.69,0.38,0.06,0.19,23%,50%,1/2,11,11,8,6,1,3
Champions Tour 2024: Americas Kickoff,Playoffs,Grand Final,Zellsis,Sentinels,"brimstone, kayo, killjoy, viper",100,0.95,176,0.93,71%,116,0.65,0.33,0.06,0.1,14%,29%,2/7,17,65,70,33,6,10
Champions Tour 2024: Americas Kickoff,Playoffs,Grand Final,johnqt,Sentinels,cypher,38,1.09,156,1.16,82%,108,0.58,0.26,0.05,0.08,20%,,0/2,14,22,19,10,2,3
Champions Tour 2024: Americas Kickoff,Playoffs,Grand Final,johnqt,Sentinels,viper,62,1.1,220,1.28,79%,142,0.81,0.26,0.03,0.08,28%,32%,6/19,19,50,39,16,2,5
Champions Tour 2024: Americas Kickoff,Playoffs,Grand Final,johnqt,Sentinels,"cypher, viper",100,1.09,195,1.24,80%,129,0.72,0.26,0.04,0.08,25%,29%,6/21,19,72,58,26,4,8
Champions Tour 2024: Americas Kickoff,Playoffs,Grand Final,Sacy,Sentinels,fade,17,1.23,247,1.17,88%,181,0.82,0.88,0.0,0.0,28%,67%,2/3,14,14,12,15,0,0
Champions Tour 2024: Americas Kickoff,Playoffs,Grand Final,Sacy,Sentinels,gekko,46,0.97,191,1.0,74%,128,0.65,0.33,0.09,0.07,31%,17%,1/6,23,30,30,15,4,3
Champions Tour 2024: Americas Kickoff,Playoffs,Grand Final,Sacy,Sentinels,skye,37,0.95,196,0.78,76%,130,0.57,0.51,0.05,0.05,27%,,,13,21,27,19,2,2
Champions Tour 2024: Americas Kickoff,Playoffs,Grand Final,Sacy,Sentinels,"fade, gekko, skye",100,1.01,204,0.94,77%,138,0.65,0.49,0.06,0.05,29%,33%,3/9,23,65,69,49,6,5
Champions Tour 2024: Americas Kickoff,Playoffs,Grand Final,zekken,Sentinels,jett,24,0.63,192,0.8,67%,118,0.67,0.08,0.13,0.04,34%,,0/2,16,16,20,2,3,1
Champions Tour 2024: Americas Kickoff,Playoffs,Grand Final,zekken,Sentinels,raze,76,1.28,260,1.37,76%,160,0.88,0.28,0.21,0.12,24%,25%,1/4,18,67,49,21,16,9
Champions Tour 2024: Americas Kickoff,Playoffs,Grand Final,zekken,Sentinels,"jett, raze",100,1.15,246,1.2,74%,150,0.83,0.23,0.19,0.1,25%,17%,1/6,18,83,69,23,19,10
Champions Tour 2024: Americas Kickoff,Playoffs,Grand Final,TenZ,Sentinels,kayo,24,1.15,210,0.94,79%,132,0.67,0.83,0.08,0.17,16%,,0/1,16,16,17,20,2,4
Champions Tour 2024: Americas Kickoff,Playoffs,Grand Final,TenZ,Sentinels,omen,55,1.33,267,1.59,82%,175,0.98,0.38,0.16,0.13,22%,,0/4,24,54,34,21,9,7
Champions Tour 2024: Americas Kickoff,Playoffs,Grand Final,TenZ,Sentinels,yoru,21,0.9,220,0.74,76%,139,0.67,0.33,0.24,0.24,29%,,0/4,14,14,19,7,5,5
Champions Tour 2024: Americas Kickoff,Playoffs,Grand Final,TenZ,Sentinels,"kayo, omen, yoru",100,1.21,246,1.2,80%,157,0.84,0.48,0.16,0.16,22%,,0/9,24,84,70,48,16,16
Champions Tour 2024: Americas Kickoff,Play-Ins,Play-ins,RgLMeister,MIBR,astra,48,0.96,201,1.03,75%,134,0.73,0.48,0.04,0.06,28%,11%,1/9,23,35,34,23,2,3
Champions Tour 2024: Americas Kickoff,Play-Ins,Play-ins,RgLMeister,MIBR,omen,41,0.69,134,0.63,71%,88,0.49,0.34,0.1,0.05,28%,,0/3,11,20,32,14,4,2
Champions Tour 2024: Americas Kickoff,Play-Ins,Play-ins,RgLMeister,MIBR,viper,23,1.16,216,1.21,83%,163,0.74,0.35,0.0,0.04,37%,,0/2,17,17,14,8,0,1
Champions Tour 2024: Americas Kickoff,Play-Ins,Play-ins,RgLMeister,MIBR,"astra, omen, viper",112,0.89,177,0.9,75%,123,0.64,0.4,0.05,0.05,30%,7%,1/14,23,72,80,45,6,6
Champions Tour 2024: Americas Kickoff,Play-Ins,Play-ins,frz,MIBR,cypher,64,1.0,172,1.08,67%,116,0.66,0.11,0.05,0.11,34%,22%,2/9,19,42,39,7,3,7
Champions Tour 2024: Americas Kickoff,Play-Ins,Play-ins,frz,MIBR,viper,48,1.0,211,1.06,69%,128,0.69,0.21,0.08,0.06,29%,14%,1/7,17,33,31,10,4,3
Champions Tour 2024: Americas Kickoff,Play-Ins,Play-ins,frz,MIBR,"cypher, viper",112,1.0,187,1.07,68%,122,0.67,0.15,0.06,0.09,32%,19%,3/16,19,75,70,17,7,10
Champions Tour 2024: Americas Kickoff,Play-Ins,Play-ins,artzin,MIBR,jett,90,1.04,242,1.09,70%,153,0.82,0.11,0.12,0.13,35%,20%,2/10,28,74,68,10,11,12
Champions Tour 2024: Americas Kickoff,Play-Ins,Play-ins,artzin,MIBR,raze,22,1.03,218,0.94,77%,154,0.73,0.32,0.09,0.14,20%,,0/2,16,16,17,7,2,3
Champions Tour 2024: Americas Kickoff,Play-Ins,Play-ins,artzin,MIBR,"jett, raze",112,1.04,237,1.06,71%,153,0.8,0.15,0.12,0.13,31%,17%,2/12,28,90,85,17,13,15
Champions Tour 2024: Americas Kickoff,Play-Ins,Play-ins,mazin,MIBR,kayo,23,0.95,151,0.75,74%,106,0.52,0.48,0.13,0.04,18%,25%,1/4,12,12,16,11,3,1
Champions Tour 2024: Americas Kickoff,Play-Ins,Play-ins,mazin,MIBR,skye,48,0.69,131,0.63,56%,89,0.42,0.21,0.02,0.15,22%,14%,1/7,12,20,32,10,1,7
Champions Tour 2024: Americas Kickoff,Play-Ins,Play-ins,mazin,MIBR,viper,41,0.86,184,0.82,59%,119,0.56,0.37,0.1,0.12,33%,,0/4,14,23,28,15,4,5
Champions Tour 2024: Americas Kickoff,Play-Ins,Play-ins,mazin,MIBR,"kayo, skye, viper",112,0.81,156,0.72,61%,104,0.49,0.32,0.07,0.12,25%,13%,2/15,14,55,76,36,8,13
Champions Tour 2024: Americas Kickoff,Play-Ins,Play-ins,jzz,MIBR,raze,48,0.92,234,1.05,69%,162,0.83,0.08,0.17,0.19,28%,,0/2,28,40,38,4,8,9
Champions Tour 2024: Americas Kickoff,Play-Ins,Play-ins,jzz,MIBR,skye,41,0.96,200,1.0,68%,131,0.73,0.27,0.15,0.12,35%,20%,1/5,22,30,30,11,6,5
Champions Tour 2024: Americas Kickoff,Play-Ins,Play-ins,jzz,MIBR,sova,23,1.31,208,1.38,87%,147,0.78,0.26,0.13,0.13,37%,,0/2,18,18,13,6,3,3
Champions Tour 2024: Americas Kickoff,Play-Ins,Play-ins,jzz,MIBR,"raze, skye, sova",112,1.01,216,1.09,72%,148,0.79,0.19,0.15,0.15,32%,11%,1/9,28,88,81,21,17,17
Champions Tour 2024: Americas Kickoff,Play-Ins,Play-ins,JonahP,G2 Esports,breach,50,0.93,130,0.75,72%,82,0.48,0.42,0.06,0.04,28%,,0/5,18,24,32,21,3,2
Champions Tour 2024: Americas Kickoff,Play-Ins,Play-ins,JonahP,G2 Esports,sova,88,0.86,164,0.82,75%,123,0.58,0.25,0.06,0.09,28%,,0/8,15,51,62,22,5,8
Champions Tour 2024: Americas Kickoff,Play-Ins,Play-ins,JonahP,G2 Esports,"breach, sova",138,0.88,153,0.8,74%,108,0.54,0.31,0.06,0.07,28%,,0/13,18,75,94,43,8,10
Champions Tour 2024: Americas Kickoff,Play-Ins,Play-ins,neT,G2 Esports,cypher,138,1.05,224,1.11,67%,145,0.78,0.19,0.11,0.07,44%,8%,2/25,25,107,96,26,15,10
Champions Tour 2024: Americas Kickoff,Play-Ins,Play-ins,valyn,G2 Esports,harbor,45,0.65,133,0.64,64%,88,0.47,0.29,0.04,0.13,20%,40%,2/5,12,21,33,13,2,6
Champions Tour 2024: Americas Kickoff,Play-Ins,Play-ins,valyn,G2 Esports,omen,93,0.89,170,0.81,73%,102,0.59,0.34,0.1,0.05,18%,20%,2/10,16,55,68,32,9,5
Champions Tour 2024: Americas Kickoff,Play-Ins,Play-ins,valyn,G2 Esports,"harbor, omen",138,0.81,157,0.75,70%,98,0.55,0.33,0.08,0.08,18%,27%,4/15,16,76,101,45,11,11
Champions Tour 2024: Americas Kickoff,Play-Ins,Play-ins,leaf,G2 Esports,raze,93,1.09,237,1.21,70%,156,0.87,0.13,0.17,0.2,27%,33%,1/3,26,81,67,12,16,19
Champions Tour 2024: Americas Kickoff,Play-Ins,Play-ins,leaf,G2 Esports,yoru,45,0.98,242,1.09,71%,152,0.82,0.18,0.2,0.09,35%,,0/1,23,37,34,8,9,4
Champions Tour 2024: Americas Kickoff,Play-Ins,Play-ins,leaf,G2 Esports,"raze, yoru",138,1.05,239,1.17,70%,155,0.86,0.14,0.18,0.17,29%,25%,1/4,26,118,101,20,25,23
Champions Tour 2024: Americas Kickoff,Play-Ins,Play-ins,trent,G2 Esports,viper,138,1.01,189,0.99,72%,131,0.65,0.24,0.09,0.09,32%,27%,6/22,22,90,91,33,13,12
Champions Tour 2024: Americas Kickoff,Play-Ins,Play-ins,johnqt,Sentinels,cypher,85,1.04,172,0.98,68%,113,0.6,0.28,0.08,0.06,29%,9%,1/11,16,51,52,24,7,5
Champions Tour 2024: Americas Kickoff,Play-Ins,Play-ins,johnqt,Sentinels,killjoy,19,0.89,139,0.82,74%,99,0.47,0.05,0.05,0.0,17%,33%,1/3,9,9,11,1,1,0
Champions Tour 2024: Americas Kickoff,Play-Ins,Play-ins,johnqt,Sentinels,"cypher, killjoy",104,1.01,165,0.95,69%,111,0.58,0.24,0.08,0.05,26%,14%,2/14,16,60,63,25,8,5
Champions Tour 2024: Americas Kickoff,Play-Ins,Play-ins,Sacy,Sentinels,gekko,21,1.3,273,1.27,86%,183,0.9,0.48,0.0,0.0,25%,,0/1,19,19,15,10,0,0
Champions Tour 2024: Americas Kickoff,Play-Ins,Play-ins,Sacy,Sentinels,skye,42,1.02,170,0.89,69%,108,0.57,0.55,0.1,0.07,20%,33%,1/3,15,24,27,23,4,3
Champions Tour 2024: Americas Kickoff,Play-Ins,Play-ins,Sacy,Sentinels,sova,41,0.99,190,0.77,66%,133,0.56,0.29,0.1,0.05,27%,,0/6,14,23,30,12,4,2
Champions Tour 2024: Americas Kickoff,Play-Ins,Play-ins,Sacy,Sentinels,"gekko, skye, sova",104,1.07,198,0.92,71%,133,0.63,0.43,0.08,0.05,24%,10%,1/10,19,66,72,45,8,5
Champions Tour 2024: Americas Kickoff,Play-Ins,Play-ins,zekken,Sentinels,jett,41,1.03,256,1.16,68%,166,0.9,0.07,0.22,0.24,31%,,,21,37,32,3,9,10
Champions Tour 2024: Americas Kickoff,Play-Ins,Play-ins,zekken,Sentinels,raze,63,1.17,243,1.18,70%,168,0.83,0.27,0.16,0.24,28%,100%,1/1,20,52,44,17,10,15
Champions Tour 2024: Americas Kickoff,Play-Ins,Play-ins,zekken,Sentinels,"jett, raze",104,1.11,248,1.17,69%,167,0.86,0.19,0.18,0.24,29%,100%,1/1,21,89,76,20,19,25
Champions Tour 2024: Americas Kickoff,Play-Ins,Play-ins,Zellsis,Sentinels,kayo,40,1.36,210,1.6,85%,130,0.8,0.53,0.05,0.05,16%,33%,2/6,19,32,20,21,2,2
Champions Tour 2024: Americas Kickoff,Play-Ins,Play-ins,Zellsis,Sentinels,viper,64,1.14,217,1.1,73%,136,0.7,0.39,0.13,0.05,16%,15%,2/13,19,45,41,25,8,3
Champions Tour 2024: Americas Kickoff,Play-Ins,Play-ins,Zellsis,Sentinels,"kayo, viper",104,1.23,215,1.26,78%,134,0.74,0.44,0.1,0.05,16%,21%,4/19,19,77,61,46,10,5
Champions Tour 2024: Americas Kickoff,Play-Ins,Play-ins,TenZ,Sentinels,kayo,22,0.93,185,0.83,59%,148,0.68,0.32,0.05,0.09,32%,25%,1/4,15,15,18,7,1,2
Champions Tour 2024: Americas Kickoff,Play-Ins,Play-ins,TenZ,Sentinels,omen,82,1.11,202,1.23,77%,126,0.78,0.3,0.1,0.1,30%,,0/6,19,64,52,25,8,8
Champions Tour 2024: Americas Kickoff,Play-Ins,Play-ins,TenZ,Sentinels,"kayo, omen",104,1.07,199,1.13,73%,130,0.76,0.31,0.09,0.1,30%,10%,1/10,19,79,70,32,9,10
Champions Tour 2024: Americas Kickoff,Group Stage,Opening (A),RgLMeister,MIBR,astra,21,1.12,185,1.25,76%,114,0.71,0.33,0.0,0.0,23%,,0/3,15,15,12,7,0,0
Champions Tour 2024: Americas Kickoff,Group Stage,Opening (A),RgLMeister,MIBR,brimstone,24,1.16,200,1.21,83%,135,0.71,0.54,0.08,0.04,23%,40%,2/5,17,17,14,13,2,1
Champions Tour 2024: Americas Kickoff,Group Stage,Opening (A),RgLMeister,MIBR,omen,23,0.99,181,1.08,91%,119,0.61,0.43,0.0,0.13,41%,,0/3,14,14,13,10,0,3
Champions Tour 2024: Americas Kickoff,Group Stage,Opening (A),RgLMeister,MIBR,"astra, brimstone, omen",68,1.09,189,1.18,84%,123,0.68,0.44,0.03,0.06,27%,18%,2/11,17,46,39,30,2,4
Champions Tour 2024: Americas Kickoff,Group Stage,Opening (A),artzin,MIBR,jett,45,0.85,194,0.86,73%,126,0.67,0.16,0.24,0.09,20%,50%,2/4,16,30,35,7,11,4
Champions Tour 2024: Americas Kickoff,Group Stage,Opening (A),artzin,MIBR,raze,23,0.99,220,1.06,78%,147,0.74,0.09,0.04,0.13,19%,,0/1,17,17,16,2,1,3
Champions Tour 2024: Americas Kickoff,Group Stage,Opening (A),artzin,MIBR,"jett, raze",68,0.89,203,0.92,75%,133,0.69,0.13,0.18,0.1,19%,40%,2/5,17,47,51,9,12,7
Champions Tour 2024: Americas Kickoff,Group Stage,Opening (A),frz,MIBR,killjoy,23,0.87,161,0.76,70%,115,0.57,0.39,0.13,0.13,11%,,0/3,13,13,17,9,3,3
Champions Tour 2024: Americas Kickoff,Group Stage,Opening (A),frz,MIBR,viper,45,0.84,166,0.94,60%,106,0.64,0.07,0.07,0.07,32%,25%,1/4,16,29,31,3,3,3
Champions Tour 2024: Americas Kickoff,Group Stage,Opening (A),frz,MIBR,"killjoy, viper",68,0.85,165,0.88,63%,109,0.62,0.18,0.09,0.09,23%,14%,1/7,16,42,48,12,6,6
Champions Tour 2024: Americas Kickoff,Group Stage,Opening (A),jzz,MIBR,raze,45,0.88,213,0.89,73%,152,0.71,0.24,0.16,0.27,30%,,,21,32,36,11,7,12
Champions Tour 2024: Americas Kickoff,Group Stage,Opening (A),jzz,MIBR,skye,23,1.17,222,1.06,83%,138,0.78,0.26,0.17,0.0,27%,,0/2,18,18,17,6,4,0
Champions Tour 2024: Americas Kickoff,Group Stage,Opening (A),jzz,MIBR,"raze, skye",68,0.98,216,0.94,76%,147,0.74,0.25,0.16,0.18,29%,,0/2,21,50,53,17,11,12
Champions Tour 2024: Americas Kickoff,Group Stage,Opening (A),mazin,MIBR,skye,45,0.92,166,0.82,71%,110,0.6,0.36,0.02,0.02,38%,11%,1/9,14,27,33,16,1,1
Champions Tour 2024: Americas Kickoff,Group Stage,Opening (A),mazin,MIBR,viper,23,1.0,202,1.0,70%,132,0.7,0.48,0.17,0.09,16%,33%,1/3,16,16,16,11,4,2
Champions Tour 2024: Americas Kickoff,Group Stage,Opening (A),mazin,MIBR,"skye, viper",68,0.95,178,0.88,71%,118,0.63,0.4,0.07,0.04,27%,17%,2/12,16,43,49,27,5,3
Champions Tour 2024: Americas Kickoff,Group Stage,Opening (A),jakee,Cloud9,astra,21,0.77,147,0.6,76%,103,0.43,0.38,0.0,0.0,16%,,0/3,9,9,15,8,0,0
Champions Tour 2024: Americas Kickoff,Group Stage,Opening (A),jakee,Cloud9,brimstone,24,1.34,236,1.43,71%,150,0.83,0.46,0.04,0.04,27%,,,20,20,14,11,1,1
Champions Tour 2024: Americas Kickoff,Group Stage,Opening (A),jakee,Cloud9,omen,23,0.85,122,0.53,83%,80,0.35,0.61,0.0,0.04,14%,,0/2,8,8,15,14,0,1
Champions Tour 2024: Americas Kickoff,Group Stage,Opening (A),jakee,Cloud9,"astra, brimstone, omen",68,0.99,168,0.84,76%,112,0.54,0.49,0.01,0.03,20%,,0/5,20,37,44,33,1,2
Champions Tour 2024: Americas Kickoff,Group Stage,Opening (A),Xeppaa,Cloud9,fade,23,1.11,215,1.0,96%,131,0.78,0.43,0.09,0.09,21%,50%,1/2,18,18,18,10,2,2
Champions Tour 2024: Americas Kickoff,Group Stage,Opening (A),Xeppaa,Cloud9,raze,24,1.03,223,1.18,79%,134,0.83,0.17,0.25,0.13,25%,,0/2,20,20,17,4,6,3
Champions Tour 2024: Americas Kickoff,Group Stage,Opening (A),Xeppaa,Cloud9,skye,21,1.02,199,0.93,76%,128,0.67,0.29,0.0,0.14,39%,,0/3,14,14,15,6,0,3
Champions Tour 2024: Americas Kickoff,Group Stage,Opening (A),Xeppaa,Cloud9,"fade, raze, skye",68,1.05,212,1.04,84%,131,0.76,0.29,0.12,0.12,27%,14%,1/7,20,52,50,20,8,8
Champions Tour 2024: Americas Kickoff,Group Stage,Opening (A),vanity,Cloud9,gekko,23,1.27,197,1.5,78%,132,0.78,0.26,0.04,0.13,28%,40%,2/5,18,18,12,6,1,3
Champions Tour 2024: Americas Kickoff,Group Stage,Opening (A),vanity,Cloud9,skye,24,1.0,125,0.69,83%,84,0.38,0.63,0.0,0.08,23%,,0/2,9,9,13,15,0,2
Champions Tour 2024: Americas Kickoff,Group Stage,Opening (A),vanity,Cloud9,viper,21,0.96,200,0.94,57%,119,0.71,0.1,0.0,0.24,21%,67%,2/3,15,15,16,2,0,5
Champions Tour 2024: Americas Kickoff,Group Stage,Opening (A),vanity,Cloud9,"gekko, skye, viper",68,1.08,174,1.02,74%,111,0.62,0.34,0.01,0.15,24%,40%,4/10,18,42,41,23,1,10
Champions Tour 2024: Americas Kickoff,Group Stage,Opening (A),wippie,Cloud9,killjoy,44,0.93,160,0.81,80%,116,0.48,0.3,0.07,0.05,16%,,0/5,11,21,26,13,3,2
Champions Tour 2024: Americas Kickoff,Group Stage,Opening (A),wippie,Cloud9,viper,24,1.48,253,2.09,88%,151,0.96,0.17,0.08,0.04,25%,33%,1/3,23,23,11,4,2,1
Champions Tour 2024: Americas Kickoff,Group Stage,Opening (A),wippie,Cloud9,"killjoy, viper",68,1.11,191,1.19,82%,129,0.65,0.25,0.07,0.04,19%,13%,1/8,23,44,37,17,5,3
Champions Tour 2024: Americas Kickoff,Group Stage,Opening (A),OXY,Cloud9,raze,44,1.03,283,1.16,68%,182,1.0,0.09,0.25,0.25,35%,,0/2,24,44,38,4,11,11
Champions Tour 2024: Americas Kickoff,Group Stage,Opening (A),OXY,Cloud9,yoru,24,1.19,261,1.17,63%,173,0.88,0.21,0.25,0.08,40%,,0/3,21,21,18,5,6,2
Champions Tour 2024: Americas Kickoff,Group Stage,Opening (A),OXY,Cloud9,"raze, yoru",68,1.08,276,1.16,66%,179,0.96,0.13,0.25,0.19,37%,,0/5,24,65,56,9,17,13
Champions Tour 2024: Americas Kickoff,Group Stage,Opening (A),Victor,NRG Esports,cypher,23,1.26,218,1.38,83%,139,0.78,0.3,0.17,0.04,38%,50%,1/2,18,18,13,7,4,1
Champions Tour 2024: Americas Kickoff,Group Stage,Opening (A),Victor,NRG Esports,killjoy,21,1.0,227,1.21,81%,146,0.81,0.1,0.19,0.1,22%,,0/2,17,17,14,2,4,2
Champions Tour 2024: Americas Kickoff,Group Stage,Opening (A),Victor,NRG Esports,"cypher, killjoy",44,1.13,222,1.3,82%,143,0.8,0.2,0.18,0.07,28%,25%,1/4,18,35,27,9,8,3
Champions Tour 2024: Americas Kickoff,Group Stage,Opening (A),Demon1,NRG Esports,jett,44,1.21,214,1.27,70%,146,0.75,0.14,0.27,0.11,26%,50%,1/2,19,33,26,6,12,5
Champions Tour 2024: Americas Kickoff,Group Stage,Opening (A),Ethan,NRG Esports,kayo,44,1.32,244,1.54,84%,164,0.84,0.52,0.07,0.11,24%,33%,1/3,20,37,24,23,3,5
Champions Tour 2024: Americas Kickoff,Group Stage,Opening (A),Marved,NRG Esports,omen,21,0.81,118,0.57,81%,74,0.38,0.67,0.0,0.05,14%,,0/2,8,8,14,14,0,1
Champions Tour 2024: Americas Kickoff,Group Stage,Opening (A),Marved,NRG Esports,viper,23,0.9,187,0.94,78%,141,0.7,0.26,0.04,0.09,33%,25%,1/4,16,16,17,6,1,2
Champions Tour 2024: Americas Kickoff,Group Stage,Opening (A),Marved,NRG Esports,"omen, viper",44,0.85,152,0.77,80%,109,0.55,0.45,0.02,0.07,24%,17%,1/6,16,24,31,20,1,3
Champions Tour 2024: Americas Kickoff,Group Stage,Opening (A),crashies,NRG Esports,sova,44,1.06,182,1.21,80%,120,0.66,0.34,0.07,0.02,28%,,0/5,16,29,24,15,3,1
Champions Tour 2024: Americas Kickoff,Group Stage,Opening (A),Khalil,FURIA,cypher,23,0.86,193,0.88,57%,136,0.65,0.22,0.04,0.09,39%,,0/4,15,15,17,5,1,2
Champions Tour 2024: Americas Kickoff,Group Stage,Opening (A),Khalil,FURIA,killjoy,21,1.03,166,1.0,76%,119,0.67,0.0,0.0,0.05,25%,25%,1/4,14,14,14,0,0,1
Champions Tour 2024: Americas Kickoff,Group Stage,Opening (A),Khalil,FURIA,"cypher, killjoy",44,0.95,180,0.94,66%,128,0.66,0.11,0.02,0.07,32%,13%,1/8,15,29,31,5,1,3
Champions Tour 2024: Americas Kickoff,Group Stage,Opening (A),mwzera,FURIA,jett,44,1.24,230,1.24,77%,148,0.82,0.23,0.2,0.18,24%,33%,1/3,23,36,29,10,9,8
Champions Tour 2024: Americas Kickoff,Group Stage,Opening (A),havoc,FURIA,kayo,44,0.44,114,0.38,48%,77,0.32,0.32,0.05,0.25,23%,,,12,14,37,14,2,11
Champions Tour 2024: Americas Kickoff,Group Stage,Opening (A),liazzi,FURIA,omen,21,0.78,130,0.57,81%,81,0.38,0.57,0.05,0.1,43%,,0/3,8,8,14,12,1,2
Champions Tour 2024: Americas Kickoff,Group Stage,Opening (A),liazzi,FURIA,viper,23,1.08,242,1.12,65%,141,0.83,0.3,0.09,0.09,33%,25%,1/4,19,19,17,7,2,2
Champions Tour 2024: Americas Kickoff,Group Stage,Opening (A),liazzi,FURIA,"omen, viper",44,0.93,186,0.87,73%,112,0.61,0.43,0.07,0.09,36%,14%,1/7,19,27,31,19,3,4
Champions Tour 2024: Americas Kickoff,Group Stage,Opening (A),kon4n,FURIA,sova,44,0.97,180,0.87,77%,112,0.59,0.25,0.05,0.02,14%,,0/8,14,26,30,11,2,1
Champions Tour 2024: Americas Kickoff,Group Stage,Winner's (A),Victor,NRG Esports,cypher,20,1.27,217,1.7,70%,152,0.85,0.25,0.05,0.15,19%,,0/2,17,17,10,5,1,3
Champions Tour 2024: Americas Kickoff,Group Stage,Winner's (A),Victor,NRG Esports,killjoy,26,1.31,248,1.22,77%,177,0.85,0.35,0.12,0.12,24%,33%,1/3,22,22,18,9,3,3
Champions Tour 2024: Americas Kickoff,Group Stage,Winner's (A),Victor,NRG Esports,"cypher, killjoy",46,1.29,232,1.39,74%,166,0.85,0.3,0.09,0.13,22%,20%,1/5,22,39,28,14,4,6
Champions Tour 2024: Americas Kickoff,Group Stage,Winner's (A),Demon1,NRG Esports,jett,46,1.31,250,1.39,76%,166,0.93,0.09,0.2,0.13,36%,,0/5,24,43,31,4,9,6
Champions Tour 2024: Americas Kickoff,Group Stage,Winner's (A),Ethan,NRG Esports,kayo,26,0.82,184,0.64,77%,113,0.54,0.58,0.08,0.08,7%,,0/1,14,14,22,15,2,2
Champions Tour 2024: Americas Kickoff,Group Stage,Winner's (A),Ethan,NRG Esports,skye,20,1.16,213,1.07,85%,143,0.75,0.4,0.15,0.05,21%,100%,1/1,15,15,14,8,3,1
Champions Tour 2024: Americas Kickoff,Group Stage,Winner's (A),Ethan,NRG Esports,"kayo, skye",46,0.99,198,0.81,80%,126,0.63,0.5,0.11,0.07,12%,50%,1/2,15,29,36,23,5,3
Champions Tour 2024: Americas Kickoff,Group Stage,Winner's (A),Marved,NRG Esports,omen,46,1.08,218,1.03,78%,135,0.78,0.5,0.09,0.09,26%,,0/1,20,36,35,23,4,4
Champions Tour 2024: Americas Kickoff,Group Stage,Winner's (A),crashies,NRG Esports,sova,26,1.14,187,1.31,77%,121,0.65,0.27,0.08,0.04,18%,,0/5,17,17,13,7,2,1
Champions Tour 2024: Americas Kickoff,Group Stage,Winner's (A),crashies,NRG Esports,viper,20,1.05,136,0.9,70%,96,0.45,0.3,0.05,0.05,27%,50%,1/2,9,9,10,6,1,1
Champions Tour 2024: Americas Kickoff,Group Stage,Winner's (A),crashies,NRG Esports,"sova, viper",46,1.09,162,1.13,74%,110,0.57,0.28,0.07,0.04,21%,14%,1/7,17,26,23,13,3,2
Champions Tour 2024: Americas Kickoff,Group Stage,Winner's (A),OXY,Cloud9,jett,26,1.0,255,1.0,73%,162,0.88,0.12,0.35,0.23,23%,,0/3,23,23,23,3,9,6
Champions Tour 2024: Americas Kickoff,Group Stage,Winner's (A),OXY,Cloud9,yoru,20,0.69,166,0.65,60%,95,0.55,0.25,0.15,0.25,63%,33%,1/3,11,11,17,5,3,5
Champions Tour 2024: Americas Kickoff,Group Stage,Winner's (A),OXY,Cloud9,"jett, yoru",46,0.85,210,0.85,67%,133,0.74,0.17,0.26,0.24,31%,17%,1/6,23,34,40,8,12,11
Champions Tour 2024: Americas Kickoff,Group Stage,Winner's (A),Xeppaa,Cloud9,kayo,26,1.01,192,0.94,88%,124,0.65,0.73,0.04,0.15,20%,,0/1,17,17,18,19,1,4
Champions Tour 2024: Americas Kickoff,Group Stage,Winner's (A),Xeppaa,Cloud9,raze,20,0.85,233,0.82,65%,150,0.7,0.25,0.05,0.05,21%,,0/2,14,14,17,5,1,1
Champions Tour 2024: Americas Kickoff,Group Stage,Winner's (A),Xeppaa,Cloud9,"kayo, raze",46,0.93,212,0.89,78%,135,0.67,0.52,0.04,0.11,21%,,0/3,17,31,35,24,2,5
Champions Tour 2024: Americas Kickoff,Group Stage,Winner's (A),wippie,Cloud9,killjoy,26,0.8,164,0.94,73%,109,0.62,0.12,0.0,0.0,30%,,0/6,16,16,17,3,0,0
Champions Tour 2024: Americas Kickoff,Group Stage,Winner's (A),wippie,Cloud9,viper,20,1.04,177,1.0,50%,113,0.65,0.2,0.05,0.15,22%,25%,1/4,13,13,13,4,1,3
Champions Tour 2024: Americas Kickoff,Group Stage,Winner's (A),wippie,Cloud9,"killjoy, viper",46,0.92,170,0.97,63%,111,0.63,0.15,0.02,0.07,27%,10%,1/10,16,29,30,7,1,3
Champions Tour 2024: Americas Kickoff,Group Stage,Winner's (A),jakee,Cloud9,omen,46,0.71,151,0.71,63%,104,0.54,0.3,0.07,0.11,29%,,0/1,14,25,35,14,3,5
Champions Tour 2024: Americas Kickoff,Group Stage,Winner's (A),vanity,Cloud9,skye,20,0.63,174,0.65,75%,115,0.55,0.3,0.05,0.05,32%,,0/5,11,11,17,6,1,1
Champions Tour 2024: Americas Kickoff,Group Stage,Winner's (A),vanity,Cloud9,sova,26,1.28,259,1.44,96%,183,0.88,0.38,0.08,0.0,21%,25%,1/4,23,23,16,10,2,0
Champions Tour 2024: Americas Kickoff,Group Stage,Winner's (A),vanity,Cloud9,"skye, sova",46,0.95,216,1.03,87%,154,0.74,0.35,0.07,0.02,24%,11%,1/9,23,34,33,16,3,1
Champions Tour 2024: Americas Kickoff,Group Stage,Elimination (A),RgLMeister,MIBR,astra,22,0.91,143,0.85,77%,103,0.5,0.41,0.0,0.05,36%,33%,1/3,11,11,13,9,0,1
Champions Tour 2024: Americas Kickoff,Group Stage,Elimination (A),RgLMeister,MIBR,viper,24,1.15,194,1.31,71%,136,0.71,0.13,0.04,0.08,33%,33%,1/3,17,17,13,3,1,2
Champions Tour 2024: Americas Kickoff,Group Stage,Elimination (A),RgLMeister,MIBR,"astra, viper",46,1.03,168,1.08,74%,120,0.61,0.26,0.02,0.07,34%,33%,2/6,17,28,26,12,1,3
Champions Tour 2024: Americas Kickoff,Group Stage,Elimination (A),frz,MIBR,cypher,24,0.91,186,0.88,63%,126,0.63,0.17,0.04,0.13,37%,,0/2,15,15,17,4,1,3
Champions Tour 2024: Americas Kickoff,Group Stage,Elimination (A),frz,MIBR,viper,22,1.46,277,2.0,64%,185,1.0,0.32,0.05,0.23,20%,50%,2/4,22,22,11,7,1,5
Champions Tour 2024: Americas Kickoff,Group Stage,Elimination (A),frz,MIBR,"cypher, viper",46,1.18,232,1.32,63%,154,0.8,0.24,0.04,0.17,26%,33%,2/6,22,37,28,11,2,8
Champions Tour 2024: Americas Kickoff,Group Stage,Elimination (A),artzin,MIBR,jett,46,1.11,236,1.12,78%,149,0.8,0.17,0.24,0.15,27%,25%,1/4,22,37,33,8,11,7
Champions Tour 2024: Americas Kickoff,Group Stage,Elimination (A),mazin,MIBR,kayo,24,0.73,124,0.53,63%,85,0.38,0.58,0.0,0.08,37%,,0/1,9,9,17,14,0,2
Champions Tour 2024: Americas Kickoff,Group Stage,Elimination (A),mazin,MIBR,skye,22,1.01,126,0.91,73%,89,0.45,0.36,0.05,0.0,31%,,0/1,10,10,11,8,1,0
Champions Tour 2024: Americas Kickoff,Group Stage,Elimination (A),mazin,MIBR,"kayo, skye",46,0.87,125,0.68,67%,87,0.41,0.48,0.02,0.04,34%,,0/2,10,19,28,22,1,2
Champions Tour 2024: Americas Kickoff,Group Stage,Elimination (A),jzz,MIBR,raze,22,0.97,237,1.06,64%,153,0.82,0.14,0.18,0.14,22%,,0/1,18,18,17,3,4,3
Champions Tour 2024: Americas Kickoff,Group Stage,Elimination (A),jzz,MIBR,sova,24,0.99,189,1.2,67%,133,0.75,0.08,0.08,0.08,36%,,0/3,18,18,15,2,2,2
Champions Tour 2024: Americas Kickoff,Group Stage,Elimination (A),jzz,MIBR,"raze, sova",46,0.98,213,1.13,65%,142,0.78,0.11,0.13,0.11,27%,,0/4,18,36,32,5,6,5
Champions Tour 2024: Americas Kickoff,Group Stage,Elimination (A),liazzi,FURIA,astra,22,0.7,91,0.46,68%,63,0.27,0.23,0.05,0.09,32%,,0/3,6,6,13,5,1,2
Champions Tour 2024: Americas Kickoff,Group Stage,Elimination (A),liazzi,FURIA,viper,24,1.02,205,1.06,67%,135,0.71,0.25,0.04,0.0,36%,,0/2,17,17,16,6,1,0
Champions Tour 2024: Americas Kickoff,Group Stage,Elimination (A),liazzi,FURIA,"astra, viper",46,0.86,148,0.79,67%,101,0.5,0.24,0.04,0.04,34%,,0/5,17,23,29,11,2,2
Champions Tour 2024: Americas Kickoff,Group Stage,Elimination (A),Khalil,FURIA,cypher,24,0.92,160,0.78,63%,120,0.58,0.17,0.08,0.04,32%,,0/2,14,14,18,4,2,1
Champions Tour 2024: Americas Kickoff,Group Stage,Elimination (A),Khalil,FURIA,viper,22,0.9,163,0.73,64%,102,0.5,0.32,0.0,0.05,14%,,,11,11,15,7,0,1
Champions Tour 2024: Americas Kickoff,Group Stage,Elimination (A),Khalil,FURIA,"cypher, viper",46,0.91,162,0.76,63%,112,0.54,0.24,0.04,0.04,22%,,0/2,14,25,33,11,2,2
Champions Tour 2024: Americas Kickoff,Group Stage,Elimination (A),mwzera,FURIA,jett,46,1.14,244,1.19,65%,164,0.83,0.15,0.15,0.15,26%,,0/9,24,38,32,7,7,7
Champions Tour 2024: Americas Kickoff,Group Stage,Elimination (A),havoc,FURIA,kayo,24,1.14,235,1.18,58%,161,0.83,0.29,0.21,0.21,43%,,,20,20,17,7,5,5
Champions Tour 2024: Americas Kickoff,Group Stage,Elimination (A),havoc,FURIA,raze,22,0.98,221,1.07,68%,127,0.73,0.23,0.23,0.18,18%,,0/2,16,16,15,5,5,4
Champions Tour 2024: Americas Kickoff,Group Stage,Elimination (A),havoc,FURIA,"kayo, raze",46,1.06,228,1.13,63%,145,0.78,0.26,0.22,0.2,28%,,0/2,20,36,32,12,10,9
Champions Tour 2024: Americas Kickoff,Group Stage,Elimination (A),kon4n,FURIA,skye,22,0.82,146,0.69,73%,110,0.5,0.45,0.05,0.0,21%,33%,1/3,11,11,16,10,1,0
Champions Tour 2024: Americas Kickoff,Group Stage,Elimination (A),kon4n,FURIA,sova,24,1.02,174,0.93,75%,120,0.58,0.33,0.13,0.04,26%,,0/4,14,14,15,8,3,1
Champions Tour 2024: Americas Kickoff,Group Stage,Elimination (A),kon4n,FURIA,"skye, sova",46,0.92,160,0.81,74%,115,0.54,0.39,0.09,0.02,24%,14%,1/7,14,25,31,18,4,1
Champions Tour 2024: Americas Kickoff,Group Stage,Decider (A),RgLMeister,MIBR,brimstone,26,1.18,216,1.06,65%,157,0.69,0.31,0.04,0.0,33%,,0/2,18,18,17,8,1,0
Champions Tour 2024: Americas Kickoff,Group Stage,Decider (A),RgLMeister,MIBR,omen,22,1.21,249,1.5,91%,166,0.95,0.64,0.0,0.05,30%,25%,1/4,21,21,14,14,0,1
Champions Tour 2024: Americas Kickoff,Group Stage,Decider (A),RgLMeister,MIBR,"brimstone, omen",48,1.19,232,1.26,77%,162,0.81,0.46,0.02,0.02,31%,17%,1/6,21,39,31,22,1,1
Champions Tour 2024: Americas Kickoff,Group Stage,Decider (A),frz,MIBR,cypher,22,1.22,224,1.55,82%,160,0.77,0.27,0.09,0.09,38%,50%,1/2,17,17,11,6,2,2
Champions Tour 2024: Americas Kickoff,Group Stage,Decider (A),frz,MIBR,viper,26,1.03,188,1.12,69%,112,0.73,0.0,0.15,0.08,33%,38%,3/8,19,19,17,0,4,2
Champions Tour 2024: Americas Kickoff,Group Stage,Decider (A),frz,MIBR,"cypher, viper",48,1.12,206,1.29,75%,134,0.75,0.13,0.13,0.08,35%,40%,4/10,19,36,28,6,6,4
Champions Tour 2024: Americas Kickoff,Group Stage,Decider (A),artzin,MIBR,jett,22,1.06,216,1.06,73%,136,0.77,0.27,0.09,0.09,23%,,,17,17,16,6,2,2
Champions Tour 2024: Americas Kickoff,Group Stage,Decider (A),artzin,MIBR,raze,26,0.62,115,0.61,50%,77,0.42,0.15,0.0,0.35,11%,100%,1/1,11,11,18,4,0,9
Champions Tour 2024: Americas Kickoff,Group Stage,Decider (A),artzin,MIBR,"jett, raze",48,0.84,166,0.82,60%,104,0.58,0.21,0.04,0.23,17%,100%,1/1,17,28,34,10,2,11
Champions Tour 2024: Americas Kickoff,Group Stage,Decider (A),mazin,MIBR,kayo,26,1.01,221,0.95,65%,136,0.73,0.31,0.19,0.12,37%,,0/2,19,19,20,8,5,3
Champions Tour 2024: Americas Kickoff,Group Stage,Decider (A),mazin,MIBR,viper,22,0.87,155,0.79,73%,126,0.5,0.45,0.0,0.18,34%,25%,1/4,11,11,14,10,0,4
Champions Tour 2024: Americas Kickoff,Group Stage,Decider (A),mazin,MIBR,"kayo, viper",48,0.94,188,0.88,69%,132,0.63,0.38,0.1,0.15,36%,17%,1/6,19,30,34,18,5,7
Champions Tour 2024: Americas Kickoff,Group Stage,Decider (A),jzz,MIBR,skye,48,1.03,222,1.19,88%,134,0.79,0.31,0.17,0.06,31%,,0/4,24,38,32,15,8,3
Champions Tour 2024: Americas Kickoff,Group Stage,Decider (A),jakee,Cloud9,brimstone,26,1.02,162,0.94,85%,106,0.62,0.35,0.08,0.0,48%,,0/2,16,16,17,9,2,0
Champions Tour 2024: Americas Kickoff,Group Stage,Decider (A),jakee,Cloud9,omen,22,1.36,226,1.33,77%,147,0.91,0.32,0.05,0.09,38%,33%,2/6,20,20,15,7,1,2
Champions Tour 2024: Americas Kickoff,Group Stage,Decider (A),jakee,Cloud9,"brimstone, omen",48,1.19,194,1.13,81%,125,0.75,0.33,0.06,0.04,42%,25%,2/8,20,36,32,16,3,2
Champions Tour 2024: Americas Kickoff,Group Stage,Decider (A),OXY,Cloud9,jett,22,0.49,128,0.36,50%,84,0.36,0.14,0.18,0.18,32%,,,8,8,22,3,4,4
Champions Tour 2024: Americas Kickoff,Group Stage,Decider (A),OXY,Cloud9,yoru,26,1.16,219,1.31,81%,147,0.81,0.23,0.19,0.12,26%,,0/3,21,21,16,6,5,3
Champions Tour 2024: Americas Kickoff,Group Stage,Decider (A),OXY,Cloud9,"jett, yoru",48,0.82,174,0.76,67%,118,0.6,0.19,0.19,0.15,28%,,0/3,21,29,38,9,9,7
Champions Tour 2024: Americas Kickoff,Group Stage,Decider (A),Xeppaa,Cloud9,kayo,22,1.37,248,1.12,77%,160,0.86,0.91,0.09,0.0,27%,,0/2,19,19,17,20,2,0
Champions Tour 2024: Americas Kickoff,Group Stage,Decider (A),Xeppaa,Cloud9,raze,26,0.95,168,0.88,77%,118,0.54,0.27,0.04,0.23,12%,100%,1/1,14,14,16,7,1,6
Champions Tour 2024: Americas Kickoff,Group Stage,Decider (A),Xeppaa,Cloud9,"kayo, raze",48,1.16,208,1.0,77%,137,0.69,0.56,0.06,0.13,19%,33%,1/3,19,33,33,27,3,6
Champions Tour 2024: Americas Kickoff,Group Stage,Decider (A),wippie,Cloud9,killjoy,22,0.74,163,0.59,59%,126,0.45,0.23,0.05,0.14,17%,,0/3,10,10,17,5,1,3
Champions Tour 2024: Americas Kickoff,Group Stage,Decider (A),wippie,Cloud9,viper,26,0.95,177,0.94,81%,106,0.58,0.27,0.15,0.08,23%,,0/6,15,15,16,7,4,2
Champions Tour 2024: Americas Kickoff,Group Stage,Decider (A),wippie,Cloud9,"killjoy, viper",48,0.84,170,0.76,71%,116,0.52,0.25,0.1,0.1,20%,,0/9,15,25,33,12,5,5
Champions Tour 2024: Americas Kickoff,Group Stage,Decider (A),vanity,Cloud9,skye,26,1.28,239,1.44,77%,150,0.88,0.38,0.12,0.0,25%,,,23,23,16,10,3,0
Champions Tour 2024: Americas Kickoff,Group Stage,Decider (A),vanity,Cloud9,sova,22,0.78,196,0.68,59%,131,0.59,0.27,0.14,0.09,15%,,0/3,13,13,19,6,3,2
Champions Tour 2024: Americas Kickoff,Group Stage,Decider (A),vanity,Cloud9,"skye, sova",48,1.03,218,1.03,69%,141,0.75,0.33,0.13,0.04,20%,,0/3,23,36,35,16,6,2
Champions Tour 2024: Americas Kickoff,Group Stage,Opening (B),Cryocells,100 Thieves,astra,16,1.48,232,2.14,88%,180,0.94,0.06,0.19,0.06,36%,,0/1,15,15,7,1,3,1
Champions Tour 2024: Americas Kickoff,Group Stage,Opening (B),Cryocells,100 Thieves,brimstone,22,0.85,204,0.94,77%,126,0.68,0.23,0.05,0.27,26%,50%,1/2,15,15,16,5,1,6
Champions Tour 2024: Americas Kickoff,Group Stage,Opening (B),Cryocells,100 Thieves,jett,24,1.07,250,1.11,58%,161,0.88,0.08,0.21,0.13,17%,50%,1/2,21,21,19,2,5,3
Champions Tour 2024: Americas Kickoff,Group Stage,Opening (B),Cryocells,100 Thieves,"astra, brimstone, jett",62,1.13,229,1.21,73%,153,0.82,0.13,0.15,0.16,25%,40%,2/5,21,51,42,8,9,10
Champions Tour 2024: Americas Kickoff,Group Stage,Opening (B),eeiu,100 Thieves,fade,38,1.16,205,1.27,79%,129,0.74,0.32,0.03,0.03,20%,,0/9,17,28,22,12,1,1
Champions Tour 2024: Americas Kickoff,Group Stage,Opening (B),eeiu,100 Thieves,sova,24,0.68,151,0.6,63%,98,0.5,0.17,0.04,0.04,21%,,0/6,12,12,20,4,1,1
Champions Tour 2024: Americas Kickoff,Group Stage,Opening (B),eeiu,100 Thieves,"fade, sova",62,1.0,187,0.95,73%,117,0.65,0.26,0.03,0.03,20%,,0/15,17,40,42,16,2,2
Champions Tour 2024: Americas Kickoff,Group Stage,Opening (B),Boostio,100 Thieves,gekko,38,1.2,234,1.23,84%,168,0.84,0.26,0.16,0.05,27%,,,22,32,26,10,6,2
Champions Tour 2024: Americas Kickoff,Group Stage,Opening (B),Boostio,100 Thieves,killjoy,24,0.99,246,1.05,54%,164,0.83,0.29,0.13,0.38,23%,,,20,20,19,7,3,9
Champions Tour 2024: Americas Kickoff,Group Stage,Opening (B),Boostio,100 Thieves,"gekko, killjoy",62,1.13,238,1.16,73%,166,0.84,0.27,0.15,0.18,25%,,,22,52,45,17,9,11
Champions Tour 2024: Americas Kickoff,Group Stage,Opening (B),Asuna,100 Thieves,gekko,24,0.66,114,0.5,58%,66,0.38,0.08,0.04,0.0,14%,50%,1/2,9,9,18,2,1,0
Champions Tour 2024: Americas Kickoff,Group Stage,Opening (B),Asuna,100 Thieves,raze,38,1.04,216,0.97,84%,130,0.74,0.29,0.11,0.13,21%,,0/2,18,28,29,11,4,5
Champions Tour 2024: Americas Kickoff,Group Stage,Opening (B),Asuna,100 Thieves,"gekko, raze",62,0.92,182,0.79,74%,106,0.6,0.21,0.08,0.08,20%,25%,1/4,18,37,47,13,5,5
Champions Tour 2024: Americas Kickoff,Group Stage,Opening (B),bang,100 Thieves,viper,62,0.87,184,0.93,71%,115,0.65,0.19,0.08,0.06,33%,27%,3/11,19,40,43,12,5,4
Champions Tour 2024: Americas Kickoff,Group Stage,Opening (B),cauanzin,LOUD,breach,46,1.18,212,1.29,80%,127,0.78,0.33,0.11,0.07,33%,,0/3,18,36,28,15,5,3
Champions Tour 2024: Americas Kickoff,Group Stage,Opening (B),saadhak,LOUD,kayo,22,1.02,170,0.79,77%,111,0.5,0.55,0.09,0.14,22%,,0/2,11,11,14,12,2,3
Champions Tour 2024: Americas Kickoff,Group Stage,Opening (B),saadhak,LOUD,skye,24,1.09,226,0.95,71%,139,0.79,0.42,0.04,0.17,19%,,0/1,19,19,20,10,1,4
Champions Tour 2024: Americas Kickoff,Group Stage,Opening (B),saadhak,LOUD,"kayo, skye",46,1.05,198,0.88,74%,126,0.65,0.48,0.07,0.15,21%,,0/3,19,30,34,22,3,7
Champions Tour 2024: Americas Kickoff,Group Stage,Opening (B),tuyz,LOUD,omen,46,0.9,133,0.71,74%,84,0.43,0.63,0.0,0.07,32%,17%,1/6,13,20,28,29,0,3
Champions Tour 2024: Americas Kickoff,Group Stage,Opening (B),Quick,LOUD,phoenix,22,1.16,207,1.31,73%,130,0.77,0.27,0.18,0.05,23%,,0/1,17,17,13,6,4,1
Champions Tour 2024: Americas Kickoff,Group Stage,Opening (B),Quick,LOUD,raze,24,1.17,261,1.38,71%,173,0.92,0.21,0.21,0.25,20%,,0/1,22,22,16,5,5,6
Champions Tour 2024: Americas Kickoff,Group Stage,Opening (B),Quick,LOUD,"phoenix, raze",46,1.17,234,1.34,72%,152,0.85,0.24,0.2,0.15,21%,,0/2,22,39,29,11,9,7
Champions Tour 2024: Americas Kickoff,Group Stage,Opening (B),Less,LOUD,viper,46,1.02,182,1.0,72%,124,0.63,0.43,0.11,0.09,33%,17%,1/6,15,29,29,20,5,4
Champions Tour 2024: Americas Kickoff,Group Stage,Opening (B),kiNgg,Leviatán,breach,16,0.71,185,0.73,63%,118,0.69,0.25,0.0,0.06,29%,,0/5,11,11,15,4,0,1
Champions Tour 2024: Americas Kickoff,Group Stage,Opening (B),kiNgg,Leviatán,viper,46,0.85,154,0.73,72%,101,0.52,0.48,0.02,0.09,29%,33%,1/3,14,24,33,22,1,4
Champions Tour 2024: Americas Kickoff,Group Stage,Opening (B),kiNgg,Leviatán,"breach, viper",62,0.81,165,0.73,69%,105,0.56,0.42,0.02,0.08,29%,13%,1/8,14,35,48,26,1,5
Champions Tour 2024: Americas Kickoff,Group Stage,Opening (B),tex,Leviatán,cypher,16,0.49,120,0.38,69%,82,0.38,0.31,0.0,0.06,28%,,0/3,6,6,16,5,0,1
Champions Tour 2024: Americas Kickoff,Group Stage,Opening (B),tex,Leviatán,gekko,22,0.97,124,0.9,77%,98,0.41,0.36,0.0,0.14,37%,,0/2,9,9,10,8,0,3
Champions Tour 2024: Americas Kickoff,Group Stage,Opening (B),tex,Leviatán,killjoy,24,0.87,163,0.94,63%,114,0.63,0.08,0.13,0.13,38%,,0/1,15,15,16,2,3,3
Champions Tour 2024: Americas Kickoff,Group Stage,Opening (B),tex,Leviatán,"cypher, gekko, killjoy",62,0.78,136,0.71,69%,100,0.48,0.24,0.05,0.11,35%,,0/6,15,30,42,15,3,7
Champions Tour 2024: Americas Kickoff,Group Stage,Opening (B),Mazino,Leviatán,harbor,46,1.08,216,1.03,67%,135,0.72,0.54,0.07,0.09,19%,,0/1,17,33,32,25,3,4
Champions Tour 2024: Americas Kickoff,Group Stage,Opening (B),Mazino,Leviatán,omen,16,0.6,139,0.5,63%,98,0.44,0.31,0.0,0.19,25%,50%,1/2,7,7,14,5,0,3
Champions Tour 2024: Americas Kickoff,Group Stage,Opening (B),Mazino,Leviatán,"harbor, omen",62,0.92,191,0.87,66%,126,0.65,0.48,0.05,0.11,20%,33%,1/3,17,40,46,30,3,7
Champions Tour 2024: Americas Kickoff,Group Stage,Opening (B),aspas,Leviatán,raze,38,1.28,288,1.37,79%,199,1.08,0.18,0.32,0.21,25%,17%,1/6,31,41,30,7,12,8
Champions Tour 2024: Americas Kickoff,Group Stage,Opening (B),aspas,Leviatán,reyna,24,1.44,302,1.79,75%,195,1.04,0.38,0.17,0.04,32%,,0/2,25,25,14,9,4,1
Champions Tour 2024: Americas Kickoff,Group Stage,Opening (B),aspas,Leviatán,"raze, reyna",62,1.33,293,1.5,77%,198,1.06,0.26,0.26,0.15,27%,13%,1/8,31,66,44,16,16,9
Champions Tour 2024: Americas Kickoff,Group Stage,Opening (B),C0M,Leviatán,skye,22,1.27,202,1.42,77%,111,0.77,0.5,0.18,0.0,13%,,0/2,17,17,12,11,4,0
Champions Tour 2024: Americas Kickoff,Group Stage,Opening (B),C0M,Leviatán,sova,40,1.0,212,1.07,70%,146,0.75,0.3,0.13,0.05,28%,18%,2/11,24,30,28,12,5,2
Champions Tour 2024: Americas Kickoff,Group Stage,Opening (B),C0M,Leviatán,"skye, sova",62,1.09,209,1.18,73%,134,0.76,0.37,0.15,0.03,21%,15%,2/13,24,47,40,23,9,2
Champions Tour 2024: Americas Kickoff,Group Stage,Opening (B),johnqt,Sentinels,cypher,24,0.95,170,1.07,71%,107,0.63,0.13,0.08,0.13,17%,33%,1/3,15,15,14,3,2,3
Champions Tour 2024: Americas Kickoff,Group Stage,Opening (B),johnqt,Sentinels,killjoy,22,1.09,202,1.08,73%,144,0.64,0.36,0.05,0.0,24%,,0/2,14,14,13,8,1,0
Champions Tour 2024: Americas Kickoff,Group Stage,Opening (B),johnqt,Sentinels,"cypher, killjoy",46,1.02,186,1.07,72%,125,0.63,0.24,0.07,0.07,21%,20%,1/5,15,29,27,11,3,3
Champions Tour 2024: Americas Kickoff,Group Stage,Opening (B),zekken,Sentinels,jett,22,0.94,190,0.88,59%,118,0.64,0.18,0.18,0.18,23%,,0/1,14,14,16,4,4,4
Champions Tour 2024: Americas Kickoff,Group Stage,Opening (B),zekken,Sentinels,raze,24,1.23,257,1.29,79%,163,0.92,0.17,0.29,0.17,16%,,,22,22,17,4,7,4
Champions Tour 2024: Americas Kickoff,Group Stage,Opening (B),zekken,Sentinels,"jett, raze",46,1.09,224,1.09,70%,141,0.78,0.17,0.24,0.17,18%,,0/1,22,36,33,8,11,8
Champions Tour 2024: Americas Kickoff,Group Stage,Opening (B),Zellsis,Sentinels,kayo,22,0.85,139,0.85,82%,86,0.5,0.55,0.05,0.18,21%,,0/2,11,11,13,12,1,4
Champions Tour 2024: Americas Kickoff,Group Stage,Opening (B),Zellsis,Sentinels,viper,24,0.81,204,0.79,79%,125,0.63,0.42,0.04,0.04,28%,17%,1/6,15,15,19,10,1,1
Champions Tour 2024: Americas Kickoff,Group Stage,Opening (B),Zellsis,Sentinels,"kayo, viper",46,0.83,172,0.81,80%,106,0.57,0.48,0.04,0.11,25%,13%,1/8,15,26,32,22,2,5
Champions Tour 2024: Americas Kickoff,Group Stage,Opening (B),TenZ,Sentinels,omen,46,1.02,172,0.93,70%,116,0.57,0.46,0.09,0.04,35%,,0/5,19,26,28,21,4,2
Champions Tour 2024: Americas Kickoff,Group Stage,Opening (B),Sacy,Sentinels,skye,24,0.63,105,0.35,63%,69,0.29,0.33,0.04,0.08,23%,,0/2,7,7,20,8,1,2
Champions Tour 2024: Americas Kickoff,Group Stage,Opening (B),Sacy,Sentinels,sova,22,1.5,331,1.71,82%,224,1.09,0.41,0.14,0.09,26%,,0/4,24,24,14,9,3,2
Champions Tour 2024: Americas Kickoff,Group Stage,Opening (B),Sacy,Sentinels,"skye, sova",46,1.06,218,0.91,72%,143,0.67,0.37,0.09,0.09,25%,,0/6,24,31,34,17,4,4
Champions Tour 2024: Americas Kickoff,Group Stage,Winner's (B),Mazino,Leviatán,astra,23,0.55,118,0.44,70%,77,0.35,0.22,0.04,0.13,28%,,0/3,8,8,18,5,1,3
Champions Tour 2024: Americas Kickoff,Group Stage,Winner's (B),Mazino,Leviatán,harbor,24,1.25,197,1.5,79%,141,0.75,0.33,0.08,0.08,38%,50%,2/4,18,18,12,8,2,2
Champions Tour 2024: Americas Kickoff,Group Stage,Winner's (B),Mazino,Leviatán,omen,20,0.58,127,0.6,65%,97,0.45,0.25,0.0,0.25,32%,,,9,9,15,5,0,5
Champions Tour 2024: Americas Kickoff,Group Stage,Winner's (B),Mazino,Leviatán,"astra, harbor, omen",67,0.79,147,0.78,72%,106,0.52,0.27,0.04,0.15,34%,29%,2/7,18,35,45,18,3,10
Champions Tour 2024: Americas Kickoff,Group Stage,Winner's (B),tex,Leviatán,gekko,24,1.09,242,1.06,79%,157,0.79,0.5,0.29,0.08,23%,,0/1,19,19,18,12,7,2
Champions Tour 2024: Americas Kickoff,Group Stage,Winner's (B),tex,Leviatán,killjoy,20,0.52,134,0.42,55%,96,0.4,0.15,0.1,0.3,19%,,0/2,8,8,19,3,2,6
Champions Tour 2024: Americas Kickoff,Group Stage,Winner's (B),tex,Leviatán,raze,23,0.66,163,0.68,70%,109,0.57,0.22,0.09,0.22,31%,,0/2,13,13,19,5,2,5
Champions Tour 2024: Americas Kickoff,Group Stage,Winner's (B),tex,Leviatán,"gekko, killjoy, raze",67,0.76,180,0.71,69%,122,0.6,0.3,0.16,0.19,24%,,0/5,19,40,56,20,11,13
Champions Tour 2024: Americas Kickoff,Group Stage,Winner's (B),aspas,Leviatán,jett,43,1.01,181,1.04,63%,121,0.65,0.12,0.02,0.12,39%,36%,4/11,16,28,27,5,1,5
Champions Tour 2024: Americas Kickoff,Group Stage,Winner's (B),aspas,Leviatán,raze,24,0.72,181,0.74,71%,129,0.58,0.13,0.13,0.13,17%,,0/2,14,14,19,3,3,3
Champions Tour 2024: Americas Kickoff,Group Stage,Winner's (B),aspas,Leviatán,"jett, raze",67,0.91,181,0.91,66%,124,0.63,0.12,0.06,0.12,29%,31%,4/13,16,42,46,8,4,8
Champions Tour 2024: Americas Kickoff,Group Stage,Winner's (B),kiNgg,Leviatán,kayo,20,0.75,191,0.81,55%,131,0.65,0.15,0.0,0.1,38%,,0/1,13,13,16,3,0,2
Champions Tour 2024: Americas Kickoff,Group Stage,Winner's (B),kiNgg,Leviatán,viper,47,1.2,252,1.48,81%,172,0.91,0.28,0.06,0.06,31%,17%,1/6,22,43,29,13,3,3
Champions Tour 2024: Americas Kickoff,Group Stage,Winner's (B),kiNgg,Leviatán,"kayo, viper",67,1.05,231,1.24,73%,160,0.84,0.24,0.04,0.07,33%,14%,1/7,22,56,45,16,3,5
Champions Tour 2024: Americas Kickoff,Group Stage,Winner's (B),C0M,Leviatán,skye,47,0.83,174,0.79,66%,106,0.57,0.4,0.04,0.13,16%,,0/4,14,27,34,19,2,6
Champions Tour 2024: Americas Kickoff,Group Stage,Winner's (B),C0M,Leviatán,sova,20,1.21,253,1.0,85%,178,0.7,0.4,0.1,0.05,22%,,0/4,14,14,14,8,2,1
Champions Tour 2024: Americas Kickoff,Group Stage,Winner's (B),C0M,Leviatán,"skye, sova",67,0.95,200,0.85,72%,127,0.61,0.4,0.06,0.1,18%,,0/8,14,41,48,27,4,7
Champions Tour 2024: Americas Kickoff,Group Stage,Winner's (B),cauanzin,LOUD,breach,67,1.0,182,0.96,76%,117,0.64,0.36,0.15,0.03,33%,,0/5,16,43,45,24,10,2
Champions Tour 2024: Americas Kickoff,Group Stage,Winner's (B),tuyz,LOUD,brimstone,24,1.09,173,0.93,75%,126,0.58,0.54,0.08,0.0,41%,,0/1,14,14,15,13,2,0
Champions Tour 2024: Americas Kickoff,Group Stage,Winner's (B),tuyz,LOUD,omen,43,1.23,205,1.35,79%,140,0.72,0.44,0.09,0.02,35%,20%,1/5,18,31,23,19,4,1
Champions Tour 2024: Americas Kickoff,Group Stage,Winner's (B),tuyz,LOUD,"brimstone, omen",67,1.19,194,1.18,78%,135,0.67,0.48,0.09,0.01,37%,17%,1/6,18,45,38,32,6,1
Champions Tour 2024: Americas Kickoff,Group Stage,Winner's (B),saadhak,LOUD,kayo,44,0.95,208,0.94,82%,134,0.68,0.52,0.09,0.14,12%,,0/2,19,30,32,23,4,6
Champions Tour 2024: Americas Kickoff,Group Stage,Winner's (B),saadhak,LOUD,skye,23,0.8,159,0.75,65%,103,0.52,0.17,0.13,0.13,20%,,0/4,12,12,16,4,3,3
Champions Tour 2024: Americas Kickoff,Group Stage,Winner's (B),saadhak,LOUD,"kayo, skye",67,0.9,192,0.88,76%,124,0.63,0.4,0.1,0.13,14%,,0/6,19,42,48,27,7,9
Champions Tour 2024: Americas Kickoff,Group Stage,Winner's (B),Quick,LOUD,phoenix,44,1.03,211,0.97,66%,137,0.75,0.18,0.16,0.16,29%,,0/2,17,33,34,8,7,7
Champions Tour 2024: Americas Kickoff,Group Stage,Winner's (B),Quick,LOUD,raze,23,0.85,190,1.0,65%,121,0.7,0.09,0.17,0.04,24%,,,16,16,16,2,4,1
Champions Tour 2024: Americas Kickoff,Group Stage,Winner's (B),Quick,LOUD,"phoenix, raze",67,0.97,204,0.98,66%,131,0.73,0.15,0.16,0.12,27%,,0/2,17,49,50,10,11,8
Champions Tour 2024: Americas Kickoff,Group Stage,Winner's (B),Less,LOUD,viper,67,1.5,254,1.85,84%,165,0.91,0.24,0.12,0.06,29%,13%,2/15,24,61,33,16,8,4
Champions Tour 2024: Americas Kickoff,Group Stage,Elimination (B),Cryocells,100 Thieves,astra,21,0.74,173,0.93,52%,106,0.67,0.19,0.05,0.05,19%,50%,2/4,14,14,15,4,1,1
Champions Tour 2024: Americas Kickoff,Group Stage,Elimination (B),Cryocells,100 Thieves,brimstone,19,1.09,158,1.08,79%,119,0.68,0.42,0.0,0.05,29%,,,13,13,12,8,0,1
Champions Tour 2024: Americas Kickoff,Group Stage,Elimination (B),Cryocells,100 Thieves,chamber,18,0.91,221,1.14,72%,138,0.89,0.0,0.17,0.11,32%,,0/1,16,16,14,0,3,2
Champions Tour 2024: Americas Kickoff,Group Stage,Elimination (B),Cryocells,100 Thieves,"astra, brimstone, chamber",58,0.91,184,1.05,67%,120,0.74,0.21,0.07,0.07,25%,40%,2/5,16,43,41,12,4,4
Champions Tour 2024: Americas Kickoff,Group Stage,Elimination (B),eeiu,100 Thieves,fade,58,0.89,153,0.83,69%,104,0.59,0.33,0.02,0.05,31%,13%,1/8,14,34,41,19,1,3
Champions Tour 2024: Americas Kickoff,Group Stage,Elimination (B),Boostio,100 Thieves,gekko,40,0.99,191,0.93,78%,123,0.68,0.2,0.15,0.1,35%,17%,1/6,15,27,29,8,6,4
Champions Tour 2024: Americas Kickoff,Group Stage,Elimination (B),Boostio,100 Thieves,omen,18,0.37,115,0.35,56%,96,0.33,0.28,0.06,0.06,26%,,0/4,6,6,17,5,1,1
Champions Tour 2024: Americas Kickoff,Group Stage,Elimination (B),Boostio,100 Thieves,"gekko, omen",58,0.78,166,0.72,71%,114,0.57,0.22,0.12,0.09,33%,10%,1/10,15,33,46,13,7,5
Champions Tour 2024: Americas Kickoff,Group Stage,Elimination (B),Asuna,100 Thieves,raze,58,0.84,197,0.73,67%,129,0.6,0.33,0.14,0.22,15%,20%,1/5,17,35,48,19,8,13
Champions Tour 2024: Americas Kickoff,Group Stage,Elimination (B),bang,100 Thieves,viper,58,0.98,201,0.9,71%,134,0.66,0.33,0.1,0.12,26%,13%,1/8,15,38,42,19,6,7
Champions Tour 2024: Americas Kickoff,Group Stage,Elimination (B),Zellsis,Sentinels,brimstone,19,0.88,187,0.8,79%,116,0.63,0.53,0.0,0.11,29%,,0/3,12,12,15,10,0,2
Champions Tour 2024: Americas Kickoff,Group Stage,Elimination (B),Zellsis,Sentinels,killjoy,18,1.3,208,1.3,83%,152,0.72,0.22,0.11,0.06,17%,,0/2,13,13,10,4,2,1
Champions Tour 2024: Americas Kickoff,Group Stage,Elimination (B),Zellsis,Sentinels,viper,21,1.12,171,1.27,76%,130,0.67,0.19,0.1,0.1,30%,,,14,14,11,4,2,2
Champions Tour 2024: Americas Kickoff,Group Stage,Elimination (B),Zellsis,Sentinels,"brimstone, killjoy, viper",58,1.1,189,1.08,79%,133,0.67,0.31,0.07,0.09,24%,,0/5,14,39,36,18,4,5
Champions Tour 2024: Americas Kickoff,Group Stage,Elimination (B),johnqt,Sentinels,cypher,21,1.31,245,1.38,81%,163,0.86,0.29,0.1,0.05,32%,,0/3,18,18,13,6,2,1
Champions Tour 2024: Americas Kickoff,Group Stage,Elimination (B),johnqt,Sentinels,viper,37,1.12,204,1.18,73%,130,0.7,0.32,0.08,0.08,32%,,0/6,15,26,22,12,3,3
Champions Tour 2024: Americas Kickoff,Group Stage,Elimination (B),johnqt,Sentinels,"cypher, viper",58,1.18,218,1.26,76%,142,0.76,0.31,0.09,0.07,32%,,0/9,18,44,35,18,5,4
Champions Tour 2024: Americas Kickoff,Group Stage,Elimination (B),Sacy,Sentinels,fade,18,1.28,190,1.22,89%,141,0.61,0.78,0.0,0.11,14%,,0/1,11,11,9,14,0,2
Champions Tour 2024: Americas Kickoff,Group Stage,Elimination (B),Sacy,Sentinels,skye,40,1.1,196,1.2,78%,130,0.75,0.48,0.08,0.08,29%,,0/4,18,30,25,19,3,3
Champions Tour 2024: Americas Kickoff,Group Stage,Elimination (B),Sacy,Sentinels,"fade, skye",58,1.16,194,1.21,81%,133,0.71,0.57,0.05,0.09,24%,,0/5,18,41,34,33,3,5
Champions Tour 2024: Americas Kickoff,Group Stage,Elimination (B),TenZ,Sentinels,omen,39,1.25,203,1.27,77%,134,0.72,0.54,0.13,0.03,30%,33%,1/3,14,28,22,21,5,1
Champions Tour 2024: Americas Kickoff,Group Stage,Elimination (B),TenZ,Sentinels,yoru,19,0.98,240,1.07,63%,174,0.79,0.26,0.16,0.16,30%,,0/1,15,15,14,5,3,3
Champions Tour 2024: Americas Kickoff,Group Stage,Elimination (B),TenZ,Sentinels,"omen, yoru",58,1.16,215,1.19,72%,147,0.74,0.45,0.14,0.07,30%,25%,1/4,15,43,36,26,8,4
Champions Tour 2024: Americas Kickoff,Group Stage,Elimination (B),zekken,Sentinels,raze,58,1.18,252,1.21,71%,168,0.88,0.22,0.21,0.14,23%,,0/3,21,51,42,13,12,8
Champions Tour 2024: Americas Kickoff,Group Stage,Decider (B),Mazino,Leviatán,astra,16,0.51,104,0.36,63%,68,0.31,0.31,0.06,0.06,13%,,0/2,5,5,14,5,1,1
Champions Tour 2024: Americas Kickoff,Group Stage,Decider (B),Mazino,Leviatán,harbor,22,0.63,150,0.58,50%,98,0.5,0.18,0.09,0.09,21%,33%,1/3,11,11,19,4,2,2
Champions Tour 2024: Americas Kickoff,Group Stage,Decider (B),Mazino,Leviatán,kayo,19,1.26,204,1.27,79%,148,0.74,0.42,0.11,0.16,36%,33%,1/3,14,14,11,8,2,3
Champions Tour 2024: Americas Kickoff,Group Stage,Decider (B),Mazino,Leviatán,"astra, harbor, kayo",57,0.8,153,0.68,63%,107,0.53,0.3,0.09,0.11,25%,25%,2/8,14,30,44,17,5,6
Champions Tour 2024: Americas Kickoff,Group Stage,Decider (B),tex,Leviatán,cypher,19,1.11,242,1.21,79%,168,0.89,0.16,0.11,0.0,28%,,0/1,17,17,14,3,2,0
Champions Tour 2024: Americas Kickoff,Group Stage,Decider (B),tex,Leviatán,gekko,22,0.57,160,0.68,73%,98,0.59,0.18,0.09,0.14,31%,,0/4,13,13,19,4,2,3
Champions Tour 2024: Americas Kickoff,Group Stage,Decider (B),tex,Leviatán,raze,16,0.58,155,0.44,69%,107,0.44,0.31,0.13,0.31,12%,,0/2,7,7,16,5,2,5
Champions Tour 2024: Americas Kickoff,Group Stage,Decider (B),tex,Leviatán,"cypher, gekko, raze",57,0.75,186,0.76,74%,124,0.65,0.21,0.11,0.14,23%,,0/7,17,37,49,12,6,8
Champions Tour 2024: Americas Kickoff,Group Stage,Decider (B),aspas,Leviatán,jett,35,1.18,266,1.36,77%,174,0.97,0.17,0.17,0.11,33%,20%,1/5,19,34,25,6,6,4
Champions Tour 2024: Americas Kickoff,Group Stage,Decider (B),aspas,Leviatán,raze,22,1.24,225,1.23,73%,162,0.73,0.32,0.05,0.18,22%,50%,1/2,16,16,13,7,1,4
Champions Tour 2024: Americas Kickoff,Group Stage,Decider (B),aspas,Leviatán,"jett, raze",57,1.2,252,1.32,75%,170,0.88,0.23,0.12,0.14,28%,29%,2/7,19,50,38,13,7,8
Champions Tour 2024: Americas Kickoff,Group Stage,Decider (B),C0M,Leviatán,skye,38,0.79,174,0.7,68%,107,0.61,0.63,0.05,0.18,29%,,,17,23,33,24,2,7
Champions Tour 2024: Americas Kickoff,Group Stage,Decider (B),C0M,Leviatán,sova,19,0.88,114,0.6,68%,85,0.32,0.53,0.0,0.16,14%,,0/1,6,6,10,10,0,3
Champions Tour 2024: Americas Kickoff,Group Stage,Decider (B),C0M,Leviatán,"skye, sova",57,0.82,154,0.67,68%,99,0.51,0.6,0.04,0.18,25%,,0/1,17,29,43,34,2,10
Champions Tour 2024: Americas Kickoff,Group Stage,Decider (B),kiNgg,Leviatán,viper,57,1.13,226,1.25,75%,142,0.79,0.23,0.04,0.05,29%,17%,2/12,17,45,36,13,2,3
Champions Tour 2024: Americas Kickoff,Group Stage,Decider (B),Zellsis,Sentinels,brimstone,22,1.14,191,1.0,77%,113,0.68,0.59,0.09,0.05,10%,,0/3,15,15,15,13,2,1
Champions Tour 2024: Americas Kickoff,Group Stage,Decider (B),Zellsis,Sentinels,viper,35,1.04,200,0.96,77%,135,0.69,0.43,0.11,0.09,15%,33%,2/6,15,24,25,15,4,3
Champions Tour 2024: Americas Kickoff,Group Stage,Decider (B),Zellsis,Sentinels,"brimstone, viper",57,1.08,197,0.98,77%,126,0.68,0.49,0.11,0.07,13%,22%,2/9,15,39,40,28,6,4
Champions Tour 2024: Americas Kickoff,Group Stage,Decider (B),johnqt,Sentinels,cypher,35,1.05,208,1.04,86%,135,0.71,0.31,0.11,0.09,26%,33%,1/3,15,25,24,11,4,3
Champions Tour 2024: Americas Kickoff,Group Stage,Decider (B),johnqt,Sentinels,viper,22,1.09,155,1.18,86%,99,0.59,0.27,0.09,0.05,32%,33%,1/3,13,13,11,6,2,1
Champions Tour 2024: Americas Kickoff,Group Stage,Decider (B),johnqt,Sentinels,"cypher, viper",57,1.06,191,1.09,86%,121,0.67,0.3,0.11,0.07,28%,33%,2/6,15,38,35,17,6,4
Champions Tour 2024: Americas Kickoff,Group Stage,Decider (B),zekken,Sentinels,jett,19,0.9,215,1.0,68%,120,0.79,0.11,0.26,0.26,38%,,0/1,15,15,15,2,5,5
Champions Tour 2024: Americas Kickoff,Group Stage,Decider (B),zekken,Sentinels,raze,38,1.59,318,1.75,84%,213,1.11,0.29,0.18,0.05,16%,,0/2,23,42,24,11,7,2
Champions Tour 2024: Americas Kickoff,Group Stage,Decider (B),zekken,Sentinels,"jett, raze",57,1.36,284,1.46,79%,182,1.0,0.23,0.21,0.12,19%,,0/3,23,57,39,13,12,7
Champions Tour 2024: Americas Kickoff,Group Stage,Decider (B),TenZ,Sentinels,kayo,19,0.66,154,0.56,68%,95,0.47,0.37,0.0,0.11,19%,,0/3,9,9,16,7,0,2
Champions Tour 2024: Americas Kickoff,Group Stage,Decider (B),TenZ,Sentinels,omen,16,0.94,172,1.0,69%,99,0.69,0.44,0.13,0.06,15%,100%,1/1,11,11,11,7,2,1
Champions Tour 2024: Americas Kickoff,Group Stage,Decider (B),TenZ,Sentinels,yoru,22,1.03,206,0.88,73%,144,0.64,0.45,0.14,0.09,20%,,0/2,14,14,16,10,3,2
Champions Tour 2024: Americas Kickoff,Group Stage,Decider (B),TenZ,Sentinels,"kayo, omen, yoru",57,0.87,177,0.79,70%,115,0.6,0.42,0.09,0.09,18%,17%,1/6,14,34,43,24,5,5
Champions Tour 2024: Americas Kickoff,Group Stage,Decider (B),Sacy,Sentinels,skye,38,1.09,198,1.32,79%,137,0.76,0.53,0.11,0.05,24%,75%,3/4,19,29,22,20,4,2
Champions Tour 2024: Americas Kickoff,Group Stage,Decider (B),Sacy,Sentinels,sova,19,0.9,190,1.0,68%,123,0.63,0.16,0.11,0.0,45%,,0/3,12,12,12,3,2,0
Champions Tour 2024: Americas Kickoff,Group Stage,Decider (B),Sacy,Sentinels,"skye, sova",57,1.03,196,1.21,75%,132,0.72,0.4,0.11,0.04,29%,43%,3/7,19,41,34,23,6,2
Champions Tour 2024: Americas Kickoff,Group Stage,Opening (C),valyn,G2 Esports,brimstone,22,1.34,314,1.6,91%,203,1.09,0.27,0.18,0.05,35%,,0/4,24,24,15,6,4,1
Champions Tour 2024: Americas Kickoff,Group Stage,Opening (C),valyn,G2 Esports,omen,46,1.12,198,1.03,83%,125,0.65,0.59,0.09,0.09,27%,,0/3,17,30,29,27,4,4
Champions Tour 2024: Americas Kickoff,Group Stage,Opening (C),valyn,G2 Esports,"brimstone, omen",68,1.19,236,1.23,85%,150,0.79,0.49,0.12,0.07,30%,,0/7,24,54,44,33,8,5
Champions Tour 2024: Americas Kickoff,Group Stage,Opening (C),neT,G2 Esports,cypher,46,0.91,159,0.96,67%,108,0.59,0.11,0.07,0.04,37%,,0/10,15,27,28,5,3,2
Champions Tour 2024: Americas Kickoff,Group Stage,Opening (C),neT,G2 Esports,killjoy,22,0.51,97,0.44,50%,80,0.32,0.0,0.0,0.05,22%,,0/5,7,7,16,0,0,1
Champions Tour 2024: Americas Kickoff,Group Stage,Opening (C),neT,G2 Esports,"cypher, killjoy",68,0.78,138,0.77,62%,99,0.5,0.07,0.04,0.04,32%,,0/15,15,34,44,5,3,3
Champions Tour 2024: Americas Kickoff,Group Stage,Opening (C),leaf,G2 Esports,jett,46,0.83,195,0.81,59%,123,0.63,0.22,0.2,0.26,28%,,0/1,17,29,36,10,9,12
Champions Tour 2024: Americas Kickoff,Group Stage,Opening (C),leaf,G2 Esports,raze,22,1.19,238,1.36,64%,152,0.86,0.27,0.18,0.23,29%,,,19,19,14,6,4,5
Champions Tour 2024: Americas Kickoff,Group Stage,Opening (C),leaf,G2 Esports,"jett, raze",68,0.95,209,0.96,60%,132,0.71,0.24,0.19,0.25,28%,,0/1,19,48,50,16,13,17
Champions Tour 2024: Americas Kickoff,Group Stage,Opening (C),JonahP,G2 Esports,kayo,24,1.38,267,1.25,83%,162,0.83,0.79,0.0,0.04,23%,100%,3/3,20,20,16,19,0,1
Champions Tour 2024: Americas Kickoff,Group Stage,Opening (C),JonahP,G2 Esports,sova,44,1.17,221,1.24,75%,140,0.82,0.2,0.07,0.14,34%,100%,1/1,23,36,29,9,3,6
Champions Tour 2024: Americas Kickoff,Group Stage,Opening (C),JonahP,G2 Esports,"kayo, sova",68,1.24,236,1.24,78%,148,0.82,0.41,0.04,0.1,29%,100%,4/4,23,56,45,28,3,7
Champions Tour 2024: Americas Kickoff,Group Stage,Opening (C),trent,G2 Esports,viper,68,0.98,196,0.98,74%,132,0.66,0.21,0.03,0.1,22%,10%,1/10,16,45,46,14,2,7
Champions Tour 2024: Americas Kickoff,Group Stage,Opening (C),keznit,KRÜ Esports,chamber,22,0.88,196,0.94,59%,124,0.68,0.05,0.23,0.0,38%,,0/5,15,15,16,1,5,0
Champions Tour 2024: Americas Kickoff,Group Stage,Opening (C),keznit,KRÜ Esports,jett,46,1.29,296,1.48,70%,197,1.07,0.2,0.24,0.17,39%,,0/4,31,49,33,9,11,8
Champions Tour 2024: Americas Kickoff,Group Stage,Opening (C),keznit,KRÜ Esports,"chamber, jett",68,1.16,263,1.31,66%,173,0.94,0.15,0.24,0.12,38%,,0/9,31,64,49,10,16,8
Champions Tour 2024: Americas Kickoff,Group Stage,Opening (C),Klaus,KRÜ Esports,fade,22,1.01,230,0.94,73%,147,0.73,0.32,0.18,0.05,23%,20%,1/5,16,16,17,7,4,1
Champions Tour 2024: Americas Kickoff,Group Stage,Opening (C),Klaus,KRÜ Esports,sova,46,1.08,200,1.1,70%,138,0.72,0.24,0.11,0.02,24%,,0/5,17,33,30,11,5,1
Champions Tour 2024: Americas Kickoff,Group Stage,Opening (C),Klaus,KRÜ Esports,"fade, sova",68,1.06,210,1.04,71%,141,0.72,0.26,0.13,0.03,24%,10%,1/10,17,49,47,18,9,2
Champions Tour 2024: Americas Kickoff,Group Stage,Opening (C),mta,KRÜ Esports,kayo,68,0.88,179,0.75,68%,109,0.57,0.54,0.12,0.1,37%,,0/1,14,39,52,37,8,7
Champions Tour 2024: Americas Kickoff,Group Stage,Opening (C),Shyy,KRÜ Esports,killjoy,46,1.35,227,1.65,78%,168,0.83,0.2,0.07,0.07,22%,67%,4/6,19,38,23,9,3,3
Champions Tour 2024: Americas Kickoff,Group Stage,Opening (C),Shyy,KRÜ Esports,viper,22,0.53,96,0.41,50%,78,0.32,0.23,0.0,0.09,16%,,0/1,7,7,17,5,0,2
Champions Tour 2024: Americas Kickoff,Group Stage,Opening (C),Shyy,KRÜ Esports,"killjoy, viper",68,1.08,183,1.13,69%,139,0.66,0.21,0.04,0.07,20%,57%,4/7,19,45,40,14,3,5
Champions Tour 2024: Americas Kickoff,Group Stage,Opening (C),Melser,KRÜ Esports,omen,46,0.65,122,0.54,65%,84,0.41,0.35,0.07,0.11,32%,,0/8,11,19,35,16,3,5
Champions Tour 2024: Americas Kickoff,Group Stage,Opening (C),Melser,KRÜ Esports,viper,22,0.94,169,0.93,77%,122,0.59,0.14,0.0,0.09,38%,33%,1/3,13,13,14,3,0,2
Champions Tour 2024: Americas Kickoff,Group Stage,Opening (C),Melser,KRÜ Esports,"omen, viper",68,0.75,138,0.65,69%,96,0.47,0.28,0.04,0.1,34%,9%,1/11,13,32,49,19,3,7
Champions Tour 2024: Americas Kickoff,Group Stage,Winner's (C),NaturE,Evil Geniuses,breach,28,1.02,181,0.95,79%,113,0.64,0.36,0.07,0.0,35%,33%,2/6,18,18,19,10,2,0
Champions Tour 2024: Americas Kickoff,Group Stage,Winner's (C),NaturE,Evil Geniuses,kayo,24,0.91,129,0.56,79%,79,0.38,0.63,0.08,0.04,16%,,0/2,9,9,16,15,2,1
Champions Tour 2024: Americas Kickoff,Group Stage,Winner's (C),NaturE,Evil Geniuses,"breach, kayo",52,0.96,155,0.77,79%,97,0.52,0.48,0.08,0.02,25%,25%,2/8,18,27,35,25,4,1
Champions Tour 2024: Americas Kickoff,Group Stage,Winner's (C),Apoth,Evil Geniuses,cypher,28,0.95,191,1.0,64%,144,0.75,0.29,0.07,0.25,38%,,0/4,21,21,21,8,2,7
Champions Tour 2024: Americas Kickoff,Group Stage,Winner's (C),Apoth,Evil Geniuses,killjoy,24,1.21,238,1.4,63%,158,0.88,0.08,0.08,0.13,27%,,0/1,21,21,15,2,2,3
Champions Tour 2024: Americas Kickoff,Group Stage,Winner's (C),Apoth,Evil Geniuses,"cypher, killjoy",52,1.08,214,1.17,63%,150,0.81,0.19,0.08,0.19,32%,,0/5,21,42,36,10,4,10
Champions Tour 2024: Americas Kickoff,Group Stage,Winner's (C),jawgemo,Evil Geniuses,deadlock,24,0.77,151,0.76,42%,100,0.54,0.25,0.13,0.17,25%,,,13,13,17,6,3,4
Champions Tour 2024: Americas Kickoff,Group Stage,Winner's (C),jawgemo,Evil Geniuses,raze,28,1.18,242,1.0,79%,168,0.71,0.43,0.18,0.04,17%,,,20,20,20,12,5,1
Champions Tour 2024: Americas Kickoff,Group Stage,Winner's (C),jawgemo,Evil Geniuses,"deadlock, raze",52,0.98,196,0.89,62%,137,0.63,0.35,0.15,0.1,19%,,,20,33,37,18,8,5
Champions Tour 2024: Americas Kickoff,Group Stage,Winner's (C),Derrek,Evil Geniuses,fade,28,1.0,197,1.1,61%,131,0.79,0.07,0.11,0.04,46%,40%,2/5,22,22,20,2,3,1
Champions Tour 2024: Americas Kickoff,Group Stage,Winner's (C),Derrek,Evil Geniuses,gekko,24,1.05,207,1.27,71%,133,0.79,0.08,0.17,0.08,44%,,0/2,19,19,15,2,4,2
Champions Tour 2024: Americas Kickoff,Group Stage,Winner's (C),Derrek,Evil Geniuses,"fade, gekko",52,1.02,202,1.17,65%,132,0.79,0.08,0.13,0.06,46%,29%,2/7,22,41,35,4,7,3
Champions Tour 2024: Americas Kickoff,Group Stage,Winner's (C),supamen,Evil Geniuses,omen,28,1.09,207,0.95,71%,116,0.71,0.21,0.14,0.11,38%,,0/2,20,20,21,6,4,3
Champions Tour 2024: Americas Kickoff,Group Stage,Winner's (C),supamen,Evil Geniuses,viper,24,1.34,290,1.47,83%,189,0.92,0.5,0.13,0.0,29%,29%,2/7,22,22,15,12,3,0
Champions Tour 2024: Americas Kickoff,Group Stage,Winner's (C),supamen,Evil Geniuses,"omen, viper",52,1.21,248,1.17,77%,150,0.81,0.35,0.13,0.06,34%,22%,2/9,22,42,36,18,7,3
Champions Tour 2024: Americas Kickoff,Group Stage,Winner's (C),valyn,G2 Esports,brimstone,24,0.97,214,0.94,79%,147,0.71,0.29,0.13,0.13,21%,,0/4,17,17,18,7,3,3
Champions Tour 2024: Americas Kickoff,Group Stage,Winner's (C),valyn,G2 Esports,omen,28,0.83,161,0.76,71%,94,0.57,0.46,0.11,0.04,26%,,0/7,16,16,21,13,3,1
Champions Tour 2024: Americas Kickoff,Group Stage,Winner's (C),valyn,G2 Esports,"brimstone, omen",52,0.9,188,0.85,75%,119,0.63,0.38,0.12,0.08,24%,,0/11,17,33,39,20,6,4
Champions Tour 2024: Americas Kickoff,Group Stage,Winner's (C),neT,G2 Esports,cypher,28,0.82,201,1.1,71%,137,0.79,0.18,0.04,0.07,40%,33%,1/3,22,22,20,5,1,2
Champions Tour 2024: Americas Kickoff,Group Stage,Winner's (C),neT,G2 Esports,killjoy,24,0.63,109,0.47,54%,76,0.38,0.13,0.0,0.08,35%,,0/2,9,9,19,3,0,2
Champions Tour 2024: Americas Kickoff,Group Stage,Winner's (C),neT,G2 Esports,"cypher, killjoy",52,0.72,155,0.79,63%,109,0.6,0.15,0.02,0.08,38%,20%,1/5,22,31,39,8,1,4
Champions Tour 2024: Americas Kickoff,Group Stage,Winner's (C),leaf,G2 Esports,jett,24,1.22,241,1.25,67%,153,0.83,0.13,0.21,0.21,33%,,0/2,20,20,16,3,5,5
Champions Tour 2024: Americas Kickoff,Group Stage,Winner's (C),leaf,G2 Esports,raze,28,1.03,264,1.14,71%,167,0.86,0.18,0.21,0.25,28%,,0/1,24,24,21,5,6,7
Champions Tour 2024: Americas Kickoff,Group Stage,Winner's (C),leaf,G2 Esports,"jett, raze",52,1.12,252,1.19,69%,161,0.85,0.15,0.21,0.23,30%,,0/3,24,44,37,8,11,12
Champions Tour 2024: Americas Kickoff,Group Stage,Winner's (C),JonahP,G2 Esports,sova,52,1.05,194,1.09,77%,138,0.71,0.29,0.04,0.1,38%,20%,1/5,20,37,34,15,2,5
Champions Tour 2024: Americas Kickoff,Group Stage,Winner's (C),trent,G2 Esports,viper,52,0.98,190,0.94,77%,132,0.65,0.35,0.04,0.1,26%,,0/6,19,34,36,18,2,5
Champions Tour 2024: Americas Kickoff,Group Stage,Decider (C),Melser,KRÜ Esports,astra,21,0.8,147,0.73,76%,81,0.52,0.52,0.05,0.19,25%,,0/3,11,11,15,11,1,4
Champions Tour 2024: Americas Kickoff,Group Stage,Decider (C),Melser,KRÜ Esports,omen,21,0.59,127,0.65,48%,65,0.52,0.05,0.05,0.1,25%,,0/2,11,11,17,1,1,2
Champions Tour 2024: Americas Kickoff,Group Stage,Decider (C),Melser,KRÜ Esports,"astra, omen",42,0.7,137,0.69,62%,73,0.52,0.29,0.05,0.14,25%,,0/5,11,22,32,12,2,6
Champions Tour 2024: Americas Kickoff,Group Stage,Decider (C),keznit,KRÜ Esports,chamber,21,1.17,288,1.47,76%,179,1.05,0.1,0.24,0.1,32%,,0/2,22,22,15,2,5,2
Champions Tour 2024: Americas Kickoff,Group Stage,Decider (C),keznit,KRÜ Esports,jett,21,0.83,180,0.88,67%,129,0.67,0.14,0.19,0.05,26%,,0/3,14,14,16,3,4,1
Champions Tour 2024: Americas Kickoff,Group Stage,Decider (C),keznit,KRÜ Esports,"chamber, jett",42,1.0,234,1.16,71%,154,0.86,0.12,0.21,0.07,29%,,0/5,22,36,31,5,9,3
Champions Tour 2024: Americas Kickoff,Group Stage,Decider (C),Klaus,KRÜ Esports,fade,21,0.84,158,0.53,71%,118,0.43,0.38,0.05,0.05,22%,17%,1/6,9,9,17,8,1,1
Champions Tour 2024: Americas Kickoff,Group Stage,Decider (C),Klaus,KRÜ Esports,skye,21,0.89,127,0.5,71%,85,0.33,0.57,0.1,0.1,18%,,,7,7,14,12,2,2
Champions Tour 2024: Americas Kickoff,Group Stage,Decider (C),Klaus,KRÜ Esports,"fade, skye",42,0.87,142,0.52,71%,102,0.38,0.48,0.07,0.07,20%,17%,1/6,9,16,31,20,3,3
Champions Tour 2024: Americas Kickoff,Group Stage,Decider (C),mta,KRÜ Esports,kayo,42,0.89,180,0.78,67%,116,0.6,0.33,0.1,0.17,42%,,0/5,13,25,32,14,4,7
Champions Tour 2024: Americas Kickoff,Group Stage,Decider (C),Shyy,KRÜ Esports,viper,42,1.06,201,1.07,69%,142,0.74,0.24,0.07,0.05,29%,50%,3/6,18,31,29,10,3,2
Champions Tour 2024: Americas Kickoff,Group Stage,Decider (C),JonahP,G2 Esports,breach,21,0.79,98,0.69,71%,61,0.43,0.52,0.0,0.14,24%,,,9,9,13,11,0,3
Champions Tour 2024: Americas Kickoff,Group Stage,Decider (C),JonahP,G2 Esports,sova,21,1.27,207,1.38,71%,137,0.86,0.29,0.0,0.1,16%,33%,1/3,18,18,13,6,0,2
Champions Tour 2024: Americas Kickoff,Group Stage,Decider (C),JonahP,G2 Esports,"breach, sova",42,1.03,152,1.04,71%,99,0.64,0.4,0.0,0.12,18%,33%,1/3,18,27,26,17,0,5
Champions Tour 2024: Americas Kickoff,Group Stage,Decider (C),neT,G2 Esports,cypher,42,1.17,255,1.28,83%,165,0.88,0.36,0.05,0.02,35%,14%,1/7,20,37,29,15,2,1
Champions Tour 2024: Americas Kickoff,Group Stage,Decider (C),valyn,G2 Esports,omen,42,0.97,161,1.04,79%,104,0.62,0.31,0.1,0.05,20%,,0/5,14,26,25,13,4,2
Champions Tour 2024: Americas Kickoff,Group Stage,Decider (C),leaf,G2 Esports,raze,42,1.34,260,1.48,81%,185,0.81,0.29,0.24,0.26,19%,50%,1/2,18,34,23,12,10,11
Champions Tour 2024: Americas Kickoff,Group Stage,Decider (C),trent,G2 Esports,viper,42,1.25,230,1.15,81%,168,0.74,0.52,0.12,0.05,34%,33%,1/3,16,31,27,22,5,2
Champions Tour 2024: Americas Kickoff,All Stages,All Match Types,Cryocells,100 Thieves,astra,37,1.11,202,1.32,68%,138,0.78,0.14,0.11,0.05,26%,40%,2/5,15,29,22,5,4,2
Champions Tour 2024: Americas Kickoff,All Stages,All Match Types,Cryocells,100 Thieves,brimstone,41,0.97,181,1.0,78%,123,0.68,0.32,0.02,0.17,27%,50%,1/2,15,28,28,13,1,7
Champions Tour 2024: Americas Kickoff,All Stages,All Match Types,Cryocells,100 Thieves,chamber,18,0.91,221,1.14,72%,138,0.89,0.0,0.17,0.11,32%,,0/1,16,16,14,0,3,2
Champions Tour 2024: Americas Kickoff,All Stages,All Match Types,Cryocells,100 Thieves,jett,24,1.07,250,1.11,58%,161,0.88,0.08,0.21,0.13,17%,50%,1/2,21,21,19,2,5,3
Champions Tour 2024: Americas Kickoff,All Stages,All Match Types,Cryocells,100 Thieves,"astra, brimstone, chamber, jett",120,1.02,206,1.13,70%,137,0.78,0.17,0.11,0.12,25%,40%,4/10,21,94,83,20,13,14
Champions Tour 2024: Americas Kickoff,All Stages,All Match Types,eeiu,100 Thieves,fade,96,1.0,174,0.98,73%,114,0.65,0.32,0.02,0.04,25%,6%,1/17,17,62,63,31,2,4
Champions Tour 2024: Americas Kickoff,All Stages,All Match Types,eeiu,100 Thieves,sova,24,0.68,151,0.6,63%,98,0.5,0.17,0.04,0.04,21%,,0/6,12,12,20,4,1,1
Champions Tour 2024: Americas Kickoff,All Stages,All Match Types,eeiu,100 Thieves,"fade, sova",120,0.95,170,0.89,71%,111,0.62,0.29,0.03,0.04,25%,4%,1/23,17,74,83,35,3,5
Champions Tour 2024: Americas Kickoff,All Stages,All Match Types,Boostio,100 Thieves,gekko,78,1.1,212,1.07,81%,145,0.76,0.23,0.15,0.08,30%,17%,1/6,22,59,55,18,12,6
Champions Tour 2024: Americas Kickoff,All Stages,All Match Types,Boostio,100 Thieves,killjoy,24,0.99,246,1.05,54%,164,0.83,0.29,0.13,0.38,23%,,,20,20,19,7,3,9
Champions Tour 2024: Americas Kickoff,All Stages,All Match Types,Boostio,100 Thieves,omen,18,0.37,115,0.35,56%,96,0.33,0.28,0.06,0.06,26%,,0/4,6,6,17,5,1,1
Champions Tour 2024: Americas Kickoff,All Stages,All Match Types,Boostio,100 Thieves,"gekko, killjoy, omen",120,0.96,202,0.93,72%,141,0.71,0.25,0.13,0.13,28%,10%,1/10,22,85,91,30,16,16
Champions Tour 2024: Americas Kickoff,All Stages,All Match Types,Asuna,100 Thieves,gekko,24,0.66,114,0.5,58%,66,0.38,0.08,0.04,0.0,14%,50%,1/2,9,9,18,2,1,0
Champions Tour 2024: Americas Kickoff,All Stages,All Match Types,Asuna,100 Thieves,raze,96,0.92,205,0.82,74%,130,0.66,0.31,0.13,0.19,17%,14%,1/7,18,63,77,30,12,18
Champions Tour 2024: Americas Kickoff,All Stages,All Match Types,Asuna,100 Thieves,"gekko, raze",120,0.88,190,0.76,71%,117,0.6,0.27,0.11,0.15,17%,22%,2/9,18,72,95,32,13,18
Champions Tour 2024: Americas Kickoff,All Stages,All Match Types,bang,100 Thieves,viper,120,0.92,192,0.92,71%,124,0.65,0.26,0.09,0.09,29%,21%,4/19,19,78,85,31,11,11
Champions Tour 2024: Americas Kickoff,All Stages,All Match Types,RgLMeister,MIBR,astra,91,0.99,182,1.03,76%,122,0.67,0.43,0.02,0.04,28%,13%,2/15,23,61,59,39,2,4
Champions Tour 2024: Americas Kickoff,All Stages,All Match Types,RgLMeister,MIBR,brimstone,50,1.17,208,1.13,74%,147,0.7,0.42,0.06,0.02,28%,29%,2/7,18,35,31,21,3,1
Champions Tour 2024: Americas Kickoff,All Stages,All Match Types,RgLMeister,MIBR,omen,86,0.9,174,0.93,81%,116,0.64,0.44,0.05,0.07,31%,10%,1/10,21,55,59,38,4,6
Champions Tour 2024: Americas Kickoff,All Stages,All Match Types,RgLMeister,MIBR,viper,47,1.15,205,1.26,77%,149,0.72,0.23,0.02,0.06,35%,20%,1/5,17,34,27,11,1,3
Champions Tour 2024: Americas Kickoff,All Stages,All Match Types,RgLMeister,MIBR,"astra, brimstone, omen, viper",274,1.01,188,1.05,77%,129,0.68,0.4,0.04,0.05,30%,16%,6/37,23,185,176,109,10,14
Champions Tour 2024: Americas Kickoff,All Stages,All Match Types,frz,MIBR,cypher,110,1.02,185,1.1,69%,127,0.67,0.15,0.05,0.11,36%,23%,3/13,19,74,67,17,6,12
Champions Tour 2024: Americas Kickoff,All Stages,All Match Types,frz,MIBR,killjoy,23,0.87,161,0.76,70%,115,0.57,0.39,0.13,0.13,11%,,0/3,13,13,17,9,3,3
Champions Tour 2024: Americas Kickoff,All Stages,All Match Types,frz,MIBR,viper,141,1.03,203,1.14,65%,127,0.73,0.14,0.09,0.09,28%,30%,7/23,22,103,90,20,12,13
Champions Tour 2024: Americas Kickoff,All Stages,All Match Types,frz,MIBR,"cypher, killjoy, viper",274,1.01,192,1.09,67%,126,0.69,0.17,0.08,0.1,29%,26%,10/39,22,190,174,46,21,28
Champions Tour 2024: Americas Kickoff,All Stages,All Match Types,artzin,MIBR,jett,203,1.01,227,1.04,73%,144,0.78,0.15,0.17,0.12,28%,28%,5/18,28,158,152,31,35,25
Champions Tour 2024: Americas Kickoff,All Stages,All Match Types,artzin,MIBR,raze,71,0.88,184,0.86,68%,124,0.62,0.18,0.04,0.21,17%,25%,1/4,17,44,51,13,3,15
Champions Tour 2024: Americas Kickoff,All Stages,All Match Types,artzin,MIBR,"jett, raze",274,0.98,216,1.0,72%,139,0.74,0.16,0.14,0.15,25%,27%,6/22,28,202,203,44,38,40
Champions Tour 2024: Americas Kickoff,All Stages,All Match Types,mazin,MIBR,kayo,73,0.89,165,0.75,67%,110,0.55,0.45,0.11,0.08,30%,14%,1/7,19,40,53,33,8,6
Champions Tour 2024: Americas Kickoff,All Stages,All Match Types,mazin,MIBR,skye,115,0.85,144,0.75,65%,97,0.5,0.3,0.03,0.07,30%,12%,2/17,14,57,76,34,3,8
Champions Tour 2024: Americas Kickoff,All Stages,All Match Types,mazin,MIBR,viper,86,0.9,181,0.86,65%,124,0.58,0.42,0.09,0.13,27%,18%,2/11,16,50,58,36,8,11
Champions Tour 2024: Americas Kickoff,All Stages,All Match Types,mazin,MIBR,"kayo, skye, viper",274,0.88,162,0.79,66%,109,0.54,0.38,0.07,0.09,29%,14%,5/35,19,147,187,103,19,25
Champions Tour 2024: Americas Kickoff,All Stages,All Match Types,jzz,MIBR,raze,115,0.92,226,0.99,70%,156,0.78,0.16,0.17,0.21,27%,,0/3,28,90,91,18,19,24
Champions Tour 2024: Americas Kickoff,All Stages,All Match Types,jzz,MIBR,skye,112,1.03,213,1.09,79%,134,0.77,0.29,0.16,0.07,31%,9%,1/11,24,86,79,32,18,8
Champions Tour 2024: Americas Kickoff,All Stages,All Match Types,jzz,MIBR,sova,47,1.15,198,1.29,77%,140,0.77,0.17,0.11,0.11,36%,,0/5,18,36,28,8,5,5
Champions Tour 2024: Americas Kickoff,All Stages,All Match Types,jzz,MIBR,"raze, skye, sova",274,1.0,216,1.07,75%,144,0.77,0.21,0.15,0.14,30%,5%,1/19,28,212,198,58,42,37
Champions Tour 2024: Americas Kickoff,All Stages,All Match Types,Melser,KRÜ Esports,astra,21,0.8,147,0.73,76%,81,0.52,0.52,0.05,0.19,25%,,0/3,11,11,15,11,1,4
Champions Tour 2024: Americas Kickoff,All Stages,All Match Types,Melser,KRÜ Esports,omen,67,0.63,124,0.58,60%,78,0.45,0.25,0.06,0.1,30%,,0/10,11,30,52,17,4,7
Champions Tour 2024: Americas Kickoff,All Stages,All Match Types,Melser,KRÜ Esports,viper,22,0.94,169,0.93,77%,122,0.59,0.14,0.0,0.09,38%,33%,1/3,13,13,14,3,0,2
Champions Tour 2024: Americas Kickoff,All Stages,All Match Types,Melser,KRÜ Esports,"astra, omen, viper",110,0.73,137,0.67,66%,87,0.49,0.28,0.05,0.12,30%,6%,1/16,13,54,81,31,5,13
Champions Tour 2024: Americas Kickoff,All Stages,All Match Types,keznit,KRÜ Esports,chamber,43,1.02,242,1.19,67%,151,0.86,0.07,0.23,0.05,34%,,0/7,22,37,31,3,10,2
Champions Tour 2024: Americas Kickoff,All Stages,All Match Types,keznit,KRÜ Esports,jett,67,1.14,257,1.29,69%,176,0.94,0.18,0.22,0.13,35%,,0/7,31,63,49,12,15,9
Champions Tour 2024: Americas Kickoff,All Stages,All Match Types,keznit,KRÜ Esports,"chamber, jett",110,1.09,251,1.25,68%,166,0.91,0.14,0.23,0.1,35%,,0/14,31,100,80,15,25,11
Champions Tour 2024: Americas Kickoff,All Stages,All Match Types,Klaus,KRÜ Esports,fade,43,0.93,194,0.74,72%,133,0.58,0.35,0.12,0.05,23%,18%,2/11,16,25,34,15,5,2
Champions Tour 2024: Americas Kickoff,All Stages,All Match Types,Klaus,KRÜ Esports,skye,21,0.89,127,0.5,71%,85,0.33,0.57,0.1,0.1,18%,,,7,7,14,12,2,2
Champions Tour 2024: Americas Kickoff,All Stages,All Match Types,Klaus,KRÜ Esports,sova,46,1.08,200,1.1,70%,138,0.72,0.24,0.11,0.02,24%,,0/5,17,33,30,11,5,1
Champions Tour 2024: Americas Kickoff,All Stages,All Match Types,Klaus,KRÜ Esports,"fade, skye, sova",110,0.98,183,0.83,71%,126,0.59,0.35,0.11,0.05,22%,13%,2/16,17,65,78,38,12,5
Champions Tour 2024: Americas Kickoff,All Stages,All Match Types,mta,KRÜ Esports,kayo,110,0.89,179,0.76,67%,112,0.58,0.46,0.11,0.13,39%,,0/6,14,64,84,51,12,14
Champions Tour 2024: Americas Kickoff,All Stages,All Match Types,Shyy,KRÜ Esports,killjoy,46,1.35,227,1.65,78%,168,0.83,0.2,0.07,0.07,22%,67%,4/6,19,38,23,9,3,3
Champions Tour 2024: Americas Kickoff,All Stages,All Match Types,Shyy,KRÜ Esports,viper,64,0.88,166,0.83,63%,120,0.59,0.23,0.05,0.06,25%,43%,3/7,18,38,46,15,3,4
Champions Tour 2024: Americas Kickoff,All Stages,All Match Types,Shyy,KRÜ Esports,"killjoy, viper",110,1.07,190,1.1,69%,140,0.69,0.22,0.05,0.06,23%,54%,7/13,19,76,69,24,6,7
Champions Tour 2024: Americas Kickoff,All Stages,All Match Types,jakee,Cloud9,astra,21,0.77,147,0.6,76%,103,0.43,0.38,0.0,0.0,16%,,0/3,9,9,15,8,0,0
Champions Tour 2024: Americas Kickoff,All Stages,All Match Types,jakee,Cloud9,brimstone,50,1.18,199,1.16,78%,127,0.72,0.4,0.06,0.02,35%,,0/2,20,36,31,20,3,1
Champions Tour 2024: Americas Kickoff,All Stages,All Match Types,jakee,Cloud9,omen,91,0.9,162,0.82,71%,108,0.58,0.38,0.04,0.09,28%,22%,2/9,20,53,65,35,4,8
Champions Tour 2024: Americas Kickoff,All Stages,All Match Types,jakee,Cloud9,"astra, brimstone, omen",162,0.96,171,0.88,74%,113,0.6,0.39,0.04,0.06,28%,14%,2/14,20,98,111,63,7,9
Champions Tour 2024: Americas Kickoff,All Stages,All Match Types,Xeppaa,Cloud9,fade,23,1.11,215,1.0,96%,131,0.78,0.43,0.09,0.09,21%,50%,1/2,18,18,18,10,2,2
Champions Tour 2024: Americas Kickoff,All Stages,All Match Types,Xeppaa,Cloud9,kayo,48,1.19,220,1.03,83%,140,0.75,0.81,0.06,0.08,23%,,0/3,19,36,35,39,3,4
Champions Tour 2024: Americas Kickoff,All Stages,All Match Types,Xeppaa,Cloud9,raze,70,0.94,208,0.96,74%,133,0.69,0.23,0.11,0.14,19%,20%,1/5,20,48,50,16,8,10
Champions Tour 2024: Americas Kickoff,All Stages,All Match Types,Xeppaa,Cloud9,skye,21,1.02,199,0.93,76%,128,0.67,0.29,0.0,0.14,39%,,0/3,14,14,15,6,0,3
Champions Tour 2024: Americas Kickoff,All Stages,All Match Types,Xeppaa,Cloud9,"fade, kayo, raze, skye",162,1.05,211,0.98,80%,134,0.72,0.44,0.08,0.12,23%,15%,2/13,20,116,118,71,13,19
Champions Tour 2024: Americas Kickoff,All Stages,All Match Types,vanity,Cloud9,gekko,23,1.27,197,1.5,78%,132,0.78,0.26,0.04,0.13,28%,40%,2/5,18,18,12,6,1,3
Champions Tour 2024: Americas Kickoff,All Stages,All Match Types,vanity,Cloud9,skye,70,0.97,179,0.93,79%,117,0.61,0.44,0.06,0.04,26%,,0/7,23,43,46,31,4,3
Champions Tour 2024: Americas Kickoff,All Stages,All Match Types,vanity,Cloud9,sova,48,1.03,228,1.03,79%,159,0.75,0.33,0.1,0.04,18%,14%,1/7,23,36,35,16,5,2
Champions Tour 2024: Americas Kickoff,All Stages,All Match Types,vanity,Cloud9,viper,21,0.96,200,0.94,57%,119,0.71,0.1,0.0,0.24,21%,67%,2/3,15,15,16,2,0,5
Champions Tour 2024: Americas Kickoff,All Stages,All Match Types,vanity,Cloud9,"gekko, skye, sova, viper",162,1.03,199,1.03,76%,132,0.69,0.34,0.06,0.08,22%,23%,5/22,23,112,109,55,10,13
Champions Tour 2024: Americas Kickoff,All Stages,All Match Types,OXY,Cloud9,jett,48,0.75,192,0.69,63%,126,0.65,0.13,0.27,0.21,25%,,0/3,23,31,45,6,13,10
Champions Tour 2024: Americas Kickoff,All Stages,All Match Types,OXY,Cloud9,raze,44,1.03,283,1.16,68%,182,1.0,0.09,0.25,0.25,35%,,0/2,24,44,38,4,11,11
Champions Tour 2024: Americas Kickoff,All Stages,All Match Types,OXY,Cloud9,yoru,70,1.01,215,1.04,69%,141,0.76,0.23,0.2,0.14,37%,11%,1/9,21,53,51,16,14,10
Champions Tour 2024: Americas Kickoff,All Stages,All Match Types,OXY,Cloud9,"jett, raze, yoru",162,0.94,228,0.96,67%,148,0.79,0.16,0.23,0.19,33%,7%,1/14,24,128,134,26,38,31
Champions Tour 2024: Americas Kickoff,All Stages,All Match Types,wippie,Cloud9,killjoy,92,0.85,162,0.78,73%,117,0.51,0.23,0.04,0.05,19%,,0/14,16,47,60,21,4,5
Champions Tour 2024: Americas Kickoff,All Stages,All Match Types,wippie,Cloud9,viper,70,1.16,202,1.28,74%,124,0.73,0.21,0.1,0.09,24%,15%,2/13,23,51,40,15,7,6
Champions Tour 2024: Americas Kickoff,All Stages,All Match Types,wippie,Cloud9,"killjoy, viper",162,0.98,179,0.98,73%,120,0.6,0.22,0.07,0.07,21%,7%,2/27,23,98,100,36,11,11
Champions Tour 2024: Americas Kickoff,All Stages,All Match Types,liazzi,FURIA,astra,22,0.7,91,0.46,68%,63,0.27,0.23,0.05,0.09,32%,,0/3,6,6,13,5,1,2
Champions Tour 2024: Americas Kickoff,All Stages,All Match Types,liazzi,FURIA,omen,21,0.78,130,0.57,81%,81,0.38,0.57,0.05,0.1,43%,,0/3,8,8,14,12,1,2
Champions Tour 2024: Americas Kickoff,All Stages,All Match Types,liazzi,FURIA,viper,47,1.05,224,1.09,66%,138,0.77,0.28,0.06,0.04,34%,17%,1/6,19,36,33,13,3,2
Champions Tour 2024: Americas Kickoff,All Stages,All Match Types,liazzi,FURIA,"astra, omen, viper",90,0.89,167,0.83,70%,106,0.56,0.33,0.06,0.07,35%,8%,1/12,19,50,60,30,5,6
Champions Tour 2024: Americas Kickoff,All Stages,All Match Types,Khalil,FURIA,cypher,47,0.89,176,0.83,60%,128,0.62,0.19,0.06,0.06,36%,,0/6,15,29,35,9,3,3
Champions Tour 2024: Americas Kickoff,All Stages,All Match Types,Khalil,FURIA,killjoy,21,1.03,166,1.0,76%,119,0.67,0.0,0.0,0.05,25%,25%,1/4,14,14,14,0,0,1
Champions Tour 2024: Americas Kickoff,All Stages,All Match Types,Khalil,FURIA,viper,22,0.9,163,0.73,64%,102,0.5,0.32,0.0,0.05,14%,,,11,11,15,7,0,1
Champions Tour 2024: Americas Kickoff,All Stages,All Match Types,Khalil,FURIA,"cypher, killjoy, viper",90,0.93,170,0.84,64%,120,0.6,0.18,0.03,0.06,27%,10%,1/10,15,54,64,16,3,5
Champions Tour 2024: Americas Kickoff,All Stages,All Match Types,mwzera,FURIA,jett,90,1.19,237,1.21,71%,156,0.82,0.19,0.18,0.17,25%,8%,1/12,24,74,61,17,16,15
Champions Tour 2024: Americas Kickoff,All Stages,All Match Types,havoc,FURIA,kayo,68,0.67,155,0.63,51%,106,0.5,0.31,0.1,0.24,31%,,,20,34,54,21,7,16
Champions Tour 2024: Americas Kickoff,All Stages,All Match Types,havoc,FURIA,raze,22,0.98,221,1.07,68%,127,0.73,0.23,0.23,0.18,18%,,0/2,16,16,15,5,5,4
Champions Tour 2024: Americas Kickoff,All Stages,All Match Types,havoc,FURIA,"kayo, raze",90,0.75,171,0.72,56%,112,0.56,0.29,0.13,0.22,27%,,0/2,20,50,69,26,12,20
Champions Tour 2024: Americas Kickoff,All Stages,All Match Types,kon4n,FURIA,skye,22,0.82,146,0.69,73%,110,0.5,0.45,0.05,0.0,21%,33%,1/3,11,11,16,10,1,0
Champions Tour 2024: Americas Kickoff,All Stages,All Match Types,kon4n,FURIA,sova,68,0.99,178,0.89,76%,115,0.59,0.28,0.07,0.03,17%,,0/12,14,40,45,19,5,2
Champions Tour 2024: Americas Kickoff,All Stages,All Match Types,kon4n,FURIA,"skye, sova",90,0.95,170,0.84,76%,114,0.57,0.32,0.07,0.02,18%,7%,1/15,14,51,61,29,6,2
Champions Tour 2024: Americas Kickoff,All Stages,All Match Types,Mazino,Leviatán,astra,39,0.53,111,0.41,67%,74,0.33,0.26,0.05,0.1,21%,,0/5,8,13,32,10,2,4
Champions Tour 2024: Americas Kickoff,All Stages,All Match Types,Mazino,Leviatán,harbor,92,1.01,195,0.98,66%,128,0.67,0.4,0.08,0.09,24%,38%,3/8,18,62,63,37,7,8
Champions Tour 2024: Americas Kickoff,All Stages,All Match Types,Mazino,Leviatán,kayo,19,1.26,204,1.27,79%,148,0.74,0.42,0.11,0.16,36%,33%,1/3,14,14,11,8,2,3
Champions Tour 2024: Americas Kickoff,All Stages,All Match Types,Mazino,Leviatán,omen,36,0.59,133,0.55,64%,98,0.44,0.28,0.0,0.22,29%,50%,1/2,9,16,29,10,0,8
Champions Tour 2024: Americas Kickoff,All Stages,All Match Types,Mazino,Leviatán,"astra, harbor, kayo, omen",186,0.84,164,0.78,67%,113,0.56,0.35,0.06,0.12,26%,28%,5/18,18,105,135,65,11,23
Champions Tour 2024: Americas Kickoff,All Stages,All Match Types,kiNgg,Leviatán,breach,16,0.71,185,0.73,63%,118,0.69,0.25,0.0,0.06,29%,,0/5,11,11,15,4,0,1
Champions Tour 2024: Americas Kickoff,All Stages,All Match Types,kiNgg,Leviatán,kayo,20,0.75,191,0.81,55%,131,0.65,0.15,0.0,0.1,38%,,0/1,13,13,16,3,0,2
Champions Tour 2024: Americas Kickoff,All Stages,All Match Types,kiNgg,Leviatán,viper,150,1.07,213,1.14,76%,139,0.75,0.32,0.04,0.07,30%,19%,4/21,22,112,98,48,6,10
Champions Tour 2024: Americas Kickoff,All Stages,All Match Types,kiNgg,Leviatán,"breach, kayo, viper",186,1.0,207,1.05,73%,136,0.73,0.3,0.03,0.07,31%,15%,4/27,22,136,129,55,6,13
Champions Tour 2024: Americas Kickoff,All Stages,All Match Types,tex,Leviatán,cypher,35,0.8,181,0.77,74%,129,0.66,0.23,0.06,0.03,28%,,0/4,17,23,30,8,2,1
Champions Tour 2024: Americas Kickoff,All Stages,All Match Types,tex,Leviatán,gekko,68,0.88,175,0.87,76%,119,0.6,0.35,0.13,0.12,28%,,0/7,19,41,47,24,9,8
Champions Tour 2024: Americas Kickoff,All Stages,All Match Types,tex,Leviatán,killjoy,44,0.69,148,0.66,59%,106,0.52,0.11,0.11,0.2,29%,,0/3,15,23,35,5,5,9
Champions Tour 2024: Americas Kickoff,All Stages,All Match Types,tex,Leviatán,raze,39,0.62,159,0.57,69%,108,0.51,0.26,0.1,0.26,20%,,0/4,13,20,35,10,4,10
Champions Tour 2024: Americas Kickoff,All Stages,All Match Types,tex,Leviatán,"cypher, gekko, killjoy, raze",186,0.76,167,0.73,70%,116,0.58,0.25,0.11,0.15,27%,,0/18,19,107,147,47,20,28
Champions Tour 2024: Americas Kickoff,All Stages,All Match Types,aspas,Leviatán,jett,78,1.09,224,1.19,69%,145,0.79,0.14,0.09,0.12,36%,31%,5/16,19,62,52,11,7,9
Champions Tour 2024: Americas Kickoff,All Stages,All Match Types,aspas,Leviatán,raze,84,1.13,246,1.15,75%,170,0.85,0.2,0.19,0.18,22%,20%,2/10,31,71,62,17,16,15
Champions Tour 2024: Americas Kickoff,All Stages,All Match Types,aspas,Leviatán,reyna,24,1.44,302,1.79,75%,195,1.04,0.38,0.17,0.04,32%,,0/2,25,25,14,9,4,1
Champions Tour 2024: Americas Kickoff,All Stages,All Match Types,aspas,Leviatán,"jett, raze, reyna",186,1.15,242,1.23,73%,162,0.85,0.2,0.15,0.13,28%,25%,7/28,31,158,128,37,27,25
Champions Tour 2024: Americas Kickoff,All Stages,All Match Types,C0M,Leviatán,skye,107,0.9,179,0.85,69%,107,0.63,0.5,0.07,0.12,19%,,0/6,17,67,79,54,8,13
Champions Tour 2024: Americas Kickoff,All Stages,All Match Types,C0M,Leviatán,sova,79,1.02,198,0.96,73%,140,0.63,0.38,0.09,0.08,23%,13%,2/16,24,50,52,30,7,6
Champions Tour 2024: Americas Kickoff,All Stages,All Match Types,C0M,Leviatán,"skye, sova",186,0.96,188,0.89,71%,121,0.63,0.45,0.08,0.1,21%,9%,2/22,24,117,131,84,15,19
Champions Tour 2024: Americas Kickoff,All Stages,All Match Types,cauanzin,LOUD,breach,227,0.97,188,0.95,74%,115,0.68,0.34,0.15,0.07,33%,,0/16,18,155,164,77,34,15
Champions Tour 2024: Americas Kickoff,All Stages,All Match Types,cauanzin,LOUD,sova,44,1.21,234,1.58,73%,150,0.86,0.25,0.09,0.16,21%,,0/1,20,38,24,11,4,7
Champions Tour 2024: Americas Kickoff,All Stages,All Match Types,cauanzin,LOUD,"breach, sova",271,1.01,196,1.03,74%,121,0.71,0.32,0.14,0.08,30%,,0/17,20,193,188,88,38,22
Champions Tour 2024: Americas Kickoff,All Stages,All Match Types,tuyz,LOUD,brimstone,45,1.26,212,1.22,80%,141,0.73,0.64,0.07,0.0,36%,33%,2/6,19,33,27,29,3,0
Champions Tour 2024: Americas Kickoff,All Stages,All Match Types,tuyz,LOUD,harbor,44,1.32,199,1.64,82%,135,0.82,0.45,0.02,0.05,26%,25%,2/8,19,36,22,20,1,2
Champions Tour 2024: Americas Kickoff,All Stages,All Match Types,tuyz,LOUD,omen,182,1.02,184,0.98,71%,123,0.63,0.43,0.05,0.04,31%,18%,7/38,18,114,116,79,10,8
Champions Tour 2024: Americas Kickoff,All Stages,All Match Types,tuyz,LOUD,"brimstone, harbor, omen",271,1.1,191,1.11,75%,128,0.68,0.47,0.05,0.04,31%,21%,11/52,19,183,165,128,14,10
Champions Tour 2024: Americas Kickoff,All Stages,All Match Types,Quick,LOUD,jett,44,0.95,185,0.88,82%,124,0.66,0.18,0.23,0.14,31%,,0/1,16,29,33,8,10,6
Champions Tour 2024: Americas Kickoff,All Stages,All Match Types,Quick,LOUD,phoenix,164,1.0,210,1.02,65%,140,0.76,0.22,0.17,0.15,31%,9%,1/11,24,124,121,36,28,25
Champions Tour 2024: Americas Kickoff,All Stages,All Match Types,Quick,LOUD,raze,63,0.86,196,1.0,63%,134,0.71,0.13,0.16,0.17,21%,,0/2,22,45,45,8,10,11
Champions Tour 2024: Americas Kickoff,All Stages,All Match Types,Quick,LOUD,"jett, phoenix, raze",271,0.96,203,0.99,67%,136,0.73,0.19,0.18,0.15,28%,7%,1/14,24,198,199,52,48,42
Champions Tour 2024: Americas Kickoff,All Stages,All Match Types,saadhak,LOUD,kayo,107,0.96,203,0.85,79%,132,0.64,0.56,0.12,0.12,16%,,0/7,19,68,80,60,13,13
Champions Tour 2024: Americas Kickoff,All Stages,All Match Types,saadhak,LOUD,killjoy,44,0.96,191,0.84,77%,130,0.59,0.3,0.09,0.09,19%,,0/5,16,26,31,13,4,4
Champions Tour 2024: Americas Kickoff,All Stages,All Match Types,saadhak,LOUD,skye,80,0.71,158,0.67,66%,104,0.55,0.28,0.06,0.13,19%,13%,1/8,19,44,66,22,5,10
Champions Tour 2024: Americas Kickoff,All Stages,All Match Types,saadhak,LOUD,sova,40,0.99,200,1.08,78%,124,0.7,0.3,0.03,0.13,14%,,0/2,18,28,26,12,1,5
Champions Tour 2024: Americas Kickoff,All Stages,All Match Types,saadhak,LOUD,"kayo, killjoy, skye, sova",271,0.89,187,0.82,75%,122,0.61,0.39,0.08,0.12,17%,5%,1/22,19,166,203,107,23,32
Champions Tour 2024: Americas Kickoff,All Stages,All Match Types,Less,LOUD,viper,271,1.15,213,1.25,76%,143,0.76,0.25,0.08,0.07,31%,12%,5/43,24,205,164,69,22,19
Champions Tour 2024: Americas Kickoff,All Stages,All Match Types,JonahP,G2 Esports,breach,71,0.88,120,0.73,72%,76,0.46,0.45,0.04,0.07,27%,,0/5,18,33,45,32,3,5
Champions Tour 2024: Americas Kickoff,All Stages,All Match Types,JonahP,G2 Esports,kayo,24,1.38,267,1.25,83%,162,0.83,0.79,0.0,0.04,23%,100%,3/3,20,20,16,19,0,1
Champions Tour 2024: Americas Kickoff,All Stages,All Match Types,JonahP,G2 Esports,sova,205,1.02,188,1.03,75%,132,0.69,0.25,0.05,0.1,30%,18%,3/17,23,142,138,52,10,21
Champions Tour 2024: Americas Kickoff,All Stages,All Match Types,JonahP,G2 Esports,"breach, kayo, sova",300,1.01,179,0.98,75%,121,0.65,0.34,0.04,0.09,29%,24%,6/25,23,195,199,103,13,27
Champions Tour 2024: Americas Kickoff,All Stages,All Match Types,valyn,G2 Esports,brimstone,46,1.15,264,1.24,85%,174,0.89,0.28,0.15,0.09,28%,,0/8,24,41,33,13,7,4
Champions Tour 2024: Americas Kickoff,All Stages,All Match Types,valyn,G2 Esports,harbor,45,0.65,133,0.64,64%,88,0.47,0.29,0.04,0.13,20%,40%,2/5,12,21,33,13,2,6
Champions Tour 2024: Americas Kickoff,All Stages,All Match Types,valyn,G2 Esports,omen,209,0.95,173,0.89,76%,107,0.61,0.41,0.1,0.06,21%,8%,2/25,17,127,143,85,20,12
Champions Tour 2024: Americas Kickoff,All Stages,All Match Types,valyn,G2 Esports,"brimstone, harbor, omen",300,0.94,181,0.9,76%,114,0.63,0.37,0.1,0.07,22%,11%,4/38,24,189,209,111,29,22
Champions Tour 2024: Americas Kickoff,All Stages,All Match Types,neT,G2 Esports,cypher,254,1.03,216,1.12,70%,141,0.76,0.2,0.08,0.06,41%,9%,4/45,25,193,173,51,21,15
Champions Tour 2024: Americas Kickoff,All Stages,All Match Types,neT,G2 Esports,killjoy,46,0.57,103,0.46,52%,78,0.35,0.07,0.0,0.07,28%,,0/7,9,16,35,3,0,3
Champions Tour 2024: Americas Kickoff,All Stages,All Match Types,neT,G2 Esports,"cypher, killjoy",300,0.96,198,1.0,68%,131,0.7,0.18,0.07,0.06,39%,8%,4/52,25,209,208,54,21,18
Champions Tour 2024: Americas Kickoff,All Stages,All Match Types,leaf,G2 Esports,jett,70,0.96,210,0.94,61%,133,0.7,0.19,0.2,0.24,30%,,0/3,20,49,52,13,14,17
Champions Tour 2024: Americas Kickoff,All Stages,All Match Types,leaf,G2 Esports,raze,185,1.16,246,1.26,72%,164,0.85,0.19,0.19,0.23,26%,33%,2/6,26,158,125,35,36,42
Champions Tour 2024: Americas Kickoff,All Stages,All Match Types,leaf,G2 Esports,yoru,45,0.98,242,1.09,71%,152,0.82,0.18,0.2,0.09,35%,,0/1,23,37,34,8,9,4
Champions Tour 2024: Americas Kickoff,All Stages,All Match Types,leaf,G2 Esports,"jett, raze, yoru",300,1.08,237,1.16,69%,155,0.81,0.19,0.2,0.21,28%,20%,2/10,26,244,211,56,59,63
Champions Tour 2024: Americas Kickoff,All Stages,All Match Types,trent,G2 Esports,viper,300,1.04,197,1.0,74%,137,0.67,0.29,0.07,0.09,29%,20%,8/41,22,200,200,87,22,26
Champions Tour 2024: Americas Kickoff,All Stages,All Match Types,NaturE,Evil Geniuses,breach,46,0.84,160,0.77,70%,106,0.59,0.3,0.04,0.0,32%,22%,2/9,18,27,35,14,2,0
Champions Tour 2024: Americas Kickoff,All Stages,All Match Types,NaturE,Evil Geniuses,kayo,64,0.77,140,0.58,73%,86,0.44,0.48,0.08,0.03,23%,,0/6,11,28,48,31,5,2
Champions Tour 2024: Americas Kickoff,All Stages,All Match Types,NaturE,Evil Geniuses,"breach, kayo",110,0.8,148,0.66,72%,94,0.5,0.41,0.06,0.02,27%,13%,2/15,18,55,83,45,7,2
Champions Tour 2024: Americas Kickoff,All Stages,All Match Types,Apoth,Evil Geniuses,cypher,66,0.95,192,0.96,61%,144,0.7,0.24,0.08,0.21,39%,20%,1/5,21,46,48,16,5,14
Champions Tour 2024: Americas Kickoff,All Stages,All Match Types,Apoth,Evil Geniuses,killjoy,44,1.16,254,1.26,61%,168,0.89,0.14,0.07,0.16,26%,,0/3,21,39,31,6,3,7
Champions Tour 2024: Americas Kickoff,All Stages,All Match Types,Apoth,Evil Geniuses,"cypher, killjoy",110,1.03,217,1.08,61%,154,0.77,0.2,0.07,0.19,33%,13%,1/8,21,85,79,22,8,21
Champions Tour 2024: Americas Kickoff,All Stages,All Match Types,jawgemo,Evil Geniuses,deadlock,44,0.83,196,0.86,52%,120,0.68,0.16,0.18,0.16,26%,,0/1,17,30,35,7,8,7
Champions Tour 2024: Americas Kickoff,All Stages,All Match Types,jawgemo,Evil Geniuses,jett,20,1.36,287,1.62,75%,194,1.05,0.35,0.15,0.25,22%,,,21,21,13,7,3,5
Champions Tour 2024: Americas Kickoff,All Stages,All Match Types,jawgemo,Evil Geniuses,raze,46,0.87,175,0.72,70%,133,0.57,0.33,0.11,0.11,18%,,0/1,20,26,36,15,5,5
Champions Tour 2024: Americas Kickoff,All Stages,All Match Types,jawgemo,Evil Geniuses,"deadlock, jett, raze",110,0.95,206,0.92,64%,139,0.7,0.26,0.15,0.15,21%,,0/2,21,77,84,29,16,17
Champions Tour 2024: Americas Kickoff,All Stages,All Match Types,Derrek,Evil Geniuses,fade,46,1.12,258,1.27,65%,156,0.91,0.04,0.13,0.04,47%,21%,3/14,22,42,33,2,6,2
Champions Tour 2024: Americas Kickoff,All Stages,All Match Types,Derrek,Evil Geniuses,gekko,44,0.93,174,0.87,66%,116,0.61,0.16,0.14,0.07,36%,,0/3,19,27,31,7,6,3
Champions Tour 2024: Americas Kickoff,All Stages,All Match Types,Derrek,Evil Geniuses,sova,20,1.3,231,1.25,85%,158,0.75,0.5,0.05,0.0,24%,20%,1/5,15,15,12,10,1,0
Champions Tour 2024: Americas Kickoff,All Stages,All Match Types,Derrek,Evil Geniuses,"fade, gekko, sova",110,1.08,219,1.11,69%,140,0.76,0.17,0.12,0.05,37%,18%,4/22,22,84,76,19,13,5
Champions Tour 2024: Americas Kickoff,All Stages,All Match Types,supamen,Evil Geniuses,omen,66,1.09,178,0.95,73%,111,0.64,0.32,0.14,0.09,37%,17%,1/6,20,42,44,21,9,6
Champions Tour 2024: Americas Kickoff,All Stages,All Match Types,supamen,Evil Geniuses,viper,44,1.05,210,1.07,70%,144,0.68,0.3,0.07,0.07,28%,23%,3/13,22,30,28,13,3,3
Champions Tour 2024: Americas Kickoff,All Stages,All Match Types,supamen,Evil Geniuses,"omen, viper",110,1.07,191,1.0,72%,125,0.65,0.31,0.11,0.08,33%,21%,4/19,22,72,72,34,12,9
Champions Tour 2024: Americas Kickoff,All Stages,All Match Types,crashies,NRG Esports,breach,16,0.69,137,0.54,63%,87,0.44,0.5,0.0,0.13,22%,,0/5,7,7,13,8,0,2
Champions Tour 2024: Americas Kickoff,All Stages,All Match Types,crashies,NRG Esports,sova,91,1.05,175,1.17,78%,115,0.62,0.31,0.08,0.07,24%,,0/11,17,56,48,28,7,6
Champions Tour 2024: Americas Kickoff,All Stages,All Match Types,crashies,NRG Esports,viper,50,1.0,170,0.94,70%,109,0.62,0.26,0.04,0.06,27%,40%,2/5,22,31,33,13,2,3
Champions Tour 2024: Americas Kickoff,All Stages,All Match Types,crashies,NRG Esports,"breach, sova, viper",157,0.99,168,1.0,74%,110,0.6,0.31,0.06,0.07,25%,10%,2/21,22,94,94,49,9,11
Champions Tour 2024: Americas Kickoff,All Stages,All Match Types,Victor,NRG Esports,cypher,73,1.15,204,1.29,73%,128,0.74,0.23,0.11,0.07,32%,13%,1/8,19,54,42,17,8,5
Champions Tour 2024: Americas Kickoff,All Stages,All Match Types,Victor,NRG Esports,killjoy,68,1.15,222,1.31,78%,155,0.81,0.19,0.13,0.09,23%,29%,2/7,22,55,42,13,9,6
Champions Tour 2024: Americas Kickoff,All Stages,All Match Types,Victor,NRG Esports,raze,16,0.69,200,0.85,63%,136,0.69,0.0,0.0,0.38,15%,,,11,11,13,0,0,6
Champions Tour 2024: Americas Kickoff,All Stages,All Match Types,Victor,NRG Esports,"cypher, killjoy, raze",157,1.08,211,1.24,74%,140,0.76,0.19,0.11,0.11,25%,20%,3/15,22,120,97,30,17,17
Champions Tour 2024: Americas Kickoff,All Stages,All Match Types,Demon1,NRG Esports,jett,141,1.14,221,1.14,72%,150,0.77,0.13,0.21,0.16,33%,13%,1/8,24,109,96,18,30,23
Champions Tour 2024: Americas Kickoff,All Stages,All Match Types,Demon1,NRG Esports,omen,16,0.7,183,0.71,63%,108,0.63,0.38,0.13,0.19,33%,,0/6,10,10,14,6,2,3
Champions Tour 2024: Americas Kickoff,All Stages,All Match Types,Demon1,NRG Esports,"jett, omen",157,1.08,215,1.08,71%,146,0.76,0.15,0.2,0.17,33%,7%,1/14,24,119,110,24,32,26
Champions Tour 2024: Americas Kickoff,All Stages,All Match Types,Ethan,NRG Esports,kayo,91,1.22,252,1.34,81%,155,0.86,0.52,0.07,0.08,20%,20%,1/5,27,78,58,47,6,7
Champions Tour 2024: Americas Kickoff,All Stages,All Match Types,Ethan,NRG Esports,skye,66,0.79,156,0.6,74%,108,0.45,0.44,0.05,0.08,23%,25%,2/8,15,30,50,29,3,5
Champions Tour 2024: Americas Kickoff,All Stages,All Match Types,Ethan,NRG Esports,"kayo, skye",157,1.04,211,1.0,78%,135,0.69,0.48,0.06,0.08,21%,23%,3/13,27,108,108,76,9,12
Champions Tour 2024: Americas Kickoff,All Stages,All Match Types,Marved,NRG Esports,omen,118,0.96,177,0.86,76%,111,0.63,0.45,0.06,0.09,26%,,0/8,22,74,86,53,7,11
Champions Tour 2024: Americas Kickoff,All Stages,All Match Types,Marved,NRG Esports,viper,39,0.91,234,0.94,72%,158,0.77,0.26,0.05,0.1,30%,25%,1/4,16,30,32,10,2,4
Champions Tour 2024: Americas Kickoff,All Stages,All Match Types,Marved,NRG Esports,"omen, viper",157,0.95,193,0.88,75%,123,0.66,0.4,0.06,0.1,27%,8%,1/12,22,104,118,63,9,15
Champions Tour 2024: Americas Kickoff,All Stages,All Match Types,Zellsis,Sentinels,brimstone,62,0.97,187,0.93,71%,117,0.68,0.4,0.03,0.08,22%,,0/8,15,42,45,25,2,5
Champions Tour 2024: Americas Kickoff,All Stages,All Match Types,Zellsis,Sentinels,kayo,135,1.15,185,1.08,79%,115,0.64,0.53,0.07,0.07,18%,13%,2/16,19,86,80,72,9,10
Champions Tour 2024: Americas Kickoff,All Stages,All Match Types,Zellsis,Sentinels,killjoy,59,0.98,182,1.0,78%,119,0.68,0.25,0.08,0.08,10%,25%,1/4,17,40,40,15,5,5
Champions Tour 2024: Americas Kickoff,All Stages,All Match Types,Zellsis,Sentinels,viper,176,1.13,209,1.11,77%,135,0.7,0.38,0.11,0.07,19%,20%,6/30,19,124,112,67,20,12
Champions Tour 2024: Americas Kickoff,All Stages,All Match Types,Zellsis,Sentinels,"brimstone, kayo, killjoy, viper",432,1.09,195,1.05,77%,124,0.68,0.41,0.08,0.07,17%,16%,9/58,19,292,277,179,36,32
Champions Tour 2024: Americas Kickoff,All Stages,All Match Types,johnqt,Sentinels,cypher,270,1.08,182,1.06,73%,120,0.64,0.27,0.07,0.07,26%,17%,5/29,18,172,162,73,18,18
Champions Tour 2024: Americas Kickoff,All Stages,All Match Types,johnqt,Sentinels,killjoy,41,0.99,170,0.96,73%,123,0.56,0.22,0.05,0.0,21%,20%,1/5,14,23,24,9,2,0
Champions Tour 2024: Americas Kickoff,All Stages,All Match Types,johnqt,Sentinels,viper,121,1.1,204,1.24,79%,130,0.74,0.28,0.06,0.07,30%,25%,7/28,19,89,72,34,7,9
Champions Tour 2024: Americas Kickoff,All Stages,All Match Types,johnqt,Sentinels,"cypher, killjoy, viper",432,1.08,188,1.1,75%,123,0.66,0.27,0.06,0.06,26%,21%,13/62,19,284,258,116,27,27
Champions Tour 2024: Americas Kickoff,All Stages,All Match Types,Sacy,Sentinels,fade,35,1.25,218,1.19,89%,160,0.71,0.83,0.0,0.06,20%,50%,2/4,14,25,21,29,0,2
Champions Tour 2024: Americas Kickoff,All Stages,All Match Types,Sacy,Sentinels,gekko,97,1.07,202,1.0,76%,136,0.66,0.34,0.06,0.04,31%,11%,1/9,23,64,64,33,6,4
Champions Tour 2024: Americas Kickoff,All Stages,All Match Types,Sacy,Sentinels,skye,197,1.02,185,0.95,74%,120,0.63,0.49,0.07,0.07,25%,36%,5/14,19,124,130,97,14,13
Champions Tour 2024: Americas Kickoff,All Stages,All Match Types,Sacy,Sentinels,sova,103,1.07,222,0.99,69%,153,0.7,0.34,0.09,0.06,25%,7%,1/15,24,72,73,35,9,6
Champions Tour 2024: Americas Kickoff,All Stages,All Match Types,Sacy,Sentinels,"fade, gekko, skye, sova",432,1.06,200,0.99,74%,135,0.66,0.45,0.07,0.06,26%,21%,9/42,24,285,288,194,29,25
Champions Tour 2024: Americas Kickoff,All Stages,All Match Types,zekken,Sentinels,jett,127,0.91,222,0.98,68%,139,0.77,0.11,0.21,0.18,28%,,0/11,21,98,100,14,27,23
Champions Tour 2024: Americas Kickoff,All Stages,All Match Types,zekken,Sentinels,raze,305,1.25,260,1.33,74%,172,0.9,0.24,0.22,0.15,24%,18%,2/11,31,275,207,72,66,47
Champions Tour 2024: Americas Kickoff,All Stages,All Match Types,zekken,Sentinels,"jett, raze",432,1.15,249,1.21,72%,162,0.86,0.2,0.22,0.16,25%,9%,2/22,31,373,307,86,93,70
Champions Tour 2024: Americas Kickoff,All Stages,All Match Types,TenZ,Sentinels,kayo,65,0.91,183,0.78,69%,126,0.62,0.52,0.05,0.12,21%,13%,1/8,16,40,51,34,3,8
Champions Tour 2024: Americas Kickoff,All Stages,All Match Types,TenZ,Sentinels,omen,305,1.17,217,1.26,78%,140,0.79,0.41,0.13,0.07,27%,9%,2/23,30,240,190,124,40,21
Champions Tour 2024: Americas Kickoff,All Stages,All Match Types,TenZ,Sentinels,yoru,62,0.97,222,0.88,71%,152,0.69,0.35,0.18,0.16,26%,,0/7,15,43,49,22,11,10
Champions Tour 2024: Americas Kickoff,All Stages,All Match Types,TenZ,Sentinels,"kayo, omen, yoru",432,1.1,213,1.11,76%,140,0.75,0.42,0.13,0.09,26%,8%,3/38,30,323,290,180,54,39
